ISO-10303-21;
HEADER;
FILE_DESCRIPTION (( 'STEP AP214' ),
    '1' );
FILE_NAME ('8-Pin Header - Female - 2.54mm.STEP',
    '2026-03-31T22:37:39',
    ( '' ),
    ( '' ),
    'SwSTEP 2.0',
    'SolidWorks 2024',
    '' );
FILE_SCHEMA (( 'AUTOMOTIVE_DESIGN' ));
ENDSEC;

DATA;
#1 = CARTESIAN_POINT ( 'NONE',  ( -0.9204724409448820088, 0.01181102362204724393, 0.02952755905511811330 ) ) ;
#2 = FACE_OUTER_BOUND ( 'NONE', #6509, .T. ) ;
#3 = CARTESIAN_POINT ( 'NONE',  ( -0.8106299212598425674, 0.01181102362204724393, 0.03937007874015747977 ) ) ;
#4 = CARTESIAN_POINT ( 'NONE',  ( -0.7696850393700788162, 0.1850393700787401619, 0.01968503937007873988 ) ) ;
#5 = EDGE_LOOP ( 'NONE', ( #2753, #570, #7043, #1452 ) ) ;
#6 = ORIENTED_EDGE ( 'NONE', *, *, #1146, .F. ) ;
#7 = ORIENTED_EDGE ( 'NONE', *, *, #3340, .F. ) ;
#8 = CARTESIAN_POINT ( 'NONE',  ( -0.3106299212598425119, 0.000000000000000000, -0.03937007874015747977 ) ) ;
#9 = CARTESIAN_POINT ( 'NONE',  ( -0.4657480314960630308, -0.08858267716535432601, 0.01279527559055118092 ) ) ;
#10 = ORIENTED_EDGE ( 'NONE', *, *, #6308, .F. ) ;
#11 = LINE ( 'NONE', #4596, #7715 ) ;
#12 = ORIENTED_EDGE ( 'NONE', *, *, #1307, .T. ) ;
#13 = CARTESIAN_POINT ( 'NONE',  ( -0.7106299212598425896, 0.01181102362204724393, -0.03937007874015747977 ) ) ;
#14 = LINE ( 'NONE', #5108, #4071 ) ;
#15 = CARTESIAN_POINT ( 'NONE',  ( -0.6785433070866142558, 0.01181102362204724393, -0.02854330708661417110 ) ) ;
#16 = VERTEX_POINT ( 'NONE', #1243 ) ;
#17 = ORIENTED_EDGE ( 'NONE', *, *, #1526, .F. ) ;
#18 = DIRECTION ( 'NONE',  ( 0.000000000000000000, 0.000000000000000000, 1.000000000000000000 ) ) ;
#19 = ORIENTED_EDGE ( 'NONE', *, *, #6950, .T. ) ;
#20 = EDGE_CURVE ( 'NONE', #7841, #1360, #594, .T. ) ;
#21 = EDGE_CURVE ( 'NONE', #3993, #5465, #2572, .T. ) ;
#22 = DIRECTION ( 'NONE',  ( 0.000000000000000000, 0.000000000000000000, -1.000000000000000000 ) ) ;
#23 = SHAPE_DEFINITION_REPRESENTATION ( #573, #1726 ) ;
#24 = EDGE_LOOP ( 'NONE', ( #2287, #5563, #7933, #156 ) ) ;
#25 = LINE ( 'NONE', #5207, #6240 ) ;
#26 = ADVANCED_FACE ( 'NONE', ( #6198 ), #2841, .T. ) ;
#27 = CARTESIAN_POINT ( 'NONE',  ( -0.8204724409448819200, 0.1574803149606299191, -0.02952755905511811330 ) ) ;
#28 = VERTEX_POINT ( 'NONE', #6807 ) ;
#29 = ORIENTED_EDGE ( 'NONE', *, *, #2784, .T. ) ;
#30 = VERTEX_POINT ( 'NONE', #8055 ) ;
#31 = ADVANCED_FACE ( 'NONE', ( #956 ), #6682, .F. ) ;
#32 = FACE_OUTER_BOUND ( 'NONE', #7322, .T. ) ;
#33 = EDGE_CURVE ( 'NONE', #7878, #4962, #4803, .T. ) ;
#34 = FACE_OUTER_BOUND ( 'NONE', #1572, .T. ) ;
#35 = LINE ( 'NONE', #4667, #947 ) ;
#36 = LINE ( 'NONE', #2650, #8126 ) ;
#37 = LINE ( 'NONE', #6496, #3547 ) ;
#38 = EDGE_LOOP ( 'NONE', ( #2740, #3324, #6051, #3541, #4978, #2624, #7949, #7958 ) ) ;
#39 = CARTESIAN_POINT ( 'NONE',  ( -1.009842519685039353, 0.01181102362204724393, 0.03937007874015747977 ) ) ;
#40 = CARTESIAN_POINT ( 'NONE',  ( -0.3214566929133858553, 0.1574803149606299191, 0.02854330708661417110 ) ) ;
#41 = DIRECTION ( 'NONE',  ( -0.7071067811865475727, 0.7071067811865475727, 0.000000000000000000 ) ) ;
#42 = DIRECTION ( 'NONE',  ( 0.000000000000000000, 0.000000000000000000, 1.000000000000000000 ) ) ;
#43 = DIRECTION ( 'NONE',  ( 0.5773502691896257311, 0.5773502691896257311, -0.5773502691896257311 ) ) ;
#44 = DIRECTION ( 'NONE',  ( 0.000000000000000000, -1.000000000000000000, 0.000000000000000000 ) ) ;
#45 = ORIENTED_EDGE ( 'NONE', *, *, #1727, .F. ) ;
#46 = EDGE_LOOP ( 'NONE', ( #5707, #863, #1688, #8329 ) ) ;
#47 = EDGE_LOOP ( 'NONE', ( #3411, #4170, #6073, #6903 ) ) ;
#48 = CARTESIAN_POINT ( 'NONE',  ( -0.6687007874015747921, 0.02165354330708661734, -0.01870078740157480462 ) ) ;
#49 = LINE ( 'NONE', #3316, #1171 ) ;
#50 = ORIENTED_EDGE ( 'NONE', *, *, #6477, .T. ) ;
#51 = VECTOR ( 'NONE', #5500, 39.37007874015748143 ) ;
#52 = LINE ( 'NONE', #6019, #6500 ) ;
#53 = ADVANCED_FACE ( 'NONE', ( #5517 ), #1633, .T. ) ;
#54 = EDGE_LOOP ( 'NONE', ( #5622, #7970, #5346, #3998 ) ) ;
#55 = FACE_OUTER_BOUND ( 'NONE', #7116, .T. ) ;
#56 = LINE ( 'NONE', #7935, #2985 ) ;
#57 = DIRECTION ( 'NONE',  ( 1.000000000000000000, 0.000000000000000000, 0.000000000000000000 ) ) ;
#58 = EDGE_LOOP ( 'NONE', ( #376, #6683, #919, #1551 ) ) ;
#59 = ORIENTED_EDGE ( 'NONE', *, *, #8288, .T. ) ;
#60 = LINE ( 'NONE', #113, #7340 ) ;
#61 = EDGE_LOOP ( 'NONE', ( #2415, #2533, #656, #7807 ) ) ;
#62 = CARTESIAN_POINT ( 'NONE',  ( -0.5785433070866141669, 0.01181102362204724393, -0.02854330708661417110 ) ) ;
#63 = VECTOR ( 'NONE', #7467, 39.37007874015748143 ) ;
#64 = VERTEX_POINT ( 'NONE', #8119 ) ;
#65 = CARTESIAN_POINT ( 'NONE',  ( -0.6244094488188975944, 0.1909448818897638012, 0.000000000000000000 ) ) ;
#66 = LINE ( 'NONE', #1232, #6620 ) ;
#67 = ORIENTED_EDGE ( 'NONE', *, *, #199, .T. ) ;
#68 = VERTEX_POINT ( 'NONE', #303 ) ;
#69 = ORIENTED_EDGE ( 'NONE', *, *, #1213, .T. ) ;
#70 = AXIS2_PLACEMENT_3D ( 'NONE', #8073, #2131, #713 ) ;
#71 = VECTOR ( 'NONE', #129, 39.37007874015748143 ) ;
#72 = LINE ( 'NONE', #6720, #3788 ) ;
#73 = DIRECTION ( 'NONE',  ( 0.000000000000000000, 0.000000000000000000, 1.000000000000000000 ) ) ;
#74 = FACE_OUTER_BOUND ( 'NONE', #7260, .T. ) ;
#75 = LINE ( 'NONE', #6582, #4348 ) ;
#76 = AXIS2_PLACEMENT_3D ( 'NONE', #2895, #7680, #5649 ) ;
#77 = FACE_OUTER_BOUND ( 'NONE', #5800, .T. ) ;
#78 = DIRECTION ( 'NONE',  ( 0.000000000000000000, 0.000000000000000000, -1.000000000000000000 ) ) ;
#79 = ORIENTED_EDGE ( 'NONE', *, *, #7099, .F. ) ;
#80 = ORIENTED_EDGE ( 'NONE', *, *, #1718, .F. ) ;
#81 = ADVANCED_FACE ( 'NONE', ( #8086 ), #6726, .F. ) ;
#82 = EDGE_CURVE ( 'NONE', #4732, #2664, #4117, .T. ) ;
#83 = CARTESIAN_POINT ( 'NONE',  ( -0.4185039370078740273, 0.1968503937007874127, -0.03149606299212598381 ) ) ;
#84 = LINE ( 'NONE', #5866, #5963 ) ;
#85 = ADVANCED_FACE ( 'NONE', ( #871 ), #7436, .T. ) ;
#86 = VECTOR ( 'NONE', #4065, 39.37007874015748143 ) ;
#87 = VECTOR ( 'NONE', #3013, 39.37007874015748143 ) ;
#88 = DIRECTION ( 'NONE',  ( 0.9662349396012511749, -0.2576626505603140105, 0.000000000000000000 ) ) ;
#89 = FACE_OUTER_BOUND ( 'NONE', #3274, .T. ) ;
#90 = DIRECTION ( 'NONE',  ( 0.000000000000000000, 1.000000000000000000, 0.000000000000000000 ) ) ;
#91 = VECTOR ( 'NONE', #4400, 39.37007874015748854 ) ;
#92 = PLANE ( 'NONE',  #8183 ) ;
#93 = ORIENTED_EDGE ( 'NONE', *, *, #680, .T. ) ;
#94 = VERTEX_POINT ( 'NONE', #3482 ) ;
#95 = EDGE_LOOP ( 'NONE', ( #3113, #4048, #792, #864 ) ) ;
#96 = FACE_OUTER_BOUND ( 'NONE', #8387, .T. ) ;
#97 = CARTESIAN_POINT ( 'NONE',  ( -0.2578740157480315376, -0.1181102362204724532, 0.004921259842519684971 ) ) ;
#98 = ORIENTED_EDGE ( 'NONE', *, *, #5526, .F. ) ;
#99 = AXIS2_PLACEMENT_3D ( 'NONE', #3138, #2451, #563 ) ;
#100 = AXIS2_PLACEMENT_3D ( 'NONE', #825, #5995, #6122 ) ;
#101 = VECTOR ( 'NONE', #193, 39.37007874015748143 ) ;
#102 = DIRECTION ( 'NONE',  ( -0.5773502691896257311, 0.5773502691896257311, -0.5773502691896257311 ) ) ;
#103 = EDGE_CURVE ( 'NONE', #5076, #6989, #5487, .T. ) ;
#104 = ORIENTED_EDGE ( 'NONE', *, *, #5949, .F. ) ;
#105 = CARTESIAN_POINT ( 'NONE',  ( -0.2312992125984252023, 0.02165354330708661734, 0.01870078740157480462 ) ) ;
#106 = DIRECTION ( 'NONE',  ( 0.000000000000000000, 1.000000000000000000, 0.000000000000000000 ) ) ;
#107 = CARTESIAN_POINT ( 'NONE',  ( -0.2312992125984252023, 0.1574803149606299191, 0.01870078740157480462 ) ) ;
#108 = VECTOR ( 'NONE', #7820, 39.37007874015748143 ) ;
#109 = ORIENTED_EDGE ( 'NONE', *, *, #2302, .F. ) ;
#110 = VECTOR ( 'NONE', #3477, 39.37007874015748143 ) ;
#111 = VECTOR ( 'NONE', #4447, 39.37007874015748854 ) ;
#112 = ORIENTED_EDGE ( 'NONE', *, *, #5348, .T. ) ;
#113 = CARTESIAN_POINT ( 'NONE',  ( -0.4106299212598425452, 0.01181102362204724393, 0.03937007874015747977 ) ) ;
#114 = VERTEX_POINT ( 'NONE', #1550 ) ;
#115 = EDGE_CURVE ( 'NONE', #6027, #4278, #1591, .T. ) ;
#116 = LINE ( 'NONE', #62, #7856 ) ;
#117 = AXIS2_PLACEMENT_3D ( 'NONE', #6628, #6546, #728 ) ;
#118 = ORIENTED_EDGE ( 'NONE', *, *, #8137, .T. ) ;
#119 = LINE ( 'NONE', #7389, #1740 ) ;
#120 = CARTESIAN_POINT ( 'NONE',  ( -0.6893700787401575436, 0.000000000000000000, 0.03937007874015747977 ) ) ;
#121 = ORIENTED_EDGE ( 'NONE', *, *, #5126, .T. ) ;
#122 = ORIENTED_EDGE ( 'NONE', *, *, #1236, .F. ) ;
#123 = ORIENTED_EDGE ( 'NONE', *, *, #4325, .T. ) ;
#124 = VECTOR ( 'NONE', #6216, 39.37007874015748854 ) ;
#125 = LINE ( 'NONE', #7991, #7466 ) ;
#126 = CARTESIAN_POINT ( 'NONE',  ( -0.3785433070866142113, 0.1574803149606299191, 0.02854330708661417110 ) ) ;
#127 = LINE ( 'NONE', #4153, #4742 ) ;
#128 = CARTESIAN_POINT ( 'NONE',  ( -0.2795275590551181133, 0.01181102362204724393, -0.02952755905511811330 ) ) ;
#129 = DIRECTION ( 'NONE',  ( 0.000000000000000000, 0.000000000000000000, 1.000000000000000000 ) ) ;
#130 = LINE ( 'NONE', #4572, #2865 ) ;
#131 = EDGE_LOOP ( 'NONE', ( #4720, #8314, #7121, #2460 ) ) ;
#132 = ORIENTED_EDGE ( 'NONE', *, *, #7653, .F. ) ;
#133 =( REPRESENTATION_RELATIONSHIP ('NONE','NONE', #1726, #2933 ) REPRESENTATION_RELATIONSHIP_WITH_TRANSFORMATION ( #2739 )SHAPE_REPRESENTATION_RELATIONSHIP( ) );
#134 = DIRECTION ( 'NONE',  ( 1.000000000000000000, 0.000000000000000000, 0.000000000000000000 ) ) ;
#135 = LINE ( 'NONE', #2755, #1849 ) ;
#136 = CARTESIAN_POINT ( 'NONE',  ( -0.9785433070866141891, 0.1574803149606299191, 0.02854330708661417110 ) ) ;
#137 = ADVANCED_FACE ( 'NONE', ( #990 ), #4157, .T. ) ;
#138 = DIRECTION ( 'NONE',  ( 0.000000000000000000, 1.000000000000000000, 0.000000000000000000 ) ) ;
#139 = DIRECTION ( 'NONE',  ( 1.000000000000000000, 0.000000000000000000, 0.000000000000000000 ) ) ;
#140 = EDGE_CURVE ( 'NONE', #6175, #5252, #7999, .T. ) ;
#141 = CARTESIAN_POINT ( 'NONE',  ( -0.8687007874015748587, 0.1574803149606299191, 0.01870078740157480462 ) ) ;
#142 = ORIENTED_EDGE ( 'NONE', *, *, #2892, .T. ) ;
#143 = ORIENTED_EDGE ( 'NONE', *, *, #3024, .T. ) ;
#144 = EDGE_LOOP ( 'NONE', ( #3326, #7176, #2098, #6600 ) ) ;
#145 = CARTESIAN_POINT ( 'NONE',  ( -1.009842519685039353, 0.000000000000000000, 0.000000000000000000 ) ) ;
#146 = DIRECTION ( 'NONE',  ( -0.000000000000000000, 1.000000000000000000, 0.000000000000000000 ) ) ;
#147 = EDGE_CURVE ( 'NONE', #4436, #7254, #7362, .T. ) ;
#148 = DIRECTION ( 'NONE',  ( 0.000000000000000000, 0.000000000000000000, 1.000000000000000000 ) ) ;
#149 = EDGE_CURVE ( 'NONE', #5170, #3434, #2106, .T. ) ;
#150 = ORIENTED_EDGE ( 'NONE', *, *, #3065, .T. ) ;
#151 = CARTESIAN_POINT ( 'NONE',  ( -0.7204724409448819422, 0.1574803149606299191, -0.02952755905511811330 ) ) ;
#152 = CARTESIAN_POINT ( 'NONE',  ( -0.2785433070866141780, 0.01181102362204724393, 0.02854330708661417110 ) ) ;
#153 = DIRECTION ( 'NONE',  ( 0.5773502691896257311, 0.5773502691896257311, 0.5773502691896257311 ) ) ;
#154 = ORIENTED_EDGE ( 'NONE', *, *, #7506, .T. ) ;
#155 = EDGE_CURVE ( 'NONE', #1778, #7504, #830, .T. ) ;
#156 = ORIENTED_EDGE ( 'NONE', *, *, #5459, .F. ) ;
#157 = CARTESIAN_POINT ( 'NONE',  ( -0.4657480314960630308, 0.01181102362204724393, 0.01279527559055118092 ) ) ;
#158 = EDGE_CURVE ( 'NONE', #1575, #258, #177, .T. ) ;
#159 = EDGE_LOOP ( 'NONE', ( #684, #2528, #2788, #5189 ) ) ;
#160 = CARTESIAN_POINT ( 'NONE',  ( -0.3106299212598425119, 0.01181102362204724393, 0.03937007874015747977 ) ) ;
#161 =( CONVERSION_BASED_UNIT ( 'INCH', #2050 ) LENGTH_UNIT ( ) NAMED_UNIT ( #8357 ) );
#162 = ORIENTED_EDGE ( 'NONE', *, *, #717, .F. ) ;
#163 = FACE_OUTER_BOUND ( 'NONE', #6659, .T. ) ;
#164 = ADVANCED_FACE ( 'NONE', ( #4759 ), #1148, .F. ) ;
#165 = ADVANCED_FACE ( 'NONE', ( #7519 ), #5082, .F. ) ;
#166 = EDGE_CURVE ( 'NONE', #7438, #6389, #4961, .T. ) ;
#167 = PLANE ( 'NONE',  #2260 ) ;
#168 = VERTEX_POINT ( 'NONE', #4362 ) ;
#169 = VERTEX_POINT ( 'NONE', #4999 ) ;
#170 = ORIENTED_EDGE ( 'NONE', *, *, #8239, .T. ) ;
#171 = DIRECTION ( 'NONE',  ( 1.000000000000000000, 0.000000000000000000, 0.000000000000000000 ) ) ;
#172 = CARTESIAN_POINT ( 'NONE',  ( -0.3785433070866142113, 0.1574803149606299191, 0.02854330708661417110 ) ) ;
#173 = CARTESIAN_POINT ( 'NONE',  ( -1.009842519685039353, 0.000000000000000000, 0.04921259842519685318 ) ) ;
#174 = CARTESIAN_POINT ( 'NONE',  ( -0.8696850393700786830, 0.1574803149606299191, -0.01968503937007873988 ) ) ;
#175 = CARTESIAN_POINT ( 'NONE',  ( -1.009842519685039353, 0.000000000000000000, -0.03937007874015747977 ) ) ;
#176 = DIRECTION ( 'NONE',  ( 1.000000000000000000, 0.000000000000000000, 0.000000000000000000 ) ) ;
#177 = LINE ( 'NONE', #5403, #6085 ) ;
#178 = ORIENTED_EDGE ( 'NONE', *, *, #7370, .F. ) ;
#179 = FACE_OUTER_BOUND ( 'NONE', #1320, .T. ) ;
#180 = CARTESIAN_POINT ( 'NONE',  ( -0.9795275590551181244, 0.1574803149606299191, -0.02952755905511811330 ) ) ;
#181 = FACE_OUTER_BOUND ( 'NONE', #5293, .T. ) ;
#182 = DIRECTION ( 'NONE',  ( 0.000000000000000000, -1.000000000000000000, 0.000000000000000000 ) ) ;
#183 = DIRECTION ( 'NONE',  ( 0.000000000000000000, 1.000000000000000000, 0.000000000000000000 ) ) ;
#184 = PLANE ( 'NONE',  #1632 ) ;
#185 = EDGE_LOOP ( 'NONE', ( #6318, #3997, #7146, #1592, #1975, #1392 ) ) ;
#186 = ORIENTED_EDGE ( 'NONE', *, *, #1513, .F. ) ;
#187 = DIRECTION ( 'NONE',  ( 0.2576626505603140105, -0.9662349396012511749, 0.000000000000000000 ) ) ;
#188 = DIRECTION ( 'NONE',  ( -0.2576626505603140105, -0.9662349396012511749, 0.000000000000000000 ) ) ;
#189 = EDGE_CURVE ( 'NONE', #5879, #6367, #1829, .T. ) ;
#190 = CARTESIAN_POINT ( 'NONE',  ( -0.5657480314960630086, 0.000000000000000000, 0.000000000000000000 ) ) ;
#191 = ORIENTED_EDGE ( 'NONE', *, *, #8089, .F. ) ;
#192 = CARTESIAN_POINT ( 'NONE',  ( -0.4795275590551181244, 0.01181102362204724393, -0.02952755905511811330 ) ) ;
#193 = DIRECTION ( 'NONE',  ( 0.000000000000000000, 0.000000000000000000, 1.000000000000000000 ) ) ;
#194 = LINE ( 'NONE', #4820, #7079 ) ;
#195 = ORIENTED_EDGE ( 'NONE', *, *, #6108, .T. ) ;
#196 = ORIENTED_EDGE ( 'NONE', *, *, #4924, .T. ) ;
#197 = EDGE_CURVE ( 'NONE', #6921, #7419, #5682, .T. ) ;
#198 = DIRECTION ( 'NONE',  ( 1.000000000000000000, 0.000000000000000000, 0.000000000000000000 ) ) ;
#199 = EDGE_CURVE ( 'NONE', #1848, #2456, #3755, .T. ) ;
#200 = VERTEX_POINT ( 'NONE', #3123 ) ;
#201 = AXIS2_PLACEMENT_3D ( 'NONE', #6899, #6860, #6214 ) ;
#202 = EDGE_CURVE ( 'NONE', #3433, #2761, #1024, .T. ) ;
#203 = LINE ( 'NONE', #6751, #1311 ) ;
#204 = DIRECTION ( 'NONE',  ( 1.000000000000000000, 0.000000000000000000, 0.000000000000000000 ) ) ;
#205 = ORIENTED_EDGE ( 'NONE', *, *, #3340, .T. ) ;
#206 = DIRECTION ( 'NONE',  ( 0.000000000000000000, 0.000000000000000000, -1.000000000000000000 ) ) ;
#207 = VECTOR ( 'NONE', #7957, 39.37007874015748143 ) ;
#208 = EDGE_CURVE ( 'NONE', #7793, #7535, #7676, .T. ) ;
#209 = CARTESIAN_POINT ( 'NONE',  ( -0.3214566929133858553, 0.01181102362204724393, 0.02854330708661417110 ) ) ;
#210 = EDGE_LOOP ( 'NONE', ( #3674, #550, #3558, #5730 ) ) ;
#211 = VERTEX_POINT ( 'NONE', #5728 ) ;
#212 = VERTEX_POINT ( 'NONE', #3802 ) ;
#213 = VECTOR ( 'NONE', #4744, 39.37007874015748143 ) ;
#214 = DIRECTION ( 'NONE',  ( 1.000000000000000000, 0.000000000000000000, 0.000000000000000000 ) ) ;
#215 = CARTESIAN_POINT ( 'NONE',  ( -0.4785433070866141336, 0.01181102362204724393, -0.02854330708661417110 ) ) ;
#216 = PLANE ( 'NONE',  #6651 ) ;
#217 = CARTESIAN_POINT ( 'NONE',  ( -0.5657480314960630086, 0.01181102362204724393, -0.01279527559055118092 ) ) ;
#218 = EDGE_CURVE ( 'NONE', #5923, #4278, #6454, .T. ) ;
#219 = LINE ( 'NONE', #1463, #6357 ) ;
#220 = CARTESIAN_POINT ( 'NONE',  ( -0.6312992125984252523, 0.000000000000000000, 0.000000000000000000 ) ) ;
#221 = AXIS2_PLACEMENT_3D ( 'NONE', #6647, #146, #2764 ) ;
#222 = DIRECTION ( 'NONE',  ( 1.000000000000000000, 0.000000000000000000, 0.000000000000000000 ) ) ;
#223 = ORIENTED_EDGE ( 'NONE', *, *, #7033, .F. ) ;
#224 = ADVANCED_FACE ( 'NONE', ( #8328 ), #2472, .T. ) ;
#225 = VECTOR ( 'NONE', #5246, 39.37007874015748143 ) ;
#226 = VECTOR ( 'NONE', #2017, 39.37007874015748143 ) ;
#227 = DIRECTION ( 'NONE',  ( 0.000000000000000000, -1.000000000000000000, 0.000000000000000000 ) ) ;
#228 = CARTESIAN_POINT ( 'NONE',  ( -0.5687007874015748143, 0.1574803149606299191, 0.01870078740157480462 ) ) ;
#229 = DIRECTION ( 'NONE',  ( 1.000000000000000000, 0.000000000000000000, 0.000000000000000000 ) ) ;
#230 = CARTESIAN_POINT ( 'NONE',  ( -0.6657480314960630974, 0.000000000000000000, 0.000000000000000000 ) ) ;
#231 = VERTEX_POINT ( 'NONE', #3078 ) ;
#232 = CARTESIAN_POINT ( 'NONE',  ( -0.6785433070866142558, 0.01181102362204724393, 0.02854330708661417110 ) ) ;
#234 = PLANE ( 'NONE',  #1304 ) ;
#233 = VECTOR ( 'NONE', #6933, 39.37007874015748143 ) ;
#235 = VECTOR ( 'NONE', #4088, 39.37007874015748143 ) ;
#236 = DIRECTION ( 'NONE',  ( 0.000000000000000000, 1.000000000000000000, 0.000000000000000000 ) ) ;
#237 = VECTOR ( 'NONE', #2912, 39.37007874015748143 ) ;
#238 = VECTOR ( 'NONE', #4475, 39.37007874015748143 ) ;
#239 = ORIENTED_EDGE ( 'NONE', *, *, #3527, .F. ) ;
#240 = FACE_OUTER_BOUND ( 'NONE', #1611, .T. ) ;
#241 = DIRECTION ( 'NONE',  ( 0.000000000000000000, 0.000000000000000000, -1.000000000000000000 ) ) ;
#242 = CARTESIAN_POINT ( 'NONE',  ( -0.9312992125984251857, 0.1574803149606299191, 0.01870078740157480462 ) ) ;
#243 = ORIENTED_EDGE ( 'NONE', *, *, #905, .T. ) ;
#244 = ORIENTED_EDGE ( 'NONE', *, *, #6733, .F. ) ;
#245 = ORIENTED_EDGE ( 'NONE', *, *, #7099, .T. ) ;
#246 = VECTOR ( 'NONE', #4262, 39.37007874015748143 ) ;
#247 = VECTOR ( 'NONE', #3962, 39.37007874015748143 ) ;
#248 = DIRECTION ( 'NONE',  ( 0.000000000000000000, 1.000000000000000000, 0.000000000000000000 ) ) ;
#249 = ORIENTED_EDGE ( 'NONE', *, *, #4219, .F. ) ;
#250 = DIRECTION ( 'NONE',  ( 0.000000000000000000, -1.000000000000000000, 0.000000000000000000 ) ) ;
#251 = EDGE_CURVE ( 'NONE', #2163, #1990, #1192, .T. ) ;
#252 = VECTOR ( 'NONE', #8379, 39.37007874015748143 ) ;
#253 = VECTOR ( 'NONE', #4750, 39.37007874015748143 ) ;
#254 = AXIS2_PLACEMENT_3D ( 'NONE', #6090, #6732, #229 ) ;
#255 = EDGE_CURVE ( 'NONE', #8301, #2163, #6408, .T. ) ;
#256 = DIRECTION ( 'NONE',  ( 0.000000000000000000, 1.000000000000000000, 0.000000000000000000 ) ) ;
#257 = ORIENTED_EDGE ( 'NONE', *, *, #985, .T. ) ;
#258 = VERTEX_POINT ( 'NONE', #2354 ) ;
#259 = ORIENTED_EDGE ( 'NONE', *, *, #1968, .F. ) ;
#260 = AXIS2_PLACEMENT_3D ( 'NONE', #5484, #4154, #4273 ) ;
#261 = AXIS2_PLACEMENT_3D ( 'NONE', #3155, #3194, #5798 ) ;
#262 = DIRECTION ( 'NONE',  ( 0.000000000000000000, 0.000000000000000000, 1.000000000000000000 ) ) ;
#263 = FACE_BOUND ( 'NONE', #2333, .T. ) ;
#264 = DIRECTION ( 'NONE',  ( 0.000000000000000000, 1.000000000000000000, 0.000000000000000000 ) ) ;
#265 = LINE ( 'NONE', #987, #6530 ) ;
#266 = EDGE_CURVE ( 'NONE', #1342, #2004, #1075, .T. ) ;
#267 = PLANE ( 'NONE',  #3093 ) ;
#268 = FACE_OUTER_BOUND ( 'NONE', #6547, .T. ) ;
#269 = AXIS2_PLACEMENT_3D ( 'NONE', #4940, #5502, #2934 ) ;
#270 = DIRECTION ( 'NONE',  ( 1.000000000000000000, 0.000000000000000000, 0.000000000000000000 ) ) ;
#271 = ORIENTED_EDGE ( 'NONE', *, *, #4147, .F. ) ;
#272 = EDGE_CURVE ( 'NONE', #2518, #3435, #2317, .T. ) ;
#273 = CARTESIAN_POINT ( 'NONE',  ( -0.9696850393700787718, 0.000000000000000000, 0.000000000000000000 ) ) ;
#274 = CARTESIAN_POINT ( 'NONE',  ( -0.5795275590551181022, 0.1574803149606299191, 0.02952755905511811330 ) ) ;
#275 = CARTESIAN_POINT ( 'NONE',  ( -0.9342519685039371025, -0.08858267716535432601, 0.004921259842519684971 ) ) ;
#276 = CARTESIAN_POINT ( 'NONE',  ( -0.2303149606299212671, 0.1574803149606299191, 0.01968503937007873988 ) ) ;
#277 = EDGE_CURVE ( 'NONE', #7830, #7574, #6288, .T. ) ;
#278 = VERTEX_POINT ( 'NONE', #7598 ) ;
#279 = EDGE_CURVE ( 'NONE', #4602, #5385, #386, .T. ) ;
#280 = CARTESIAN_POINT ( 'NONE',  ( -0.6500000000000000222, 0.1909448818897638012, -0.02559055118110236185 ) ) ;
#281 = DIRECTION ( 'NONE',  ( 1.000000000000000000, 0.000000000000000000, 0.000000000000000000 ) ) ;
#282 = PLANE ( 'NONE',  #1461 ) ;
#283 = ORIENTED_EDGE ( 'NONE', *, *, #7096, .F. ) ;
#284 = DIRECTION ( 'NONE',  ( 0.000000000000000000, -1.000000000000000000, 0.000000000000000000 ) ) ;
#285 = LINE ( 'NONE', #1685, #2295 ) ;
#286 = PLANE ( 'NONE',  #269 ) ;
#287 = ORIENTED_EDGE ( 'NONE', *, *, #718, .F. ) ;
#288 = ORIENTED_EDGE ( 'NONE', *, *, #6765, .F. ) ;
#289 = CARTESIAN_POINT ( 'NONE',  ( -0.6785433070866142558, 0.01181102362204724393, -0.02854330708661417110 ) ) ;
#290 = ORIENTED_EDGE ( 'NONE', *, *, #3038, .T. ) ;
#291 = CARTESIAN_POINT ( 'NONE',  ( -0.4106299212598425452, 0.000000000000000000, 0.03937007874015747977 ) ) ;
#292 = DIRECTION ( 'NONE',  ( 1.000000000000000000, 0.000000000000000000, 0.000000000000000000 ) ) ;
#293 = EDGE_LOOP ( 'NONE', ( #2122, #6736, #388, #5665 ) ) ;
#294 = EDGE_LOOP ( 'NONE', ( #6343, #2916, #3105, #5254 ) ) ;
#295 = VERTEX_POINT ( 'NONE', #1114 ) ;
#296 = EDGE_CURVE ( 'NONE', #7504, #8224, #461, .T. ) ;
#297 = EDGE_CURVE ( 'NONE', #1272, #3947, #2641, .T. ) ;
#298 = CARTESIAN_POINT ( 'NONE',  ( -0.8721456692913385211, 0.01181102362204724393, 0.01279527559055118092 ) ) ;
#299 = DIRECTION ( 'NONE',  ( 0.000000000000000000, 0.000000000000000000, -1.000000000000000000 ) ) ;
#300 = DIRECTION ( 'NONE',  ( 1.000000000000000000, 0.000000000000000000, 0.000000000000000000 ) ) ;
#301 = DIRECTION ( 'NONE',  ( 0.000000000000000000, 1.000000000000000000, 0.000000000000000000 ) ) ;
#302 = CARTESIAN_POINT ( 'NONE',  ( -0.7795275590551181688, 0.01181102362204724393, 0.02952755905511811330 ) ) ;
#303 = CARTESIAN_POINT ( 'NONE',  ( -0.2814960629921259838, 0.1968503937007874127, 0.03149606299212598381 ) ) ;
#304 = ORIENTED_EDGE ( 'NONE', *, *, #5237, .F. ) ;
#305 = ORIENTED_EDGE ( 'NONE', *, *, #140, .F. ) ;
#306 = EDGE_CURVE ( 'NONE', #4313, #1122, #66, .T. ) ;
#307 = ADVANCED_FACE ( 'NONE', ( #3923 ), #2689, .T. ) ;
#308 = DIRECTION ( 'NONE',  ( 0.000000000000000000, -1.000000000000000000, 0.000000000000000000 ) ) ;
#309 = LINE ( 'NONE', #6771, #2711 ) ;
#310 = DIRECTION ( 'NONE',  ( 1.000000000000000000, 0.000000000000000000, 0.000000000000000000 ) ) ;
#311 = CARTESIAN_POINT ( 'NONE',  ( -0.4785433070866141336, 0.1574803149606299191, 0.02854330708661417110 ) ) ;
#312 = ADVANCED_FACE ( 'NONE', ( #8454 ), #6536, .F. ) ;
#313 = ORIENTED_EDGE ( 'NONE', *, *, #1054, .T. ) ;
#314 = LINE ( 'NONE', #4209, #3382 ) ;
#315 = DIRECTION ( 'NONE',  ( 1.000000000000000000, 0.000000000000000000, 0.000000000000000000 ) ) ;
#316 = ORIENTED_EDGE ( 'NONE', *, *, #514, .F. ) ;
#317 = CARTESIAN_POINT ( 'NONE',  ( -0.2696850393700787607, 0.1574803149606299191, -0.01968503937007873988 ) ) ;
#318 = CARTESIAN_POINT ( 'NONE',  ( -0.7696850393700788162, 0.01181102362204724393, -0.01968503937007873988 ) ) ;
#319 = CARTESIAN_POINT ( 'NONE',  ( -0.6106299212598425008, 0.01181102362204724393, 0.03937007874015747977 ) ) ;
#320 = ORIENTED_EDGE ( 'NONE', *, *, #1055, .F. ) ;
#321 = ORIENTED_EDGE ( 'NONE', *, *, #5777, .F. ) ;
#322 = ADVANCED_FACE ( 'NONE', ( #2055 ), #5121, .F. ) ;
#323 = PLANE ( 'NONE',  #4318 ) ;
#324 = ORIENTED_EDGE ( 'NONE', *, *, #5758, .T. ) ;
#325 = DIRECTION ( 'NONE',  ( 0.9662349396012511749, -0.2576626505603140105, 0.000000000000000000 ) ) ;
#326 = VECTOR ( 'NONE', #804, 39.37007874015748143 ) ;
#327 = FACE_OUTER_BOUND ( 'NONE', #3244, .T. ) ;
#328 = ORIENTED_EDGE ( 'NONE', *, *, #6475, .F. ) ;
#329 = CARTESIAN_POINT ( 'NONE',  ( -0.8814960629921260171, 0.1968503937007874127, 0.03149606299212598381 ) ) ;
#330 = EDGE_LOOP ( 'NONE', ( #6746, #3176, #2544, #4981 ) ) ;
#331 = FACE_OUTER_BOUND ( 'NONE', #7924, .T. ) ;
#332 = DIRECTION ( 'NONE',  ( 0.000000000000000000, -1.000000000000000000, 0.000000000000000000 ) ) ;
#333 = FACE_OUTER_BOUND ( 'NONE', #6929, .T. ) ;
#334 = FACE_OUTER_BOUND ( 'NONE', #3467, .T. ) ;
#335 = DIRECTION ( 'NONE',  ( 1.000000000000000000, 0.000000000000000000, 0.000000000000000000 ) ) ;
#336 = CARTESIAN_POINT ( 'NONE',  ( -0.4312992125984251857, 0.1574803149606299191, 0.01870078740157480462 ) ) ;
#337 = VERTEX_POINT ( 'NONE', #4614 ) ;
#338 = VERTEX_POINT ( 'NONE', #586 ) ;
#339 = VECTOR ( 'NONE', #372, 39.37007874015748143 ) ;
#340 = VECTOR ( 'NONE', #6851, 39.37007874015748143 ) ;
#341 = CARTESIAN_POINT ( 'NONE',  ( -0.3204724409448818645, 0.01181102362204724393, -0.02952755905511811330 ) ) ;
#342 = CARTESIAN_POINT ( 'NONE',  ( -0.3687007874015748032, 0.1574803149606299191, 0.01870078740157480462 ) ) ;
#343 = VECTOR ( 'NONE', #4210, 39.37007874015748143 ) ;
#344 = DIRECTION ( 'NONE',  ( 0.000000000000000000, 0.000000000000000000, -1.000000000000000000 ) ) ;
#345 = DIRECTION ( 'NONE',  ( 0.000000000000000000, -1.000000000000000000, 0.000000000000000000 ) ) ;
#346 = EDGE_CURVE ( 'NONE', #2092, #2873, #1406, .T. ) ;
#347 = ADVANCED_FACE ( 'NONE', ( #7216 ), #5303, .F. ) ;
#348 = ORIENTED_EDGE ( 'NONE', *, *, #7523, .T. ) ;
#349 = EDGE_CURVE ( 'NONE', #5231, #3463, #5210, .T. ) ;
#350 = LINE ( 'NONE', #6143, #1183 ) ;
#351 = CARTESIAN_POINT ( 'NONE',  ( -0.6578740157480315043, -0.1181102362204724532, -0.01279527559055118092 ) ) ;
#352 = VECTOR ( 'NONE', #2950, 39.37007874015748143 ) ;
#353 = VECTOR ( 'NONE', #8384, 39.37007874015748143 ) ;
#354 = ORIENTED_EDGE ( 'NONE', *, *, #2766, .T. ) ;
#355 = DIRECTION ( 'NONE',  ( 1.000000000000000000, 0.000000000000000000, 0.000000000000000000 ) ) ;
#356 = LINE ( 'NONE', #4255, #4892 ) ;
#357 = ADVANCED_FACE ( 'NONE', ( #720 ), #1870, .F. ) ;
#358 = VECTOR ( 'NONE', #102, 39.37007874015748854 ) ;
#359 = AXIS2_PLACEMENT_3D ( 'NONE', #48, #2031, #7880 ) ;
#360 = DIRECTION ( 'NONE',  ( -0.2576626505603140105, -0.9662349396012511749, 0.000000000000000000 ) ) ;
#361 = VERTEX_POINT ( 'NONE', #3333 ) ;
#362 = VERTEX_POINT ( 'NONE', #1951 ) ;
#363 = ORIENTED_EDGE ( 'NONE', *, *, #5067, .F. ) ;
#364 = ADVANCED_FACE ( 'NONE', ( #6486 ), #7086, .F. ) ;
#365 = VECTOR ( 'NONE', #4876, 39.37007874015748143 ) ;
#366 = AXIS2_PLACEMENT_3D ( 'NONE', #5405, #6277, #375 ) ;
#367 = FACE_OUTER_BOUND ( 'NONE', #3831, .T. ) ;
#368 = ORIENTED_EDGE ( 'NONE', *, *, #5758, .F. ) ;
#369 = CARTESIAN_POINT ( 'NONE',  ( -0.8204724409448819200, 0.01181102362204724393, 0.02952755905511811330 ) ) ;
#370 = AXIS2_PLACEMENT_3D ( 'NONE', #4740, #3470, #4183 ) ;
#371 = AXIS2_PLACEMENT_3D ( 'NONE', #1400, #6527, #7939 ) ;
#372 = DIRECTION ( 'NONE',  ( 0.000000000000000000, 0.000000000000000000, -1.000000000000000000 ) ) ;
#373 = ADVANCED_FACE ( 'NONE', ( #7767 ), #631, .T. ) ;
#374 = ORIENTED_EDGE ( 'NONE', *, *, #6983, .F. ) ;
#375 = DIRECTION ( 'NONE',  ( 1.000000000000000000, 0.000000000000000000, 0.000000000000000000 ) ) ;
#376 = ORIENTED_EDGE ( 'NONE', *, *, #4168, .T. ) ;
#377 = DIRECTION ( 'NONE',  ( 1.000000000000000000, 0.000000000000000000, 0.000000000000000000 ) ) ;
#378 = VECTOR ( 'NONE', #1381, 39.37007874015748143 ) ;
#379 = FACE_OUTER_BOUND ( 'NONE', #1616, .T. ) ;
#380 = VECTOR ( 'NONE', #8362, 39.37007874015748143 ) ;
#381 = VECTOR ( 'NONE', #3497, 39.37007874015748143 ) ;
#382 = ORIENTED_EDGE ( 'NONE', *, *, #2551, .F. ) ;
#383 = DIRECTION ( 'NONE',  ( 0.000000000000000000, 0.000000000000000000, -1.000000000000000000 ) ) ;
#384 = DIRECTION ( 'NONE',  ( -0.2576626505603140105, -0.9662349396012511749, 0.000000000000000000 ) ) ;
#385 = CARTESIAN_POINT ( 'NONE',  ( -0.9893700787401574770, 0.000000000000000000, -0.03937007874015747977 ) ) ;
#386 = LINE ( 'NONE', #1754, #2517 ) ;
#387 = EDGE_LOOP ( 'NONE', ( #2185, #6567, #132, #7338 ) ) ;
#388 = ORIENTED_EDGE ( 'NONE', *, *, #856, .T. ) ;
#389 = AXIS2_PLACEMENT_3D ( 'NONE', #3320, #5239, #3280 ) ;
#390 = VECTOR ( 'NONE', #1677, 39.37007874015748143 ) ;
#391 = CARTESIAN_POINT ( 'NONE',  ( -0.5696850393700787496, 0.1850393700787401619, -0.01968503937007873988 ) ) ;
#392 = CARTESIAN_POINT ( 'NONE',  ( -0.8785433070866142113, 0.1574803149606299191, 0.02854330708661417110 ) ) ;
#393 = AXIS2_PLACEMENT_3D ( 'NONE', #15, #3719, #7201 ) ;
#394 = DIRECTION ( 'NONE',  ( 0.000000000000000000, 0.000000000000000000, -1.000000000000000000 ) ) ;
#395 = DIRECTION ( 'NONE',  ( 0.000000000000000000, 0.000000000000000000, -1.000000000000000000 ) ) ;
#396 = ORIENTED_EDGE ( 'NONE', *, *, #6054, .T. ) ;
#397 = DIRECTION ( 'NONE',  ( 0.000000000000000000, 1.000000000000000000, 0.000000000000000000 ) ) ;
#398 = LINE ( 'NONE', #351, #7703 ) ;
#399 = VECTOR ( 'NONE', #8265, 39.37007874015748143 ) ;
#400 = EDGE_CURVE ( 'NONE', #7892, #8337, #3248, .T. ) ;
#401 = EDGE_CURVE ( 'NONE', #5590, #2474, #7123, .T. ) ;
#402 = EDGE_LOOP ( 'NONE', ( #8156, #4594, #675, #4773 ) ) ;
#403 = CARTESIAN_POINT ( 'NONE',  ( -0.7795275590551181688, 0.1574803149606299191, -0.02952755905511811330 ) ) ;
#404 = CARTESIAN_POINT ( 'NONE',  ( -0.2795275590551181133, 0.01181102362204724393, -0.02952755905511811330 ) ) ;
#405 = CARTESIAN_POINT ( 'NONE',  ( -0.3106299212598425119, 0.01181102362204724393, -0.03937007874015747977 ) ) ;
#406 = ORIENTED_EDGE ( 'NONE', *, *, #2669, .F. ) ;
#407 = FACE_OUTER_BOUND ( 'NONE', #8268, .T. ) ;
#408 = EDGE_CURVE ( 'NONE', #2586, #4264, #4562, .T. ) ;
#409 = VERTEX_POINT ( 'NONE', #7717 ) ;
#410 = VERTEX_POINT ( 'NONE', #7166 ) ;
#411 = ADVANCED_FACE ( 'NONE', ( #1319 ), #4486, .F. ) ;
#412 = CARTESIAN_POINT ( 'NONE',  ( -0.9657480314960630308, -0.08858267716535432601, 0.01279527559055118092 ) ) ;
#413 = ORIENTED_EDGE ( 'NONE', *, *, #981, .F. ) ;
#414 = PLANE ( 'NONE',  #6930 ) ;
#415 = EDGE_CURVE ( 'NONE', #5636, #1990, #4107, .T. ) ;
#416 = CARTESIAN_POINT ( 'NONE',  ( -0.5893700787401575658, 0.01181102362204724393, -0.03937007874015747977 ) ) ;
#417 = ORIENTED_EDGE ( 'NONE', *, *, #2341, .T. ) ;
#418 = PLANE ( 'NONE',  #366 ) ;
#419 = ORIENTED_EDGE ( 'NONE', *, *, #7102, .F. ) ;
#420 = EDGE_CURVE ( 'NONE', #2233, #4253, #7985, .T. ) ;
#421 = CARTESIAN_POINT ( 'NONE',  ( -0.6795275590551181910, 0.1574803149606299191, -0.02952755905511811330 ) ) ;
#422 = CARTESIAN_POINT ( 'NONE',  ( -0.4893700787401574770, 0.01181102362204724393, -0.03937007874015747977 ) ) ;
#423 = ORIENTED_EDGE ( 'NONE', *, *, #4500, .F. ) ;
#424 = CARTESIAN_POINT ( 'NONE',  ( -0.3303149606299212726, 0.1850393700787401619, -0.01968503937007873988 ) ) ;
#425 = DIRECTION ( 'NONE',  ( 0.000000000000000000, 1.000000000000000000, 0.000000000000000000 ) ) ;
#426 = DIRECTION ( 'NONE',  ( 0.000000000000000000, 0.000000000000000000, -1.000000000000000000 ) ) ;
#427 = DIRECTION ( 'NONE',  ( 1.000000000000000000, 0.000000000000000000, 0.000000000000000000 ) ) ;
#428 = ORIENTED_EDGE ( 'NONE', *, *, #1458, .T. ) ;
#429 = ORIENTED_EDGE ( 'NONE', *, *, #3075, .F. ) ;
#430 = DIRECTION ( 'NONE',  ( 1.000000000000000000, 0.000000000000000000, 0.000000000000000000 ) ) ;
#431 = LINE ( 'NONE', #1081, #7867 ) ;
#432 = DIRECTION ( 'NONE',  ( 0.000000000000000000, -1.000000000000000000, 0.000000000000000000 ) ) ;
#433 = LINE ( 'NONE', #5492, #477 ) ;
#434 = CARTESIAN_POINT ( 'NONE',  ( -0.4106299212598425452, 0.01181102362204724393, 0.03937007874015747977 ) ) ;
#435 = ORIENTED_EDGE ( 'NONE', *, *, #2296, .F. ) ;
#436 = DIRECTION ( 'NONE',  ( 0.000000000000000000, 0.000000000000000000, 1.000000000000000000 ) ) ;
#437 = DIRECTION ( 'NONE',  ( 1.000000000000000000, 0.000000000000000000, 0.000000000000000000 ) ) ;
#438 = VERTEX_POINT ( 'NONE', #6071 ) ;
#439 = CARTESIAN_POINT ( 'NONE',  ( -0.8303149606299212726, 0.1574803149606299191, 0.01968503937007873988 ) ) ;
#440 = LINE ( 'NONE', #3700, #5987 ) ;
#441 = CARTESIAN_POINT ( 'NONE',  ( -0.6785433070866142558, 0.01181102362204724393, -0.02854330708661417110 ) ) ;
#442 = ORIENTED_EDGE ( 'NONE', *, *, #4280, .F. ) ;
#443 = DIRECTION ( 'NONE',  ( 0.000000000000000000, 0.000000000000000000, -1.000000000000000000 ) ) ;
#444 = EDGE_LOOP ( 'NONE', ( #2976, #3865, #4405, #5806 ) ) ;
#445 = ADVANCED_FACE ( 'NONE', ( #3555 ), #2906, .F. ) ;
#446 = EDGE_LOOP ( 'NONE', ( #5242, #2891, #3839, #3297 ) ) ;
#447 = DIRECTION ( 'NONE',  ( -1.000000000000000000, 0.000000000000000000, 0.000000000000000000 ) ) ;
#448 = ORIENTED_EDGE ( 'NONE', *, *, #2882, .T. ) ;
#449 = DIRECTION ( 'NONE',  ( 0.000000000000000000, -1.000000000000000000, 0.000000000000000000 ) ) ;
#450 = ADVANCED_FACE ( 'NONE', ( #2742 ), #2138, .T. ) ;
#451 = EDGE_CURVE ( 'NONE', #3948, #3692, #6795, .T. ) ;
#452 = ORIENTED_EDGE ( 'NONE', *, *, #5548, .F. ) ;
#453 = EDGE_CURVE ( 'NONE', #6643, #1369, #2828, .T. ) ;
#454 = FACE_OUTER_BOUND ( 'NONE', #144, .T. ) ;
#455 = ORIENTED_EDGE ( 'NONE', *, *, #2257, .F. ) ;
#456 = CARTESIAN_POINT ( 'NONE',  ( -0.9106299212598425452, 0.01181102362204724393, -0.03937007874015747977 ) ) ;
#457 = DIRECTION ( 'NONE',  ( 0.000000000000000000, 1.000000000000000000, 0.000000000000000000 ) ) ;
#458 = ORIENTED_EDGE ( 'NONE', *, *, #4228, .T. ) ;
#459 = CARTESIAN_POINT ( 'NONE',  ( -0.9795275590551181244, 0.1574803149606299191, 0.02952755905511811330 ) ) ;
#460 = CARTESIAN_POINT ( 'NONE',  ( -0.5687007874015748143, 0.02165354330708661734, -0.01870078740157480462 ) ) ;
#461 = LINE ( 'NONE', #3720, #8122 ) ;
#462 = ORIENTED_EDGE ( 'NONE', *, *, #2656, .F. ) ;
#463 = ORIENTED_EDGE ( 'NONE', *, *, #4427, .F. ) ;
#464 = VECTOR ( 'NONE', #2630, 39.37007874015748143 ) ;
#465 = CARTESIAN_POINT ( 'NONE',  ( -0.7106299212598425896, 0.01181102362204724393, 0.03937007874015747977 ) ) ;
#466 = EDGE_CURVE ( 'NONE', #5171, #4523, #2222, .T. ) ;
#467 = DIRECTION ( 'NONE',  ( 0.000000000000000000, 0.000000000000000000, 1.000000000000000000 ) ) ;
#468 = CARTESIAN_POINT ( 'NONE',  ( -0.5106299212598425230, 0.000000000000000000, 0.03937007874015747977 ) ) ;
#469 = PLANE ( 'NONE',  #8269 ) ;
#470 = DIRECTION ( 'NONE',  ( 0.000000000000000000, -1.000000000000000000, 0.000000000000000000 ) ) ;
#471 = VECTOR ( 'NONE', #7133, 39.37007874015748143 ) ;
#472 = ORIENTED_EDGE ( 'NONE', *, *, #5789, .F. ) ;
#473 = DIRECTION ( 'NONE',  ( 0.000000000000000000, 1.000000000000000000, 0.000000000000000000 ) ) ;
#474 = DIRECTION ( 'NONE',  ( -1.000000000000000000, 0.000000000000000000, 0.000000000000000000 ) ) ;
#475 = EDGE_CURVE ( 'NONE', #8316, #606, #8037, .T. ) ;
#476 = VECTOR ( 'NONE', #6156, 39.37007874015748143 ) ;
#477 = VECTOR ( 'NONE', #1084, 39.37007874015748143 ) ;
#478 = LINE ( 'NONE', #8306, #5154 ) ;
#479 = ORIENTED_EDGE ( 'NONE', *, *, #6852, .F. ) ;
#480 = DIRECTION ( 'NONE',  ( 0.000000000000000000, 0.000000000000000000, -1.000000000000000000 ) ) ;
#481 = PLANE ( 'NONE',  #5029 ) ;
#482 = CARTESIAN_POINT ( 'NONE',  ( -0.7342519685039370358, -0.08858267716535432601, 0.004921259842519684971 ) ) ;
#483 = ORIENTED_EDGE ( 'NONE', *, *, #740, .F. ) ;
#484 = DIRECTION ( 'NONE',  ( 0.000000000000000000, 1.000000000000000000, 0.000000000000000000 ) ) ;
#485 = VERTEX_POINT ( 'NONE', #4869 ) ;
#486 = AXIS2_PLACEMENT_3D ( 'NONE', #3522, #8084, #4155 ) ;
#487 = AXIS2_PLACEMENT_3D ( 'NONE', #8097, #2243, #1039 ) ;
#488 = ORIENTED_EDGE ( 'NONE', *, *, #3891, .F. ) ;
#489 = CARTESIAN_POINT ( 'NONE',  ( -0.5204724409448819866, 0.1574803149606299191, 0.02952755905511811330 ) ) ;
#490 = VECTOR ( 'NONE', #1721, 39.37007874015748143 ) ;
#491 = ORIENTED_EDGE ( 'NONE', *, *, #6348, .T. ) ;
#492 = CARTESIAN_POINT ( 'NONE',  ( -0.2312992125984252023, 0.1574803149606299191, 0.01870078740157480462 ) ) ;
#493 = DIRECTION ( 'NONE',  ( 1.000000000000000000, 0.000000000000000000, 0.000000000000000000 ) ) ;
#494 = ORIENTED_EDGE ( 'NONE', *, *, #8147, .F. ) ;
#495 = DIRECTION ( 'NONE',  ( 1.000000000000000000, 0.000000000000000000, 0.000000000000000000 ) ) ;
#496 = ORIENTED_EDGE ( 'NONE', *, *, #1727, .T. ) ;
#497 = AXIS2_PLACEMENT_3D ( 'NONE', #6292, #4169, #1796 ) ;
#498 = AXIS2_PLACEMENT_3D ( 'NONE', #6645, #793, #1936 ) ;
#499 = ADVANCED_FACE ( 'NONE', ( #6616 ), #7298, .F. ) ;
#500 = CARTESIAN_POINT ( 'NONE',  ( -0.8696850393700786830, 0.1968503937007874127, 0.01968503937007873988 ) ) ;
#501 = LINE ( 'NONE', #5115, #1749 ) ;
#502 = EDGE_LOOP ( 'NONE', ( #5499, #1007, #7444, #6487 ) ) ;
#503 = DIRECTION ( 'NONE',  ( 0.000000000000000000, 0.000000000000000000, -1.000000000000000000 ) ) ;
#504 = EDGE_CURVE ( 'NONE', #3732, #5928, #1501, .T. ) ;
#505 = PRODUCT_DEFINITION_SHAPE ( 'NONE', 'NONE',  #6387 ) ;
#506 = VECTOR ( 'NONE', #8243, 39.37007874015748143 ) ;
#507 = AXIS2_PLACEMENT_3D ( 'NONE', #6588, #6548, #6498 ) ;
#508 = DIRECTION ( 'NONE',  ( -0.2576626505603140105, -0.9662349396012511749, 0.000000000000000000 ) ) ;
#509 = ORIENTED_EDGE ( 'NONE', *, *, #6070, .F. ) ;
#510 = ORIENTED_EDGE ( 'NONE', *, *, #6475, .T. ) ;
#511 = VECTOR ( 'NONE', #2093, 39.37007874015748143 ) ;
#512 = AXIS2_PLACEMENT_3D ( 'NONE', #5671, #4389, #1139 ) ;
#513 = DIRECTION ( 'NONE',  ( 1.000000000000000000, 0.000000000000000000, 0.000000000000000000 ) ) ;
#514 = EDGE_CURVE ( 'NONE', #7574, #7383, #6756, .T. ) ;
#515 = CARTESIAN_POINT ( 'NONE',  ( -0.9312992125984251857, 0.02165354330708661734, 0.01870078740157480462 ) ) ;
#516 = CARTESIAN_POINT ( 'NONE',  ( -0.3795275590551180911, 0.01181102362204724393, 0.02952755905511811330 ) ) ;
#517 = FACE_OUTER_BOUND ( 'NONE', #4943, .T. ) ;
#518 = CARTESIAN_POINT ( 'NONE',  ( -0.8312992125984252079, 0.1574803149606299191, 0.01870078740157480462 ) ) ;
#519 = AXIS2_PLACEMENT_3D ( 'NONE', #1335, #41, #4024 ) ;
#520 = VECTOR ( 'NONE', #6207, 39.37007874015748143 ) ;
#521 = ORIENTED_EDGE ( 'NONE', *, *, #8068, .F. ) ;
#522 = ADVANCED_FACE ( 'NONE', ( #2872 ), #2785, .F. ) ;
#523 = CARTESIAN_POINT ( 'NONE',  ( -0.6696850393700788384, 0.1574803149606299191, -0.01968503937007873988 ) ) ;
#524 = DIRECTION ( 'NONE',  ( 0.000000000000000000, 0.000000000000000000, -1.000000000000000000 ) ) ;
#525 = AXIS2_PLACEMENT_3D ( 'NONE', #4960, #3910, #6564 ) ;
#526 = EDGE_CURVE ( 'NONE', #2390, #3833, #4055, .T. ) ;
#527 = CARTESIAN_POINT ( 'NONE',  ( -0.2204724409448818867, 0.01181102362204724393, -0.02952755905511811330 ) ) ;
#528 = DIRECTION ( 'NONE',  ( 1.000000000000000000, 0.000000000000000000, 0.000000000000000000 ) ) ;
#529 = EDGE_CURVE ( 'NONE', #3826, #1107, #5391, .T. ) ;
#530 = DIRECTION ( 'NONE',  ( 1.000000000000000000, 0.000000000000000000, 0.000000000000000000 ) ) ;
#531 = CARTESIAN_POINT ( 'NONE',  ( -0.2303149606299212671, 0.000000000000000000, 0.000000000000000000 ) ) ;
#532 = ORIENTED_EDGE ( 'NONE', *, *, #1250, .T. ) ;
#533 = CARTESIAN_POINT ( 'NONE',  ( -0.5618110236220472675, -0.1033464566929133965, 0.000000000000000000 ) ) ;
#534 = ORIENTED_EDGE ( 'NONE', *, *, #2349, .F. ) ;
#535 = VECTOR ( 'NONE', #2332, 39.37007874015748854 ) ;
#536 = ORIENTED_EDGE ( 'NONE', *, *, #306, .F. ) ;
#537 = CARTESIAN_POINT ( 'NONE',  ( -0.8312992125984252079, 0.1574803149606299191, -0.01870078740157480462 ) ) ;
#538 = ADVANCED_FACE ( 'NONE', ( #897 ), #167, .F. ) ;
#539 = EDGE_LOOP ( 'NONE', ( #4380, #7982, #3924, #6968 ) ) ;
#540 = FACE_BOUND ( 'NONE', #3146, .T. ) ;
#541 = VERTEX_POINT ( 'NONE', #6117 ) ;
#542 = PLANE ( 'NONE',  #8164 ) ;
#543 = ORIENTED_EDGE ( 'NONE', *, *, #2211, .T. ) ;
#544 = CARTESIAN_POINT ( 'NONE',  ( -0.8214566929133859663, 0.01181102362204724393, 0.02854330708661417110 ) ) ;
#545 = CARTESIAN_POINT ( 'NONE',  ( -0.5785433070866141669, 0.1574803149606299191, -0.02854330708661417110 ) ) ;
#546 = VERTEX_POINT ( 'NONE', #5474 ) ;
#547 = DIRECTION ( 'NONE',  ( 0.000000000000000000, 0.000000000000000000, -1.000000000000000000 ) ) ;
#548 = DIRECTION ( 'NONE',  ( 1.000000000000000000, 0.000000000000000000, 0.000000000000000000 ) ) ;
#549 = ORIENTED_EDGE ( 'NONE', *, *, #4916, .F. ) ;
#550 = ORIENTED_EDGE ( 'NONE', *, *, #7952, .T. ) ;
#551 = EDGE_CURVE ( 'NONE', #4105, #1390, #1578, .T. ) ;
#552 = CARTESIAN_POINT ( 'NONE',  ( -0.5687007874015748143, 0.02165354330708661734, 0.01870078740157480462 ) ) ;
#553 = DIRECTION ( 'NONE',  ( 0.000000000000000000, -1.000000000000000000, 0.000000000000000000 ) ) ;
#554 = LINE ( 'NONE', #7607, #7352 ) ;
#555 = DIRECTION ( 'NONE',  ( 0.000000000000000000, 1.000000000000000000, 0.000000000000000000 ) ) ;
#556 = DIRECTION ( 'NONE',  ( 1.000000000000000000, 0.000000000000000000, 0.000000000000000000 ) ) ;
#557 = ORIENTED_EDGE ( 'NONE', *, *, #8310, .T. ) ;
#558 = ADVANCED_FACE ( 'NONE', ( #7109 ), #1742, .F. ) ;
#559 = ADVANCED_FACE ( 'NONE', ( #6431 ), #8197, .T. ) ;
#560 = CARTESIAN_POINT ( 'NONE',  ( -0.3578740157480315154, -0.1181102362204724532, -0.01279527559055118092 ) ) ;
#561 = DIRECTION ( 'NONE',  ( -1.000000000000000000, 0.000000000000000000, 0.000000000000000000 ) ) ;
#562 = APPLICATION_CONTEXT ( 'automotive_design' ) ;
#563 = DIRECTION ( 'NONE',  ( 0.000000000000000000, 1.000000000000000000, 0.000000000000000000 ) ) ;
#564 = EDGE_CURVE ( 'NONE', #606, #7301, #4263, .T. ) ;
#565 = CARTESIAN_POINT ( 'NONE',  ( -0.3303149606299212726, 0.1850393700787401619, -0.01968503937007873988 ) ) ;
#566 = DIRECTION ( 'NONE',  ( 0.000000000000000000, 0.000000000000000000, -1.000000000000000000 ) ) ;
#567 = CARTESIAN_POINT ( 'NONE',  ( -0.3795275590551180911, 0.01181102362204724393, 0.02952755905511811330 ) ) ;
#568 = ORIENTED_EDGE ( 'NONE', *, *, #3147, .T. ) ;
#569 = CARTESIAN_POINT ( 'NONE',  ( -0.5303149606299212282, 0.1850393700787401619, 0.01968503937007873988 ) ) ;
#570 = ORIENTED_EDGE ( 'NONE', *, *, #2925, .T. ) ;
#571 = LINE ( 'NONE', #2303, #3507 ) ;
#572 = VERTEX_POINT ( 'NONE', #4913 ) ;
#573 = PRODUCT_DEFINITION_SHAPE ( 'NONE', 'NONE',  #967 ) ;
#574 = CARTESIAN_POINT ( 'NONE',  ( -0.2687007874015748254, 0.1574803149606299191, 0.01870078740157480462 ) ) ;
#575 = EDGE_CURVE ( 'NONE', #6446, #1218, #6870, .T. ) ;
#576 = ORIENTED_EDGE ( 'NONE', *, *, #2239, .F. ) ;
#577 = CARTESIAN_POINT ( 'NONE',  ( -0.8303149606299212726, 0.1850393700787401619, -0.01968503937007873988 ) ) ;
#578 = DIRECTION ( 'NONE',  ( 0.000000000000000000, 0.000000000000000000, 1.000000000000000000 ) ) ;
#579 = ORIENTED_EDGE ( 'NONE', *, *, #6650, .F. ) ;
#580 = LINE ( 'NONE', #619, #7061 ) ;
#581 = ORIENTED_EDGE ( 'NONE', *, *, #7239, .T. ) ;
#582 = CARTESIAN_POINT ( 'NONE',  ( -0.4785433070866141336, 0.1574803149606299191, 0.02854330708661417110 ) ) ;
#583 = LINE ( 'NONE', #1266, #8042 ) ;
#584 = ORIENTED_EDGE ( 'NONE', *, *, #5073, .F. ) ;
#585 = FACE_OUTER_BOUND ( 'NONE', #3926, .T. ) ;
#586 = CARTESIAN_POINT ( 'NONE',  ( -0.7657480314960629642, -0.08858267716535432601, -0.01279527559055118092 ) ) ;
#587 = VERTEX_POINT ( 'NONE', #1014 ) ;
#588 = ORIENTED_EDGE ( 'NONE', *, *, #1112, .T. ) ;
#589 = FACE_OUTER_BOUND ( 'NONE', #539, .T. ) ;
#590 = DIRECTION ( 'NONE',  ( 0.000000000000000000, 0.000000000000000000, -1.000000000000000000 ) ) ;
#591 = DIRECTION ( 'NONE',  ( 0.000000000000000000, 0.000000000000000000, -1.000000000000000000 ) ) ;
#592 = CARTESIAN_POINT ( 'NONE',  ( -0.8342519685039370136, 0.000000000000000000, 0.000000000000000000 ) ) ;
#593 = CARTESIAN_POINT ( 'NONE',  ( -0.2785433070866141780, 0.01181102362204724393, 0.02854330708661417110 ) ) ;
#594 = LINE ( 'NONE', #3209, #2120 ) ;
#595 = LINE ( 'NONE', #3850, #6925 ) ;
#596 = CARTESIAN_POINT ( 'NONE',  ( -0.7785433070866142335, 0.1574803149606299191, 0.02854330708661417110 ) ) ;
#597 = VECTOR ( 'NONE', #2729, 39.37007874015748143 ) ;
#598 = LINE ( 'NONE', #6502, #1195 ) ;
#599 = EDGE_CURVE ( 'NONE', #1949, #6107, #6228, .T. ) ;
#600 = ADVANCED_FACE ( 'NONE', ( #5785 ), #5192, .T. ) ;
#601 = AXIS2_PLACEMENT_3D ( 'NONE', #2232, #2200, #6168 ) ;
#602 = CARTESIAN_POINT ( 'NONE',  ( -0.8578740157480315709, -0.1181102362204724532, -0.01279527559055118092 ) ) ;
#603 = CARTESIAN_POINT ( 'NONE',  ( -0.7696850393700788162, 0.1850393700787401619, -0.01968503937007873988 ) ) ;
#604 = EDGE_CURVE ( 'NONE', #4220, #6893, #2585, .T. ) ;
#605 = DIRECTION ( 'NONE',  ( 0.000000000000000000, -1.000000000000000000, 0.000000000000000000 ) ) ;
#606 = VERTEX_POINT ( 'NONE', #6467 ) ;
#607 = ORIENTED_EDGE ( 'NONE', *, *, #1086, .T. ) ;
#608 = ORIENTED_EDGE ( 'NONE', *, *, #3761, .T. ) ;
#609 = CARTESIAN_POINT ( 'NONE',  ( -0.8687007874015748587, 0.000000000000000000, 0.000000000000000000 ) ) ;
#610 = FACE_BOUND ( 'NONE', #95, .T. ) ;
#611 = ORIENTED_EDGE ( 'NONE', *, *, #4812, .F. ) ;
#612 = ADVANCED_FACE ( 'NONE', ( #6961, #8434, #610, #3224, #8386, #5632, #3672, #5828, #7508 ), #4988, .T. ) ;
#613 = ORIENTED_EDGE ( 'NONE', *, *, #7929, .F. ) ;
#614 = DIRECTION ( 'NONE',  ( 0.000000000000000000, 0.000000000000000000, -1.000000000000000000 ) ) ;
#615 = CARTESIAN_POINT ( 'NONE',  ( -0.9814960629921259949, 0.1968503937007874127, 0.03149606299212598381 ) ) ;
#616 = VECTOR ( 'NONE', #6189, 39.37007874015748143 ) ;
#617 = CARTESIAN_POINT ( 'NONE',  ( -0.4342519685039369914, 0.01181102362204724393, -0.01279527559055118092 ) ) ;
#618 = ORIENTED_EDGE ( 'NONE', *, *, #6621, .T. ) ;
#619 = CARTESIAN_POINT ( 'NONE',  ( -0.6303149606299213170, 0.1850393700787401619, -0.01968503937007873988 ) ) ;
#620 = EDGE_CURVE ( 'NONE', #2201, #4995, #571, .T. ) ;
#621 = VERTEX_POINT ( 'NONE', #416 ) ;
#622 = VECTOR ( 'NONE', #8240, 39.37007874015748143 ) ;
#623 = VECTOR ( 'NONE', #5904, 39.37007874015748143 ) ;
#624 = CARTESIAN_POINT ( 'NONE',  ( -0.5657480314960630086, -0.08858267716535432601, -0.01279527559055118092 ) ) ;
#625 = CARTESIAN_POINT ( 'NONE',  ( -0.9578740157480315487, -0.1181102362204724532, 0.01279527559055118092 ) ) ;
#626 = VERTEX_POINT ( 'NONE', #4230 ) ;
#627 = CARTESIAN_POINT ( 'NONE',  ( -0.6578740157480315043, -0.1181102362204724532, 0.01279527559055118092 ) ) ;
#628 = EDGE_CURVE ( 'NONE', #231, #6446, #4301, .T. ) ;
#629 = VECTOR ( 'NONE', #7749, 39.37007874015748143 ) ;
#630 = VECTOR ( 'NONE', #7493, 39.37007874015748143 ) ;
#631 = PLANE ( 'NONE',  #1028 ) ;
#632 = ORIENTED_EDGE ( 'NONE', *, *, #1982, .F. ) ;
#633 = ORIENTED_EDGE ( 'NONE', *, *, #4118, .F. ) ;
#634 = EDGE_LOOP ( 'NONE', ( #5884, #7025, #4257, #1914 ) ) ;
#635 = CARTESIAN_POINT ( 'NONE',  ( -0.8421259842519684957, -0.1181102362204724532, -0.004921259842519684971 ) ) ;
#636 = VECTOR ( 'NONE', #1239, 39.37007874015748143 ) ;
#637 = VECTOR ( 'NONE', #1744, 39.37007874015748143 ) ;
#638 = CARTESIAN_POINT ( 'NONE',  ( -0.3303149606299212726, 0.1850393700787401619, 0.01968503937007873988 ) ) ;
#639 = CARTESIAN_POINT ( 'NONE',  ( -0.4303149606299213059, 0.1850393700787401619, -0.01968503937007873988 ) ) ;
#640 = FACE_OUTER_BOUND ( 'NONE', #5190, .T. ) ;
#641 = LINE ( 'NONE', #5260, #4349 ) ;
#642 = VERTEX_POINT ( 'NONE', #6913 ) ;
#643 = LINE ( 'NONE', #4577, #3652 ) ;
#645 = DIRECTION ( 'NONE',  ( 0.000000000000000000, 0.000000000000000000, -1.000000000000000000 ) ) ;
#644 = AXIS2_PLACEMENT_3D ( 'NONE', #8046, #262, #171 ) ;
#646 = VECTOR ( 'NONE', #2423, 39.37007874015748143 ) ;
#647 = FACE_OUTER_BOUND ( 'NONE', #7777, .T. ) ;
#648 = VECTOR ( 'NONE', #2657, 39.37007874015748143 ) ;
#649 = AXIS2_PLACEMENT_3D ( 'NONE', #3560, #4994, #4955 ) ;
#650 = AXIS2_PLACEMENT_3D ( 'NONE', #3097, #5779, #7690 ) ;
#651 = CARTESIAN_POINT ( 'NONE',  ( -0.6696850393700788384, 0.1850393700787401619, -0.01968503937007873988 ) ) ;
#652 = CARTESIAN_POINT ( 'NONE',  ( -0.7312992125984252301, 0.02165354330708661734, 0.01870078740157480462 ) ) ;
#653 = DIRECTION ( 'NONE',  ( 0.000000000000000000, -1.000000000000000000, 0.000000000000000000 ) ) ;
#654 = EDGE_CURVE ( 'NONE', #3463, #211, #1061, .T. ) ;
#655 = ORIENTED_EDGE ( 'NONE', *, *, #1993, .F. ) ;
#656 = ORIENTED_EDGE ( 'NONE', *, *, #3198, .F. ) ;
#657 = EDGE_LOOP ( 'NONE', ( #8145, #6410, #7900, #811 ) ) ;
#658 = CARTESIAN_POINT ( 'NONE',  ( -0.5687007874015748143, 0.1574803149606299191, 0.01870078740157480462 ) ) ;
#659 = CARTESIAN_POINT ( 'NONE',  ( -0.4578740157480314932, -0.1181102362204724532, 0.004921259842519684971 ) ) ;
#660 = EDGE_CURVE ( 'NONE', #8312, #6430, #1219, .T. ) ;
#661 = AXIS2_PLACEMENT_3D ( 'NONE', #6842, #6196, #6165 ) ;
#662 = ORIENTED_EDGE ( 'NONE', *, *, #8391, .F. ) ;
#663 = VECTOR ( 'NONE', #57, 39.37007874015748143 ) ;
#664 = ADVANCED_FACE ( 'NONE', ( #2530, #327 ), #2944, .T. ) ;
#665 = DIRECTION ( 'NONE',  ( 0.000000000000000000, 1.000000000000000000, 0.000000000000000000 ) ) ;
#666 = ORIENTED_EDGE ( 'NONE', *, *, #5073, .T. ) ;
#667 = DIRECTION ( 'NONE',  ( -0.000000000000000000, 1.000000000000000000, 0.000000000000000000 ) ) ;
#668 = LINE ( 'NONE', #2498, #3927 ) ;
#669 = VECTOR ( 'NONE', #7973, 39.37007874015748143 ) ;
#670 = CARTESIAN_POINT ( 'NONE',  ( -0.5893700787401575658, 0.000000000000000000, -0.03937007874015747977 ) ) ;
#671 = ORIENTED_EDGE ( 'NONE', *, *, #7720, .T. ) ;
#672 = ORIENTED_EDGE ( 'NONE', *, *, #5067, .T. ) ;
#673 = CARTESIAN_POINT ( 'NONE',  ( -0.4795275590551181244, 0.1574803149606299191, 0.02952755905511811330 ) ) ;
#674 = ADVANCED_FACE ( 'NONE', ( #6053, #7968 ), #7148, .T. ) ;
#675 = ORIENTED_EDGE ( 'NONE', *, *, #5224, .T. ) ;
#676 = LINE ( 'NONE', #1908, #1454 ) ;
#677 = PLANE ( 'NONE',  #261 ) ;
#678 = ORIENTED_EDGE ( 'NONE', *, *, #4500, .T. ) ;
#679 = DIRECTION ( 'NONE',  ( 1.000000000000000000, 0.000000000000000000, 0.000000000000000000 ) ) ;
#680 = EDGE_CURVE ( 'NONE', #2502, #2058, #6699, .T. ) ;
#681 = DIRECTION ( 'NONE',  ( 0.7071067811865475727, 0.7071067811865475727, 0.000000000000000000 ) ) ;
#682 = ORIENTED_EDGE ( 'NONE', *, *, #2448, .T. ) ;
#683 = ORIENTED_EDGE ( 'NONE', *, *, #4526, .T. ) ;
#684 = ORIENTED_EDGE ( 'NONE', *, *, #1188, .T. ) ;
#685 = EDGE_CURVE ( 'NONE', #3463, #4148, #4641, .T. ) ;
#686 = LINE ( 'NONE', #2564, #5712 ) ;
#687 = CARTESIAN_POINT ( 'NONE',  ( -0.5687007874015748143, 0.02165354330708661734, 0.01870078740157480462 ) ) ;
#688 = CARTESIAN_POINT ( 'NONE',  ( -0.3657480314960629975, 0.000000000000000000, 0.000000000000000000 ) ) ;
#689 = CARTESIAN_POINT ( 'NONE',  ( -0.9687007874015747255, 0.02165354330708661734, -0.01870078740157480462 ) ) ;
#690 = CARTESIAN_POINT ( 'NONE',  ( -0.8795275590551180356, 0.1574803149606299191, -0.02952755905511811330 ) ) ;
#691 = ORIENTED_EDGE ( 'NONE', *, *, #3403, .F. ) ;
#692 = DIRECTION ( 'NONE',  ( 0.000000000000000000, -1.000000000000000000, 0.000000000000000000 ) ) ;
#693 = DIRECTION ( 'NONE',  ( 0.000000000000000000, -1.000000000000000000, 0.000000000000000000 ) ) ;
#694 = DIRECTION ( 'NONE',  ( 0.000000000000000000, 1.000000000000000000, 0.000000000000000000 ) ) ;
#695 = CARTESIAN_POINT ( 'NONE',  ( -0.7696850393700788162, 0.1574803149606299191, -0.01968503937007873988 ) ) ;
#696 = LINE ( 'NONE', #6692, #1338 ) ;
#697 = DIRECTION ( 'NONE',  ( 0.000000000000000000, -1.000000000000000000, 0.000000000000000000 ) ) ;
#698 = ORIENTED_EDGE ( 'NONE', *, *, #2876, .T. ) ;
#699 = EDGE_LOOP ( 'NONE', ( #455, #3513, #742, #4467 ) ) ;
#700 = ORIENTED_EDGE ( 'NONE', *, *, #6962, .F. ) ;
#701 = PLANE ( 'NONE',  #359 ) ;
#702 = DIRECTION ( 'NONE',  ( 0.000000000000000000, 0.000000000000000000, -1.000000000000000000 ) ) ;
#703 = ORIENTED_EDGE ( 'NONE', *, *, #1095, .F. ) ;
#704 = CARTESIAN_POINT ( 'NONE',  ( -0.2721456692913385988, 0.01181102362204724393, -0.01279527559055118092 ) ) ;
#705 = ORIENTED_EDGE ( 'NONE', *, *, #7602, .T. ) ;
#706 = DIRECTION ( 'NONE',  ( -1.000000000000000000, 0.000000000000000000, 0.000000000000000000 ) ) ;
#707 = CARTESIAN_POINT ( 'NONE',  ( -0.7687007874015748810, 0.1574803149606299191, -0.01870078740157480462 ) ) ;
#708 = DIRECTION ( 'NONE',  ( 0.000000000000000000, 0.000000000000000000, -1.000000000000000000 ) ) ;
#709 = VERTEX_POINT ( 'NONE', #3360 ) ;
#710 = ORIENTED_EDGE ( 'NONE', *, *, #5021, .F. ) ;
#711 = DIRECTION ( 'NONE',  ( 0.000000000000000000, -1.000000000000000000, 0.000000000000000000 ) ) ;
#712 = ORIENTED_EDGE ( 'NONE', *, *, #6884, .T. ) ;
#713 = DIRECTION ( 'NONE',  ( 0.000000000000000000, 1.000000000000000000, 0.000000000000000000 ) ) ;
#714 = CONTEXT_DEPENDENT_SHAPE_REPRESENTATION ( #133, #796 ) ;
#715 = VERTEX_POINT ( 'NONE', #9 ) ;
#716 = CARTESIAN_POINT ( 'NONE',  ( -0.5785433070866141669, 0.01181102362204724393, -0.02854330708661417110 ) ) ;
#717 = EDGE_CURVE ( 'NONE', #3534, #6898, #4546, .T. ) ;
#718 = EDGE_CURVE ( 'NONE', #5684, #841, #3901, .T. ) ;
#719 = EDGE_CURVE ( 'NONE', #5856, #3125, #5915, .T. ) ;
#720 = FACE_OUTER_BOUND ( 'NONE', #4702, .T. ) ;
#721 = ORIENTED_EDGE ( 'NONE', *, *, #4490, .T. ) ;
#722 = ORIENTED_EDGE ( 'NONE', *, *, #2815, .F. ) ;
#723 = ORIENTED_EDGE ( 'NONE', *, *, #896, .F. ) ;
#724 = CARTESIAN_POINT ( 'NONE',  ( -0.4578740157480314932, -0.1181102362204724532, 0.01279527559055118092 ) ) ;
#725 = LINE ( 'NONE', #1878, #5969 ) ;
#726 = DIRECTION ( 'NONE',  ( -1.000000000000000000, 0.000000000000000000, 0.000000000000000000 ) ) ;
#727 = LINE ( 'NONE', #6724, #4182 ) ;
#728 = DIRECTION ( 'NONE',  ( 1.000000000000000000, 0.000000000000000000, 0.000000000000000000 ) ) ;
#729 = ORIENTED_EDGE ( 'NONE', *, *, #767, .F. ) ;
#730 = ORIENTED_EDGE ( 'NONE', *, *, #3710, .T. ) ;
#731 = CARTESIAN_POINT ( 'NONE',  ( -0.6795275590551181910, 0.1574803149606299191, -0.02952755905511811330 ) ) ;
#732 = CARTESIAN_POINT ( 'NONE',  ( -0.4214566929133858331, 0.01181102362204724393, 0.02854330708661417110 ) ) ;
#733 = ADVANCED_FACE ( 'NONE', ( #7927 ), #3990, .T. ) ;
#734 = DIRECTION ( 'NONE',  ( 1.000000000000000000, 0.000000000000000000, 0.000000000000000000 ) ) ;
#735 = CARTESIAN_POINT ( 'NONE',  ( -0.4303149606299213059, 0.1850393700787401619, 0.01968503937007873988 ) ) ;
#736 = PLANE ( 'NONE',  #2429 ) ;
#737 = AXIS2_PLACEMENT_3D ( 'NONE', #2538, #7751, #1901 ) ;
#738 = LINE ( 'NONE', #4586, #1609 ) ;
#739 = ORIENTED_EDGE ( 'NONE', *, *, #2381, .T. ) ;
#740 = EDGE_CURVE ( 'NONE', #3986, #5065, #49, .T. ) ;
#741 = ORIENTED_EDGE ( 'NONE', *, *, #856, .F. ) ;
#742 = ORIENTED_EDGE ( 'NONE', *, *, #5631, .T. ) ;
#743 = DIRECTION ( 'NONE',  ( 0.000000000000000000, 0.000000000000000000, 1.000000000000000000 ) ) ;
#744 = DIRECTION ( 'NONE',  ( 1.000000000000000000, 0.000000000000000000, 0.000000000000000000 ) ) ;
#745 = VERTEX_POINT ( 'NONE', #5373 ) ;
#746 = AXIS2_PLACEMENT_3D ( 'NONE', #4711, #6083, #7480 ) ;
#747 = DIRECTION ( 'NONE',  ( 0.000000000000000000, 1.000000000000000000, 0.000000000000000000 ) ) ;
#748 = ORIENTED_EDGE ( 'NONE', *, *, #7096, .T. ) ;
#749 = LINE ( 'NONE', #5336, #1426 ) ;
#750 = DIRECTION ( 'NONE',  ( 0.000000000000000000, 0.000000000000000000, -1.000000000000000000 ) ) ;
#751 = DIRECTION ( 'NONE',  ( 0.000000000000000000, 0.000000000000000000, -1.000000000000000000 ) ) ;
#752 = ORIENTED_EDGE ( 'NONE', *, *, #8212, .T. ) ;
#753 = VECTOR ( 'NONE', #1269, 39.37007874015748143 ) ;
#754 = ORIENTED_EDGE ( 'NONE', *, *, #4280, .T. ) ;
#755 = CARTESIAN_POINT ( 'NONE',  ( -0.9303149606299213614, 0.1850393700787401619, -0.01968503937007873988 ) ) ;
#756 = ORIENTED_EDGE ( 'NONE', *, *, #8233, .T. ) ;
#757 = DIRECTION ( 'NONE',  ( 0.000000000000000000, 0.000000000000000000, 1.000000000000000000 ) ) ;
#758 = SHAPE_DEFINITION_REPRESENTATION ( #505, #2933 ) ;
#759 = VECTOR ( 'NONE', #6583, 39.37007874015748143 ) ;
#760 = EDGE_LOOP ( 'NONE', ( #6428, #1992, #8217, #1502 ) ) ;
#761 = CARTESIAN_POINT ( 'NONE',  ( -0.8106299212598425674, 0.000000000000000000, -0.03937007874015747977 ) ) ;
#762 = DIRECTION ( 'NONE',  ( 1.000000000000000000, 0.000000000000000000, 0.000000000000000000 ) ) ;
#763 = ORIENTED_EDGE ( 'NONE', *, *, #2919, .T. ) ;
#764 = ORIENTED_EDGE ( 'NONE', *, *, #4178, .T. ) ;
#765 = EDGE_LOOP ( 'NONE', ( #5038, #7770, #5805, #5460 ) ) ;
#766 = AXIS2_PLACEMENT_3D ( 'NONE', #2091, #1496, #1445 ) ;
#767 = EDGE_CURVE ( 'NONE', #5488, #4984, #2119, .T. ) ;
#768 = EDGE_CURVE ( 'NONE', #3374, #7582, #4723, .T. ) ;
#769 = PLANE ( 'NONE',  #644 ) ;
#770 = DIRECTION ( 'NONE',  ( 0.000000000000000000, -1.000000000000000000, 0.000000000000000000 ) ) ;
#771 = CARTESIAN_POINT ( 'NONE',  ( -0.8687007874015748587, 0.1574803149606299191, 0.01870078740157480462 ) ) ;
#772 = DIRECTION ( 'NONE',  ( 0.000000000000000000, -1.000000000000000000, 0.000000000000000000 ) ) ;
#773 = VECTOR ( 'NONE', #4120, 39.37007874015748143 ) ;
#774 = PLANE ( 'NONE',  #8144 ) ;
#775 = FACE_OUTER_BOUND ( 'NONE', #5585, .T. ) ;
#776 = EDGE_CURVE ( 'NONE', #715, #4984, #7327, .T. ) ;
#777 = ORIENTED_EDGE ( 'NONE', *, *, #831, .T. ) ;
#778 = ORIENTED_EDGE ( 'NONE', *, *, #3031, .F. ) ;
#779 = LINE ( 'NONE', #7313, #2546 ) ;
#780 = DIRECTION ( 'NONE',  ( 1.000000000000000000, 0.000000000000000000, 0.000000000000000000 ) ) ;
#781 = EDGE_CURVE ( 'NONE', #2870, #5886, #6599, .T. ) ;
#782 = VECTOR ( 'NONE', #5851, 39.37007874015748854 ) ;
#783 = VECTOR ( 'NONE', #2363, 39.37007874015748143 ) ;
#784 = DIRECTION ( 'NONE',  ( 0.2576626505603140105, -0.9662349396012511749, 0.000000000000000000 ) ) ;
#785 = DIRECTION ( 'NONE',  ( 0.000000000000000000, -1.000000000000000000, 0.000000000000000000 ) ) ;
#786 = LINE ( 'NONE', #917, #2023 ) ;
#787 = EDGE_CURVE ( 'NONE', #7383, #2165, #3414, .T. ) ;
#788 = VECTOR ( 'NONE', #3888, 39.37007874015748854 ) ;
#789 = DIRECTION ( 'NONE',  ( 1.000000000000000000, 0.000000000000000000, 0.000000000000000000 ) ) ;
#790 = EDGE_LOOP ( 'NONE', ( #428, #6996, #8210, #7536 ) ) ;
#791 = VERTEX_POINT ( 'NONE', #5962 ) ;
#792 = ORIENTED_EDGE ( 'NONE', *, *, #8147, .T. ) ;
#793 = DIRECTION ( 'NONE',  ( 0.000000000000000000, 0.000000000000000000, -1.000000000000000000 ) ) ;
#794 = DIRECTION ( 'NONE',  ( 0.000000000000000000, 1.000000000000000000, 0.000000000000000000 ) ) ;
#795 = EDGE_CURVE ( 'NONE', #8393, #2596, #7192, .T. ) ;
#796 = PRODUCT_DEFINITION_SHAPE ( 'NONE', 'NONE',  #8467 ) ;
#797 = VECTOR ( 'NONE', #2566, 39.37007874015748143 ) ;
#798 = VECTOR ( 'NONE', #5600, 39.37007874015748143 ) ;
#799 = VECTOR ( 'NONE', #5885, 39.37007874015748143 ) ;
#800 = EDGE_CURVE ( 'NONE', #3986, #4436, #5233, .T. ) ;
#801 = CARTESIAN_POINT ( 'NONE',  ( -0.4687007874015748365, 0.02165354330708661734, -0.01870078740157480462 ) ) ;
#802 = EDGE_CURVE ( 'NONE', #231, #3768, #2078, .T. ) ;
#803 = ORIENTED_EDGE ( 'NONE', *, *, #6711, .T. ) ;
#804 = DIRECTION ( 'NONE',  ( 1.000000000000000000, 0.000000000000000000, 0.000000000000000000 ) ) ;
#805 = CARTESIAN_POINT ( 'NONE',  ( -0.5893700787401575658, 0.01181102362204724393, 0.03937007874015747977 ) ) ;
#806 = CARTESIAN_POINT ( 'NONE',  ( -0.6795275590551181910, 0.1574803149606299191, 0.02952755905511811330 ) ) ;
#807 = VECTOR ( 'NONE', #706, 39.37007874015748143 ) ;
#808 = ORIENTED_EDGE ( 'NONE', *, *, #8365, .F. ) ;
#809 = DIRECTION ( 'NONE',  ( 0.000000000000000000, 0.000000000000000000, -1.000000000000000000 ) ) ;
#810 = VECTOR ( 'NONE', #1556, 39.37007874015748143 ) ;
#811 = ORIENTED_EDGE ( 'NONE', *, *, #5789, .T. ) ;
#812 = DIRECTION ( 'NONE',  ( 0.000000000000000000, 0.000000000000000000, -1.000000000000000000 ) ) ;
#813 = ORIENTED_EDGE ( 'NONE', *, *, #3492, .T. ) ;
#814 = ADVANCED_FACE ( 'NONE', ( #5331, #7280 ), #1432, .F. ) ;
#815 = CARTESIAN_POINT ( 'NONE',  ( -0.4687007874015748365, 0.1574803149606299191, 0.01870078740157480462 ) ) ;
#816 = VECTOR ( 'NONE', #5901, 39.37007874015748854 ) ;
#817 = VERTEX_POINT ( 'NONE', #2167 ) ;
#818 = DIRECTION ( 'NONE',  ( 1.000000000000000000, 0.000000000000000000, 0.000000000000000000 ) ) ;
#819 = CARTESIAN_POINT ( 'NONE',  ( -0.7696850393700788162, 0.1850393700787401619, 0.01968503937007873988 ) ) ;
#820 = ORIENTED_EDGE ( 'NONE', *, *, #5966, .T. ) ;
#821 = VERTEX_POINT ( 'NONE', #5575 ) ;
#822 = ORIENTED_EDGE ( 'NONE', *, *, #5777, .T. ) ;
#823 = AXIS2_PLACEMENT_3D ( 'NONE', #4412, #5823, #5228 ) ;
#824 = FACE_OUTER_BOUND ( 'NONE', #5722, .T. ) ;
#825 = CARTESIAN_POINT ( 'NONE',  ( -1.009842519685039353, 0.01181102362204724393, -0.03937007874015747977 ) ) ;
#826 = LINE ( 'NONE', #6126, #2969 ) ;
#827 = LINE ( 'NONE', #3439, #1204 ) ;
#828 = DIRECTION ( 'NONE',  ( 0.000000000000000000, -1.000000000000000000, 0.000000000000000000 ) ) ;
#829 = CARTESIAN_POINT ( 'NONE',  ( -0.7500000000000001110, 0.1909448818897638012, -0.02559055118110236185 ) ) ;
#830 = LINE ( 'NONE', #6130, #1287 ) ;
#831 = EDGE_CURVE ( 'NONE', #6642, #5975, #8182, .T. ) ;
#832 = EDGE_LOOP ( 'NONE', ( #1770, #5316, #944, #2947 ) ) ;
#833 = CARTESIAN_POINT ( 'NONE',  ( -0.7214566929133858775, 0.1574803149606299191, 0.02854330708661417110 ) ) ;
#834 = DIRECTION ( 'NONE',  ( -0.000000000000000000, 1.000000000000000000, 0.000000000000000000 ) ) ;
#835 = LINE ( 'NONE', #4633, #7059 ) ;
#836 = LINE ( 'NONE', #4634, #7844 ) ;
#837 = DIRECTION ( 'NONE',  ( 0.000000000000000000, 0.000000000000000000, 1.000000000000000000 ) ) ;
#838 = ADVANCED_FACE ( 'NONE', ( #4166 ), #4936, .T. ) ;
#839 = EDGE_CURVE ( 'NONE', #5633, #2466, #3610, .T. ) ;
#840 = CARTESIAN_POINT ( 'NONE',  ( -0.6657480314960630974, 0.01181102362204724393, 0.01279527559055118092 ) ) ;
#841 = VERTEX_POINT ( 'NONE', #6178 ) ;
#842 = VERTEX_POINT ( 'NONE', #5497 ) ;
#843 = EDGE_CURVE ( 'NONE', #2058, #5842, #4895, .T. ) ;
#844 = DIRECTION ( 'NONE',  ( 0.000000000000000000, 0.000000000000000000, 1.000000000000000000 ) ) ;
#845 = CARTESIAN_POINT ( 'NONE',  ( -0.6342519685039369470, -0.08858267716535432601, -0.01279527559055118092 ) ) ;
#846 = ADVANCED_FACE ( 'NONE', ( #4814 ), #234, .T. ) ;
#847 = PLANE ( 'NONE',  #8015 ) ;
#848 = EDGE_LOOP ( 'NONE', ( #6276, #1348, #1622, #4963 ) ) ;
#849 = DIRECTION ( 'NONE',  ( 1.000000000000000000, 0.000000000000000000, 0.000000000000000000 ) ) ;
#850 = LINE ( 'NONE', #1529, #6668 ) ;
#851 = CARTESIAN_POINT ( 'NONE',  ( -0.8785433070866142113, 0.000000000000000000, 0.000000000000000000 ) ) ;
#852 = ORIENTED_EDGE ( 'NONE', *, *, #2485, .F. ) ;
#853 = VERTEX_POINT ( 'NONE', #6895 ) ;
#854 = CARTESIAN_POINT ( 'NONE',  ( -0.6312992125984252523, 0.1574803149606299191, 0.01870078740157480462 ) ) ;
#855 = VERTEX_POINT ( 'NONE', #2970 ) ;
#856 = EDGE_CURVE ( 'NONE', #6769, #1272, #6258, .T. ) ;
#857 = CARTESIAN_POINT ( 'NONE',  ( -0.7795275590551181688, 0.01181102362204724393, 0.02952755905511811330 ) ) ;
#858 = PRODUCT_CONTEXT ( 'NONE', #2765, 'mechanical' ) ;
#859 = VERTEX_POINT ( 'NONE', #2894 ) ;
#860 = DIRECTION ( 'NONE',  ( 1.000000000000000000, 0.000000000000000000, 0.000000000000000000 ) ) ;
#861 = DIRECTION ( 'NONE',  ( 0.000000000000000000, 1.000000000000000000, 0.000000000000000000 ) ) ;
#862 = ORIENTED_EDGE ( 'NONE', *, *, #7425, .T. ) ;
#863 = ORIENTED_EDGE ( 'NONE', *, *, #2401, .T. ) ;
#864 = ORIENTED_EDGE ( 'NONE', *, *, #6765, .T. ) ;
#865 = DIRECTION ( 'NONE',  ( 0.000000000000000000, -1.000000000000000000, 0.000000000000000000 ) ) ;
#866 = LINE ( 'NONE', #5355, #8426 ) ;
#867 = LINE ( 'NONE', #4014, #237 ) ;
#868 = LINE ( 'NONE', #4015, #6945 ) ;
#869 = DIRECTION ( 'NONE',  ( 1.000000000000000000, 0.000000000000000000, 0.000000000000000000 ) ) ;
#870 = FACE_OUTER_BOUND ( 'NONE', #4398, .T. ) ;
#871 = FACE_OUTER_BOUND ( 'NONE', #7678, .T. ) ;
#872 = ORIENTED_EDGE ( 'NONE', *, *, #8095, .F. ) ;
#873 = PLANE ( 'NONE',  #2559 ) ;
#874 = LINE ( 'NONE', #735, #4027 ) ;
#875 = DIRECTION ( 'NONE',  ( 0.000000000000000000, 0.000000000000000000, -1.000000000000000000 ) ) ;
#876 = CARTESIAN_POINT ( 'NONE',  ( -0.3214566929133858553, 0.01181102362204724393, 0.02854330708661417110 ) ) ;
#877 = ORIENTED_EDGE ( 'NONE', *, *, #3492, .F. ) ;
#878 = LINE ( 'NONE', #4130, #4319 ) ;
#879 = CARTESIAN_POINT ( 'NONE',  ( -0.2342519685039370358, 0.000000000000000000, 0.000000000000000000 ) ) ;
#880 = ADVANCED_FACE ( 'NONE', ( #4851 ), #2282, .T. ) ;
#881 = EDGE_CURVE ( 'NONE', #1644, #1133, #2927, .T. ) ;
#882 = PLANE ( 'NONE',  #2000 ) ;
#883 = ORIENTED_EDGE ( 'NONE', *, *, #6002, .T. ) ;
#884 = LINE ( 'NONE', #2859, #51 ) ;
#885 = FACE_OUTER_BOUND ( 'NONE', #7335, .T. ) ;
#886 = CARTESIAN_POINT ( 'NONE',  ( -0.6687007874015747921, 0.02165354330708661734, 0.01870078740157480462 ) ) ;
#887 = ORIENTED_EDGE ( 'NONE', *, *, #5295, .F. ) ;
#888 = ORIENTED_EDGE ( 'NONE', *, *, #4906, .T. ) ;
#889 = ORIENTED_EDGE ( 'NONE', *, *, #7528, .F. ) ;
#890 = VECTOR ( 'NONE', #5138, 39.37007874015748143 ) ;
#891 = EDGE_CURVE ( 'NONE', #3423, #3768, #5530, .T. ) ;
#892 = DIRECTION ( 'NONE',  ( 0.000000000000000000, 0.000000000000000000, -1.000000000000000000 ) ) ;
#893 = EDGE_LOOP ( 'NONE', ( #4109, #1233, #5720, #6015 ) ) ;
#894 = DIRECTION ( 'NONE',  ( 0.000000000000000000, 0.000000000000000000, -1.000000000000000000 ) ) ;
#895 = VECTOR ( 'NONE', #1706, 39.37007874015748143 ) ;
#896 = EDGE_CURVE ( 'NONE', #2318, #6307, #7446, .T. ) ;
#897 = FACE_OUTER_BOUND ( 'NONE', #5495, .T. ) ;
#898 = ORIENTED_EDGE ( 'NONE', *, *, #1350, .T. ) ;
#899 = ORIENTED_EDGE ( 'NONE', *, *, #1246, .F. ) ;
#900 = EDGE_LOOP ( 'NONE', ( #7124, #1648, #8087, #118 ) ) ;
#901 = VECTOR ( 'NONE', #2377, 39.37007874015748143 ) ;
#902 = FACE_OUTER_BOUND ( 'NONE', #185, .T. ) ;
#903 = CARTESIAN_POINT ( 'NONE',  ( -0.7893700787401574104, 0.01181102362204724393, 0.03937007874015747977 ) ) ;
#904 = UNCERTAINTY_MEASURE_WITH_UNIT (LENGTH_MEASURE( 1.000000000000000082E-05 ), #2535, 'distance_accuracy_value', 'NONE');
#905 = EDGE_CURVE ( 'NONE', #5234, #7862, #1601, .T. ) ;
#906 = DIRECTION ( 'NONE',  ( 1.000000000000000000, 0.000000000000000000, 0.000000000000000000 ) ) ;
#907 = DIRECTION ( 'NONE',  ( 1.000000000000000000, 0.000000000000000000, 0.000000000000000000 ) ) ;
#908 = FACE_OUTER_BOUND ( 'NONE', #4150, .T. ) ;
#909 = CARTESIAN_POINT ( 'NONE',  ( -0.9185039370078740273, 0.1968503937007874127, 0.03149606299212598381 ) ) ;
#910 = VECTOR ( 'NONE', #744, 39.37007874015748143 ) ;
#911 = DIRECTION ( 'NONE',  ( 0.000000000000000000, -1.000000000000000000, 0.000000000000000000 ) ) ;
#912 = ORIENTED_EDGE ( 'NONE', *, *, #3214, .F. ) ;
#913 = AXIS2_PLACEMENT_3D ( 'NONE', #3780, #6990, #7743 ) ;
#914 = AXIS2_PLACEMENT_3D ( 'NONE', #689, #3302, #5900 ) ;
#915 = DIRECTION ( 'NONE',  ( 0.000000000000000000, 1.000000000000000000, 0.000000000000000000 ) ) ;
#916 = CARTESIAN_POINT ( 'NONE',  ( -1.009842519685039353, 0.000000000000000000, 0.04921259842519685318 ) ) ;
#917 = CARTESIAN_POINT ( 'NONE',  ( -0.4214566929133858331, 0.1574803149606299191, 0.02854330708661417110 ) ) ;
#918 = DIRECTION ( 'NONE',  ( 0.000000000000000000, 0.7071067811865475727, -0.7071067811865475727 ) ) ;
#919 = ORIENTED_EDGE ( 'NONE', *, *, #401, .F. ) ;
#920 = CARTESIAN_POINT ( 'NONE',  ( -0.3244094488188976610, 0.1909448818897638012, 0.000000000000000000 ) ) ;
#922 = DIRECTION ( 'NONE',  ( -1.000000000000000000, 0.000000000000000000, 0.000000000000000000 ) ) ;
#921 = MECHANICAL_DESIGN_GEOMETRIC_PRESENTATION_REPRESENTATION (  '', ( #4597 ), #6917 ) ;
#923 = DIRECTION ( 'NONE',  ( 0.000000000000000000, -1.000000000000000000, 0.000000000000000000 ) ) ;
#924 = VERTEX_POINT ( 'NONE', #4131 ) ;
#925 = EDGE_CURVE ( 'NONE', #3508, #7293, #6821, .T. ) ;
#926 = DIRECTION ( 'NONE',  ( 0.000000000000000000, 0.000000000000000000, 1.000000000000000000 ) ) ;
#927 = CARTESIAN_POINT ( 'NONE',  ( -0.4687007874015748365, 0.1574803149606299191, -0.01870078740157480462 ) ) ;
#928 = LINE ( 'NONE', #3055, #2869 ) ;
#929 = EDGE_CURVE ( 'NONE', #1447, #4721, #3577, .T. ) ;
#930 = ORIENTED_EDGE ( 'NONE', *, *, #985, .F. ) ;
#931 = EDGE_CURVE ( 'NONE', #6169, #1893, #2853, .T. ) ;
#932 = ORIENTED_EDGE ( 'NONE', *, *, #599, .T. ) ;
#933 = VECTOR ( 'NONE', #7303, 39.37007874015748143 ) ;
#934 = AXIS2_PLACEMENT_3D ( 'NONE', #1437, #241, #2124 ) ;
#935 = CARTESIAN_POINT ( 'NONE',  ( -0.8214566929133859663, 0.01181102362204724393, -0.02854330708661417110 ) ) ;
#936 = VERTEX_POINT ( 'NONE', #6211 ) ;
#937 = FACE_OUTER_BOUND ( 'NONE', #3566, .T. ) ;
#938 = VECTOR ( 'NONE', #2235, 39.37007874015748143 ) ;
#939 = AXIS2_PLACEMENT_3D ( 'NONE', #8450, #2548, #7038 ) ;
#940 = AXIS2_PLACEMENT_3D ( 'NONE', #2619, #7963, #1425 ) ;
#941 = EDGE_CURVE ( 'NONE', #5304, #4363, #398, .T. ) ;
#942 = EDGE_CURVE ( 'NONE', #2141, #4547, #8016, .T. ) ;
#943 = DIRECTION ( 'NONE',  ( 0.000000000000000000, 0.000000000000000000, -1.000000000000000000 ) ) ;
#944 = ORIENTED_EDGE ( 'NONE', *, *, #2447, .T. ) ;
#945 = EDGE_LOOP ( 'NONE', ( #6727, #283, #2189, #4952 ) ) ;
#946 = ORIENTED_EDGE ( 'NONE', *, *, #2767, .F. ) ;
#947 = VECTOR ( 'NONE', #4708, 39.37007874015748143 ) ;
#948 = VECTOR ( 'NONE', #1376, 39.37007874015748143 ) ;
#949 = DIRECTION ( 'NONE',  ( 0.000000000000000000, 0.000000000000000000, -1.000000000000000000 ) ) ;
#950 = CARTESIAN_POINT ( 'NONE',  ( -1.009842534703531580, 0.000000000000000000, -0.03937007874015747977 ) ) ;
#951 = ADVANCED_FACE ( 'NONE', ( #2210 ), #4499, .F. ) ;
#952 = FACE_OUTER_BOUND ( 'NONE', #4678, .T. ) ;
#953 = PLANE ( 'NONE',  #661 ) ;
#954 = PLANE ( 'NONE',  #3671 ) ;
#955 = VECTOR ( 'NONE', #3498, 39.37007874015748143 ) ;
#956 = FACE_OUTER_BOUND ( 'NONE', #765, .T. ) ;
#957 = ORIENTED_EDGE ( 'NONE', *, *, #2737, .F. ) ;
#958 = ORIENTED_EDGE ( 'NONE', *, *, #6993, .F. ) ;
#959 = DIRECTION ( 'NONE',  ( 0.000000000000000000, 1.000000000000000000, 0.000000000000000000 ) ) ;
#960 = CARTESIAN_POINT ( 'NONE',  ( -0.2785433070866141780, 0.1574803149606299191, 0.02854330708661417110 ) ) ;
#961 = CARTESIAN_POINT ( 'NONE',  ( -1.009842519685039353, 0.1968503937007874127, 0.04921259842519685318 ) ) ;
#962 = LINE ( 'NONE', #2848, #5841 ) ;
#963 = ORIENTED_EDGE ( 'NONE', *, *, #4178, .F. ) ;
#964 = EDGE_CURVE ( 'NONE', #6830, #7793, #2520, .T. ) ;
#965 = FACE_OUTER_BOUND ( 'NONE', #5506, .T. ) ;
#966 = CARTESIAN_POINT ( 'NONE',  ( -0.7303149606299212948, 0.1574803149606299191, -0.01968503937007873988 ) ) ;
#967 = PRODUCT_DEFINITION ( 'UNKNOWN', '', #7747, #2007 ) ;
#968 = ORIENTED_EDGE ( 'NONE', *, *, #1571, .T. ) ;
#969 = CARTESIAN_POINT ( 'NONE',  ( -0.5696850393700787496, 0.1850393700787401619, -0.01968503937007873988 ) ) ;
#970 = DIRECTION ( 'NONE',  ( 0.000000000000000000, 0.000000000000000000, -1.000000000000000000 ) ) ;
#971 = CARTESIAN_POINT ( 'NONE',  ( -0.5106299212598425230, 0.01181102362204724393, 0.03937007874015747977 ) ) ;
#972 = ORIENTED_EDGE ( 'NONE', *, *, #6260, .T. ) ;
#973 = ORIENTED_EDGE ( 'NONE', *, *, #6621, .F. ) ;
#974 = DIRECTION ( 'NONE',  ( 0.000000000000000000, 1.000000000000000000, 0.000000000000000000 ) ) ;
#975 = EDGE_LOOP ( 'NONE', ( #2678, #328, #972, #93 ) ) ;
#976 = DIRECTION ( 'NONE',  ( 0.000000000000000000, 1.000000000000000000, 0.000000000000000000 ) ) ;
#977 = DIRECTION ( 'NONE',  ( 0.000000000000000000, -1.000000000000000000, 0.000000000000000000 ) ) ;
#978 = ORIENTED_EDGE ( 'NONE', *, *, #925, .F. ) ;
#979 = CARTESIAN_POINT ( 'NONE',  ( -0.2657480314960630197, -0.1181102362204724532, 0.004921259842519684971 ) ) ;
#980 = ORIENTED_EDGE ( 'NONE', *, *, #4756, .F. ) ;
#981 = EDGE_CURVE ( 'NONE', #6911, #3483, #5134, .T. ) ;
#982 = EDGE_CURVE ( 'NONE', #7827, #1954, #7616, .T. ) ;
#983 = DIRECTION ( 'NONE',  ( 1.000000000000000000, 0.000000000000000000, 0.000000000000000000 ) ) ;
#984 = FACE_OUTER_BOUND ( 'NONE', #7849, .T. ) ;
#985 = EDGE_CURVE ( 'NONE', #94, #1181, #6981, .T. ) ;
#986 = CARTESIAN_POINT ( 'NONE',  ( -1.009842519685039353, 0.000000000000000000, -0.03937007874015747977 ) ) ;
#987 = CARTESIAN_POINT ( 'NONE',  ( -0.2106299212598425064, 0.01181102362204724393, 0.03937007874015747977 ) ) ;
#988 = EDGE_CURVE ( 'NONE', #7805, #3986, #8340, .T. ) ;
#989 = PLANE ( 'NONE',  #4627 ) ;
#990 = FACE_OUTER_BOUND ( 'NONE', #1952, .T. ) ;
#991 = ORIENTED_EDGE ( 'NONE', *, *, #202, .F. ) ;
#992 = EDGE_LOOP ( 'NONE', ( #4780, #7218, #6707, #5339 ) ) ;
#993 = DIRECTION ( 'NONE',  ( 0.000000000000000000, 0.000000000000000000, -1.000000000000000000 ) ) ;
#994 = EDGE_CURVE ( 'NONE', #2181, #5477, #1841, .T. ) ;
#995 = CARTESIAN_POINT ( 'NONE',  ( -0.7185039370078739607, 0.1968503937007874127, 0.03149606299212598381 ) ) ;
#996 = DIRECTION ( 'NONE',  ( 0.000000000000000000, 0.000000000000000000, -1.000000000000000000 ) ) ;
#997 = LINE ( 'NONE', #1035, #4898 ) ;
#998 = ORIENTED_EDGE ( 'NONE', *, *, #5325, .T. ) ;
#999 = EDGE_CURVE ( 'NONE', #7168, #4587, #1124, .T. ) ;
#1000 = LINE ( 'NONE', #2852, #4880 ) ;
#1001 = CARTESIAN_POINT ( 'NONE',  ( -0.6696850393700788384, 0.1574803149606299191, 0.01968503937007873988 ) ) ;
#1002 = ORIENTED_EDGE ( 'NONE', *, *, #6363, .T. ) ;
#1003 = CARTESIAN_POINT ( 'NONE',  ( -0.2893700787401574659, 0.01181102362204724393, 0.03937007874015747977 ) ) ;
#1004 = EDGE_CURVE ( 'NONE', #7654, #6769, #3851, .T. ) ;
#1005 = LINE ( 'NONE', #4819, #1197 ) ;
#1006 = CARTESIAN_POINT ( 'NONE',  ( -0.9106299212598425452, 0.000000000000000000, 0.03937007874015747977 ) ) ;
#1007 = ORIENTED_EDGE ( 'NONE', *, *, #4219, .T. ) ;
#1008 = ORIENTED_EDGE ( 'NONE', *, *, #4812, .T. ) ;
#1009 = VERTEX_POINT ( 'NONE', #3730 ) ;
#1010 = DIRECTION ( 'NONE',  ( 0.000000000000000000, 0.000000000000000000, 1.000000000000000000 ) ) ;
#1011 = ORIENTED_EDGE ( 'NONE', *, *, #941, .F. ) ;
#1012 = DIRECTION ( 'NONE',  ( 0.000000000000000000, 1.000000000000000000, 0.000000000000000000 ) ) ;
#1013 = VECTOR ( 'NONE', #5619, 39.37007874015748143 ) ;
#1014 = CARTESIAN_POINT ( 'NONE',  ( -0.9303149606299213614, 0.1574803149606299191, 0.01968503937007873988 ) ) ;
#1015 = ORIENTED_EDGE ( 'NONE', *, *, #6615, .F. ) ;
#1016 = CARTESIAN_POINT ( 'NONE',  ( -0.6785433070866142558, 0.1574803149606299191, -0.02854330708661417110 ) ) ;
#1017 = ORIENTED_EDGE ( 'NONE', *, *, #2815, .T. ) ;
#1018 = DIRECTION ( 'NONE',  ( 0.000000000000000000, -1.000000000000000000, 0.000000000000000000 ) ) ;
#1019 = DIRECTION ( 'NONE',  ( 0.000000000000000000, 0.000000000000000000, -1.000000000000000000 ) ) ;
#1020 = VERTEX_POINT ( 'NONE', #2450 ) ;
#1021 = DIRECTION ( 'NONE',  ( 0.000000000000000000, 0.000000000000000000, 1.000000000000000000 ) ) ;
#1022 = FACE_OUTER_BOUND ( 'NONE', #5595, .T. ) ;
#1023 = LINE ( 'NONE', #302, #7075 ) ;
#1024 = LINE ( 'NONE', #6322, #5930 ) ;
#1025 = EDGE_LOOP ( 'NONE', ( #3143, #1823, #8077, #162 ) ) ;
#1026 = EDGE_LOOP ( 'NONE', ( #5351, #1256, #1100, #8273 ) ) ;
#1027 = EDGE_CURVE ( 'NONE', #1848, #168, #3770, .T. ) ;
#1028 = AXIS2_PLACEMENT_3D ( 'NONE', #3158, #681, #4659 ) ;
#1029 = AXIS2_PLACEMENT_3D ( 'NONE', #2801, #5323, #7319 ) ;
#1030 = EDGE_CURVE ( 'NONE', #16, #1702, #6298, .T. ) ;
#1031 = LINE ( 'NONE', #391, #91 ) ;
#1032 = LINE ( 'NONE', #5491, #1747 ) ;
#1033 = VECTOR ( 'NONE', #794, 39.37007874015748143 ) ;
#1034 = CARTESIAN_POINT ( 'NONE',  ( -0.7785433070866142335, 0.01181102362204724393, 0.02854330708661417110 ) ) ;
#1035 = CARTESIAN_POINT ( 'NONE',  ( -0.8696850393700786830, 0.1850393700787401619, 0.01968503937007873988 ) ) ;
#1036 = ORIENTED_EDGE ( 'NONE', *, *, #1554, .F. ) ;
#1037 = EDGE_CURVE ( 'NONE', #5477, #626, #5697, .T. ) ;
#1038 = DIRECTION ( 'NONE',  ( 1.000000000000000000, 0.000000000000000000, 0.000000000000000000 ) ) ;
#1039 = DIRECTION ( 'NONE',  ( 0.000000000000000000, 1.000000000000000000, 0.000000000000000000 ) ) ;
#1040 = VECTOR ( 'NONE', #7590, 39.37007874015748854 ) ;
#1041 = VECTOR ( 'NONE', #1894, 39.37007874015748143 ) ;
#1042 = ADVANCED_FACE ( 'NONE', ( #4328, #8303 ), #5742, .T. ) ;
#1043 = EDGE_CURVE ( 'NONE', #3189, #4656, #6944, .T. ) ;
#1044 = EDGE_LOOP ( 'NONE', ( #5032, #3495, #6237, #417 ) ) ;
#1045 = DIRECTION ( 'NONE',  ( 0.000000000000000000, 0.000000000000000000, -1.000000000000000000 ) ) ;
#1046 = CARTESIAN_POINT ( 'NONE',  ( -0.3785433070866142113, 0.1574803149606299191, -0.02854330708661417110 ) ) ;
#1047 = VECTOR ( 'NONE', #3107, 39.37007874015748143 ) ;
#1048 = AXIS2_PLACEMENT_3D ( 'NONE', #280, #4850, #7325 ) ;
#1049 = CARTESIAN_POINT ( 'NONE',  ( -0.7578740157480314821, -0.1181102362204724532, 0.01279527559055118092 ) ) ;
#1050 = ORIENTED_EDGE ( 'NONE', *, *, #1955, .T. ) ;
#1051 = ORIENTED_EDGE ( 'NONE', *, *, #277, .F. ) ;
#1052 = EDGE_CURVE ( 'NONE', #2811, #6190, #2482, .T. ) ;
#1053 = ORIENTED_EDGE ( 'NONE', *, *, #6261, .F. ) ;
#1054 = EDGE_CURVE ( 'NONE', #200, #211, #3815, .T. ) ;
#1055 = EDGE_CURVE ( 'NONE', #2652, #2917, #1802, .T. ) ;
#1056 = VECTOR ( 'NONE', #264, 39.37007874015748143 ) ;
#1057 = CARTESIAN_POINT ( 'NONE',  ( -0.2687007874015748254, 0.02165354330708661734, -0.01870078740157480462 ) ) ;
#1058 = ORIENTED_EDGE ( 'NONE', *, *, #740, .T. ) ;
#1059 = CARTESIAN_POINT ( 'NONE',  ( -1.009842519685039353, 0.01181102362204724393, -0.04921259842519685318 ) ) ;
#1060 = VECTOR ( 'NONE', #8447, 39.37007874015748143 ) ;
#1061 = LINE ( 'NONE', #8235, #6629 ) ;
#1062 = ORIENTED_EDGE ( 'NONE', *, *, #6983, .T. ) ;
#1063 = CARTESIAN_POINT ( 'NONE',  ( -0.3312992125984252079, 0.000000000000000000, 0.000000000000000000 ) ) ;
#1064 = VERTEX_POINT ( 'NONE', #2403 ) ;
#1065 = EDGE_CURVE ( 'NONE', #626, #6159, #5655, .T. ) ;
#1066 = DIRECTION ( 'NONE',  ( 1.000000000000000000, 0.000000000000000000, 0.000000000000000000 ) ) ;
#1067 = AXIS2_PLACEMENT_3D ( 'NONE', #273, #3046, #6136 ) ;
#1068 = CARTESIAN_POINT ( 'NONE',  ( -0.6687007874015747921, 0.1574803149606299191, 0.01870078740157480462 ) ) ;
#1069 = VECTOR ( 'NONE', #2227, 39.37007874015748143 ) ;
#1070 = AXIS2_PLACEMENT_3D ( 'NONE', #6987, #7103, #530 ) ;
#1071 = ORIENTED_EDGE ( 'NONE', *, *, #7140, .T. ) ;
#1072 = CARTESIAN_POINT ( 'NONE',  ( -0.2106299212598425064, 0.000000000000000000, -0.03937007874015747977 ) ) ;
#1073 = LINE ( 'NONE', #1704, #7068 ) ;
#1074 = CARTESIAN_POINT ( 'NONE',  ( -0.8106299212598425674, 0.01181102362204724393, 0.03937007874015747977 ) ) ;
#1075 = LINE ( 'NONE', #3684, #3758 ) ;
#1076 = ORIENTED_EDGE ( 'NONE', *, *, #420, .F. ) ;
#1077 = EDGE_LOOP ( 'NONE', ( #4956, #1669, #191, #2743 ) ) ;
#1078 = AXIS2_PLACEMENT_3D ( 'NONE', #1276, #7130, #591 ) ;
#1079 = VECTOR ( 'NONE', #7156, 39.37007874015748854 ) ;
#1080 = DIRECTION ( 'NONE',  ( 0.000000000000000000, 0.000000000000000000, -1.000000000000000000 ) ) ;
#1081 = CARTESIAN_POINT ( 'NONE',  ( -0.4204724409448818978, 0.1574803149606299191, 0.02952755905511811330 ) ) ;
#1082 = CARTESIAN_POINT ( 'NONE',  ( -0.5893700787401575658, 0.000000000000000000, 0.03937007874015747977 ) ) ;
#1083 = VECTOR ( 'NONE', #2890, 39.37007874015748143 ) ;
#1084 = DIRECTION ( 'NONE',  ( 0.000000000000000000, -1.000000000000000000, 0.000000000000000000 ) ) ;
#1085 = CARTESIAN_POINT ( 'NONE',  ( -0.3657480314960629975, 0.01181102362204724393, 0.01279527559055118092 ) ) ;
#1086 = EDGE_CURVE ( 'NONE', #3534, #5362, #5015, .T. ) ;
#1087 = ORIENTED_EDGE ( 'NONE', *, *, #415, .F. ) ;
#1088 = DIRECTION ( 'NONE',  ( 0.000000000000000000, -1.000000000000000000, 0.000000000000000000 ) ) ;
#1089 = CARTESIAN_POINT ( 'NONE',  ( -0.4696850393700787163, 0.1850393700787401619, -0.01968503937007873988 ) ) ;
#1090 = ADVANCED_FACE ( 'NONE', ( #6589 ), #2708, .F. ) ;
#1091 = EDGE_CURVE ( 'NONE', #7388, #4602, #5319, .T. ) ;
#1092 = ORIENTED_EDGE ( 'NONE', *, *, #2358, .T. ) ;
#1093 = DIRECTION ( 'NONE',  ( 0.000000000000000000, -1.000000000000000000, 0.000000000000000000 ) ) ;
#1094 = CARTESIAN_POINT ( 'NONE',  ( -0.9312992125984251857, 0.02165354330708661734, -0.01870078740157480462 ) ) ;
#1095 = EDGE_CURVE ( 'NONE', #6003, #2474, #1283, .T. ) ;
#1096 = CARTESIAN_POINT ( 'NONE',  ( -0.3342519685039370136, -0.08858267716535432601, 0.01279527559055118092 ) ) ;
#1097 = ORIENTED_EDGE ( 'NONE', *, *, #4416, .F. ) ;
#1098 = LINE ( 'NONE', #6341, #353 ) ;
#1099 = ORIENTED_EDGE ( 'NONE', *, *, #6028, .F. ) ;
#1100 = ORIENTED_EDGE ( 'NONE', *, *, #1614, .T. ) ;
#1101 = FACE_OUTER_BOUND ( 'NONE', #6577, .T. ) ;
#1102 = VERTEX_POINT ( 'NONE', #7314 ) ;
#1103 = DIRECTION ( 'NONE',  ( -0.000000000000000000, 1.000000000000000000, 0.000000000000000000 ) ) ;
#1104 = ORIENTED_EDGE ( 'NONE', *, *, #3187, .T. ) ;
#1105 = DIRECTION ( 'NONE',  ( 0.000000000000000000, 0.000000000000000000, 1.000000000000000000 ) ) ;
#1106 = ADVANCED_FACE ( 'NONE', ( #3889 ), #4673, .T. ) ;
#1107 = VERTEX_POINT ( 'NONE', #6499 ) ;
#1108 = CARTESIAN_POINT ( 'NONE',  ( -0.6303149606299213170, 0.1850393700787401619, 0.01968503937007873988 ) ) ;
#1109 = LINE ( 'NONE', #3034, #2428 ) ;
#1110 = ORIENTED_EDGE ( 'NONE', *, *, #3813, .T. ) ;
#1111 = PLANE ( 'NONE',  #8019 ) ;
#1112 = EDGE_CURVE ( 'NONE', #587, #5886, #4535, .T. ) ;
#1113 = LINE ( 'NONE', #670, #4090 ) ;
#1114 = CARTESIAN_POINT ( 'NONE',  ( -0.5303149606299212282, 0.1850393700787401619, -0.01968503937007873988 ) ) ;
#1115 = ORIENTED_EDGE ( 'NONE', *, *, #2192, .T. ) ;
#1116 = EDGE_LOOP ( 'NONE', ( #2220, #7986, #4149, #7342 ) ) ;
#1117 = CARTESIAN_POINT ( 'NONE',  ( -0.4303149606299213059, 0.1850393700787401619, -0.01968503937007873988 ) ) ;
#1118 = DIRECTION ( 'NONE',  ( 0.000000000000000000, 0.000000000000000000, -1.000000000000000000 ) ) ;
#1119 = CARTESIAN_POINT ( 'NONE',  ( -0.8303149606299212726, 0.1850393700787401619, 0.01968503937007873988 ) ) ;
#1120 = CARTESIAN_POINT ( 'NONE',  ( -0.6342519685039369470, -0.08858267716535432601, -0.01279527559055118092 ) ) ;
#1121 = CARTESIAN_POINT ( 'NONE',  ( -0.5785433070866141669, 0.1574803149606299191, 0.02854330708661417110 ) ) ;
#1122 = VERTEX_POINT ( 'NONE', #4074 ) ;
#1123 = PLANE ( 'NONE',  #5136 ) ;
#1124 = LINE ( 'NONE', #5617, #2531 ) ;
#1125 = EDGE_LOOP ( 'NONE', ( #7235, #7638, #6914, #7457 ) ) ;
#1126 = DIRECTION ( 'NONE',  ( 0.000000000000000000, 0.000000000000000000, -1.000000000000000000 ) ) ;
#1127 = FACE_OUTER_BOUND ( 'NONE', #3967, .T. ) ;
#1128 = DIRECTION ( 'NONE',  ( 0.000000000000000000, -1.000000000000000000, 0.000000000000000000 ) ) ;
#1129 = VERTEX_POINT ( 'NONE', #40 ) ;
#1130 = DIRECTION ( 'NONE',  ( 1.000000000000000000, 0.000000000000000000, 0.000000000000000000 ) ) ;
#1131 = EDGE_LOOP ( 'NONE', ( #852, #6916, #6539, #2190 ) ) ;
#1132 = EDGE_CURVE ( 'NONE', #338, #3768, #8422, .T. ) ;
#1133 = VERTEX_POINT ( 'NONE', #2069 ) ;
#1134 = EDGE_CURVE ( 'NONE', #5076, #572, #6687, .T. ) ;
#1135 = ORIENTED_EDGE ( 'NONE', *, *, #4060, .T. ) ;
#1136 = CARTESIAN_POINT ( 'NONE',  ( -0.2687007874015748254, 0.02165354330708661734, 0.01870078740157480462 ) ) ;
#1137 = DIRECTION ( 'NONE',  ( 1.000000000000000000, 0.000000000000000000, 0.000000000000000000 ) ) ;
#1138 = ORIENTED_EDGE ( 'NONE', *, *, #685, .T. ) ;
#1139 = DIRECTION ( 'NONE',  ( 0.000000000000000000, -1.000000000000000000, 0.000000000000000000 ) ) ;
#1140 = EDGE_CURVE ( 'NONE', #4602, #5684, #3349, .T. ) ;
#1141 = EDGE_LOOP ( 'NONE', ( #2901, #6020, #3156, #3464 ) ) ;
#1142 = CARTESIAN_POINT ( 'NONE',  ( -0.5657480314960630086, -0.08858267716535432601, -0.004921259842519684971 ) ) ;
#1143 = PLANE ( 'NONE',  #939 ) ;
#1144 = ORIENTED_EDGE ( 'NONE', *, *, #7545, .F. ) ;
#1145 = FACE_OUTER_BOUND ( 'NONE', #7692, .T. ) ;
#1146 = EDGE_CURVE ( 'NONE', #3452, #7976, #7866, .T. ) ;
#1147 = AXIS2_PLACEMENT_3D ( 'NONE', #3775, #3817, #4410 ) ;
#1148 = PLANE ( 'NONE',  #7439 ) ;
#1149 = ORIENTED_EDGE ( 'NONE', *, *, #4689, .F. ) ;
#1150 = ORIENTED_EDGE ( 'NONE', *, *, #5587, .T. ) ;
#1151 = VECTOR ( 'NONE', #42, 39.37007874015748143 ) ;
#1152 = EDGE_CURVE ( 'NONE', #5702, #6217, #1333, .T. ) ;
#1153 = CARTESIAN_POINT ( 'NONE',  ( -0.9795275590551181244, 0.01181102362204724393, -0.02952755905511811330 ) ) ;
#1154 = DIRECTION ( 'NONE',  ( 0.000000000000000000, 0.000000000000000000, -1.000000000000000000 ) ) ;
#1155 = CARTESIAN_POINT ( 'NONE',  ( -0.5795275590551181022, 0.000000000000000000, 0.000000000000000000 ) ) ;
#1156 = PLANE ( 'NONE',  #8135 ) ;
#1157 = CARTESIAN_POINT ( 'NONE',  ( -0.7342519685039370358, 0.01181102362204724393, 0.01279527559055118092 ) ) ;
#1158 = VECTOR ( 'NONE', #7042, 39.37007874015748143 ) ;
#1159 = ORIENTED_EDGE ( 'NONE', *, *, #7239, .F. ) ;
#1160 = CARTESIAN_POINT ( 'NONE',  ( -0.2204724409448818867, 0.1574803149606299191, -0.02952755905511811330 ) ) ;
#1161 = CARTESIAN_POINT ( 'NONE',  ( -0.9312992125984251857, 0.1574803149606299191, 0.01870078740157480462 ) ) ;
#1162 = VECTOR ( 'NONE', #1540, 39.37007874015748143 ) ;
#1163 = CARTESIAN_POINT ( 'NONE',  ( -0.9785433070866141891, 0.1574803149606299191, 0.02854330708661417110 ) ) ;
#1164 = LINE ( 'NONE', #1930, #5105 ) ;
#1165 = CARTESIAN_POINT ( 'NONE',  ( -0.9106299212598425452, 0.000000000000000000, -0.03937007874015747977 ) ) ;
#1166 = DIRECTION ( 'NONE',  ( 1.000000000000000000, 0.000000000000000000, 0.000000000000000000 ) ) ;
#1167 = ORIENTED_EDGE ( 'NONE', *, *, #8048, .T. ) ;
#1168 = CARTESIAN_POINT ( 'NONE',  ( -0.9893700787401574770, 0.000000000000000000, 0.03937007874015747977 ) ) ;
#1169 = VERTEX_POINT ( 'NONE', #3401 ) ;
#1170 = VECTOR ( 'NONE', #1018, 39.37007874015748143 ) ;
#1171 = VECTOR ( 'NONE', #2666, 39.37007874015748854 ) ;
#1172 = ORIENTED_EDGE ( 'NONE', *, *, #3527, .T. ) ;
#1173 = FACE_OUTER_BOUND ( 'NONE', #5253, .T. ) ;
#1174 = VECTOR ( 'NONE', #2738, 39.37007874015748143 ) ;
#1175 = EDGE_LOOP ( 'NONE', ( #1206, #532, #423, #5027 ) ) ;
#1176 = DIRECTION ( 'NONE',  ( 0.000000000000000000, 0.000000000000000000, -1.000000000000000000 ) ) ;
#1177 = ADVANCED_FACE ( 'NONE', ( #2109 ), #7270, .T. ) ;
#1178 = EDGE_CURVE ( 'NONE', #6397, #7106, #3266, .T. ) ;
#1179 = ORIENTED_EDGE ( 'NONE', *, *, #7323, .T. ) ;
#1180 = PLANE ( 'NONE',  #8030 ) ;
#1181 = VERTEX_POINT ( 'NONE', #5364 ) ;
#1182 = VECTOR ( 'NONE', #7911, 39.37007874015748143 ) ;
#1183 = VECTOR ( 'NONE', #2893, 39.37007874015748143 ) ;
#1184 = CARTESIAN_POINT ( 'NONE',  ( -0.5204724409448819866, 0.1574803149606299191, -0.02952755905511811330 ) ) ;
#1185 = PLANE ( 'NONE',  #2560 ) ;
#1186 = ORIENTED_EDGE ( 'NONE', *, *, #3147, .F. ) ;
#1187 = FACE_OUTER_BOUND ( 'NONE', #5782, .T. ) ;
#1188 = EDGE_CURVE ( 'NONE', #8201, #5381, #1421, .T. ) ;
#1189 = EDGE_CURVE ( 'NONE', #211, #8061, #5182, .T. ) ;
#1190 = VECTOR ( 'NONE', #2273, 39.37007874015748854 ) ;
#1191 = AXIS2_PLACEMENT_3D ( 'NONE', #3091, #4971, #5695 ) ;
#1192 = LINE ( 'NONE', #7554, #5799 ) ;
#1193 = VERTEX_POINT ( 'NONE', #1927 ) ;
#1194 = VERTEX_POINT ( 'NONE', #6633 ) ;
#1195 = VECTOR ( 'NONE', #2617, 39.37007874015748143 ) ;
#1196 = AXIS2_PLACEMENT_3D ( 'NONE', #2911, #8162, #5513 ) ;
#1197 = VECTOR ( 'NONE', #8102, 39.37007874015748143 ) ;
#1198 = EDGE_CURVE ( 'NONE', #4652, #572, #84, .T. ) ;
#1199 = CARTESIAN_POINT ( 'NONE',  ( -0.4578740157480314932, -0.1181102362204724532, -0.01279527559055118092 ) ) ;
#1200 = CARTESIAN_POINT ( 'NONE',  ( -0.5785433070866141669, 0.01181102362204724393, -0.02854330708661417110 ) ) ;
#1201 = DIRECTION ( 'NONE',  ( 1.000000000000000000, 0.000000000000000000, 0.000000000000000000 ) ) ;
#1202 = FACE_OUTER_BOUND ( 'NONE', #3145, .T. ) ;
#1203 = LINE ( 'NONE', #2445, #111 ) ;
#1204 = VECTOR ( 'NONE', #7264, 39.37007874015748854 ) ;
#1205 = VECTOR ( 'NONE', #8059, 39.37007874015748143 ) ;
#1206 = ORIENTED_EDGE ( 'NONE', *, *, #1630, .T. ) ;
#1207 = LINE ( 'NONE', #6980, #5559 ) ;
#1208 = DIRECTION ( 'NONE',  ( -0.000000000000000000, 1.000000000000000000, 0.000000000000000000 ) ) ;
#1209 = EDGE_CURVE ( 'NONE', #2875, #5262, #135, .T. ) ;
#1210 = LINE ( 'NONE', #1805, #7891 ) ;
#1211 = LINE ( 'NONE', #4582, #4561 ) ;
#1212 = DIRECTION ( 'NONE',  ( 1.000000000000000000, 0.000000000000000000, 0.000000000000000000 ) ) ;
#1213 = EDGE_CURVE ( 'NONE', #5633, #1193, #7229, .T. ) ;
#1214 = EDGE_CURVE ( 'NONE', #1169, #1565, #2154, .T. ) ;
#1215 = CARTESIAN_POINT ( 'NONE',  ( -0.6696850393700788384, 0.1850393700787401619, 0.01968503937007873988 ) ) ;
#1216 = VERTEX_POINT ( 'NONE', #3445 ) ;
#1217 = LINE ( 'NONE', #2491, #2275 ) ;
#1218 = VERTEX_POINT ( 'NONE', #1514 ) ;
#1219 = LINE ( 'NONE', #3825, #616 ) ;
#1220 = AXIS2_PLACEMENT_3D ( 'NONE', #2773, #8070, #2814 ) ;
#1221 = ORIENTED_EDGE ( 'NONE', *, *, #3457, .F. ) ;
#1222 = EDGE_LOOP ( 'NONE', ( #1062, #6972, #4942, #2374 ) ) ;
#1223 = LINE ( 'NONE', #3185, #6203 ) ;
#1224 = DIRECTION ( 'NONE',  ( 1.000000000000000000, 0.000000000000000000, 0.000000000000000000 ) ) ;
#1225 = ORIENTED_EDGE ( 'NONE', *, *, #5021, .T. ) ;
#1226 = CARTESIAN_POINT ( 'NONE',  ( -0.6106299212598425008, 0.01181102362204724393, -0.03937007874015747977 ) ) ;
#1227 = ORIENTED_EDGE ( 'NONE', *, *, #767, .T. ) ;
#1228 = CARTESIAN_POINT ( 'NONE',  ( -0.5657480314960630086, -0.1181102362204724532, 0.004921259842519684971 ) ) ;
#1229 = LINE ( 'NONE', #6405, #2856 ) ;
#1230 = ORIENTED_EDGE ( 'NONE', *, *, #5400, .T. ) ;
#1231 = LINE ( 'NONE', #3196, #8283 ) ;
#1232 = CARTESIAN_POINT ( 'NONE',  ( -0.4312992125984251857, 0.02165354330708661734, -0.01870078740157480462 ) ) ;
#1233 = ORIENTED_EDGE ( 'NONE', *, *, #4076, .F. ) ;
#1234 = EDGE_LOOP ( 'NONE', ( #1850, #8431, #2745, #4543 ) ) ;
#1235 = ADVANCED_FACE ( 'NONE', ( #8003, #7365 ), #6045, .F. ) ;
#1236 = EDGE_CURVE ( 'NONE', #6719, #5511, #6429, .T. ) ;
#1237 = EDGE_CURVE ( 'NONE', #5766, #7067, #1217, .T. ) ;
#1238 = DIRECTION ( 'NONE',  ( 0.000000000000000000, 0.000000000000000000, -1.000000000000000000 ) ) ;
#1239 = DIRECTION ( 'NONE',  ( 0.000000000000000000, 0.000000000000000000, -1.000000000000000000 ) ) ;
#1240 = DIRECTION ( 'NONE',  ( 0.000000000000000000, 0.000000000000000000, 1.000000000000000000 ) ) ;
#1241 = DIRECTION ( 'NONE',  ( 1.000000000000000000, 0.000000000000000000, 0.000000000000000000 ) ) ;
#1242 = FACE_OUTER_BOUND ( 'NONE', #5277, .T. ) ;
#1243 = CARTESIAN_POINT ( 'NONE',  ( -0.2303149606299212671, 0.1850393700787401619, 0.01968503937007873988 ) ) ;
#1244 = CARTESIAN_POINT ( 'NONE',  ( -0.2342519685039370358, -0.08858267716535432601, 0.01279527559055118092 ) ) ;
#1245 = CARTESIAN_POINT ( 'NONE',  ( -0.6696850393700788384, 0.1850393700787401619, 0.01968503937007873988 ) ) ;
#1246 = EDGE_CURVE ( 'NONE', #2596, #7300, #4381, .T. ) ;
#1247 = LINE ( 'NONE', #3853, #2426 ) ;
#1248 = DIRECTION ( 'NONE',  ( -0.000000000000000000, 1.000000000000000000, 0.000000000000000000 ) ) ;
#1249 = CARTESIAN_POINT ( 'NONE',  ( -0.9657480314960630308, 0.01181102362204724393, 0.01279527559055118092 ) ) ;
#1250 = EDGE_CURVE ( 'NONE', #791, #7907, #3020, .T. ) ;
#1251 = CARTESIAN_POINT ( 'NONE',  ( -0.8500000000000000888, 0.1909448818897638012, -0.02559055118110236185 ) ) ;
#1252 = ORIENTED_EDGE ( 'NONE', *, *, #3098, .T. ) ;
#1253 = CARTESIAN_POINT ( 'NONE',  ( -0.4696850393700787163, 0.000000000000000000, 0.000000000000000000 ) ) ;
#1254 = CARTESIAN_POINT ( 'NONE',  ( -0.8687007874015748587, 0.02165354330708661734, 0.01870078740157480462 ) ) ;
#1255 = DIRECTION ( 'NONE',  ( 0.000000000000000000, 0.000000000000000000, -1.000000000000000000 ) ) ;
#1256 = ORIENTED_EDGE ( 'NONE', *, *, #6212, .F. ) ;
#1257 = ADVANCED_FACE ( 'NONE', ( #3103, #7625 ), #5663, .T. ) ;
#1258 = ORIENTED_EDGE ( 'NONE', *, *, #2551, .T. ) ;
#1259 = DIRECTION ( 'NONE',  ( 0.000000000000000000, 0.000000000000000000, -1.000000000000000000 ) ) ;
#1260 = DIRECTION ( 'NONE',  ( 1.000000000000000000, 0.000000000000000000, 0.000000000000000000 ) ) ;
#1261 = DIRECTION ( 'NONE',  ( 0.000000000000000000, 1.000000000000000000, 0.000000000000000000 ) ) ;
#1262 = ORIENTED_EDGE ( 'NONE', *, *, #7528, .T. ) ;
#1263 = CARTESIAN_POINT ( 'NONE',  ( -0.5696850393700787496, 0.1574803149606299191, -0.01968503937007873988 ) ) ;
#1264 = ORIENTED_EDGE ( 'NONE', *, *, #2995, .T. ) ;
#1265 = CARTESIAN_POINT ( 'NONE',  ( -0.3312992125984252079, 0.02165354330708661734, -0.01870078740157480462 ) ) ;
#1266 = CARTESIAN_POINT ( 'NONE',  ( -0.6303149606299213170, 0.1850393700787401619, 0.01968503937007873988 ) ) ;
#1267 = ORIENTED_EDGE ( 'NONE', *, *, #4434, .T. ) ;
#1268 = LINE ( 'NONE', #3968, #1862 ) ;
#1269 = DIRECTION ( 'NONE',  ( 0.000000000000000000, 0.000000000000000000, -1.000000000000000000 ) ) ;
#1270 = ORIENTED_EDGE ( 'NONE', *, *, #8004, .F. ) ;
#1271 = EDGE_LOOP ( 'NONE', ( #5662, #7258, #5646, #6809 ) ) ;
#1272 = VERTEX_POINT ( 'NONE', #3177 ) ;
#1273 = LINE ( 'NONE', #1153, #1619 ) ;
#1274 = EDGE_CURVE ( 'NONE', #1107, #6847, #1776, .T. ) ;
#1275 = CARTESIAN_POINT ( 'NONE',  ( -0.9214566929133858331, 0.01181102362204724393, 0.02854330708661417110 ) ) ;
#1276 = CARTESIAN_POINT ( 'NONE',  ( -0.5381889763779527103, -0.1033464566929133965, 0.000000000000000000 ) ) ;
#1277 = DIRECTION ( 'NONE',  ( 0.000000000000000000, 0.7071067811865475727, -0.7071067811865475727 ) ) ;
#1278 = CARTESIAN_POINT ( 'NONE',  ( -0.9657480314960630308, -0.1181102362204724532, 0.004921259842519684971 ) ) ;
#1279 = ADVANCED_FACE ( 'NONE', ( #5783 ), #2370, .T. ) ;
#1280 = ORIENTED_EDGE ( 'NONE', *, *, #6163, .F. ) ;
#1281 = EDGE_CURVE ( 'NONE', #6190, #6538, #1847, .T. ) ;
#1282 = DIRECTION ( 'NONE',  ( 1.000000000000000000, 0.000000000000000000, 0.000000000000000000 ) ) ;
#1283 = LINE ( 'NONE', #732, #2956 ) ;
#1284 = VECTOR ( 'NONE', #7453, 39.37007874015748143 ) ;
#1285 = EDGE_CURVE ( 'NONE', #1692, #7806, #7023, .T. ) ;
#1286 = DIRECTION ( 'NONE',  ( 1.000000000000000000, 0.000000000000000000, 0.000000000000000000 ) ) ;
#1287 = VECTOR ( 'NONE', #3442, 39.37007874015748143 ) ;
#1288 = CARTESIAN_POINT ( 'NONE',  ( -0.3687007874015748032, 0.1574803149606299191, 0.01870078740157480462 ) ) ;
#1289 = DIRECTION ( 'NONE',  ( 1.000000000000000000, 0.000000000000000000, 0.000000000000000000 ) ) ;
#1290 = EDGE_CURVE ( 'NONE', #4148, #2596, #1098, .T. ) ;
#1291 = LINE ( 'NONE', #567, #4097 ) ;
#1292 = ORIENTED_EDGE ( 'NONE', *, *, #1654, .T. ) ;
#1293 = ORIENTED_EDGE ( 'NONE', *, *, #6477, .F. ) ;
#1294 = ORIENTED_EDGE ( 'NONE', *, *, #2340, .F. ) ;
#1295 = DIRECTION ( 'NONE',  ( 1.000000000000000000, 0.000000000000000000, 0.000000000000000000 ) ) ;
#1296 = CARTESIAN_POINT ( 'NONE',  ( -0.9312992125984251857, 0.1574803149606299191, 0.01870078740157480462 ) ) ;
#1297 = ORIENTED_EDGE ( 'NONE', *, *, #1655, .F. ) ;
#1298 = VECTOR ( 'NONE', #6032, 39.37007874015748143 ) ;
#1299 = ADVANCED_FACE ( 'NONE', ( #4461 ), #8313, .T. ) ;
#1300 = CARTESIAN_POINT ( 'NONE',  ( -0.8214566929133859663, 0.01181102362204724393, -0.02854330708661417110 ) ) ;
#1301 = EDGE_LOOP ( 'NONE', ( #4616, #4511, #8105, #7915 ) ) ;
#1302 = CARTESIAN_POINT ( 'NONE',  ( -0.4785433070866141336, 0.01181102362204724393, 0.02854330708661417110 ) ) ;
#1303 = FACE_OUTER_BOUND ( 'NONE', #4266, .T. ) ;
#1304 = AXIS2_PLACEMENT_3D ( 'NONE', #879, #4287, #4777 ) ;
#1305 = FACE_OUTER_BOUND ( 'NONE', #2128, .T. ) ;
#1306 = VECTOR ( 'NONE', #8092, 39.37007874015748143 ) ;
#1307 = EDGE_CURVE ( 'NONE', #4242, #7654, #3144, .T. ) ;
#1308 = EDGE_LOOP ( 'NONE', ( #3058, #5329, #3739, #5353 ) ) ;
#1309 = DIRECTION ( 'NONE',  ( 0.000000000000000000, 0.000000000000000000, -1.000000000000000000 ) ) ;
#1310 = ORIENTED_EDGE ( 'NONE', *, *, #4842, .F. ) ;
#1311 = VECTOR ( 'NONE', #3468, 39.37007874015748143 ) ;
#1312 = AXIS2_PLACEMENT_3D ( 'NONE', #180, #834, #5623 ) ;
#1313 = CARTESIAN_POINT ( 'NONE',  ( -0.1901575223667417436, 0.000000000000000000, -0.03937007874015747977 ) ) ;
#1314 = DIRECTION ( 'NONE',  ( 0.000000000000000000, -1.000000000000000000, 0.000000000000000000 ) ) ;
#1315 = ORIENTED_EDGE ( 'NONE', *, *, #5579, .T. ) ;
#1316 = DIRECTION ( 'NONE',  ( 0.000000000000000000, 0.000000000000000000, -1.000000000000000000 ) ) ;
#1317 = VECTOR ( 'NONE', #1760, 39.37007874015748143 ) ;
#1318 = VECTOR ( 'NONE', #4250, 39.37007874015748143 ) ;
#1319 = FACE_OUTER_BOUND ( 'NONE', #5417, .T. ) ;
#1320 = EDGE_LOOP ( 'NONE', ( #1491, #3385, #195, #3781 ) ) ;
#1321 = ORIENTED_EDGE ( 'NONE', *, *, #4775, .F. ) ;
#1322 = ORIENTED_EDGE ( 'NONE', *, *, #3645, .T. ) ;
#1323 = LINE ( 'NONE', #5214, #4212 ) ;
#1324 = VECTOR ( 'NONE', #383, 39.37007874015748143 ) ;
#1325 = VECTOR ( 'NONE', #7034, 39.37007874015748143 ) ;
#1326 = CARTESIAN_POINT ( 'NONE',  ( -0.8214566929133859663, 0.1574803149606299191, -0.02854330708661417110 ) ) ;
#1327 = DIRECTION ( 'NONE',  ( -0.5773502691896257311, 0.5773502691896257311, -0.5773502691896257311 ) ) ;
#1328 = DIRECTION ( 'NONE',  ( 1.000000000000000000, 0.000000000000000000, 0.000000000000000000 ) ) ;
#1329 = DIRECTION ( 'NONE',  ( 0.000000000000000000, -1.000000000000000000, 0.000000000000000000 ) ) ;
#1330 = ORIENTED_EDGE ( 'NONE', *, *, #3710, .F. ) ;
#1331 = DIRECTION ( 'NONE',  ( 0.000000000000000000, 0.000000000000000000, -1.000000000000000000 ) ) ;
#1333 = LINE ( 'NONE', #3211, #3636 ) ;
#1332 = AXIS2_PLACEMENT_3D ( 'NONE', #5080, #7674, #5762 ) ;
#1334 = VECTOR ( 'NONE', #2819, 39.37007874015748143 ) ;
#1335 = CARTESIAN_POINT ( 'NONE',  ( -0.5244094488188976166, 0.1909448818897638012, 0.000000000000000000 ) ) ;
#1336 = VECTOR ( 'NONE', #3110, 39.37007874015748143 ) ;
#1337 = AXIS2_PLACEMENT_3D ( 'NONE', #7356, #6721, #2144 ) ;
#1338 = VECTOR ( 'NONE', #43, 39.37007874015748854 ) ;
#1339 = LINE ( 'NONE', #7821, #7557 ) ;
#1340 = DIRECTION ( 'NONE',  ( 0.000000000000000000, 0.000000000000000000, -1.000000000000000000 ) ) ;
#1341 = CARTESIAN_POINT ( 'NONE',  ( -0.7657480314960629642, -0.08858267716535432601, 0.01279527559055118092 ) ) ;
#1342 = VERTEX_POINT ( 'NONE', #7660 ) ;
#1343 = VERTEX_POINT ( 'NONE', #3859 ) ;
#1344 = ORIENTED_EDGE ( 'NONE', *, *, #6115, .T. ) ;
#1345 = LINE ( 'NONE', #2584, #6648 ) ;
#1346 = DIRECTION ( 'NONE',  ( -1.000000000000000000, 0.000000000000000000, 0.000000000000000000 ) ) ;
#1347 = AXIS2_PLACEMENT_3D ( 'NONE', #5107, #614, #1984 ) ;
#1348 = ORIENTED_EDGE ( 'NONE', *, *, #5744, .T. ) ;
#1349 = VECTOR ( 'NONE', #2065, 39.37007874015748143 ) ;
#1350 = EDGE_CURVE ( 'NONE', #4721, #5677, #5100, .T. ) ;
#1351 = ADVANCED_FACE ( 'NONE', ( #6390 ), #3823, .T. ) ;
#1352 = EDGE_CURVE ( 'NONE', #5658, #6391, #5143, .T. ) ;
#1353 = LINE ( 'NONE', #6740, #4049 ) ;
#1354 = ORIENTED_EDGE ( 'NONE', *, *, #6574, .T. ) ;
#1355 = CARTESIAN_POINT ( 'NONE',  ( -0.3687007874015748032, 0.02165354330708661734, -0.01870078740157480462 ) ) ;
#1356 = LINE ( 'NONE', #1488, #1741 ) ;
#1357 = VECTOR ( 'NONE', #1647, 39.37007874015748143 ) ;
#1358 = DIRECTION ( 'NONE',  ( -0.9662349396012511749, -0.2576626505603140105, 0.000000000000000000 ) ) ;
#1359 = ORIENTED_EDGE ( 'NONE', *, *, #4741, .T. ) ;
#1360 = VERTEX_POINT ( 'NONE', #7107 ) ;
#1361 = LINE ( 'NONE', #7288, #1334 ) ;
#1362 = ORIENTED_EDGE ( 'NONE', *, *, #2257, .T. ) ;
#1363 = FACE_OUTER_BOUND ( 'NONE', #1946, .T. ) ;
#1364 = ORIENTED_EDGE ( 'NONE', *, *, #4355, .F. ) ;
#1365 = CARTESIAN_POINT ( 'NONE',  ( -0.5795275590551181022, 0.01181102362204724393, -0.02952755905511811330 ) ) ;
#1366 = ADVANCED_FACE ( 'NONE', ( #407 ), #7575, .T. ) ;
#1367 = DIRECTION ( 'NONE',  ( 1.000000000000000000, 0.000000000000000000, 0.000000000000000000 ) ) ;
#1368 = ORIENTED_EDGE ( 'NONE', *, *, #6202, .T. ) ;
#1369 = VERTEX_POINT ( 'NONE', #2077 ) ;
#1370 = ORIENTED_EDGE ( 'NONE', *, *, #2645, .T. ) ;
#1371 = FACE_BOUND ( 'NONE', #1026, .T. ) ;
#1372 = EDGE_CURVE ( 'NONE', #7830, #7388, #2722, .T. ) ;
#1373 = CARTESIAN_POINT ( 'NONE',  ( -0.6342519685039369470, -0.08858267716535432601, 0.004921259842519684971 ) ) ;
#1374 = CARTESIAN_POINT ( 'NONE',  ( -0.4342519685039369914, 0.01181102362204724393, 0.01279527559055118092 ) ) ;
#1375 = CARTESIAN_POINT ( 'NONE',  ( -0.5657480314960630086, -0.08858267716535432601, -0.01279527559055118092 ) ) ;
#1376 = DIRECTION ( 'NONE',  ( 1.000000000000000000, 0.000000000000000000, 0.000000000000000000 ) ) ;
#1377 = EDGE_LOOP ( 'NONE', ( #1812, #4628, #4670, #3475 ) ) ;
#1378 = ORIENTED_EDGE ( 'NONE', *, *, #1571, .F. ) ;
#1379 = CARTESIAN_POINT ( 'NONE',  ( -1.009842519685039353, 0.000000000000000000, 0.04921259842519685318 ) ) ;
#1380 = DIRECTION ( 'NONE',  ( 0.000000000000000000, -1.000000000000000000, 0.000000000000000000 ) ) ;
#1381 = DIRECTION ( 'NONE',  ( 0.000000000000000000, 0.000000000000000000, 1.000000000000000000 ) ) ;
#1382 = PLANE ( 'NONE',  #6089 ) ;
#1383 = FACE_OUTER_BOUND ( 'NONE', #1916, .T. ) ;
#1384 = CARTESIAN_POINT ( 'NONE',  ( -0.3696850393700787940, 0.1574803149606299191, -0.01968503937007873988 ) ) ;
#1385 = ORIENTED_EDGE ( 'NONE', *, *, #5937, .T. ) ;
#1386 = ORIENTED_EDGE ( 'NONE', *, *, #7487, .T. ) ;
#1387 = ORIENTED_EDGE ( 'NONE', *, *, #7780, .F. ) ;
#1388 = FACE_OUTER_BOUND ( 'NONE', #1534, .T. ) ;
#1389 = CARTESIAN_POINT ( 'NONE',  ( -1.009842519685039353, 0.1968503937007874127, -0.04921259842519685318 ) ) ;
#1390 = VERTEX_POINT ( 'NONE', #5960 ) ;
#1391 = CARTESIAN_POINT ( 'NONE',  ( -1.009842534703531580, 0.01181102362204724393, -0.03937007874015747977 ) ) ;
#1392 = ORIENTED_EDGE ( 'NONE', *, *, #1993, .T. ) ;
#1393 = LINE ( 'NONE', #1355, #7150 ) ;
#1394 = DIRECTION ( 'NONE',  ( 1.000000000000000000, 0.000000000000000000, 0.000000000000000000 ) ) ;
#1395 = CARTESIAN_POINT ( 'NONE',  ( -0.2106299212598425064, 0.000000000000000000, -0.03937007874015747977 ) ) ;
#1396 = ADVANCED_FACE ( 'NONE', ( #5875 ), #4681, .T. ) ;
#1397 = VERTEX_POINT ( 'NONE', #4590 ) ;
#1398 = VERTEX_POINT ( 'NONE', #3989 ) ;
#1399 = ADVANCED_FACE ( 'NONE', ( #7279 ), #4034, .F. ) ;
#1400 = CARTESIAN_POINT ( 'NONE',  ( -0.9214566929133858331, 0.000000000000000000, 0.000000000000000000 ) ) ;
#1401 = ORIENTED_EDGE ( 'NONE', *, *, #795, .F. ) ;
#1402 = LINE ( 'NONE', #4001, #1174 ) ;
#1403 = VERTEX_POINT ( 'NONE', #7191 ) ;
#1404 = LINE ( 'NONE', #4003, #6382 ) ;
#1405 = ADVANCED_FACE ( 'NONE', ( #1388 ), #4545, .T. ) ;
#1406 = LINE ( 'NONE', #3838, #7568 ) ;
#1407 = EDGE_LOOP ( 'NONE', ( #2831, #5369, #7385, #4505 ) ) ;
#1408 = ORIENTED_EDGE ( 'NONE', *, *, #6278, .F. ) ;
#1409 = ORIENTED_EDGE ( 'NONE', *, *, #1372, .F. ) ;
#1410 = LINE ( 'NONE', #8080, #4612 ) ;
#1411 = DIRECTION ( 'NONE',  ( 0.000000000000000000, 0.000000000000000000, -1.000000000000000000 ) ) ;
#1412 = EDGE_CURVE ( 'NONE', #3514, #4258, #1345, .T. ) ;
#1413 = CARTESIAN_POINT ( 'NONE',  ( -0.2785433070866141780, 0.01181102362204724393, -0.02854330708661417110 ) ) ;
#1414 = DIRECTION ( 'NONE',  ( 0.000000000000000000, 1.000000000000000000, 0.000000000000000000 ) ) ;
#1415 = FACE_OUTER_BOUND ( 'NONE', #2424, .T. ) ;
#1416 = CARTESIAN_POINT ( 'NONE',  ( -0.2106299212598425064, 0.000000000000000000, 0.03937007874015747977 ) ) ;
#1417 = ORIENTED_EDGE ( 'NONE', *, *, #8446, .T. ) ;
#1418 = ADVANCED_FACE ( 'NONE', ( #7237 ), #5827, .F. ) ;
#1419 = ORIENTED_EDGE ( 'NONE', *, *, #415, .T. ) ;
#1420 = CARTESIAN_POINT ( 'NONE',  ( -0.6106299212598425008, 0.000000000000000000, 0.03937007874015747977 ) ) ;
#1421 = LINE ( 'NONE', #4022, #623 ) ;
#1422 = ADVANCED_FACE ( 'NONE', ( #3899 ), #5330, .F. ) ;
#1423 = LINE ( 'NONE', #2019, #1618 ) ;
#1424 = CARTESIAN_POINT ( 'NONE',  ( -0.2687007874015748254, 0.1574803149606299191, 0.01870078740157480462 ) ) ;
#1425 = DIRECTION ( 'NONE',  ( 1.000000000000000000, 0.000000000000000000, 0.000000000000000000 ) ) ;
#1426 = VECTOR ( 'NONE', #2812, 39.37007874015748143 ) ;
#1427 = LINE ( 'NONE', #6640, #3677 ) ;
#1428 = ORIENTED_EDGE ( 'NONE', *, *, #1918, .T. ) ;
#1429 = VERTEX_POINT ( 'NONE', #7926 ) ;
#1430 = ORIENTED_EDGE ( 'NONE', *, *, #1054, .F. ) ;
#1431 = DIRECTION ( 'NONE',  ( 1.000000000000000000, 0.000000000000000000, 0.000000000000000000 ) ) ;
#1432 = PLANE ( 'NONE',  #221 ) ;
#1433 = EDGE_CURVE ( 'NONE', #5702, #2811, #5191, .T. ) ;
#1434 = PLANE ( 'NONE',  #6790 ) ;
#1435 = ORIENTED_EDGE ( 'NONE', *, *, #140, .T. ) ;
#1436 = PLANE ( 'NONE',  #4706 ) ;
#1437 = CARTESIAN_POINT ( 'NONE',  ( -1.009842519685039353, 0.01181102362204724393, 0.03937007874015747977 ) ) ;
#1438 = DIRECTION ( 'NONE',  ( 0.000000000000000000, 0.000000000000000000, 1.000000000000000000 ) ) ;
#1439 = VERTEX_POINT ( 'NONE', #658 ) ;
#1440 = AXIS2_PLACEMENT_3D ( 'NONE', #3383, #292, #256 ) ;
#1441 = VECTOR ( 'NONE', #3983, 39.37007874015748143 ) ;
#1442 = EDGE_LOOP ( 'NONE', ( #324, #7144, #5370, #2636 ) ) ;
#1443 = FACE_OUTER_BOUND ( 'NONE', #4215, .T. ) ;
#1444 = VERTEX_POINT ( 'NONE', #6598 ) ;
#1445 = DIRECTION ( 'NONE',  ( 0.000000000000000000, -1.000000000000000000, 0.000000000000000000 ) ) ;
#1446 = AXIS2_PLACEMENT_3D ( 'NONE', #6511, #4682, #4035 ) ;
#1447 = VERTEX_POINT ( 'NONE', #3949 ) ;
#1448 = DIRECTION ( 'NONE',  ( 0.000000000000000000, 0.000000000000000000, 1.000000000000000000 ) ) ;
#1449 = ADVANCED_FACE ( 'NONE', ( #96 ), #701, .F. ) ;
#1450 = CARTESIAN_POINT ( 'NONE',  ( -0.6785433070866142558, 0.000000000000000000, 0.000000000000000000 ) ) ;
#1451 = ORIENTED_EDGE ( 'NONE', *, *, #8264, .F. ) ;
#1452 = ORIENTED_EDGE ( 'NONE', *, *, #7152, .F. ) ;
#1453 = EDGE_LOOP ( 'NONE', ( #8204, #7492, #3021, #808 ) ) ;
#1454 = VECTOR ( 'NONE', #1947, 39.37007874015748854 ) ;
#1455 = ADVANCED_FACE ( 'NONE', ( #6510 ), #2763, .F. ) ;
#1456 = PLANE ( 'NONE',  #2974 ) ;
#1457 = PLANE ( 'NONE',  #3797 ) ;
#1458 = EDGE_CURVE ( 'NONE', #3826, #1790, #5372, .T. ) ;
#1459 = CARTESIAN_POINT ( 'NONE',  ( -0.3795275590551180911, 0.1574803149606299191, 0.02952755905511811330 ) ) ;
#1460 = PLANE ( 'NONE',  #6815 ) ;
#1461 = AXIS2_PLACEMENT_3D ( 'NONE', #6975, #5464, #3540 ) ;
#1462 = VECTOR ( 'NONE', #7649, 39.37007874015748143 ) ;
#1463 = CARTESIAN_POINT ( 'NONE',  ( -0.7785433070866142335, 0.1574803149606299191, 0.02854330708661417110 ) ) ;
#1464 = DIRECTION ( 'NONE',  ( 1.000000000000000000, 0.000000000000000000, 0.000000000000000000 ) ) ;
#1465 = DIRECTION ( 'NONE',  ( 0.000000000000000000, 0.000000000000000000, -1.000000000000000000 ) ) ;
#1466 = ORIENTED_EDGE ( 'NONE', *, *, #7765, .T. ) ;
#1467 = DIRECTION ( 'NONE',  ( 0.000000000000000000, 0.000000000000000000, -1.000000000000000000 ) ) ;
#1468 = CARTESIAN_POINT ( 'NONE',  ( -0.4342519685039369914, -0.08858267716535432601, 0.004921259842519684971 ) ) ;
#1469 = ADVANCED_FACE ( 'NONE', ( #4507 ), #6466, .T. ) ;
#1470 = AXIS2_PLACEMENT_3D ( 'NONE', #6484, #8452, #2600 ) ;
#1471 = VECTOR ( 'NONE', #8157, 39.37007874015748143 ) ;
#1472 = LINE ( 'NONE', #2846, #8425 ) ;
#1473 = LINE ( 'NONE', #228, #2261 ) ;
#1474 = PLANE ( 'NONE',  #940 ) ;
#1475 = VECTOR ( 'NONE', #3063, 39.37007874015748143 ) ;
#1476 = DIRECTION ( 'NONE',  ( 0.000000000000000000, 1.000000000000000000, 0.000000000000000000 ) ) ;
#1477 = ORIENTED_EDGE ( 'NONE', *, *, #1178, .T. ) ;
#1478 = VERTEX_POINT ( 'NONE', #8 ) ;
#1479 = EDGE_CURVE ( 'NONE', #4995, #6585, #2625, .T. ) ;
#1480 = DIRECTION ( 'NONE',  ( 1.000000000000000000, 0.000000000000000000, 0.000000000000000000 ) ) ;
#1481 = DIRECTION ( 'NONE',  ( 0.2576626505603140105, -0.9662349396012511749, 0.000000000000000000 ) ) ;
#1482 = VECTOR ( 'NONE', #3743, 39.37007874015748143 ) ;
#1483 = VECTOR ( 'NONE', #4491, 39.37007874015748143 ) ;
#1484 = AXIS2_PLACEMENT_3D ( 'NONE', #2409, #6385, #1289 ) ;
#1485 = DIRECTION ( 'NONE',  ( 1.000000000000000000, 0.000000000000000000, 0.000000000000000000 ) ) ;
#1486 = ORIENTED_EDGE ( 'NONE', *, *, #5648, .T. ) ;
#1487 = DIRECTION ( 'NONE',  ( 0.000000000000000000, 0.000000000000000000, -1.000000000000000000 ) ) ;
#1488 = CARTESIAN_POINT ( 'NONE',  ( -0.3795275590551180911, 0.1574803149606299191, -0.02952755905511811330 ) ) ;
#1489 = CARTESIAN_POINT ( 'NONE',  ( -0.9303149606299213614, 0.1850393700787401619, 0.01968503937007873988 ) ) ;
#1490 = VECTOR ( 'NONE', #4402, 39.37007874015748143 ) ;
#1491 = ORIENTED_EDGE ( 'NONE', *, *, #8459, .F. ) ;
#1492 = AXIS2_PLACEMENT_3D ( 'NONE', #3407, #2758, #4083 ) ;
#1493 = ORIENTED_EDGE ( 'NONE', *, *, #6993, .T. ) ;
#1494 = FACE_BOUND ( 'NONE', #4277, .T. ) ;
#1495 = ORIENTED_EDGE ( 'NONE', *, *, #5094, .T. ) ;
#1496 = DIRECTION ( 'NONE',  ( 0.000000000000000000, 0.000000000000000000, -1.000000000000000000 ) ) ;
#1497 = APPLICATION_PROTOCOL_DEFINITION ( 'draft international standard', 'automotive_design', 1998, #562 ) ;
#1498 = VECTOR ( 'NONE', #2568, 39.37007874015748143 ) ;
#1499 = ORIENTED_EDGE ( 'NONE', *, *, #2669, .T. ) ;
#1500 = CARTESIAN_POINT ( 'NONE',  ( -0.7303149606299212948, 0.1850393700787401619, 0.01968503937007873988 ) ) ;
#1501 = LINE ( 'NONE', #4699, #213 ) ;
#1502 = ORIENTED_EDGE ( 'NONE', *, *, #4854, .T. ) ;
#1503 = ORIENTED_EDGE ( 'NONE', *, *, #3745, .T. ) ;
#1504 = ORIENTED_EDGE ( 'NONE', *, *, #255, .F. ) ;
#1505 = CARTESIAN_POINT ( 'NONE',  ( -0.7795275590551181688, 0.1574803149606299191, 0.02952755905511811330 ) ) ;
#1506 = LINE ( 'NONE', #2100, #253 ) ;
#1507 = CARTESIAN_POINT ( 'NONE',  ( -0.5421259842519684513, -0.1181102362204724532, 0.01279527559055118092 ) ) ;
#1508 = DIRECTION ( 'NONE',  ( 0.000000000000000000, -1.000000000000000000, 0.000000000000000000 ) ) ;
#1509 = CARTESIAN_POINT ( 'NONE',  ( -0.2303149606299212671, 0.1850393700787401619, 0.01968503937007873988 ) ) ;
#1510 = LINE ( 'NONE', #6725, #3415 ) ;
#1511 = DIRECTION ( 'NONE',  ( -1.000000000000000000, 0.000000000000000000, 0.000000000000000000 ) ) ;
#1512 = EDGE_LOOP ( 'NONE', ( #112, #3556, #581, #4039, #8400, #3722 ) ) ;
#1513 = EDGE_CURVE ( 'NONE', #7847, #1102, #2242, .T. ) ;
#1514 = CARTESIAN_POINT ( 'NONE',  ( -0.7421259842519685179, -0.1181102362204724532, -0.01279527559055118092 ) ) ;
#1515 = ADVANCED_FACE ( 'NONE', ( #965 ), #2209, .T. ) ;
#1516 = PLANE ( 'NONE',  #2292 ) ;
#1517 = FACE_OUTER_BOUND ( 'NONE', #2643, .T. ) ;
#1518 = PLANE ( 'NONE',  #1492 ) ;
#1519 = DIRECTION ( 'NONE',  ( 1.000000000000000000, 0.000000000000000000, 0.000000000000000000 ) ) ;
#1520 = EDGE_LOOP ( 'NONE', ( #7024, #7287, #3335, #4164 ) ) ;
#1521 = ORIENTED_EDGE ( 'NONE', *, *, #400, .F. ) ;
#1522 = EDGE_CURVE ( 'NONE', #6585, #2251, #3454, .T. ) ;
#1523 = CARTESIAN_POINT ( 'NONE',  ( -0.9578740157480315487, -0.1181102362204724532, 0.004921259842519684971 ) ) ;
#1524 = DIRECTION ( 'NONE',  ( 0.000000000000000000, 0.000000000000000000, 1.000000000000000000 ) ) ;
#1525 = CARTESIAN_POINT ( 'NONE',  ( -0.7795275590551181688, 0.000000000000000000, 0.000000000000000000 ) ) ;
#1526 = EDGE_CURVE ( 'NONE', #8198, #8201, #314, .T. ) ;
#1527 = ORIENTED_EDGE ( 'NONE', *, *, #7695, .F. ) ;
#1528 = CARTESIAN_POINT ( 'NONE',  ( -0.6106299212598425008, 0.000000000000000000, 0.03937007874015747977 ) ) ;
#1529 = CARTESIAN_POINT ( 'NONE',  ( -0.3106299212598425119, 0.000000000000000000, -0.03937007874015747977 ) ) ;
#1530 = DIRECTION ( 'NONE',  ( 0.000000000000000000, 1.000000000000000000, 0.000000000000000000 ) ) ;
#1531 = ORIENTED_EDGE ( 'NONE', *, *, #6369, .F. ) ;
#1532 = ORIENTED_EDGE ( 'NONE', *, *, #6433, .T. ) ;
#1533 = LINE ( 'NONE', #4787, #3532 ) ;
#1534 = EDGE_LOOP ( 'NONE', ( #7278, #488, #4866, #8032 ) ) ;
#1535 = ADVANCED_FACE ( 'NONE', ( #2968 ), #6820, .T. ) ;
#1536 = PLANE ( 'NONE',  #6355 ) ;
#1537 =( LENGTH_UNIT ( ) NAMED_UNIT ( * ) SI_UNIT ( $, .METRE. ) );
#1538 = ORIENTED_EDGE ( 'NONE', *, *, #7808, .T. ) ;
#1539 = LINE ( 'NONE', #2783, #4063 ) ;
#1540 = DIRECTION ( 'NONE',  ( 0.000000000000000000, 0.000000000000000000, -1.000000000000000000 ) ) ;
#1541 = EDGE_LOOP ( 'NONE', ( #8113, #3410, #4241, #7069 ) ) ;
#1542 = ORIENTED_EDGE ( 'NONE', *, *, #2532, .F. ) ;
#1543 = ORIENTED_EDGE ( 'NONE', *, *, #2136, .T. ) ;
#1544 = CARTESIAN_POINT ( 'NONE',  ( -0.9893700787401574770, 0.000000000000000000, -0.03937007874015747977 ) ) ;
#1545 = PLANE ( 'NONE',  #100 ) ;
#1546 = CARTESIAN_POINT ( 'NONE',  ( -0.3785433070866142113, 0.01181102362204724393, -0.02854330708661417110 ) ) ;
#1547 = CARTESIAN_POINT ( 'NONE',  ( -0.3312992125984252079, 0.02165354330708661734, 0.01870078740157480462 ) ) ;
#1548 = CARTESIAN_POINT ( 'NONE',  ( -0.3687007874015748032, 0.1574803149606299191, -0.01870078740157480462 ) ) ;
#1549 = DIRECTION ( 'NONE',  ( -0.9662349396012511749, -0.2576626505603140105, 0.000000000000000000 ) ) ;
#1550 = CARTESIAN_POINT ( 'NONE',  ( -0.8795275590551180356, 0.1574803149606299191, 0.02952755905511811330 ) ) ;
#1551 = ORIENTED_EDGE ( 'NONE', *, *, #2532, .T. ) ;
#1552 = ADVANCED_FACE ( 'NONE', ( #2807 ), #6177, .T. ) ;
#1553 = PLANE ( 'NONE',  #8161 ) ;
#1554 = EDGE_CURVE ( 'NONE', #2201, #2251, #8131, .T. ) ;
#1555 = PLANE ( 'NONE',  #1582 ) ;
#1556 = DIRECTION ( 'NONE',  ( 1.000000000000000000, 0.000000000000000000, 0.000000000000000000 ) ) ;
#1557 = EDGE_CURVE ( 'NONE', #3862, #4370, #878, .T. ) ;
#1558 = PLANE ( 'NONE',  #4778 ) ;
#1559 = ORIENTED_EDGE ( 'NONE', *, *, #4929, .F. ) ;
#1560 = DIRECTION ( 'NONE',  ( 0.000000000000000000, 0.000000000000000000, 1.000000000000000000 ) ) ;
#1561 = CARTESIAN_POINT ( 'NONE',  ( -0.6795275590551181910, 0.01181102362204724393, -0.02952755905511811330 ) ) ;
#1562 = EDGE_CURVE ( 'NONE', #4388, #5975, #1000, .T. ) ;
#1563 = LINE ( 'NONE', #8294, #3650 ) ;
#1564 = ADVANCED_FACE ( 'NONE', ( #4722 ), #6737, .T. ) ;
#1565 = VERTEX_POINT ( 'NONE', #5529 ) ;
#1566 = CARTESIAN_POINT ( 'NONE',  ( -0.5795275590551181022, 0.1574803149606299191, 0.02952755905511811330 ) ) ;
#1567 = LINE ( 'NONE', #8186, #8036 ) ;
#1568 = DIRECTION ( 'NONE',  ( 0.2576626505603140105, 0.9662349396012511749, 0.000000000000000000 ) ) ;
#1569 = ORIENTED_EDGE ( 'NONE', *, *, #5072, .T. ) ;
#1570 = ORIENTED_EDGE ( 'NONE', *, *, #5400, .F. ) ;
#1571 = EDGE_CURVE ( 'NONE', #1607, #5025, #2280, .T. ) ;
#1572 = EDGE_LOOP ( 'NONE', ( #4937, #4509, #633, #7979 ) ) ;
#1573 = VECTOR ( 'NONE', #7019, 39.37007874015748143 ) ;
#1574 = DIRECTION ( 'NONE',  ( 0.000000000000000000, 1.000000000000000000, 0.000000000000000000 ) ) ;
#1575 = VERTEX_POINT ( 'NONE', #5461 ) ;
#1576 = CARTESIAN_POINT ( 'NONE',  ( -0.3687007874015748032, 0.02165354330708661734, 0.01870078740157480462 ) ) ;
#1577 = VECTOR ( 'NONE', #1511, 39.37007874015748143 ) ;
#1578 = LINE ( 'NONE', #4185, #339 ) ;
#1579 = ORIENTED_EDGE ( 'NONE', *, *, #6535, .T. ) ;
#1580 = EDGE_LOOP ( 'NONE', ( #8236, #7585, #2935, #8326 ) ) ;
#1581 = EDGE_LOOP ( 'NONE', ( #6556, #1408, #5023, #6062 ) ) ;
#1582 = AXIS2_PLACEMENT_3D ( 'NONE', #4026, #5409, #4675 ) ;
#1583 = CARTESIAN_POINT ( 'NONE',  ( -0.5785433070866141669, 0.01181102362204724393, 0.02854330708661417110 ) ) ;
#1584 = DIRECTION ( 'NONE',  ( 0.000000000000000000, 1.000000000000000000, 0.000000000000000000 ) ) ;
#1585 = CARTESIAN_POINT ( 'NONE',  ( -0.9721456692913386100, 0.01181102362204724393, -0.01279527559055118092 ) ) ;
#1586 = FACE_OUTER_BOUND ( 'NONE', #5826, .T. ) ;
#1587 = EDGE_CURVE ( 'NONE', #4363, #7574, #2166, .T. ) ;
#1588 = DIRECTION ( 'NONE',  ( 0.000000000000000000, 1.000000000000000000, 0.000000000000000000 ) ) ;
#1589 = VECTOR ( 'NONE', #1643, 39.37007874015748143 ) ;
#1591 = LINE ( 'NONE', #6845, #6770 ) ;
#1590 = AXIS2_PLACEMENT_3D ( 'NONE', #1798, #7051, #2444 ) ;
#1592 = ORIENTED_EDGE ( 'NONE', *, *, #1352, .T. ) ;
#1593 = ORIENTED_EDGE ( 'NONE', *, *, #4585, .T. ) ;
#1594 = VECTOR ( 'NONE', #6057, 39.37007874015748143 ) ;
#1595 = DIRECTION ( 'NONE',  ( 0.000000000000000000, 0.000000000000000000, 1.000000000000000000 ) ) ;
#1596 = DIRECTION ( 'NONE',  ( 1.000000000000000000, 0.000000000000000000, 0.000000000000000000 ) ) ;
#1597 = LINE ( 'NONE', #4205, #5308 ) ;
#1598 = EDGE_LOOP ( 'NONE', ( #4102, #4375, #1884, #5074 ) ) ;
#1599 = CARTESIAN_POINT ( 'NONE',  ( -0.9657480314960630308, -0.08858267716535432601, 0.01279527559055118092 ) ) ;
#1601 = LINE ( 'NONE', #966, #343 ) ;
#1600 = VECTOR ( 'NONE', #5734, 39.37007874015748143 ) ;
#1602 = DIRECTION ( 'NONE',  ( 0.000000000000000000, -1.000000000000000000, 0.000000000000000000 ) ) ;
#1603 = ORIENTED_EDGE ( 'NONE', *, *, #1479, .T. ) ;
#1604 = LINE ( 'NONE', #5534, #3341 ) ;
#1605 = DIRECTION ( 'NONE',  ( 0.000000000000000000, 0.000000000000000000, -1.000000000000000000 ) ) ;
#1606 = LINE ( 'NONE', #1006, #6381 ) ;
#1607 = VERTEX_POINT ( 'NONE', #1642 ) ;
#1608 = EDGE_CURVE ( 'NONE', #5188, #4425, #4776, .T. ) ;
#1609 = VECTOR ( 'NONE', #697, 39.37007874015748143 ) ;
#1610 = ADVANCED_FACE ( 'NONE', ( #8063 ), #4165, .T. ) ;
#1611 = EDGE_LOOP ( 'NONE', ( #7633, #4304, #2139, #7758 ) ) ;
#1612 = VECTOR ( 'NONE', #5309, 39.37007874015748143 ) ;
#1613 = VECTOR ( 'NONE', #2367, 39.37007874015748143 ) ;
#1614 = EDGE_CURVE ( 'NONE', #3551, #7662, #350, .T. ) ;
#1615 = DIRECTION ( 'NONE',  ( 0.000000000000000000, 1.000000000000000000, 0.000000000000000000 ) ) ;
#1616 = EDGE_LOOP ( 'NONE', ( #4588, #8247, #3151, #6323 ) ) ;
#1617 = CARTESIAN_POINT ( 'NONE',  ( -0.8893700787401574992, 0.01181102362204724393, 0.03937007874015747977 ) ) ;
#1618 = VECTOR ( 'NONE', #6637, 39.37007874015748143 ) ;
#1619 = VECTOR ( 'NONE', #7723, 39.37007874015748143 ) ;
#1620 = AXIS2_PLACEMENT_3D ( 'NONE', #5660, #2579, #3893 ) ;
#1621 = DIRECTION ( 'NONE',  ( 0.7071067811865475727, 0.7071067811865475727, 0.000000000000000000 ) ) ;
#1622 = ORIENTED_EDGE ( 'NONE', *, *, #2349, .T. ) ;
#1623 = CARTESIAN_POINT ( 'NONE',  ( -0.3785433070866142113, 0.01181102362204724393, -0.02854330708661417110 ) ) ;
#1624 = ORIENTED_EDGE ( 'NONE', *, *, #3283, .F. ) ;
#1625 = AXIS2_PLACEMENT_3D ( 'NONE', #1631, #8208, #5152 ) ;
#1626 = CARTESIAN_POINT ( 'NONE',  ( -0.7214566929133858775, 0.01181102362204724393, -0.02854330708661417110 ) ) ;
#1627 = CARTESIAN_POINT ( 'NONE',  ( -1.009842519685039353, 0.000000000000000000, 0.04921259842519685318 ) ) ;
#1628 = DIRECTION ( 'NONE',  ( 0.000000000000000000, 1.000000000000000000, 0.000000000000000000 ) ) ;
#1629 = LINE ( 'NONE', #3001, #5163 ) ;
#1630 = EDGE_CURVE ( 'NONE', #295, #791, #7967, .T. ) ;
#1631 = CARTESIAN_POINT ( 'NONE',  ( -0.6785433070866142558, 0.1574803149606299191, 0.02854330708661417110 ) ) ;
#1632 = AXIS2_PLACEMENT_3D ( 'NONE', #230, #6049, #4772 ) ;
#1633 = PLANE ( 'NONE',  #5407 ) ;
#1634 = ORIENTED_EDGE ( 'NONE', *, *, #5120, .F. ) ;
#1635 = VERTEX_POINT ( 'NONE', #8096 ) ;
#1636 = ADVANCED_FACE ( 'NONE', ( #6698 ), #6377, .F. ) ;
#1637 = DIRECTION ( 'NONE',  ( 0.000000000000000000, 0.000000000000000000, -1.000000000000000000 ) ) ;
#1638 = LINE ( 'NONE', #8091, #7483 ) ;
#1639 = FACE_OUTER_BOUND ( 'NONE', #6788, .T. ) ;
#1640 = LINE ( 'NONE', #4247, #520 ) ;
#1641 = ORIENTED_EDGE ( 'NONE', *, *, #1132, .F. ) ;
#1642 = CARTESIAN_POINT ( 'NONE',  ( -0.6785433070866142558, 0.01181102362204724393, 0.02854330708661417110 ) ) ;
#1643 = DIRECTION ( 'NONE',  ( 1.000000000000000000, 0.000000000000000000, 0.000000000000000000 ) ) ;
#1644 = VERTEX_POINT ( 'NONE', #523 ) ;
#1645 = DIRECTION ( 'NONE',  ( 1.000000000000000000, 0.000000000000000000, 0.000000000000000000 ) ) ;
#1646 = LINE ( 'NONE', #8140, #3789 ) ;
#1647 = DIRECTION ( 'NONE',  ( 1.000000000000000000, 0.000000000000000000, 0.000000000000000000 ) ) ;
#1648 = ORIENTED_EDGE ( 'NONE', *, *, #3228, .T. ) ;
#1649 = ORIENTED_EDGE ( 'NONE', *, *, #3602, .F. ) ;
#1650 = VERTEX_POINT ( 'NONE', #1160 ) ;
#1651 = DIRECTION ( 'NONE',  ( -0.000000000000000000, 1.000000000000000000, 0.000000000000000000 ) ) ;
#1652 = ORIENTED_EDGE ( 'NONE', *, *, #1055, .T. ) ;
#1653 = PLANE ( 'NONE',  #3920 ) ;
#1654 = EDGE_CURVE ( 'NONE', #5478, #3833, #7566, .T. ) ;
#1655 = EDGE_CURVE ( 'NONE', #3059, #3732, #6420, .T. ) ;
#1656 = DIRECTION ( 'NONE',  ( -1.000000000000000000, 0.000000000000000000, 0.000000000000000000 ) ) ;
#1657 = ORIENTED_EDGE ( 'NONE', *, *, #7993, .T. ) ;
#1658 = DIRECTION ( 'NONE',  ( 1.000000000000000000, 0.000000000000000000, 0.000000000000000000 ) ) ;
#1659 = ORIENTED_EDGE ( 'NONE', *, *, #7714, .T. ) ;
#1660 = ADVANCED_FACE ( 'NONE', ( #1681 ), #5741, .T. ) ;
#1661 = CARTESIAN_POINT ( 'NONE',  ( -0.4578740157480314932, -0.1181102362204724532, -0.01279527559055118092 ) ) ;
#1662 = CARTESIAN_POINT ( 'NONE',  ( -0.8106299212598425674, 0.01181102362204724393, -0.03937007874015747977 ) ) ;
#1663 = VERTEX_POINT ( 'NONE', #8181 ) ;
#1664 = CARTESIAN_POINT ( 'NONE',  ( -0.7342519685039370358, 0.01181102362204724393, 0.01279527559055118092 ) ) ;
#1665 = PLANE ( 'NONE',  #5454 ) ;
#1666 = EDGE_CURVE ( 'NONE', #5916, #1194, #2327, .T. ) ;
#1667 = LINE ( 'NONE', #2914, #2036 ) ;
#1668 = CARTESIAN_POINT ( 'NONE',  ( -0.3785433070866142113, 0.1574803149606299191, -0.02854330708661417110 ) ) ;
#1669 = ORIENTED_EDGE ( 'NONE', *, *, #5432, .F. ) ;
#1670 = ORIENTED_EDGE ( 'NONE', *, *, #2439, .F. ) ;
#1671 = EDGE_CURVE ( 'NONE', #3512, #7838, #4326, .T. ) ;
#1672 = EDGE_CURVE ( 'NONE', #5855, #2201, #6257, .T. ) ;
#1673 = LINE ( 'NONE', #6932, #5156 ) ;
#1674 = DIRECTION ( 'NONE',  ( 1.000000000000000000, 0.000000000000000000, 0.000000000000000000 ) ) ;
#1675 = LINE ( 'NONE', #961, #5532 ) ;
#1676 = EDGE_CURVE ( 'NONE', #2466, #8358, #3136, .T. ) ;
#1677 = DIRECTION ( 'NONE',  ( 1.000000000000000000, 0.000000000000000000, 0.000000000000000000 ) ) ;
#1678 = ADVANCED_FACE ( 'NONE', ( #7685 ), #1123, .T. ) ;
#1679 = ORIENTED_EDGE ( 'NONE', *, *, #8106, .F. ) ;
#1680 = EDGE_CURVE ( 'NONE', #8457, #5290, #1207, .T. ) ;
#1681 = FACE_OUTER_BOUND ( 'NONE', #3822, .T. ) ;
#1682 = CARTESIAN_POINT ( 'NONE',  ( -0.4795275590551181244, 0.01181102362204724393, 0.02952755905511811330 ) ) ;
#1683 = VERTEX_POINT ( 'NONE', #3693 ) ;
#1684 = CARTESIAN_POINT ( 'NONE',  ( -0.5795275590551181022, 0.01181102362204724393, 0.02952755905511811330 ) ) ;
#1685 = CARTESIAN_POINT ( 'NONE',  ( -0.2687007874015748254, 0.1574803149606299191, -0.01870078740157480462 ) ) ;
#1686 = EDGE_CURVE ( 'NONE', #4656, #6643, #5654, .T. ) ;
#1687 = CARTESIAN_POINT ( 'NONE',  ( -0.9342519685039371025, 0.01181102362204724393, -0.01279527559055118092 ) ) ;
#1688 = ORIENTED_EDGE ( 'NONE', *, *, #7652, .T. ) ;
#1689 = ORIENTED_EDGE ( 'NONE', *, *, #6160, .T. ) ;
#1690 = ORIENTED_EDGE ( 'NONE', *, *, #7559, .F. ) ;
#1691 = DIRECTION ( 'NONE',  ( 0.000000000000000000, 0.000000000000000000, 1.000000000000000000 ) ) ;
#1692 = VERTEX_POINT ( 'NONE', #8258 ) ;
#1693 = LINE ( 'NONE', #291, #5832 ) ;
#1694 = VECTOR ( 'NONE', #6824, 39.37007874015748143 ) ;
#1695 = CARTESIAN_POINT ( 'NONE',  ( -1.009842519685039353, 0.01181102362204724393, 0.03937007874015747977 ) ) ;
#1696 = ORIENTED_EDGE ( 'NONE', *, *, #5526, .T. ) ;
#1697 = CARTESIAN_POINT ( 'NONE',  ( -0.6312992125984252523, 0.1574803149606299191, -0.01870078740157480462 ) ) ;
#1698 = ORIENTED_EDGE ( 'NONE', *, *, #4168, .F. ) ;
#1699 = ADVANCED_FACE ( 'NONE', ( #2402 ), #7615, .F. ) ;
#1700 = CARTESIAN_POINT ( 'NONE',  ( -0.8204724409448819200, 0.000000000000000000, 0.000000000000000000 ) ) ;
#1701 = DIRECTION ( 'NONE',  ( 0.5773502691896257311, 0.5773502691896257311, 0.5773502691896257311 ) ) ;
#1702 = VERTEX_POINT ( 'NONE', #4371 ) ;
#1703 = PLANE ( 'NONE',  #8414 ) ;
#1704 = CARTESIAN_POINT ( 'NONE',  ( -0.6204724409448818534, 0.1574803149606299191, -0.02952755905511811330 ) ) ;
#1705 = FACE_OUTER_BOUND ( 'NONE', #46, .T. ) ;
#1706 = DIRECTION ( 'NONE',  ( 0.000000000000000000, 1.000000000000000000, 0.000000000000000000 ) ) ;
#1707 = EDGE_LOOP ( 'NONE', ( #1368, #930, #1097, #1225 ) ) ;
#1708 = ORIENTED_EDGE ( 'NONE', *, *, #5384, .F. ) ;
#1709 = AXIS2_PLACEMENT_3D ( 'NONE', #6445, #2604, #2002 ) ;
#1710 = VECTOR ( 'NONE', #138, 39.37007874015748143 ) ;
#1711 = EDGE_CURVE ( 'NONE', #410, #4313, #5091, .T. ) ;
#1712 = EDGE_CURVE ( 'NONE', #3452, #2390, #4449, .T. ) ;
#1713 = ADVANCED_FACE ( 'NONE', ( #1840 ), #6894, .T. ) ;
#1714 = LINE ( 'NONE', #341, #2285 ) ;
#1715 = PLANE ( 'NONE',  #3397 ) ;
#1716 = DIRECTION ( 'NONE',  ( 0.000000000000000000, -1.000000000000000000, 0.000000000000000000 ) ) ;
#1717 = PLANE ( 'NONE',  #254 ) ;
#1718 = EDGE_CURVE ( 'NONE', #6893, #3512, #8302, .T. ) ;
#1719 = ORIENTED_EDGE ( 'NONE', *, *, #1043, .T. ) ;
#1720 = CARTESIAN_POINT ( 'NONE',  ( -0.7312992125984252301, 0.1574803149606299191, 0.01870078740157480462 ) ) ;
#1721 = DIRECTION ( 'NONE',  ( 0.000000000000000000, 0.000000000000000000, -1.000000000000000000 ) ) ;
#1722 = VECTOR ( 'NONE', #3051, 39.37007874015748143 ) ;
#1723 = ORIENTED_EDGE ( 'NONE', *, *, #6755, .F. ) ;
#1724 = PLANE ( 'NONE',  #3746 ) ;
#1725 = CARTESIAN_POINT ( 'NONE',  ( -0.4204724409448818978, 0.01181102362204724393, 0.02952755905511811330 ) ) ;
#1726 = SHAPE_REPRESENTATION ( '8-Pin Header - Female - 2.54mm', ( #5455, #6674 ), #4480 ) ;
#1727 = EDGE_CURVE ( 'NONE', #4991, #2787, #3649, .T. ) ;
#1728 = AXIS2_PLACEMENT_3D ( 'NONE', #2418, #7792, #665 ) ;
#1729 = LINE ( 'NONE', #6266, #5039 ) ;
#1730 = VERTEX_POINT ( 'NONE', #3210 ) ;
#1731 = CARTESIAN_POINT ( 'NONE',  ( -0.2618110236220472231, -0.1033464566929133965, 0.000000000000000000 ) ) ;
#1732 = ORIENTED_EDGE ( 'NONE', *, *, #6749, .T. ) ;
#1733 = ORIENTED_EDGE ( 'NONE', *, *, #4595, .F. ) ;
#1734 = VECTOR ( 'NONE', #7222, 39.37007874015748143 ) ;
#1735 = VECTOR ( 'NONE', #3444, 39.37007874015748143 ) ;
#1736 = ADVANCED_FACE ( 'NONE', ( #5865 ), #7778, .F. ) ;
#1737 = DIRECTION ( 'NONE',  ( 0.000000000000000000, 0.000000000000000000, -1.000000000000000000 ) ) ;
#1738 = ORIENTED_EDGE ( 'NONE', *, *, #2321, .T. ) ;
#1739 = LINE ( 'NONE', #1617, #5564 ) ;
#1740 = VECTOR ( 'NONE', #7944, 39.37007874015748143 ) ;
#1741 = VECTOR ( 'NONE', #4041, 39.37007874015748143 ) ;
#1742 = PLANE ( 'NONE',  #2392 ) ;
#1743 = EDGE_LOOP ( 'NONE', ( #6440, #5755, #5874, #2621 ) ) ;
#1744 = DIRECTION ( 'NONE',  ( -1.000000000000000000, 0.000000000000000000, 0.000000000000000000 ) ) ;
#1745 = ORIENTED_EDGE ( 'NONE', *, *, #251, .T. ) ;
#1746 = LINE ( 'NONE', #5637, #2268 ) ;
#1747 = VECTOR ( 'NONE', #1595, 39.37007874015748143 ) ;
#1748 = FACE_OUTER_BOUND ( 'NONE', #6757, .T. ) ;
#1749 = VECTOR ( 'NONE', #5078, 39.37007874015748143 ) ;
#1750 = VECTOR ( 'NONE', #4292, 39.37007874015748143 ) ;
#1751 = ORIENTED_EDGE ( 'NONE', *, *, #6411, .F. ) ;
#1752 = LINE ( 'NONE', #3754, #3777 ) ;
#1753 = CARTESIAN_POINT ( 'NONE',  ( -0.6303149606299213170, 0.1574803149606299191, -0.01968503937007873988 ) ) ;
#1754 = CARTESIAN_POINT ( 'NONE',  ( -0.6721456692913386766, 0.01181102362204724393, -0.01279527559055118092 ) ) ;
#1755 = ORIENTED_EDGE ( 'NONE', *, *, #3696, .T. ) ;
#1756 = ORIENTED_EDGE ( 'NONE', *, *, #2534, .F. ) ;
#1757 = VECTOR ( 'NONE', #6039, 39.37007874015748143 ) ;
#1758 = VECTOR ( 'NONE', #7609, 39.37007874015748143 ) ;
#1759 = PLANE ( 'NONE',  #3389 ) ;
#1760 = DIRECTION ( 'NONE',  ( 1.000000000000000000, 0.000000000000000000, 0.000000000000000000 ) ) ;
#1761 = DIRECTION ( 'NONE',  ( 0.000000000000000000, 1.000000000000000000, 0.000000000000000000 ) ) ;
#1762 = AXIS2_PLACEMENT_3D ( 'NONE', #886, #6023, #751 ) ;
#1763 = DIRECTION ( 'NONE',  ( 0.000000000000000000, 0.000000000000000000, 1.000000000000000000 ) ) ;
#1764 = CARTESIAN_POINT ( 'NONE',  ( -0.3578740157480315154, -0.1181102362204724532, -0.01279527559055118092 ) ) ;
#1765 = EDGE_CURVE ( 'NONE', #3365, #4660, #643, .T. ) ;
#1766 = ORIENTED_EDGE ( 'NONE', *, *, #5215, .T. ) ;
#1767 = EDGE_CURVE ( 'NONE', #1565, #16, #3348, .T. ) ;
#1768 = CARTESIAN_POINT ( 'NONE',  ( -0.5303149606299212282, 0.000000000000000000, 0.000000000000000000 ) ) ;
#1769 = DIRECTION ( 'NONE',  ( 0.000000000000000000, 0.000000000000000000, -1.000000000000000000 ) ) ;
#1770 = ORIENTED_EDGE ( 'NONE', *, *, #5548, .T. ) ;
#1771 = CARTESIAN_POINT ( 'NONE',  ( -0.2185039370078740439, 0.1968503937007874127, 0.03149606299212598381 ) ) ;
#1772 = CARTESIAN_POINT ( 'NONE',  ( -0.8657480314960629419, 0.000000000000000000, 0.000000000000000000 ) ) ;
#1773 = EDGE_CURVE ( 'NONE', #7209, #4278, #6632, .T. ) ;
#1774 = LINE ( 'NONE', #4218, #2042 ) ;
#1775 = ORIENTED_EDGE ( 'NONE', *, *, #5648, .F. ) ;
#1776 = LINE ( 'NONE', #5024, #2405 ) ;
#1777 = EDGE_LOOP ( 'NONE', ( #4175, #1149, #6072, #6229 ) ) ;
#1778 = VERTEX_POINT ( 'NONE', #4534 ) ;
#1779 = EDGE_CURVE ( 'NONE', #3785, #6185, #7228, .T. ) ;
#1780 = CARTESIAN_POINT ( 'NONE',  ( -0.6795275590551181910, 0.01181102362204724393, -0.02952755905511811330 ) ) ;
#1781 = VERTEX_POINT ( 'NONE', #731 ) ;
#1782 = CARTESIAN_POINT ( 'NONE',  ( -0.6204724409448818534, 0.1574803149606299191, -0.02952755905511811330 ) ) ;
#1783 = LINE ( 'NONE', #7702, #7344 ) ;
#1784 = ADVANCED_FACE ( 'NONE', ( #7136 ), #5947, .T. ) ;
#1785 = ORIENTED_EDGE ( 'NONE', *, *, #4905, .F. ) ;
#1786 = DIRECTION ( 'NONE',  ( 0.000000000000000000, 0.000000000000000000, 1.000000000000000000 ) ) ;
#1787 = ORIENTED_EDGE ( 'NONE', *, *, #3771, .T. ) ;
#1788 = LINE ( 'NONE', #2997, #5950 ) ;
#1789 = DIRECTION ( 'NONE',  ( -1.000000000000000000, 0.000000000000000000, 0.000000000000000000 ) ) ;
#1790 = VERTEX_POINT ( 'NONE', #4672 ) ;
#1791 = CARTESIAN_POINT ( 'NONE',  ( -0.2421259842519685179, -0.1181102362204724532, 0.01279527559055118092 ) ) ;
#1792 = CARTESIAN_POINT ( 'NONE',  ( -0.5303149606299212282, 0.1574803149606299191, 0.01968503937007873988 ) ) ;
#1793 = ORIENTED_EDGE ( 'NONE', *, *, #787, .F. ) ;
#1794 = ORIENTED_EDGE ( 'NONE', *, *, #1091, .T. ) ;
#1795 = DIRECTION ( 'NONE',  ( 1.000000000000000000, 0.000000000000000000, 0.000000000000000000 ) ) ;
#1796 = DIRECTION ( 'NONE',  ( 0.000000000000000000, 0.000000000000000000, -1.000000000000000000 ) ) ;
#1797 = DIRECTION ( 'NONE',  ( 0.000000000000000000, 1.000000000000000000, 0.000000000000000000 ) ) ;
#1798 = CARTESIAN_POINT ( 'NONE',  ( -0.6893700787401575436, 0.01181102362204724393, 0.03937007874015747977 ) ) ;
#1799 = CARTESIAN_POINT ( 'NONE',  ( -0.7106299212598425896, 0.000000000000000000, 0.03937007874015747977 ) ) ;
#1800 = VERTEX_POINT ( 'NONE', #5773 ) ;
#1801 = DIRECTION ( 'NONE',  ( -1.000000000000000000, 0.000000000000000000, 0.000000000000000000 ) ) ;
#1802 = LINE ( 'NONE', #7686, #7317 ) ;
#1803 = EDGE_CURVE ( 'NONE', #1397, #7349, #5181, .T. ) ;
#1804 = EDGE_CURVE ( 'NONE', #5928, #855, #5903, .T. ) ;
#1805 = CARTESIAN_POINT ( 'NONE',  ( -0.6785433070866142558, 0.1574803149606299191, 0.02854330708661417110 ) ) ;
#1806 = ORIENTED_EDGE ( 'NONE', *, *, #2136, .F. ) ;
#1807 = CARTESIAN_POINT ( 'NONE',  ( -0.4578740157480314932, -0.1181102362204724532, -0.01279527559055118092 ) ) ;
#1808 = FACE_BOUND ( 'NONE', #4921, .T. ) ;
#1809 = CARTESIAN_POINT ( 'NONE',  ( -0.8687007874015748587, 0.02165354330708661734, 0.01870078740157480462 ) ) ;
#1810 = EDGE_LOOP ( 'NONE', ( #3312, #3871, #3052, #7515 ) ) ;
#1811 = DIRECTION ( 'NONE',  ( 1.000000000000000000, 0.000000000000000000, 0.000000000000000000 ) ) ;
#1812 = ORIENTED_EDGE ( 'NONE', *, *, #7734, .F. ) ;
#1813 = ORIENTED_EDGE ( 'NONE', *, *, #6260, .F. ) ;
#1814 = EDGE_CURVE ( 'NONE', #2642, #2422, #2706, .T. ) ;
#1815 = ADVANCED_FACE ( 'NONE', ( #5133 ), #7730, .F. ) ;
#1816 = SURFACE_SIDE_STYLE ('',( #3278 ) ) ;
#1817 = ORIENTED_EDGE ( 'NONE', *, *, #526, .F. ) ;
#1818 = DIRECTION ( 'NONE',  ( 0.000000000000000000, 0.000000000000000000, -1.000000000000000000 ) ) ;
#1819 = DIRECTION ( 'NONE',  ( 0.000000000000000000, -1.000000000000000000, 0.000000000000000000 ) ) ;
#1820 = EDGE_CURVE ( 'NONE', #859, #3007, #2614, .T. ) ;
#1821 = ORIENTED_EDGE ( 'NONE', *, *, #7140, .F. ) ;
#1822 = LINE ( 'NONE', #2500, #4473 ) ;
#1823 = ORIENTED_EDGE ( 'NONE', *, *, #680, .F. ) ;
#1824 = DIRECTION ( 'NONE',  ( 0.000000000000000000, 0.000000000000000000, -1.000000000000000000 ) ) ;
#1825 = DIRECTION ( 'NONE',  ( 0.000000000000000000, -1.000000000000000000, 0.000000000000000000 ) ) ;
#1826 = EDGE_LOOP ( 'NONE', ( #5503, #2416, #5796, #6419 ) ) ;
#1827 = DIRECTION ( 'NONE',  ( 0.000000000000000000, -1.000000000000000000, 0.000000000000000000 ) ) ;
#1828 = VECTOR ( 'NONE', #6743, 39.37007874015748143 ) ;
#1829 = LINE ( 'NONE', #4435, #895 ) ;
#1830 = ORIENTED_EDGE ( 'NONE', *, *, #7152, .T. ) ;
#1831 = ORIENTED_EDGE ( 'NONE', *, *, #3398, .T. ) ;
#1832 = ADVANCED_FACE ( 'NONE', ( #3980 ), #2573, .F. ) ;
#1833 = PLANE ( 'NONE',  #3928 ) ;
#1834 = CARTESIAN_POINT ( 'NONE',  ( -0.3312992125984252079, 0.02165354330708661734, 0.01870078740157480462 ) ) ;
#1835 = DIRECTION ( 'NONE',  ( 1.000000000000000000, 0.000000000000000000, 0.000000000000000000 ) ) ;
#1836 = CARTESIAN_POINT ( 'NONE',  ( -0.9687007874015747255, 0.1574803149606299191, -0.01870078740157480462 ) ) ;
#1837 = LINE ( 'NONE', #1157, #7894 ) ;
#1838 = AXIS2_PLACEMENT_3D ( 'NONE', #5508, #1621, #943 ) ;
#1839 = ORIENTED_EDGE ( 'NONE', *, *, #7470, .T. ) ;
#1840 = FACE_OUTER_BOUND ( 'NONE', #3902, .T. ) ;
#1841 = LINE ( 'NONE', #1245, #490 ) ;
#1842 = CARTESIAN_POINT ( 'NONE',  ( -0.2312992125984252023, 0.1574803149606299191, 0.01870078740157480462 ) ) ;
#1843 = LINE ( 'NONE', #1890, #890 ) ;
#1844 = DIRECTION ( 'NONE',  ( 0.000000000000000000, 0.000000000000000000, 1.000000000000000000 ) ) ;
#1845 = CARTESIAN_POINT ( 'NONE',  ( -0.2303149606299212671, 0.1850393700787401619, 0.01968503937007873988 ) ) ;
#1846 = ORIENTED_EDGE ( 'NONE', *, *, #4082, .F. ) ;
#1847 = LINE ( 'NONE', #2527, #7709 ) ;
#1848 = VERTEX_POINT ( 'NONE', #5222 ) ;
#1849 = VECTOR ( 'NONE', #4714, 39.37007874015748143 ) ;
#1850 = ORIENTED_EDGE ( 'NONE', *, *, #4526, .F. ) ;
#1851 = CARTESIAN_POINT ( 'NONE',  ( -0.2657480314960630197, -0.08858267716535432601, 0.01279527559055118092 ) ) ;
#1852 = VECTOR ( 'NONE', #8351, 39.37007874015748143 ) ;
#1853 = EDGE_LOOP ( 'NONE', ( #4899, #3655, #6630, #6065 ) ) ;
#1854 = CARTESIAN_POINT ( 'NONE',  ( -0.9785433070866141891, 0.1574803149606299191, 0.02854330708661417110 ) ) ;
#1855 = DIRECTION ( 'NONE',  ( 0.000000000000000000, 0.7071067811865475727, -0.7071067811865475727 ) ) ;
#1856 = EDGE_CURVE ( 'NONE', #5171, #1342, #7817, .T. ) ;
#1857 = ADVANCED_FACE ( 'NONE', ( #1965 ), #4498, .T. ) ;
#1858 = VERTEX_POINT ( 'NONE', #1244 ) ;
#1859 = EDGE_CURVE ( 'NONE', #3692, #3435, #595, .T. ) ;
#1860 = DIRECTION ( 'NONE',  ( 0.2576626505603140105, 0.9662349396012511749, 0.000000000000000000 ) ) ;
#1861 = ORIENTED_EDGE ( 'NONE', *, *, #8444, .T. ) ;
#1862 = VECTOR ( 'NONE', #547, 39.37007874015748143 ) ;
#1863 = FACE_OUTER_BOUND ( 'NONE', #7409, .T. ) ;
#1864 = CARTESIAN_POINT ( 'NONE',  ( -0.4204724409448818978, 0.01181102362204724393, -0.02952755905511811330 ) ) ;
#1865 = ORIENTED_EDGE ( 'NONE', *, *, #2898, .T. ) ;
#1866 = LINE ( 'NONE', #7845, #782 ) ;
#1867 = VECTOR ( 'NONE', #860, 39.37007874015748143 ) ;
#1868 = VECTOR ( 'NONE', #1282, 39.37007874015748143 ) ;
#1869 = ADVANCED_FACE ( 'NONE', ( #6915 ), #6004, .F. ) ;
#1870 = PLANE ( 'NONE',  #8260 ) ;
#1871 = ORIENTED_EDGE ( 'NONE', *, *, #3327, .F. ) ;
#1872 = VERTEX_POINT ( 'NONE', #3675 ) ;
#1873 = AXIS2_PLACEMENT_3D ( 'NONE', #7560, #6889, #1674 ) ;
#1874 = VECTOR ( 'NONE', #1701, 39.37007874015748854 ) ;
#1875 = VECTOR ( 'NONE', #3460, 39.37007874015748143 ) ;
#1876 = LINE ( 'NONE', #8413, #6254 ) ;
#1877 = ADVANCED_FACE ( 'NONE', ( #8002 ), #418, .F. ) ;
#1878 = CARTESIAN_POINT ( 'NONE',  ( -0.4785433070866141336, 0.1574803149606299191, 0.02854330708661417110 ) ) ;
#1879 = CARTESIAN_POINT ( 'NONE',  ( -0.3657480314960629975, -0.08858267716535432601, -0.01279527559055118092 ) ) ;
#1880 = PLANE ( 'NONE',  #1590 ) ;
#1881 = LINE ( 'NONE', #5652, #7353 ) ;
#1882 = VECTOR ( 'NONE', #1201, 39.37007874015748143 ) ;
#1883 = VECTOR ( 'NONE', #3140, 39.37007874015748143 ) ;
#1884 = ORIENTED_EDGE ( 'NONE', *, *, #7307, .T. ) ;
#1885 = DIRECTION ( 'NONE',  ( 0.000000000000000000, 0.000000000000000000, -1.000000000000000000 ) ) ;
#1886 = CARTESIAN_POINT ( 'NONE',  ( -0.9785433070866141891, 0.01181102362204724393, 0.02854330708661417110 ) ) ;
#1887 = ADVANCED_FACE ( 'NONE', ( #3626 ), #2108, .F. ) ;
#1888 = VECTOR ( 'NONE', #1261, 39.37007874015748143 ) ;
#1889 = LINE ( 'NONE', #8424, #6253 ) ;
#1890 = CARTESIAN_POINT ( 'NONE',  ( -0.7696850393700788162, 0.1574803149606299191, -0.01968503937007873988 ) ) ;
#1891 = LINE ( 'NONE', #1165, #3798 ) ;
#1892 = FACE_OUTER_BOUND ( 'NONE', #5825, .T. ) ;
#1893 = VERTEX_POINT ( 'NONE', #6872 ) ;
#1894 = DIRECTION ( 'NONE',  ( 1.000000000000000000, 0.000000000000000000, 0.000000000000000000 ) ) ;
#1895 = CARTESIAN_POINT ( 'NONE',  ( -0.7696850393700788162, 0.1850393700787401619, 0.01968503937007873988 ) ) ;
#1896 = CARTESIAN_POINT ( 'NONE',  ( -0.6500000000000000222, 0.1909448818897638012, 0.02559055118110236185 ) ) ;
#1897 = VECTOR ( 'NONE', #6734, 39.37007874015748143 ) ;
#1898 = ORIENTED_EDGE ( 'NONE', *, *, #3963, .F. ) ;
#1899 = LINE ( 'NONE', #4510, #6646 ) ;
#1900 = EDGE_LOOP ( 'NONE', ( #5046, #763, #6613, #6507 ) ) ;
#1901 = DIRECTION ( 'NONE',  ( 1.000000000000000000, 0.000000000000000000, 0.000000000000000000 ) ) ;
#1902 = CARTESIAN_POINT ( 'NONE',  ( -0.3687007874015748032, 0.1574803149606299191, 0.01870078740157480462 ) ) ;
#1903 = DIRECTION ( 'NONE',  ( -0.2576626505603140105, 0.9662349396012511749, 0.000000000000000000 ) ) ;
#1904 = ORIENTED_EDGE ( 'NONE', *, *, #7571, .F. ) ;
#1905 = DIRECTION ( 'NONE',  ( 0.000000000000000000, -1.000000000000000000, 0.000000000000000000 ) ) ;
#1906 = ORIENTED_EDGE ( 'NONE', *, *, #3064, .T. ) ;
#1907 = EDGE_CURVE ( 'NONE', #745, #409, #7510, .T. ) ;
#1908 = CARTESIAN_POINT ( 'NONE',  ( -0.7303149606299212948, 0.1850393700787401619, 0.01968503937007873988 ) ) ;
#1909 = DIRECTION ( 'NONE',  ( 0.000000000000000000, 0.000000000000000000, -1.000000000000000000 ) ) ;
#1910 = ORIENTED_EDGE ( 'NONE', *, *, #199, .F. ) ;
#1911 = CARTESIAN_POINT ( 'NONE',  ( -0.6342519685039369470, 0.01181102362204724393, 0.01279527559055118092 ) ) ;
#1912 = ADVANCED_FACE ( 'NONE', ( #6044 ), #4265, .F. ) ;
#1913 = CARTESIAN_POINT ( 'NONE',  ( -0.5106299212598425230, 0.01181102362204724393, -0.03937007874015747977 ) ) ;
#1914 = ORIENTED_EDGE ( 'NONE', *, *, #3646, .T. ) ;
#1915 = EDGE_LOOP ( 'NONE', ( #1756, #7247, #3705, #7879 ) ) ;
#1916 = EDGE_LOOP ( 'NONE', ( #6058, #2039, #1861, #6873 ) ) ;
#1917 = CARTESIAN_POINT ( 'NONE',  ( -0.2342519685039370358, -0.08858267716535432601, -0.01279527559055118092 ) ) ;
#1918 = EDGE_CURVE ( 'NONE', #7014, #3692, #6686, .T. ) ;
#1919 = UNCERTAINTY_MEASURE_WITH_UNIT (LENGTH_MEASURE( 1.000000000000000082E-05 ), #161, 'distance_accuracy_value', 'NONE');
#1920 = CARTESIAN_POINT ( 'NONE',  ( -0.9785433070866141891, 0.1574803149606299191, -0.02854330708661417110 ) ) ;
#1921 = LINE ( 'NONE', #4367, #6137 ) ;
#1922 = LINE ( 'NONE', #3259, #6096 ) ;
#1923 = CARTESIAN_POINT ( 'NONE',  ( -0.4696850393700787163, 0.1850393700787401619, -0.01968503937007873988 ) ) ;
#1924 = EDGE_LOOP ( 'NONE', ( #682, #4826, #7635, #4739 ) ) ;
#1925 = EDGE_CURVE ( 'NONE', #7293, #4020, #5363, .T. ) ;
#1926 = DIRECTION ( 'NONE',  ( 0.000000000000000000, 0.000000000000000000, -1.000000000000000000 ) ) ;
#1927 = CARTESIAN_POINT ( 'NONE',  ( -0.4795275590551181244, 0.01181102362204724393, -0.02952755905511811330 ) ) ;
#1928 = ADVANCED_FACE ( 'NONE', ( #7959, #3399 ), #4713, .T. ) ;
#1929 = CARTESIAN_POINT ( 'NONE',  ( -0.8657480314960629419, 0.01181102362204724393, 0.01279527559055118092 ) ) ;
#1930 = CARTESIAN_POINT ( 'NONE',  ( -0.2342519685039370358, -0.08858267716535432601, -0.01279527559055118092 ) ) ;
#1931 = CARTESIAN_POINT ( 'NONE',  ( -0.3657480314960629975, 0.01181102362204724393, -0.01279527559055118092 ) ) ;
#1932 = DIRECTION ( 'NONE',  ( -0.5773502691896257311, 0.5773502691896257311, 0.5773502691896257311 ) ) ;
#1933 = EDGE_LOOP ( 'NONE', ( #3240, #3121, #3035, #2866 ) ) ;
#1934 = ORIENTED_EDGE ( 'NONE', *, *, #4353, .F. ) ;
#1935 = VERTEX_POINT ( 'NONE', #8199 ) ;
#1936 = DIRECTION ( 'NONE',  ( 0.000000000000000000, -1.000000000000000000, 0.000000000000000000 ) ) ;
#1937 = DIRECTION ( 'NONE',  ( 0.000000000000000000, 0.000000000000000000, 1.000000000000000000 ) ) ;
#1938 = ORIENTED_EDGE ( 'NONE', *, *, #1804, .F. ) ;
#1939 = LINE ( 'NONE', #4466, #1852 ) ;
#1940 = ORIENTED_EDGE ( 'NONE', *, *, #8207, .T. ) ;
#1941 = FACE_OUTER_BOUND ( 'NONE', #5352, .T. ) ;
#1942 = LINE ( 'NONE', #2539, #6810 ) ;
#1943 = CARTESIAN_POINT ( 'NONE',  ( -0.3696850393700787940, 0.1850393700787401619, -0.01968503937007873988 ) ) ;
#1944 = EDGE_LOOP ( 'NONE', ( #2096, #4119, #7259, #2459, #1409, #7001 ) ) ;
#1945 = DIRECTION ( 'NONE',  ( 1.000000000000000000, 0.000000000000000000, 0.000000000000000000 ) ) ;
#1946 = EDGE_LOOP ( 'NONE', ( #8056, #754, #5990, #3453 ) ) ;
#1947 = DIRECTION ( 'NONE',  ( 0.5773502691896257311, 0.5773502691896257311, 0.5773502691896257311 ) ) ;
#1948 = CARTESIAN_POINT ( 'NONE',  ( -0.4312992125984251857, 0.000000000000000000, 0.000000000000000000 ) ) ;
#1949 = VERTEX_POINT ( 'NONE', #329 ) ;
#1950 = FACE_OUTER_BOUND ( 'NONE', #8439, .T. ) ;
#1951 = CARTESIAN_POINT ( 'NONE',  ( -0.3814960629921260171, 0.1968503937007874127, -0.03149606299212598381 ) ) ;
#1952 = EDGE_LOOP ( 'NONE', ( #3073, #2493, #6570, #6979, #6256, #8287 ) ) ;
#1953 = ORIENTED_EDGE ( 'NONE', *, *, #504, .T. ) ;
#1954 = VERTEX_POINT ( 'NONE', #4762 ) ;
#1955 = EDGE_CURVE ( 'NONE', #1702, #1194, #779, .T. ) ;
#1956 = CARTESIAN_POINT ( 'NONE',  ( -0.9795275590551181244, 0.01181102362204724393, -0.02952755905511811330 ) ) ;
#1957 = PLANE ( 'NONE',  #4327 ) ;
#1958 = LINE ( 'NONE', #1374, #8435 ) ;
#1959 = CARTESIAN_POINT ( 'NONE',  ( -0.9421259842519684735, -0.1181102362204724532, -0.01279527559055118092 ) ) ;
#1960 = PLANE ( 'NONE',  #4489 ) ;
#1961 = ORIENTED_EDGE ( 'NONE', *, *, #1686, .F. ) ;
#1962 = ADVANCED_FACE ( 'NONE', ( #6836 ), #2994, .T. ) ;
#1963 = EDGE_CURVE ( 'NONE', #3792, #6217, #4072, .T. ) ;
#1964 = ADVANCED_FACE ( 'NONE', ( #179 ), #2305, .F. ) ;
#1965 = FACE_OUTER_BOUND ( 'NONE', #7324, .T. ) ;
#1966 = CARTESIAN_POINT ( 'NONE',  ( -0.6342519685039369470, -0.08858267716535432601, -0.01279527559055118092 ) ) ;
#1967 = VECTOR ( 'NONE', #4502, 39.37007874015748143 ) ;
#1968 = EDGE_CURVE ( 'NONE', #4903, #4264, #2946, .T. ) ;
#1969 = CARTESIAN_POINT ( 'NONE',  ( -0.4214566929133858331, 0.1574803149606299191, 0.02854330708661417110 ) ) ;
#1970 = FACE_OUTER_BOUND ( 'NONE', #5790, .T. ) ;
#1971 = CARTESIAN_POINT ( 'NONE',  ( -0.3303149606299212726, 0.1574803149606299191, -0.01968503937007873988 ) ) ;
#1972 = PLANE ( 'NONE',  #2705 ) ;
#1973 = EDGE_LOOP ( 'NONE', ( #509, #4359, #1738, #1813 ) ) ;
#1974 = ORIENTED_EDGE ( 'NONE', *, *, #575, .T. ) ;
#1975 = ORIENTED_EDGE ( 'NONE', *, *, #6433, .F. ) ;
#1976 = DIRECTION ( 'NONE',  ( 0.000000000000000000, 1.000000000000000000, 0.000000000000000000 ) ) ;
#1977 = DIRECTION ( 'NONE',  ( 0.000000000000000000, 0.000000000000000000, 1.000000000000000000 ) ) ;
#1978 = EDGE_LOOP ( 'NONE', ( #6941, #7905, #3062, #2213 ) ) ;
#1979 = AXIS2_PLACEMENT_3D ( 'NONE', #8076, #6716, #6669 ) ;
#1980 = VECTOR ( 'NONE', #2360, 39.37007874015748143 ) ;
#1981 = LINE ( 'NONE', #3318, #2961 ) ;
#1982 = EDGE_CURVE ( 'NONE', #7862, #6244, #5596, .T. ) ;
#1983 = ORIENTED_EDGE ( 'NONE', *, *, #4222, .F. ) ;
#1984 = DIRECTION ( 'NONE',  ( 0.000000000000000000, -1.000000000000000000, 0.000000000000000000 ) ) ;
#1985 = CARTESIAN_POINT ( 'NONE',  ( -0.4795275590551181244, 0.1574803149606299191, -0.02952755905511811330 ) ) ;
#1986 = VECTOR ( 'NONE', #1481, 39.37007874015748854 ) ;
#1987 = DIRECTION ( 'NONE',  ( 0.000000000000000000, 0.000000000000000000, -1.000000000000000000 ) ) ;
#1988 = VECTOR ( 'NONE', #2750, 39.37007874015748143 ) ;
#1989 = ORIENTED_EDGE ( 'NONE', *, *, #166, .T. ) ;
#1990 = VERTEX_POINT ( 'NONE', #1697 ) ;
#1991 = CARTESIAN_POINT ( 'NONE',  ( -0.4795275590551181244, 0.1574803149606299191, 0.02952755905511811330 ) ) ;
#1992 = ORIENTED_EDGE ( 'NONE', *, *, #6201, .T. ) ;
#1993 = EDGE_CURVE ( 'NONE', #2652, #6585, #4303, .T. ) ;
#1994 = AXIS2_PLACEMENT_3D ( 'NONE', #1228, #1996, #1824 ) ;
#1995 = VECTOR ( 'NONE', #7650, 39.37007874015748143 ) ;
#1996 = DIRECTION ( 'NONE',  ( 0.000000000000000000, -1.000000000000000000, 0.000000000000000000 ) ) ;
#1997 = DIRECTION ( 'NONE',  ( 1.000000000000000000, 0.000000000000000000, 0.000000000000000000 ) ) ;
#1998 = EDGE_LOOP ( 'NONE', ( #8266, #6576, #6340, #2996 ) ) ;
#1999 = CARTESIAN_POINT ( 'NONE',  ( -0.5814960629921259727, 0.1968503937007874127, -0.03149606299212598381 ) ) ;
#2000 = AXIS2_PLACEMENT_3D ( 'NONE', #6601, #3456, #747 ) ;
#2001 = VECTOR ( 'NONE', #1801, 39.37007874015748143 ) ;
#2002 = DIRECTION ( 'NONE',  ( 0.000000000000000000, 1.000000000000000000, 0.000000000000000000 ) ) ;
#2003 = EDGE_LOOP ( 'NONE', ( #998, #721, #3836, #3608 ) ) ;
#2004 = VERTEX_POINT ( 'NONE', #6439 ) ;
#2005 = ORIENTED_EDGE ( 'NONE', *, *, #8190, .T. ) ;
#2006 = DIRECTION ( 'NONE',  ( -1.000000000000000000, 0.000000000000000000, 0.000000000000000000 ) ) ;
#2007 = PRODUCT_DEFINITION_CONTEXT ( 'detailed design', #2325, 'design' ) ;
#2008 = VECTOR ( 'NONE', #5996, 39.37007874015748143 ) ;
#2009 = DIRECTION ( 'NONE',  ( 1.000000000000000000, 0.000000000000000000, 0.000000000000000000 ) ) ;
#2010 = FACE_OUTER_BOUND ( 'NONE', #2380, .T. ) ;
#2011 = LINE ( 'NONE', #1509, #5270 ) ;
#2012 = CARTESIAN_POINT ( 'NONE',  ( -0.9814960629921259949, 0.1968503937007874127, -0.03149606299212598381 ) ) ;
#2013 = EDGE_LOOP ( 'NONE', ( #7004, #698, #6106, #7742 ) ) ;
#2014 = VERTEX_POINT ( 'NONE', #5112 ) ;
#2015 = DIRECTION ( 'NONE',  ( 0.000000000000000000, -1.000000000000000000, 0.000000000000000000 ) ) ;
#2017 = DIRECTION ( 'NONE',  ( 0.000000000000000000, -1.000000000000000000, 0.000000000000000000 ) ) ;
#2016 = VECTOR ( 'NONE', #4106, 39.37007874015748143 ) ;
#2018 = AXIS2_PLACEMENT_3D ( 'NONE', #2635, #711, #1309 ) ;
#2019 = CARTESIAN_POINT ( 'NONE',  ( -0.7687007874015748810, 0.1574803149606299191, 0.01870078740157480462 ) ) ;
#2020 = EDGE_CURVE ( 'NONE', #8038, #7582, #7077, .T. ) ;
#2021 = VECTOR ( 'NONE', #493, 39.37007874015748143 ) ;
#2022 = AXIS2_PLACEMENT_3D ( 'NONE', #5733, #5125, #7811 ) ;
#2023 = VECTOR ( 'NONE', #8179, 39.37007874015748143 ) ;
#2024 = CARTESIAN_POINT ( 'NONE',  ( -0.5785433070866141669, 0.1574803149606299191, -0.02854330708661417110 ) ) ;
#2025 = CARTESIAN_POINT ( 'NONE',  ( -0.2795275590551181133, 0.000000000000000000, 0.000000000000000000 ) ) ;
#2026 = EDGE_CURVE ( 'NONE', #626, #6430, #580, .T. ) ;
#2027 = FACE_OUTER_BOUND ( 'NONE', #1944, .T. ) ;
#2028 = ORIENTED_EDGE ( 'NONE', *, *, #3706, .F. ) ;
#2029 = VERTEX_POINT ( 'NONE', #3152 ) ;
#2030 = ORIENTED_EDGE ( 'NONE', *, *, #5052, .F. ) ;
#2031 = DIRECTION ( 'NONE',  ( 0.000000000000000000, 0.000000000000000000, -1.000000000000000000 ) ) ;
#2032 = CARTESIAN_POINT ( 'NONE',  ( -0.4785433070866141336, 0.1574803149606299191, -0.02854330708661417110 ) ) ;
#2033 = VECTOR ( 'NONE', #5769, 39.37007874015748143 ) ;
#2034 = EDGE_LOOP ( 'NONE', ( #4945, #4970, #2430, #6566 ) ) ;
#2035 = VECTOR ( 'NONE', #6531, 39.37007874015748143 ) ;
#2036 = VECTOR ( 'NONE', #7518, 39.37007874015748143 ) ;
#2037 = CARTESIAN_POINT ( 'NONE',  ( -0.4204724409448818978, 0.01181102362204724393, -0.02952755905511811330 ) ) ;
#2038 = EDGE_CURVE ( 'NONE', #438, #3639, #3114, .T. ) ;
#2039 = ORIENTED_EDGE ( 'NONE', *, *, #3174, .F. ) ;
#2040 = DIRECTION ( 'NONE',  ( -1.000000000000000000, 0.000000000000000000, 0.000000000000000000 ) ) ;
#2041 = CARTESIAN_POINT ( 'NONE',  ( -0.4214566929133858331, 0.01181102362204724393, -0.02854330708661417110 ) ) ;
#2042 = VECTOR ( 'NONE', #2290, 39.37007874015748143 ) ;
#2043 = DIRECTION ( 'NONE',  ( 1.000000000000000000, 0.000000000000000000, 0.000000000000000000 ) ) ;
#2044 = ORIENTED_EDGE ( 'NONE', *, *, #5264, .F. ) ;
#2045 = ORIENTED_EDGE ( 'NONE', *, *, #4643, .F. ) ;
#2046 = DIRECTION ( 'NONE',  ( 0.000000000000000000, 0.000000000000000000, -1.000000000000000000 ) ) ;
#2047 = EDGE_CURVE ( 'NONE', #4020, #362, #7117, .T. ) ;
#2048 = ORIENTED_EDGE ( 'NONE', *, *, #2026, .F. ) ;
#2049 = CARTESIAN_POINT ( 'NONE',  ( -0.4312992125984251857, 0.02165354330708661734, 0.01870078740157480462 ) ) ;
#2050 = LENGTH_MEASURE_WITH_UNIT ( LENGTH_MEASURE( 0.02539999999999999897 ), #1537 );
#2051 = ORIENTED_EDGE ( 'NONE', *, *, #5605, .T. ) ;
#2052 = LINE ( 'NONE', #5984, #1867 ) ;
#2053 = EDGE_CURVE ( 'NONE', #1102, #3284, #8399, .T. ) ;
#2054 = EDGE_CURVE ( 'NONE', #6352, #7576, #2595, .T. ) ;
#2055 = FACE_OUTER_BOUND ( 'NONE', #7032, .T. ) ;
#2056 = ORIENTED_EDGE ( 'NONE', *, *, #1134, .T. ) ;
#2057 = ORIENTED_EDGE ( 'NONE', *, *, #7090, .T. ) ;
#2058 = VERTEX_POINT ( 'NONE', #4426 ) ;
#2059 = CARTESIAN_POINT ( 'NONE',  ( -0.2687007874015748254, 0.02165354330708661734, 0.01870078740157480462 ) ) ;
#2060 = DIRECTION ( 'NONE',  ( 0.000000000000000000, -1.000000000000000000, 0.000000000000000000 ) ) ;
#2061 = DIRECTION ( 'NONE',  ( 0.7071067811865475727, 0.7071067811865475727, 0.000000000000000000 ) ) ;
#2062 = FACE_OUTER_BOUND ( 'NONE', #6846, .T. ) ;
#2063 = EDGE_CURVE ( 'NONE', #7169, #2272, #3239, .T. ) ;
#2064 = DIRECTION ( 'NONE',  ( 0.000000000000000000, 1.000000000000000000, 0.000000000000000000 ) ) ;
#2065 = DIRECTION ( 'NONE',  ( 1.000000000000000000, 0.000000000000000000, 0.000000000000000000 ) ) ;
#2066 = ORIENTED_EDGE ( 'NONE', *, *, #4816, .T. ) ;
#2067 = VERTEX_POINT ( 'NONE', #1226 ) ;
#2068 = DIRECTION ( 'NONE',  ( 0.000000000000000000, -1.000000000000000000, 0.000000000000000000 ) ) ;
#2069 = CARTESIAN_POINT ( 'NONE',  ( -0.6303149606299213170, 0.1574803149606299191, -0.01968503937007873988 ) ) ;
#2070 = DIRECTION ( 'NONE',  ( 0.000000000000000000, 1.000000000000000000, 0.000000000000000000 ) ) ;
#2071 = CARTESIAN_POINT ( 'NONE',  ( -0.6785433070866142558, 0.01181102362204724393, -0.02854330708661417110 ) ) ;
#2072 = LINE ( 'NONE', #4676, #5713 ) ;
#2073 = DIRECTION ( 'NONE',  ( 0.000000000000000000, 0.000000000000000000, 1.000000000000000000 ) ) ;
#2074 = ORIENTED_EDGE ( 'NONE', *, *, #925, .T. ) ;
#2075 = EDGE_LOOP ( 'NONE', ( #5830, #429, #7966, #8448 ) ) ;
#2076 = ORIENTED_EDGE ( 'NONE', *, *, #8048, .F. ) ;
#2077 = CARTESIAN_POINT ( 'NONE',  ( -0.4303149606299213059, 0.1574803149606299191, 0.01968503937007873988 ) ) ;
#2078 = LINE ( 'NONE', #2723, #2132 ) ;
#2079 = EDGE_CURVE ( 'NONE', #7704, #3452, #7757, .T. ) ;
#2080 = DIRECTION ( 'NONE',  ( -0.5773502691896257311, 0.5773502691896257311, -0.5773502691896257311 ) ) ;
#2081 = ORIENTED_EDGE ( 'NONE', *, *, #800, .F. ) ;
#2082 = LINE ( 'NONE', #4727, #2245 ) ;
#2083 = DIRECTION ( 'NONE',  ( 0.000000000000000000, 1.000000000000000000, 0.000000000000000000 ) ) ;
#2084 = CARTESIAN_POINT ( 'NONE',  ( -0.9106299212598425452, 0.01181102362204724393, 0.03937007874015747977 ) ) ;
#2085 = EDGE_LOOP ( 'NONE', ( #678, #5549, #1732, #2824 ) ) ;
#2086 = ORIENTED_EDGE ( 'NONE', *, *, #4878, .T. ) ;
#2087 = ADVANCED_FACE ( 'NONE', ( #454 ), #2542, .F. ) ;
#2088 = DIRECTION ( 'NONE',  ( 0.000000000000000000, -1.000000000000000000, 0.000000000000000000 ) ) ;
#2089 = ADVANCED_FACE ( 'NONE', ( #5200 ), #1180, .T. ) ;
#2090 = ORIENTED_EDGE ( 'NONE', *, *, #5168, .T. ) ;
#2091 = CARTESIAN_POINT ( 'NONE',  ( -1.009842519685039353, 0.01181102362204724393, 0.03937007874015747977 ) ) ;
#2092 = VERTEX_POINT ( 'NONE', #5160 ) ;
#2093 = DIRECTION ( 'NONE',  ( 0.000000000000000000, 1.000000000000000000, 0.000000000000000000 ) ) ;
#2094 = ADVANCED_FACE ( 'NONE', ( #3832 ), #542, .F. ) ;
#2095 = DIRECTION ( 'NONE',  ( 1.000000000000000000, 0.000000000000000000, 0.000000000000000000 ) ) ;
#2096 = ORIENTED_EDGE ( 'NONE', *, *, #514, .T. ) ;
#2097 = ORIENTED_EDGE ( 'NONE', *, *, #7657, .T. ) ;
#2098 = ORIENTED_EDGE ( 'NONE', *, *, #2335, .F. ) ;
#2099 = CARTESIAN_POINT ( 'NONE',  ( -0.7785433070866142335, 0.1574803149606299191, 0.02854330708661417110 ) ) ;
#2100 = CARTESIAN_POINT ( 'NONE',  ( -0.4814960629921259949, 0.1968503937007874127, 0.03149606299212598381 ) ) ;
#2101 = PLANE ( 'NONE',  #7329 ) ;
#2102 = LINE ( 'NONE', #3975, #8173 ) ;
#2103 = ADVANCED_FACE ( 'NONE', ( #5075 ), #3068, .T. ) ;
#2104 = CARTESIAN_POINT ( 'NONE',  ( -0.6214566929133858997, 0.1574803149606299191, 0.02854330708661417110 ) ) ;
#2105 = LINE ( 'NONE', #4018, #2307 ) ;
#2106 = LINE ( 'NONE', #4069, #4982 ) ;
#2107 = ORIENTED_EDGE ( 'NONE', *, *, #3945, .T. ) ;
#2108 = PLANE ( 'NONE',  #4202 ) ;
#2109 = FACE_OUTER_BOUND ( 'NONE', #1077, .T. ) ;
#2110 = ADVANCED_FACE ( 'NONE', ( #8359 ), #7668, .F. ) ;
#2111 = LINE ( 'NONE', #4281, #5450 ) ;
#2112 = DIRECTION ( 'NONE',  ( 0.5773502691896257311, 0.5773502691896257311, 0.5773502691896257311 ) ) ;
#2113 = CARTESIAN_POINT ( 'NONE',  ( -0.1901575223667417436, 0.000000000000000000, 0.02460629921259842659 ) ) ;
#2114 = VECTOR ( 'NONE', #6021, 39.37007874015748143 ) ;
#2115 = LINE ( 'NONE', #7321, #1897 ) ;
#2116 = ORIENTED_EDGE ( 'NONE', *, *, #4084, .F. ) ;
#2117 = ORIENTED_EDGE ( 'NONE', *, *, #1680, .T. ) ;
#2118 = DIRECTION ( 'NONE',  ( 1.000000000000000000, 0.000000000000000000, 0.000000000000000000 ) ) ;
#2119 = LINE ( 'NONE', #659, #8396 ) ;
#2120 = VECTOR ( 'NONE', #5815, 39.37007874015748143 ) ;
#2121 = DIRECTION ( 'NONE',  ( -1.000000000000000000, 0.000000000000000000, 0.000000000000000000 ) ) ;
#2122 = ORIENTED_EDGE ( 'NONE', *, *, #4440, .F. ) ;
#2123 = DIRECTION ( 'NONE',  ( 0.000000000000000000, -1.000000000000000000, 0.000000000000000000 ) ) ;
#2124 = DIRECTION ( 'NONE',  ( 0.000000000000000000, -1.000000000000000000, 0.000000000000000000 ) ) ;
#2125 = LINE ( 'NONE', #1489, #2731 ) ;
#2126 = EDGE_LOOP ( 'NONE', ( #1559, #3249, #205, #3869 ) ) ;
#2127 = AXIS2_PLACEMENT_3D ( 'NONE', #4808, #3485, #8058 ) ;
#2128 = EDGE_LOOP ( 'NONE', ( #7426, #1011, #3277, #316 ) ) ;
#2129 = CARTESIAN_POINT ( 'NONE',  ( -0.8342519685039370136, 0.01181102362204724393, 0.01673228346456692717 ) ) ;
#2130 = ORIENTED_EDGE ( 'NONE', *, *, #4485, .T. ) ;
#2131 = DIRECTION ( 'NONE',  ( 1.000000000000000000, 0.000000000000000000, 0.000000000000000000 ) ) ;
#2132 = VECTOR ( 'NONE', #1346, 39.37007874015748143 ) ;
#2133 = ORIENTED_EDGE ( 'NONE', *, *, #1804, .T. ) ;
#2134 = CARTESIAN_POINT ( 'NONE',  ( -0.6687007874015747921, 0.02165354330708661734, 0.01870078740157480462 ) ) ;
#2135 = ADVANCED_FACE ( 'NONE', ( #6353 ), #6313, .F. ) ;
#2136 = EDGE_CURVE ( 'NONE', #5362, #5842, #1822, .T. ) ;
#2137 = EDGE_CURVE ( 'NONE', #3782, #4188, #4604, .T. ) ;
#2138 = PLANE ( 'NONE',  #1838 ) ;
#2139 = ORIENTED_EDGE ( 'NONE', *, *, #2283, .T. ) ;
#2140 = VERTEX_POINT ( 'NONE', #6709 ) ;
#2141 = VERTEX_POINT ( 'NONE', #6026 ) ;
#2142 = VECTOR ( 'NONE', #1769, 39.37007874015748143 ) ;
#2143 = CARTESIAN_POINT ( 'NONE',  ( -0.4696850393700787163, 0.1850393700787401619, 0.01968503937007873988 ) ) ;
#2144 = DIRECTION ( 'NONE',  ( -1.000000000000000000, 0.000000000000000000, 0.000000000000000000 ) ) ;
#2145 = LINE ( 'NONE', #1413, #6924 ) ;
#2146 = CARTESIAN_POINT ( 'NONE',  ( -0.5785433070866141669, 0.01181102362204724393, -0.02854330708661417110 ) ) ;
#2147 = EDGE_CURVE ( 'NONE', #3512, #842, #7840, .T. ) ;
#2148 = AXIS2_PLACEMENT_3D ( 'NONE', #1768, #3729, #3814 ) ;
#2149 = CARTESIAN_POINT ( 'NONE',  ( -0.3657480314960629975, -0.08858267716535432601, 0.01279527559055118092 ) ) ;
#2150 = DIRECTION ( 'NONE',  ( -0.9662349396012511749, -0.2576626505603140105, 0.000000000000000000 ) ) ;
#2151 = DIRECTION ( 'NONE',  ( 1.000000000000000000, 0.000000000000000000, 0.000000000000000000 ) ) ;
#2152 = EDGE_LOOP ( 'NONE', ( #6342, #611, #3612, #1310 ) ) ;
#2153 = DIRECTION ( 'NONE',  ( 1.000000000000000000, 0.000000000000000000, 0.000000000000000000 ) ) ;
#2154 = LINE ( 'NONE', #4764, #773 ) ;
#2155 = ADVANCED_FACE ( 'NONE', ( #6658 ), #3325, .F. ) ;
#2156 = AXIS2_PLACEMENT_3D ( 'NONE', #771, #5443, #906 ) ;
#2157 = DIRECTION ( 'NONE',  ( 1.000000000000000000, 0.000000000000000000, 0.000000000000000000 ) ) ;
#2158 = DIRECTION ( 'NONE',  ( 1.000000000000000000, 0.000000000000000000, 0.000000000000000000 ) ) ;
#2159 = CARTESIAN_POINT ( 'NONE',  ( -0.8303149606299212726, 0.1574803149606299191, -0.01968503937007873988 ) ) ;
#2160 = AXIS2_PLACEMENT_3D ( 'NONE', #4827, #250, #4145 ) ;
#2161 = AXIS2_PLACEMENT_3D ( 'NONE', #4516, #1945, #6964 ) ;
#2162 = CARTESIAN_POINT ( 'NONE',  ( -0.3696850393700787940, 0.1850393700787401619, -0.01968503937007873988 ) ) ;
#2163 = VERTEX_POINT ( 'NONE', #854 ) ;
#2164 = EDGE_CURVE ( 'NONE', #7349, #2937, #7158, .T. ) ;
#2165 = VERTEX_POINT ( 'NONE', #7337 ) ;
#2166 = LINE ( 'NONE', #4894, #630 ) ;
#2167 = CARTESIAN_POINT ( 'NONE',  ( -0.3893700787401574437, 0.000000000000000000, 0.03937007874015747977 ) ) ;
#2168 = VECTOR ( 'NONE', #8295, 39.37007874015748143 ) ;
#2169 = VECTOR ( 'NONE', #2475, 39.37007874015748143 ) ;
#2170 = AXIS2_PLACEMENT_3D ( 'NONE', #593, #5814, #8418 ) ;
#2171 = FACE_OUTER_BOUND ( 'NONE', #8363, .T. ) ;
#2172 = VERTEX_POINT ( 'NONE', #1991 ) ;
#2173 = DIRECTION ( 'NONE',  ( 0.000000000000000000, 0.000000000000000000, 1.000000000000000000 ) ) ;
#2174 = LINE ( 'NONE', #7380, #5017 ) ;
#2175 = LINE ( 'NONE', #6061, #6006 ) ;
#2176 = VECTOR ( 'NONE', #1327, 39.37007874015748854 ) ;
#2177 = EDGE_LOOP ( 'NONE', ( #1871, #2805, #6050, #5332 ) ) ;
#2178 = VECTOR ( 'NONE', #3048, 39.37007874015748143 ) ;
#2179 = ORIENTED_EDGE ( 'NONE', *, *, #3793, .F. ) ;
#2180 = LINE ( 'NONE', #8023, #4207 ) ;
#2181 = VERTEX_POINT ( 'NONE', #3425 ) ;
#2182 = FACE_OUTER_BOUND ( 'NONE', #5123, .T. ) ;
#2183 = CARTESIAN_POINT ( 'NONE',  ( 0.000000000000000000, 0.000000000000000000, 0.000000000000000000 ) ) ;
#2184 = VECTOR ( 'NONE', #6398, 39.37007874015748854 ) ;
#2185 = ORIENTED_EDGE ( 'NONE', *, *, #1433, .T. ) ;
#2186 = LINE ( 'NONE', #1500, #2016 ) ;
#2188 = ADVANCED_FACE ( 'NONE', ( #1494, #3999 ), #4047, .T. ) ;
#2187 = DIRECTION ( 'NONE',  ( 0.2576626505603140105, -0.9662349396012511749, 0.000000000000000000 ) ) ;
#2189 = ORIENTED_EDGE ( 'NONE', *, *, #7808, .F. ) ;
#2190 = ORIENTED_EDGE ( 'NONE', *, *, #453, .T. ) ;
#2191 = ORIENTED_EDGE ( 'NONE', *, *, #3646, .F. ) ;
#2192 = EDGE_CURVE ( 'NONE', #2250, #4261, #3912, .T. ) ;
#2193 = EDGE_CURVE ( 'NONE', #6596, #2983, #7207, .T. ) ;
#2194 = CARTESIAN_POINT ( 'NONE',  ( -0.9696850393700787718, 0.1574803149606299191, 0.01968503937007873988 ) ) ;
#2195 = LINE ( 'NONE', #126, #6394 ) ;
#2196 = CARTESIAN_POINT ( 'NONE',  ( -0.2696850393700787607, 0.1850393700787401619, 0.01968503937007873988 ) ) ;
#2197 = DIRECTION ( 'NONE',  ( 0.000000000000000000, 0.000000000000000000, -1.000000000000000000 ) ) ;
#2198 = CARTESIAN_POINT ( 'NONE',  ( -0.8381889763779527547, -0.1033464566929133965, 0.000000000000000000 ) ) ;
#2199 = CARTESIAN_POINT ( 'NONE',  ( -0.9204724409448820088, 0.01181102362204724393, 0.02952755905511811330 ) ) ;
#2200 = DIRECTION ( 'NONE',  ( -0.7071067811865475727, 0.7071067811865475727, 0.000000000000000000 ) ) ;
#2201 = VERTEX_POINT ( 'NONE', #5924 ) ;
#2202 = EDGE_CURVE ( 'NONE', #485, #3948, #1361, .T. ) ;
#2203 = CARTESIAN_POINT ( 'NONE',  ( -0.8795275590551180356, 0.1574803149606299191, 0.02952755905511811330 ) ) ;
#2204 = CARTESIAN_POINT ( 'NONE',  ( -0.2893700787401574659, 0.000000000000000000, 0.03937007874015747977 ) ) ;
#2205 = LINE ( 'NONE', #311, #6812 ) ;
#2206 = ADVANCED_FACE ( 'NONE', ( #5425 ), #5292, .T. ) ;
#2207 = CARTESIAN_POINT ( 'NONE',  ( -0.9893700787401574770, 0.01181102362204724393, -0.03937007874015747977 ) ) ;
#2208 = EDGE_LOOP ( 'NONE', ( #4788, #12, #2526, #2365 ) ) ;
#2209 = PLANE ( 'NONE',  #8017 ) ;
#2210 = FACE_OUTER_BOUND ( 'NONE', #8445, .T. ) ;
#2211 = EDGE_CURVE ( 'NONE', #6921, #1398, #60, .T. ) ;
#2212 = CARTESIAN_POINT ( 'NONE',  ( -0.7795275590551181688, 0.1574803149606299191, 0.02952755905511811330 ) ) ;
#2213 = ORIENTED_EDGE ( 'NONE', *, *, #7766, .F. ) ;
#2214 = LINE ( 'NONE', #4134, #6470 ) ;
#2215 = CARTESIAN_POINT ( 'NONE',  ( -0.4214566929133858331, 0.01181102362204724393, -0.02854330708661417110 ) ) ;
#2216 = CARTESIAN_POINT ( 'NONE',  ( -0.2795275590551181133, 0.1574803149606299191, -0.02952755905511811330 ) ) ;
#2217 = VERTEX_POINT ( 'NONE', #7250 ) ;
#2218 = EDGE_LOOP ( 'NONE', ( #739, #8078, #7088, #6823 ) ) ;
#2219 = CARTESIAN_POINT ( 'NONE',  ( -0.5106299212598425230, 0.000000000000000000, 0.03937007874015747977 ) ) ;
#2220 = ORIENTED_EDGE ( 'NONE', *, *, #6314, .F. ) ;
#2221 = DIRECTION ( 'NONE',  ( 0.000000000000000000, 0.000000000000000000, 1.000000000000000000 ) ) ;
#2222 = LINE ( 'NONE', #8111, #3208 ) ;
#2223 = EDGE_LOOP ( 'NONE', ( #5653, #1051, #6512, #4200 ) ) ;
#2224 = VERTEX_POINT ( 'NONE', #2679 ) ;
#2225 = ORIENTED_EDGE ( 'NONE', *, *, #942, .T. ) ;
#2226 = CARTESIAN_POINT ( 'NONE',  ( -0.6657480314960630974, 0.01181102362204724393, 0.01279527559055118092 ) ) ;
#2227 = DIRECTION ( 'NONE',  ( 0.000000000000000000, -1.000000000000000000, 0.000000000000000000 ) ) ;
#2228 = FACE_OUTER_BOUND ( 'NONE', #3988, .T. ) ;
#2229 = CARTESIAN_POINT ( 'NONE',  ( -0.2795275590551181133, 0.01181102362204724393, -0.02952755905511811330 ) ) ;
#2230 = PLANE ( 'NONE',  #486 ) ;
#2231 = DIRECTION ( 'NONE',  ( 0.000000000000000000, 1.000000000000000000, 0.000000000000000000 ) ) ;
#2232 = CARTESIAN_POINT ( 'NONE',  ( -0.2244094488188976555, 0.1909448818897638012, 0.000000000000000000 ) ) ;
#2233 = VERTEX_POINT ( 'NONE', #5383 ) ;
#2234 = ORIENTED_EDGE ( 'NONE', *, *, #6285, .T. ) ;
#2235 = DIRECTION ( 'NONE',  ( 1.000000000000000000, 0.000000000000000000, 0.000000000000000000 ) ) ;
#2236 = CARTESIAN_POINT ( 'NONE',  ( -0.5687007874015748143, 0.02165354330708661734, -0.01870078740157480462 ) ) ;
#2237 = CARTESIAN_POINT ( 'NONE',  ( -0.8657480314960629419, 0.01181102362204724393, -0.01279527559055118092 ) ) ;
#2238 = ADVANCED_FACE ( 'NONE', ( #1443 ), #7896, .T. ) ;
#2239 = EDGE_CURVE ( 'NONE', #6430, #2014, #3373, .T. ) ;
#2240 = ORIENTED_EDGE ( 'NONE', *, *, #2485, .T. ) ;
#2241 = EDGE_CURVE ( 'NONE', #791, #7438, #3287, .T. ) ;
#2242 = LINE ( 'NONE', #3490, #1318 ) ;
#2243 = DIRECTION ( 'NONE',  ( 1.000000000000000000, 0.000000000000000000, 0.000000000000000000 ) ) ;
#2244 = FACE_OUTER_BOUND ( 'NONE', #1271, .T. ) ;
#2245 = VECTOR ( 'NONE', #1487, 39.37007874015748143 ) ;
#2246 = ORIENTED_EDGE ( 'NONE', *, *, #1178, .F. ) ;
#2247 = CARTESIAN_POINT ( 'NONE',  ( -0.6696850393700788384, 0.1850393700787401619, 0.01968503937007873988 ) ) ;
#2248 = PLANE ( 'NONE',  #6247 ) ;
#2249 = CARTESIAN_POINT ( 'NONE',  ( -0.6421259842519685401, -0.1181102362204724532, -0.004921259842519684971 ) ) ;
#2250 = VERTEX_POINT ( 'NONE', #157 ) ;
#2251 = VERTEX_POINT ( 'NONE', #2777 ) ;
#2252 = EDGE_CURVE ( 'NONE', #5670, #5213, #7978, .T. ) ;
#2253 = CARTESIAN_POINT ( 'NONE',  ( -0.6204724409448818534, 0.01181102362204724393, -0.02952755905511811330 ) ) ;
#2254 = ORIENTED_EDGE ( 'NONE', *, *, #4291, .F. ) ;
#2255 = CARTESIAN_POINT ( 'NONE',  ( -0.3687007874015748032, 0.000000000000000000, 0.000000000000000000 ) ) ;
#2256 = CARTESIAN_POINT ( 'NONE',  ( -0.5578740157480315265, -0.1181102362204724532, 0.01279527559055118092 ) ) ;
#2257 = EDGE_CURVE ( 'NONE', #7564, #3685, #1533, .T. ) ;
#2258 = ORIENTED_EDGE ( 'NONE', *, *, #8207, .F. ) ;
#2259 = EDGE_LOOP ( 'NONE', ( #239, #820, #2298, #4745 ) ) ;
#2260 = AXIS2_PLACEMENT_3D ( 'NONE', #7424, #7347, #3511 ) ;
#2261 = VECTOR ( 'NONE', #785, 39.37007874015748143 ) ;
#2262 = CARTESIAN_POINT ( 'NONE',  ( -0.7342519685039370358, -0.08858267716535432601, 0.01279527559055118092 ) ) ;
#2263 = CARTESIAN_POINT ( 'NONE',  ( -0.6814960629921259505, 0.1968503937007874127, -0.03149606299212598381 ) ) ;
#2264 = UNCERTAINTY_MEASURE_WITH_UNIT (LENGTH_MEASURE( 1.000000000000000082E-05 ), #2638, 'distance_accuracy_value', 'NONE');
#2265 = LINE ( 'NONE', #8049, #2008 ) ;
#2266 = DIRECTION ( 'NONE',  ( 0.000000000000000000, 0.000000000000000000, -1.000000000000000000 ) ) ;
#2267 = PLANE ( 'NONE',  #1625 ) ;
#2268 = VECTOR ( 'NONE', #4357, 39.37007874015748143 ) ;
#2270 = CARTESIAN_POINT ( 'NONE',  ( -0.6687007874015747921, 0.000000000000000000, 0.000000000000000000 ) ) ;
#2269 = VECTOR ( 'NONE', #869, 39.37007874015748143 ) ;
#2271 = VERTEX_POINT ( 'NONE', #7384 ) ;
#2272 = VERTEX_POINT ( 'NONE', #4139 ) ;
#2273 = DIRECTION ( 'NONE',  ( 0.5773502691896257311, 0.5773502691896257311, -0.5773502691896257311 ) ) ;
#2274 = VECTOR ( 'NONE', #5752, 39.37007874015748143 ) ;
#2275 = VECTOR ( 'NONE', #5708, 39.37007874015748143 ) ;
#2276 = DIRECTION ( 'NONE',  ( 1.000000000000000000, 0.000000000000000000, 0.000000000000000000 ) ) ;
#2277 = CARTESIAN_POINT ( 'NONE',  ( -0.8185039370078740495, 0.1968503937007874127, 0.03149606299212598381 ) ) ;
#2278 = CARTESIAN_POINT ( 'NONE',  ( -0.8785433070866142113, 0.1574803149606299191, 0.02854330708661417110 ) ) ;
#2279 = ORIENTED_EDGE ( 'NONE', *, *, #964, .F. ) ;
#2280 = LINE ( 'NONE', #232, #7180 ) ;
#2282 = PLANE ( 'NONE',  #487 ) ;
#2281 = VECTOR ( 'NONE', #5249, 39.37007874015748143 ) ;
#2283 = EDGE_CURVE ( 'NONE', #7729, #2140, #2180, .T. ) ;
#2284 = EDGE_CURVE ( 'NONE', #5715, #4523, #5288, .T. ) ;
#2285 = VECTOR ( 'NONE', #5521, 39.37007874015748143 ) ;
#2286 = VECTOR ( 'NONE', #7917, 39.37007874015748143 ) ;
#2287 = ORIENTED_EDGE ( 'NONE', *, *, #7376, .F. ) ;
#2288 = LINE ( 'NONE', #1684, #6077 ) ;
#2289 = DIRECTION ( 'NONE',  ( 0.000000000000000000, 0.000000000000000000, 1.000000000000000000 ) ) ;
#2290 = DIRECTION ( 'NONE',  ( 0.000000000000000000, -1.000000000000000000, 0.000000000000000000 ) ) ;
#2291 = ORIENTED_EDGE ( 'NONE', *, *, #4805, .F. ) ;
#2292 = AXIS2_PLACEMENT_3D ( 'NONE', #4077, #88, #6086 ) ;
#2293 = ORIENTED_EDGE ( 'NONE', *, *, #4092, .T. ) ;
#2294 = AXIS2_PLACEMENT_3D ( 'NONE', #2348, #7591, #7430 ) ;
#2295 = VECTOR ( 'NONE', #5582, 39.37007874015748143 ) ;
#2296 = EDGE_CURVE ( 'NONE', #168, #3782, #56, .T. ) ;
#2297 = PLANE ( 'NONE',  #7179 ) ;
#2298 = ORIENTED_EDGE ( 'NONE', *, *, #4953, .T. ) ;
#2299 = DIRECTION ( 'NONE',  ( 0.000000000000000000, 0.000000000000000000, -1.000000000000000000 ) ) ;
#2300 = VECTOR ( 'NONE', #8206, 39.37007874015748143 ) ;
#2301 = VECTOR ( 'NONE', #7776, 39.37007874015748143 ) ;
#2302 = EDGE_CURVE ( 'NONE', #2983, #7892, #6563, .T. ) ;
#2303 = CARTESIAN_POINT ( 'NONE',  ( -0.9578740157480315487, -0.1181102362204724532, -0.01279527559055118092 ) ) ;
#2304 = ORIENTED_EDGE ( 'NONE', *, *, #6701, .T. ) ;
#2305 = PLANE ( 'NONE',  #4743 ) ;
#2306 = ORIENTED_EDGE ( 'NONE', *, *, #1820, .T. ) ;
#2307 = VECTOR ( 'NONE', #3393, 39.37007874015748143 ) ;
#2308 = EDGE_CURVE ( 'NONE', #709, #8192, #6060, .T. ) ;
#2309 = CARTESIAN_POINT ( 'NONE',  ( -0.9303149606299213614, 0.1850393700787401619, 0.01968503937007873988 ) ) ;
#2310 = LINE ( 'NONE', #7513, #7060 ) ;
#2311 = EDGE_CURVE ( 'NONE', #1478, #4598, #850, .T. ) ;
#2312 = ORIENTED_EDGE ( 'NONE', *, *, #6634, .F. ) ;
#2313 = PLANE ( 'NONE',  #3241 ) ;
#2314 = PLANE ( 'NONE',  #5034 ) ;
#2315 = DIRECTION ( 'NONE',  ( -1.000000000000000000, 0.000000000000000000, 0.000000000000000000 ) ) ;
#2316 = VECTOR ( 'NONE', #7824, 39.37007874015748143 ) ;
#2317 = LINE ( 'NONE', #1668, #2943 ) ;
#2318 = VERTEX_POINT ( 'NONE', #6022 ) ;
#2319 = ORIENTED_EDGE ( 'NONE', *, *, #1522, .F. ) ;
#2320 = CARTESIAN_POINT ( 'NONE',  ( -0.6204724409448818534, 0.000000000000000000, 0.000000000000000000 ) ) ;
#2321 = EDGE_CURVE ( 'NONE', #6898, #2502, #2860, .T. ) ;
#2322 = CARTESIAN_POINT ( 'NONE',  ( -0.4381889763779527325, -0.1033464566929133965, 0.000000000000000000 ) ) ;
#2323 = LINE ( 'NONE', #3571, #4432 ) ;
#2324 = LINE ( 'NONE', #4933, #390 ) ;
#2325 = APPLICATION_CONTEXT ( 'automotive_design' ) ;
#2326 = ORIENTED_EDGE ( 'NONE', *, *, #5221, .T. ) ;
#2327 = LINE ( 'NONE', #8339, #1462 ) ;
#2328 = DIRECTION ( 'NONE',  ( 1.000000000000000000, 0.000000000000000000, 0.000000000000000000 ) ) ;
#2329 = EDGE_LOOP ( 'NONE', ( #2627, #3108, #7418, #2319 ) ) ;
#2330 = LINE ( 'NONE', #403, #2507 ) ;
#2331 = DIRECTION ( 'NONE',  ( 0.000000000000000000, 0.000000000000000000, -1.000000000000000000 ) ) ;
#2332 = DIRECTION ( 'NONE',  ( 0.5773502691896257311, 0.5773502691896257311, -0.5773502691896257311 ) ) ;
#2333 = EDGE_LOOP ( 'NONE', ( #1521, #2999, #6354, #121 ) ) ;
#2334 = ORIENTED_EDGE ( 'NONE', *, *, #4439, .T. ) ;
#2335 = EDGE_CURVE ( 'NONE', #842, #4220, #6604, .T. ) ;
#2336 = ORIENTED_EDGE ( 'NONE', *, *, #5937, .F. ) ;
#2337 = FACE_BOUND ( 'NONE', #5748, .T. ) ;
#2338 = ORIENTED_EDGE ( 'NONE', *, *, #158, .T. ) ;
#2339 = DIRECTION ( 'NONE',  ( 1.000000000000000000, 0.000000000000000000, 0.000000000000000000 ) ) ;
#2340 = EDGE_CURVE ( 'NONE', #3955, #2172, #5419, .T. ) ;
#2341 = EDGE_CURVE ( 'NONE', #2490, #6489, #4600, .T. ) ;
#2342 = CARTESIAN_POINT ( 'NONE',  ( -0.4499999999999999556, 0.1909448818897638012, -0.02559055118110236185 ) ) ;
#2343 = ORIENTED_EDGE ( 'NONE', *, *, #2717, .T. ) ;
#2344 = ADVANCED_FACE ( 'NONE', ( #4687 ), #5378, .F. ) ;
#2345 = CARTESIAN_POINT ( 'NONE',  ( -0.7303149606299212948, 0.1850393700787401619, -0.01968503937007873988 ) ) ;
#2346 = ORIENTED_EDGE ( 'NONE', *, *, #2939, .T. ) ;
#2347 = PLANE ( 'NONE',  #8006 ) ;
#2348 = CARTESIAN_POINT ( 'NONE',  ( -0.5795275590551181022, 0.1574803149606299191, 0.02952755905511811330 ) ) ;
#2349 = EDGE_CURVE ( 'NONE', #8457, #4351, #1356, .T. ) ;
#2350 = ORIENTED_EDGE ( 'NONE', *, *, #4244, .F. ) ;
#2351 = LINE ( 'NONE', #4957, #4053 ) ;
#2352 = DIRECTION ( 'NONE',  ( 0.000000000000000000, 0.000000000000000000, -1.000000000000000000 ) ) ;
#2353 = LINE ( 'NONE', #7553, #7212 ) ;
#2354 = CARTESIAN_POINT ( 'NONE',  ( -0.2214566929133858220, 0.1574803149606299191, -0.02854330708661417110 ) ) ;
#2355 = VERTEX_POINT ( 'NONE', #3321 ) ;
#2356 = ORIENTED_EDGE ( 'NONE', *, *, #2827, .F. ) ;
#2357 = DIRECTION ( 'NONE',  ( 0.000000000000000000, 0.000000000000000000, 1.000000000000000000 ) ) ;
#2358 = EDGE_CURVE ( 'NONE', #7504, #5262, #2174, .T. ) ;
#2359 = DIRECTION ( 'NONE',  ( 0.000000000000000000, -1.000000000000000000, 0.000000000000000000 ) ) ;
#2360 = DIRECTION ( 'NONE',  ( 0.000000000000000000, 0.000000000000000000, -1.000000000000000000 ) ) ;
#2361 = DIRECTION ( 'NONE',  ( 0.000000000000000000, 1.000000000000000000, 0.000000000000000000 ) ) ;
#2362 = ORIENTED_EDGE ( 'NONE', *, *, #6078, .F. ) ;
#2363 = DIRECTION ( 'NONE',  ( 0.000000000000000000, 0.000000000000000000, -1.000000000000000000 ) ) ;
#2364 = DIRECTION ( 'NONE',  ( 0.000000000000000000, 0.000000000000000000, -1.000000000000000000 ) ) ;
#2365 = ORIENTED_EDGE ( 'NONE', *, *, #2948, .F. ) ;
#2366 = CARTESIAN_POINT ( 'NONE',  ( -0.3106299212598425119, 0.000000000000000000, -0.03937007874015747977 ) ) ;
#2367 = DIRECTION ( 'NONE',  ( 0.000000000000000000, 0.000000000000000000, -1.000000000000000000 ) ) ;
#2368 = LINE ( 'NONE', #7573, #5320 ) ;
#2369 = VERTEX_POINT ( 'NONE', #3367 ) ;
#2370 = PLANE ( 'NONE',  #913 ) ;
#2371 = ORIENTED_EDGE ( 'NONE', *, *, #6688, .F. ) ;
#2372 = ORIENTED_EDGE ( 'NONE', *, *, #4390, .T. ) ;
#2373 = DIRECTION ( 'NONE',  ( -1.000000000000000000, 0.000000000000000000, 0.000000000000000000 ) ) ;
#2374 = ORIENTED_EDGE ( 'NONE', *, *, #6843, .T. ) ;
#2375 = DIRECTION ( 'NONE',  ( 1.000000000000000000, 0.000000000000000000, 0.000000000000000000 ) ) ;
#2376 = VECTOR ( 'NONE', #3656, 39.37007874015748143 ) ;
#2377 = DIRECTION ( 'NONE',  ( 0.000000000000000000, 0.000000000000000000, -1.000000000000000000 ) ) ;
#2378 = ORIENTED_EDGE ( 'NONE', *, *, #1925, .T. ) ;
#2379 = CARTESIAN_POINT ( 'NONE',  ( -0.3185039370078740495, 0.1968503937007874127, 0.03149606299212598381 ) ) ;
#2380 = EDGE_LOOP ( 'NONE', ( #1953, #2028, #6537, #8464 ) ) ;
#2381 = EDGE_CURVE ( 'NONE', #859, #5170, #6654, .T. ) ;
#2382 = CARTESIAN_POINT ( 'NONE',  ( -0.9795275590551181244, 0.1574803149606299191, 0.02952755905511811330 ) ) ;
#2383 = FACE_OUTER_BOUND ( 'NONE', #7762, .T. ) ;
#2384 = AXIS2_PLACEMENT_3D ( 'NONE', #5607, #5561, #7006 ) ;
#2385 = ORIENTED_EDGE ( 'NONE', *, *, #1982, .T. ) ;
#2386 = DIRECTION ( 'NONE',  ( 0.000000000000000000, -1.000000000000000000, 0.000000000000000000 ) ) ;
#2387 = EDGE_CURVE ( 'NONE', #7236, #3514, #2772, .T. ) ;
#2388 = FACE_OUTER_BOUND ( 'NONE', #6555, .T. ) ;
#2389 = DIRECTION ( 'NONE',  ( 1.000000000000000000, 0.000000000000000000, 0.000000000000000000 ) ) ;
#2390 = VERTEX_POINT ( 'NONE', #707 ) ;
#2391 = ORIENTED_EDGE ( 'NONE', *, *, #2716, .T. ) ;
#2392 = AXIS2_PLACEMENT_3D ( 'NONE', #1695, #1255, #977 ) ;
#2393 = CARTESIAN_POINT ( 'NONE',  ( -0.4795275590551181244, 0.1574803149606299191, 0.02952755905511811330 ) ) ;
#2394 = ADVANCED_FACE ( 'NONE', ( #885 ), #6101, .T. ) ;
#2395 = DIRECTION ( 'NONE',  ( 0.000000000000000000, 0.000000000000000000, -1.000000000000000000 ) ) ;
#2396 = DIRECTION ( 'NONE',  ( 1.000000000000000000, 0.000000000000000000, 0.000000000000000000 ) ) ;
#2397 = VECTOR ( 'NONE', #4949, 39.37007874015748143 ) ;
#2398 = LINE ( 'NONE', #4932, #3623 ) ;
#2399 = LINE ( 'NONE', #518, #1758 ) ;
#2400 = EDGE_LOOP ( 'NONE', ( #2326, #803, #7887, #6267 ) ) ;
#2401 = EDGE_CURVE ( 'NONE', #5910, #7843, #4096, .T. ) ;
#2402 = FACE_OUTER_BOUND ( 'NONE', #1580, .T. ) ;
#2403 = CARTESIAN_POINT ( 'NONE',  ( -0.7106299212598425896, 0.01181102362204724393, 0.03937007874015747977 ) ) ;
#2404 = VECTOR ( 'NONE', #248, 39.37007874015748143 ) ;
#2405 = VECTOR ( 'NONE', #3703, 39.37007874015748143 ) ;
#2406 = EDGE_LOOP ( 'NONE', ( #5738, #4482, #1293, #1755 ) ) ;
#2407 = LINE ( 'NONE', #1003, #1013 ) ;
#2408 = EDGE_CURVE ( 'NONE', #2474, #7923, #7889, .T. ) ;
#2409 = CARTESIAN_POINT ( 'NONE',  ( -0.5795275590551181022, 0.1574803149606299191, -0.02952755905511811330 ) ) ;
#2410 = AXIS2_PLACEMENT_3D ( 'NONE', #4442, #7413, #467 ) ;
#2411 = AXIS2_PLACEMENT_3D ( 'NONE', #6776, #2926, #1480 ) ;
#2412 = CARTESIAN_POINT ( 'NONE',  ( -0.9785433070866141891, 0.01181102362204724393, 0.02854330708661417110 ) ) ;
#2413 = ORIENTED_EDGE ( 'NONE', *, *, #7930, .T. ) ;
#2414 = DIRECTION ( 'NONE',  ( 0.5773502691896257311, 0.5773502691896257311, 0.5773502691896257311 ) ) ;
#2415 = ORIENTED_EDGE ( 'NONE', *, *, #3806, .F. ) ;
#2416 = ORIENTED_EDGE ( 'NONE', *, *, #1140, .F. ) ;
#2417 = VECTOR ( 'NONE', #4754, 39.37007874015748854 ) ;
#2418 = CARTESIAN_POINT ( 'NONE',  ( -0.5342519685039370803, 0.000000000000000000, 0.000000000000000000 ) ) ;
#2419 = ORIENTED_EDGE ( 'NONE', *, *, #2995, .F. ) ;
#2420 = CARTESIAN_POINT ( 'NONE',  ( -0.6657480314960630974, -0.08858267716535432601, 0.01279527559055118092 ) ) ;
#2421 = AXIS2_PLACEMENT_3D ( 'NONE', #65, #5430, #1448 ) ;
#2422 = VERTEX_POINT ( 'NONE', #7245 ) ;
#2423 = DIRECTION ( 'NONE',  ( 0.000000000000000000, 1.000000000000000000, 0.000000000000000000 ) ) ;
#2424 = EDGE_LOOP ( 'NONE', ( #4554, #5664, #1150, #4823 ) ) ;
#2425 = CARTESIAN_POINT ( 'NONE',  ( -0.4312992125984251857, 0.1574803149606299191, 0.01870078740157480462 ) ) ;
#2426 = VECTOR ( 'NONE', #5868, 39.37007874015748143 ) ;
#2427 = CARTESIAN_POINT ( 'NONE',  ( -0.8687007874015748587, 0.1574803149606299191, -0.01870078740157480462 ) ) ;
#2428 = VECTOR ( 'NONE', #299, 39.37007874015748143 ) ;
#2429 = AXIS2_PLACEMENT_3D ( 'NONE', #5227, #8010, #3270 ) ;
#2430 = ORIENTED_EDGE ( 'NONE', *, *, #5831, .T. ) ;
#2431 = CARTESIAN_POINT ( 'NONE',  ( -0.3204724409448818645, 0.01181102362204724393, 0.02952755905511811330 ) ) ;
#2432 = EDGE_CURVE ( 'NONE', #5199, #410, #2730, .T. ) ;
#2433 = DIRECTION ( 'NONE',  ( 1.000000000000000000, 0.000000000000000000, 0.000000000000000000 ) ) ;
#2434 = ORIENTED_EDGE ( 'NONE', *, *, #2448, .F. ) ;
#2435 = ORIENTED_EDGE ( 'NONE', *, *, #2966, .T. ) ;
#2436 = ADVANCED_FACE ( 'NONE', ( #7454 ), #2248, .F. ) ;
#2437 = VECTOR ( 'NONE', #6976, 39.37007874015748143 ) ;
#2438 = AXIS2_PLACEMENT_3D ( 'NONE', #3634, #6197, #4275 ) ;
#2439 = EDGE_CURVE ( 'NONE', #5872, #5199, #3017, .T. ) ;
#2440 = LINE ( 'NONE', #465, #7484 ) ;
#2441 = LINE ( 'NONE', #3494, #2837 ) ;
#2442 = DIRECTION ( 'NONE',  ( 1.000000000000000000, 0.000000000000000000, 0.000000000000000000 ) ) ;
#2443 = AXIS2_PLACEMENT_3D ( 'NONE', #1251, #3271, #1166 ) ;
#2444 = DIRECTION ( 'NONE',  ( 0.000000000000000000, 0.000000000000000000, 1.000000000000000000 ) ) ;
#2445 = CARTESIAN_POINT ( 'NONE',  ( -0.8578740157480315709, -0.1181102362204724532, -0.01279527559055118092 ) ) ;
#2446 = EDGE_LOOP ( 'NONE', ( #6273, #3334, #4830, #741 ) ) ;
#2447 = EDGE_CURVE ( 'NONE', #2250, #2761, #8069, .T. ) ;
#2448 = EDGE_CURVE ( 'NONE', #4128, #3993, #8222, .T. ) ;
#2449 = DIRECTION ( 'NONE',  ( -0.2576626505603140105, 0.9662349396012511749, 0.000000000000000000 ) ) ;
#2450 = CARTESIAN_POINT ( 'NONE',  ( -0.2342519685039370358, 0.01181102362204724393, 0.01279527559055118092 ) ) ;
#2451 = DIRECTION ( 'NONE',  ( 1.000000000000000000, 0.000000000000000000, 0.000000000000000000 ) ) ;
#2452 = ORIENTED_EDGE ( 'NONE', *, *, #3403, .T. ) ;
#2453 = FACE_OUTER_BOUND ( 'NONE', #2702, .T. ) ;
#2454 = PLANE ( 'NONE',  #1620 ) ;
#2455 = CARTESIAN_POINT ( 'NONE',  ( -0.3785433070866142113, 0.1574803149606299191, 0.02854330708661417110 ) ) ;
#2456 = VERTEX_POINT ( 'NONE', #4976 ) ;
#2457 = DIRECTION ( 'NONE',  ( 0.000000000000000000, 0.000000000000000000, -1.000000000000000000 ) ) ;
#2458 = ORIENTED_EDGE ( 'NONE', *, *, #4378, .T. ) ;
#2459 = ORIENTED_EDGE ( 'NONE', *, *, #5890, .T. ) ;
#2460 = ORIENTED_EDGE ( 'NONE', *, *, #2465, .F. ) ;
#2461 = LINE ( 'NONE', #6346, #3111 ) ;
#2462 = CARTESIAN_POINT ( 'NONE',  ( -0.8696850393700786830, 0.1850393700787401619, 0.01968503937007873988 ) ) ;
#2463 = ORIENTED_EDGE ( 'NONE', *, *, #7984, .T. ) ;
#2464 = CARTESIAN_POINT ( 'NONE',  ( -0.8687007874015748587, 0.02165354330708661734, -0.01870078740157480462 ) ) ;
#2465 = EDGE_CURVE ( 'NONE', #4903, #3586, #4939, .T. ) ;
#2466 = VERTEX_POINT ( 'NONE', #1725 ) ;
#2467 = ADVANCED_FACE ( 'NONE', ( #3580 ), #4857, .T. ) ;
#2468 = CARTESIAN_POINT ( 'NONE',  ( -0.4687007874015748365, 0.1574803149606299191, 0.01870078740157480462 ) ) ;
#2469 = DIRECTION ( 'NONE',  ( 1.000000000000000000, 0.000000000000000000, 0.000000000000000000 ) ) ;
#2470 = ORIENTED_EDGE ( 'NONE', *, *, #4084, .T. ) ;
#2471 = PLANE ( 'NONE',  #1332 ) ;
#2472 = PLANE ( 'NONE',  #3362 ) ;
#2473 = ORIENTED_EDGE ( 'NONE', *, *, #2284, .F. ) ;
#2474 = VERTEX_POINT ( 'NONE', #2215 ) ;
#2475 = DIRECTION ( 'NONE',  ( 1.000000000000000000, 0.000000000000000000, 0.000000000000000000 ) ) ;
#2476 = PLANE ( 'NONE',  #3905 ) ;
#2477 = PLANE ( 'NONE',  #1078 ) ;
#2478 = CARTESIAN_POINT ( 'NONE',  ( -0.6342519685039369470, 0.01181102362204724393, 0.01279527559055118092 ) ) ;
#2479 = DIRECTION ( 'NONE',  ( 0.000000000000000000, 0.000000000000000000, 1.000000000000000000 ) ) ;
#2480 = EDGE_LOOP ( 'NONE', ( #4671, #5243, #4941, #6402 ) ) ;
#2481 = DIRECTION ( 'NONE',  ( 1.000000000000000000, 0.000000000000000000, 0.000000000000000000 ) ) ;
#2482 = LINE ( 'NONE', #6421, #1722 ) ;
#2483 = CARTESIAN_POINT ( 'NONE',  ( -0.6893700787401575436, 0.000000000000000000, -0.03937007874015747977 ) ) ;
#2484 = ADVANCED_FACE ( 'NONE', ( #2932 ), #7572, .F. ) ;
#2485 = EDGE_CURVE ( 'NONE', #5042, #1369, #6149, .T. ) ;
#2486 = LINE ( 'NONE', #5869, #1151 ) ;
#2487 = FACE_OUTER_BOUND ( 'NONE', #2329, .T. ) ;
#2488 = EDGE_CURVE ( 'NONE', #3434, #258, #7533, .T. ) ;
#2489 = CARTESIAN_POINT ( 'NONE',  ( -0.8214566929133859663, 0.000000000000000000, 0.000000000000000000 ) ) ;
#2490 = VERTEX_POINT ( 'NONE', #2899 ) ;
#2491 = CARTESIAN_POINT ( 'NONE',  ( -0.8893700787401574992, 0.000000000000000000, -0.03937007874015747977 ) ) ;
#2492 = ORIENTED_EDGE ( 'NONE', *, *, #2701, .T. ) ;
#2493 = ORIENTED_EDGE ( 'NONE', *, *, #4658, .T. ) ;
#2494 = LINE ( 'NONE', #1300, #2536 ) ;
#2495 = EDGE_CURVE ( 'NONE', #8061, #1444, #1646, .T. ) ;
#2496 = ORIENTED_EDGE ( 'NONE', *, *, #6222, .T. ) ;
#2497 = DIRECTION ( 'NONE',  ( 0.000000000000000000, 1.000000000000000000, 0.000000000000000000 ) ) ;
#2498 = CARTESIAN_POINT ( 'NONE',  ( -0.6578740157480315043, -0.1181102362204724532, 0.004921259842519684971 ) ) ;
#2499 = VERTEX_POINT ( 'NONE', #5501 ) ;
#2500 = CARTESIAN_POINT ( 'NONE',  ( -0.9687007874015747255, 0.1574803149606299191, 0.01870078740157480462 ) ) ;
#2501 = EDGE_CURVE ( 'NONE', #3955, #7168, #356, .T. ) ;
#2502 = VERTEX_POINT ( 'NONE', #1094 ) ;
#2503 = CARTESIAN_POINT ( 'NONE',  ( -0.7185039370078739607, 0.1968503937007874127, -0.03149606299212598381 ) ) ;
#2504 = DIRECTION ( 'NONE',  ( 0.000000000000000000, 1.000000000000000000, 0.000000000000000000 ) ) ;
#2505 = ORIENTED_EDGE ( 'NONE', *, *, #1712, .T. ) ;
#2506 = CARTESIAN_POINT ( 'NONE',  ( -0.8785433070866142113, 0.01181102362204724393, 0.02854330708661417110 ) ) ;
#2507 = VECTOR ( 'NONE', #7570, 39.37007874015748143 ) ;
#2508 = EDGE_CURVE ( 'NONE', #6159, #2181, #1005, .T. ) ;
#2509 = CARTESIAN_POINT ( 'NONE',  ( -0.2204724409448818867, 0.01181102362204724393, 0.02952755905511811330 ) ) ;
#2510 = EDGE_LOOP ( 'NONE', ( #2074, #2378, #8455, #5206 ) ) ;
#2511 = ORIENTED_EDGE ( 'NONE', *, *, #4270, .T. ) ;
#2512 = LINE ( 'NONE', #552, #5571 ) ;
#2513 = FACE_OUTER_BOUND ( 'NONE', #6478, .T. ) ;
#2514 = CARTESIAN_POINT ( 'NONE',  ( -0.8687007874015748587, 0.02165354330708661734, -0.01870078740157480462 ) ) ;
#2515 = DIRECTION ( 'NONE',  ( -1.000000000000000000, 0.000000000000000000, 0.000000000000000000 ) ) ;
#2516 = CARTESIAN_POINT ( 'NONE',  ( -0.7106299212598425896, 0.01181102362204724393, 0.03937007874015747977 ) ) ;
#2517 = VECTOR ( 'NONE', #3005, 39.37007874015748143 ) ;
#2518 = VERTEX_POINT ( 'NONE', #1046 ) ;
#2519 = CARTESIAN_POINT ( 'NONE',  ( -0.3657480314960629975, -0.08858267716535432601, 0.01279527559055118092 ) ) ;
#2520 = LINE ( 'NONE', #1886, #2142 ) ;
#2521 = VECTOR ( 'NONE', #7775, 39.37007874015748854 ) ;
#2522 = CARTESIAN_POINT ( 'NONE',  ( -0.7785433070866142335, 0.1574803149606299191, 0.02854330708661417110 ) ) ;
#2523 = PLANE ( 'NONE',  #4973 ) ;
#2524 = FACE_OUTER_BOUND ( 'NONE', #6827, .T. ) ;
#2525 = PLANE ( 'NONE',  #2443 ) ;
#2526 = ORIENTED_EDGE ( 'NONE', *, *, #1004, .T. ) ;
#2527 = CARTESIAN_POINT ( 'NONE',  ( -0.7214566929133858775, 0.01181102362204724393, -0.02854330708661417110 ) ) ;
#2528 = ORIENTED_EDGE ( 'NONE', *, *, #7755, .T. ) ;
#2530 = FACE_BOUND ( 'NONE', #7769, .T. ) ;
#2529 = VECTOR ( 'NONE', #6839, 39.37007874015748854 ) ;
#2531 = VECTOR ( 'NONE', #3137, 39.37007874015748143 ) ;
#2532 = EDGE_CURVE ( 'NONE', #5590, #1403, #440, .T. ) ;
#2533 = ORIENTED_EDGE ( 'NONE', *, *, #628, .F. ) ;
#2534 = EDGE_CURVE ( 'NONE', #3418, #1360, #285, .T. ) ;
#2535 =( CONVERSION_BASED_UNIT ( 'INCH', #7071 ) LENGTH_UNIT ( ) NAMED_UNIT ( #5255 ) );
#2536 = VECTOR ( 'NONE', #6344, 39.37007874015748143 ) ;
#2537 = ORIENTED_EDGE ( 'NONE', *, *, #3447, .F. ) ;
#2538 = CARTESIAN_POINT ( 'NONE',  ( -0.5657480314960630086, 0.01181102362204724393, 0.01279527559055118092 ) ) ;
#2539 = CARTESIAN_POINT ( 'NONE',  ( -0.7106299212598425896, 0.000000000000000000, 0.03937007874015747977 ) ) ;
#2540 = CARTESIAN_POINT ( 'NONE',  ( -0.5696850393700787496, 0.1850393700787401619, 0.01968503937007873988 ) ) ;
#2541 = ORIENTED_EDGE ( 'NONE', *, *, #6108, .F. ) ;
#2542 = PLANE ( 'NONE',  #2849 ) ;
#2543 = EDGE_CURVE ( 'NONE', #6175, #1122, #1567, .T. ) ;
#2544 = ORIENTED_EDGE ( 'NONE', *, *, #2552, .T. ) ;
#2545 = AXIS2_PLACEMENT_3D ( 'NONE', #5929, #679, #3292 ) ;
#2546 = VECTOR ( 'NONE', #7364, 39.37007874015748143 ) ;
#2547 = LINE ( 'NONE', #8324, #6493 ) ;
#2548 = DIRECTION ( 'NONE',  ( 1.000000000000000000, 0.000000000000000000, 0.000000000000000000 ) ) ;
#2549 = ORIENTED_EDGE ( 'NONE', *, *, #5202, .F. ) ;
#2550 = CARTESIAN_POINT ( 'NONE',  ( -0.5342519685039370803, -0.08858267716535432601, -0.01279527559055118092 ) ) ;
#2551 = EDGE_CURVE ( 'NONE', #7768, #1122, #5467, .T. ) ;
#2552 = EDGE_CURVE ( 'NONE', #7254, #7805, #3657, .T. ) ;
#2553 = VECTOR ( 'NONE', #5843, 39.37007874015748143 ) ;
#2554 = DIRECTION ( 'NONE',  ( 0.000000000000000000, -1.000000000000000000, 0.000000000000000000 ) ) ;
#2555 = ORIENTED_EDGE ( 'NONE', *, *, #5528, .F. ) ;
#2556 = EDGE_LOOP ( 'NONE', ( #5932, #813, #7286, #5573 ) ) ;
#2557 = ORIENTED_EDGE ( 'NONE', *, *, #5739, .F. ) ;
#2558 = ADVANCED_FACE ( 'NONE', ( #5060 ), #2454, .F. ) ;
#2559 = AXIS2_PLACEMENT_3D ( 'NONE', #4807, #7869, #3484 ) ;
#2560 = AXIS2_PLACEMENT_3D ( 'NONE', #5760, #3118, #1825 ) ;
#2561 = VECTOR ( 'NONE', #470, 39.37007874015748143 ) ;
#2562 = ADVANCED_FACE ( 'NONE', ( #2487 ), #481, .T. ) ;
#2563 = ADVANCED_FACE ( 'NONE', ( #1127 ), #7063, .T. ) ;
#2564 = CARTESIAN_POINT ( 'NONE',  ( -0.6687007874015747921, 0.1574803149606299191, 0.01870078740157480462 ) ) ;
#2565 = CARTESIAN_POINT ( 'NONE',  ( -0.8893700787401574992, 0.01181102362204724393, -0.03937007874015747977 ) ) ;
#2566 = DIRECTION ( 'NONE',  ( 1.000000000000000000, 0.000000000000000000, 0.000000000000000000 ) ) ;
#2567 = DIRECTION ( 'NONE',  ( 0.000000000000000000, 0.000000000000000000, 1.000000000000000000 ) ) ;
#2568 = DIRECTION ( 'NONE',  ( 0.000000000000000000, -1.000000000000000000, 0.000000000000000000 ) ) ;
#2569 = VECTOR ( 'NONE', #2266, 39.37007874015748143 ) ;
#2570 = AXIS2_PLACEMENT_3D ( 'NONE', #7292, #3966, #3429 ) ;
#2571 = VECTOR ( 'NONE', #4156, 39.37007874015748143 ) ;
#2572 = LINE ( 'NONE', #4533, #471 ) ;
#2573 = PLANE ( 'NONE',  #4329 ) ;
#2574 = DIRECTION ( 'NONE',  ( 0.000000000000000000, 0.000000000000000000, -1.000000000000000000 ) ) ;
#2575 = EDGE_CURVE ( 'NONE', #1800, #5923, #3173, .T. ) ;
#2576 = AXIS2_PLACEMENT_3D ( 'NONE', #3303, #7132, #7860 ) ;
#2577 = LINE ( 'NONE', #7688, #3537 ) ;
#2578 = DIRECTION ( 'NONE',  ( 0.000000000000000000, 0.000000000000000000, -1.000000000000000000 ) ) ;
#2579 = DIRECTION ( 'NONE',  ( 0.000000000000000000, 0.000000000000000000, -1.000000000000000000 ) ) ;
#2580 = CARTESIAN_POINT ( 'NONE',  ( -0.2687007874015748254, 0.02165354330708661734, -0.01870078740157480462 ) ) ;
#2581 = EDGE_LOOP ( 'NONE', ( #3285, #6068, #6714, #7839 ) ) ;
#2582 = ORIENTED_EDGE ( 'NONE', *, *, #2972, .F. ) ;
#2583 = EDGE_LOOP ( 'NONE', ( #2056, #6904, #5275, #3589 ) ) ;
#2584 = CARTESIAN_POINT ( 'NONE',  ( -0.9795275590551181244, 0.01181102362204724393, 0.02952755905511811330 ) ) ;
#2585 = LINE ( 'NONE', #5594, #2397 ) ;
#2586 = VERTEX_POINT ( 'NONE', #3776 ) ;
#2587 = LINE ( 'NONE', #574, #8278 ) ;
#2588 = ORIENTED_EDGE ( 'NONE', *, *, #1671, .F. ) ;
#2589 = LINE ( 'NONE', #1854, #6886 ) ;
#2590 = CARTESIAN_POINT ( 'NONE',  ( -0.5687007874015748143, 0.1574803149606299191, 0.01870078740157480462 ) ) ;
#2591 = LINE ( 'NONE', #7796, #2725 ) ;
#2592 = ADVANCED_FACE ( 'NONE', ( #5746 ), #5097, .F. ) ;
#2593 = APPLICATION_CONTEXT ( 'automotive_design' ) ;
#2594 = EDGE_LOOP ( 'NONE', ( #2988, #557, #2413, #3049 ) ) ;
#2595 = LINE ( 'NONE', #6479, #3402 ) ;
#2596 = VERTEX_POINT ( 'NONE', #7622 ) ;
#2597 = LINE ( 'NONE', #1184, #5812 ) ;
#2598 = CARTESIAN_POINT ( 'NONE',  ( -1.009842534703531580, 0.01181102362204724393, 0.03937007874015747977 ) ) ;
#2599 = EDGE_LOOP ( 'NONE', ( #3394, #1179, #3591, #98 ) ) ;
#2600 = DIRECTION ( 'NONE',  ( 0.000000000000000000, 1.000000000000000000, 0.000000000000000000 ) ) ;
#2601 = ADVANCED_FACE ( 'NONE', ( #7656 ), #5020, .F. ) ;
#2602 = EDGE_CURVE ( 'NONE', #1650, #8192, #7783, .T. ) ;
#2603 = ADVANCED_FACE ( 'NONE', ( #4377, #4539 ), #6425, .F. ) ;
#2604 = DIRECTION ( 'NONE',  ( 1.000000000000000000, 0.000000000000000000, 0.000000000000000000 ) ) ;
#2605 = EDGE_LOOP ( 'NONE', ( #4760, #536, #4428, #305 ) ) ;
#2606 = ORIENTED_EDGE ( 'NONE', *, *, #5325, .F. ) ;
#2607 = ORIENTED_EDGE ( 'NONE', *, *, #2239, .T. ) ;
#2608 = CARTESIAN_POINT ( 'NONE',  ( -1.000000000000000000, 0.01181102362204724393, -0.03937007874015747977 ) ) ;
#2609 = CARTESIAN_POINT ( 'NONE',  ( -0.4106299212598425452, 0.01181102362204724393, 0.03937007874015747977 ) ) ;
#2610 = DIRECTION ( 'NONE',  ( 0.000000000000000000, -1.000000000000000000, 0.000000000000000000 ) ) ;
#2611 = CARTESIAN_POINT ( 'NONE',  ( -0.7687007874015748810, 0.1574803149606299191, 0.01870078740157480462 ) ) ;
#2612 = PLANE ( 'NONE',  #117 ) ;
#2613 = VERTEX_POINT ( 'NONE', #1931 ) ;
#2614 = LINE ( 'NONE', #7269, #1868 ) ;
#2615 = CARTESIAN_POINT ( 'NONE',  ( -1.009842519685039353, 0.01181102362204724393, 0.03937007874015747977 ) ) ;
#2616 = ADVANCED_FACE ( 'NONE', ( #7142, #4411 ), #8381, .F. ) ;
#2617 = DIRECTION ( 'NONE',  ( 0.000000000000000000, 0.000000000000000000, -1.000000000000000000 ) ) ;
#2618 = FACE_OUTER_BOUND ( 'NONE', #1978, .T. ) ;
#2619 = CARTESIAN_POINT ( 'NONE',  ( -1.009842519685039353, 0.000000000000000000, -0.03937007874015747977 ) ) ;
#2620 = PLANE ( 'NONE',  #823 ) ;
#2621 = ORIENTED_EDGE ( 'NONE', *, *, #4091, .T. ) ;
#2622 = EDGE_CURVE ( 'NONE', #6208, #6118, #1891, .T. ) ;
#2623 = ORIENTED_EDGE ( 'NONE', *, *, #2193, .T. ) ;
#2624 = ORIENTED_EDGE ( 'NONE', *, *, #1290, .F. ) ;
#2625 = LINE ( 'NONE', #5232, #7048 ) ;
#2626 = DIRECTION ( 'NONE',  ( -0.000000000000000000, 1.000000000000000000, 0.000000000000000000 ) ) ;
#2627 = ORIENTED_EDGE ( 'NONE', *, *, #1479, .F. ) ;
#2628 = LINE ( 'NONE', #2810, #5135 ) ;
#2629 = EDGE_LOOP ( 'NONE', ( #2677, #2721, #2671, #5946 ) ) ;
#2630 = DIRECTION ( 'NONE',  ( 1.000000000000000000, 0.000000000000000000, 0.000000000000000000 ) ) ;
#2631 = LINE ( 'NONE', #2462, #2184 ) ;
#2632 = LINE ( 'NONE', #1074, #5849 ) ;
#2633 = ORIENTED_EDGE ( 'NONE', *, *, #2211, .F. ) ;
#2634 = ORIENTED_EDGE ( 'NONE', *, *, #6901, .T. ) ;
#2635 = CARTESIAN_POINT ( 'NONE',  ( -0.6785433070866142558, 0.01181102362204724393, 0.02854330708661417110 ) ) ;
#2636 = ORIENTED_EDGE ( 'NONE', *, *, #7823, .F. ) ;
#2637 = LINE ( 'NONE', #1142, #225 ) ;
#2638 =( CONVERSION_BASED_UNIT ( 'INCH', #3378 ) LENGTH_UNIT ( ) NAMED_UNIT ( #7809 ) );
#2639 = ORIENTED_EDGE ( 'NONE', *, *, #781, .F. ) ;
#2640 = LINE ( 'NONE', #3245, #7047 ) ;
#2641 = LINE ( 'NONE', #27, #7697 ) ;
#2642 = VERTEX_POINT ( 'NONE', #4503 ) ;
#2643 = EDGE_LOOP ( 'NONE', ( #3357, #3409, #5090, #2907 ) ) ;
#2644 = ORIENTED_EDGE ( 'NONE', *, *, #982, .F. ) ;
#2645 = EDGE_CURVE ( 'NONE', #2029, #2318, #8263, .T. ) ;
#2646 = ADVANCED_FACE ( 'NONE', ( #1808, #2524 ), #3819, .F. ) ;
#2647 = CARTESIAN_POINT ( 'NONE',  ( -0.3303149606299212726, 0.000000000000000000, 0.000000000000000000 ) ) ;
#2648 = PLANE ( 'NONE',  #6505 ) ;
#2649 = CARTESIAN_POINT ( 'NONE',  ( -0.9814960629921259949, 0.1968503937007874127, 0.03149606299212598381 ) ) ;
#2650 = CARTESIAN_POINT ( 'NONE',  ( -0.7687007874015748810, 0.1574803149606299191, 0.01870078740157480462 ) ) ;
#2651 = DIRECTION ( 'NONE',  ( 0.000000000000000000, -1.000000000000000000, 0.000000000000000000 ) ) ;
#2652 = VERTEX_POINT ( 'NONE', #1249 ) ;
#2653 = DIRECTION ( 'NONE',  ( 0.000000000000000000, 1.000000000000000000, 0.000000000000000000 ) ) ;
#2654 = DIRECTION ( 'NONE',  ( 0.000000000000000000, 0.000000000000000000, -1.000000000000000000 ) ) ;
#2655 = VECTOR ( 'NONE', #1045, 39.37007874015748143 ) ;
#2656 = EDGE_CURVE ( 'NONE', #1790, #7862, #6460, .T. ) ;
#2657 = DIRECTION ( 'NONE',  ( 0.000000000000000000, 0.000000000000000000, -1.000000000000000000 ) ) ;
#2658 = DIRECTION ( 'NONE',  ( 1.000000000000000000, 0.000000000000000000, 0.000000000000000000 ) ) ;
#2659 = FACE_OUTER_BOUND ( 'NONE', #893, .T. ) ;
#2660 = ADVANCED_FACE ( 'NONE', ( #6048 ), #1518, .T. ) ;
#2661 = FACE_OUTER_BOUND ( 'NONE', #5238, .T. ) ;
#2662 = ORIENTED_EDGE ( 'NONE', *, *, #3191, .F. ) ;
#2663 = ORIENTED_EDGE ( 'NONE', *, *, #4948, .F. ) ;
#2664 = VERTEX_POINT ( 'NONE', #4771 ) ;
#2665 = DIRECTION ( 'NONE',  ( 1.000000000000000000, 0.000000000000000000, 0.000000000000000000 ) ) ;
#2666 = DIRECTION ( 'NONE',  ( -0.2576626505603140105, 0.9662349396012511749, 0.000000000000000000 ) ) ;
#2667 = ORIENTED_EDGE ( 'NONE', *, *, #1213, .F. ) ;
#2668 = VECTOR ( 'NONE', #548, 39.37007874015748143 ) ;
#2669 = EDGE_CURVE ( 'NONE', #1565, #8201, #696, .T. ) ;
#2670 = DIRECTION ( 'NONE',  ( 0.000000000000000000, 0.000000000000000000, -1.000000000000000000 ) ) ;
#2671 = ORIENTED_EDGE ( 'NONE', *, *, #21, .F. ) ;
#2672 = FACE_OUTER_BOUND ( 'NONE', #7164, .T. ) ;
#2673 = DIRECTION ( 'NONE',  ( 0.000000000000000000, -1.000000000000000000, 0.000000000000000000 ) ) ;
#2674 = AXIS2_PLACEMENT_3D ( 'NONE', #2683, #757, #5296 ) ;
#2675 = AXIS2_PLACEMENT_3D ( 'NONE', #7744, #8155, #6558 ) ;
#2676 = CARTESIAN_POINT ( 'NONE',  ( -0.3185039370078740495, 0.1968503937007874127, -0.03149606299212598381 ) ) ;
#2677 = ORIENTED_EDGE ( 'NONE', *, *, #3922, .T. ) ;
#2678 = ORIENTED_EDGE ( 'NONE', *, *, #843, .T. ) ;
#2679 = CARTESIAN_POINT ( 'NONE',  ( -0.4696850393700787163, 0.1850393700787401619, 0.01968503937007873988 ) ) ;
#2680 = ORIENTED_EDGE ( 'NONE', *, *, #5208, .T. ) ;
#2681 = COLOUR_RGB ( '',0.7921568627450980005, 0.8196078431372548767, 0.9333333333333333481 ) ;
#2682 = VECTOR ( 'NONE', #7178, 39.37007874015748143 ) ;
#2683 = CARTESIAN_POINT ( 'NONE',  ( -0.2687007874015748254, 0.1574803149606299191, 0.01870078740157480462 ) ) ;
#2684 = APPLICATION_PROTOCOL_DEFINITION ( 'draft international standard', 'automotive_design', 1998, #2593 ) ;
#2685 = EDGE_LOOP ( 'NONE', ( #7282, #898, #6157, #3668 ) ) ;
#2686 = FACE_OUTER_BOUND ( 'NONE', #2556, .T. ) ;
#2687 = AXIS2_PLACEMENT_3D ( 'NONE', #986, #6195, #5889 ) ;
#2688 = VECTOR ( 'NONE', #4506, 39.37007874015748143 ) ;
#2689 = PLANE ( 'NONE',  #4025 ) ;
#2690 = ORIENTED_EDGE ( 'NONE', *, *, #5489, .F. ) ;
#2691 = ORIENTED_EDGE ( 'NONE', *, *, #20, .F. ) ;
#2692 = ORIENTED_EDGE ( 'NONE', *, *, #526, .T. ) ;
#2693 = CARTESIAN_POINT ( 'NONE',  ( -0.4657480314960630308, -0.08858267716535432601, -0.01279527559055118092 ) ) ;
#2694 = DIRECTION ( 'NONE',  ( 0.000000000000000000, 0.000000000000000000, -1.000000000000000000 ) ) ;
#2695 = VECTOR ( 'NONE', #503, 39.37007874015748143 ) ;
#2696 = VECTOR ( 'NONE', #473, 39.37007874015748143 ) ;
#2697 = CARTESIAN_POINT ( 'NONE',  ( -0.9755905511811023834, 0.1909448818897638012, 0.000000000000000000 ) ) ;
#2698 = DIRECTION ( 'NONE',  ( -0.5773502691896257311, 0.5773502691896257311, 0.5773502691896257311 ) ) ;
#2699 = CARTESIAN_POINT ( 'NONE',  ( -0.4214566929133858331, 0.01181102362204724393, 0.02854330708661417110 ) ) ;
#2700 = CARTESIAN_POINT ( 'NONE',  ( -0.5657480314960630086, -0.08858267716535432601, 0.01279527559055118092 ) ) ;
#2701 = EDGE_CURVE ( 'NONE', #6118, #7067, #6552, .T. ) ;
#2702 = EDGE_LOOP ( 'NONE', ( #6718, #1359, #7592, #104 ) ) ;
#2703 = ADVANCED_FACE ( 'NONE', ( #2659 ), #1474, .F. ) ;
#2704 = EDGE_LOOP ( 'NONE', ( #7802, #1280, #5864, #7428 ) ) ;
#2705 = AXIS2_PLACEMENT_3D ( 'NONE', #3895, #653, #3142 ) ;
#2706 = LINE ( 'NONE', #5318, #5565 ) ;
#2708 = PLANE ( 'NONE',  #5281 ) ;
#2707 = VECTOR ( 'NONE', #449, 39.37007874015748143 ) ;
#2709 = VECTOR ( 'NONE', #6264, 39.37007874015748143 ) ;
#2710 = CARTESIAN_POINT ( 'NONE',  ( -0.7657480314960629642, -0.08858267716535432601, 0.01279527559055118092 ) ) ;
#2711 = VECTOR ( 'NONE', #8253, 39.37007874015748143 ) ;
#2712 = VECTOR ( 'NONE', #2006, 39.37007874015748143 ) ;
#2713 = VECTOR ( 'NONE', #837, 39.37007874015748143 ) ;
#2714 = DIRECTION ( 'NONE',  ( 1.000000000000000000, 0.000000000000000000, 0.000000000000000000 ) ) ;
#2715 = LINE ( 'NONE', #2113, #2713 ) ;
#2716 = EDGE_CURVE ( 'NONE', #3946, #4033, #7871, .T. ) ;
#2717 = EDGE_CURVE ( 'NONE', #3233, #1447, #7369, .T. ) ;
#2718 = CARTESIAN_POINT ( 'NONE',  ( -0.2785433070866141780, 0.000000000000000000, 0.000000000000000000 ) ) ;
#2719 = ORIENTED_EDGE ( 'NONE', *, *, #5704, .F. ) ;
#2720 = ORIENTED_EDGE ( 'NONE', *, *, #4844, .T. ) ;
#2721 = ORIENTED_EDGE ( 'NONE', *, *, #2737, .T. ) ;
#2722 = LINE ( 'NONE', #8433, #8408 ) ;
#2723 = CARTESIAN_POINT ( 'NONE',  ( -0.7721456692913386544, 0.01181102362204724393, -0.01279527559055118092 ) ) ;
#2724 = VERTEX_POINT ( 'NONE', #2802 ) ;
#2725 = VECTOR ( 'NONE', #3236, 39.37007874015748143 ) ;
#2726 = ADVANCED_FACE ( 'NONE', ( #5954 ), #6009, .T. ) ;
#2727 = PLANE ( 'NONE',  #3772 ) ;
#2728 = ORIENTED_EDGE ( 'NONE', *, *, #4274, .T. ) ;
#2729 = DIRECTION ( 'NONE',  ( 0.000000000000000000, 1.000000000000000000, 0.000000000000000000 ) ) ;
#2730 = LINE ( 'NONE', #5337, #5701 ) ;
#2731 = VECTOR ( 'NONE', #153, 39.37007874015748854 ) ;
#2732 = LINE ( 'NONE', #4784, #7908 ) ;
#2733 = ORIENTED_EDGE ( 'NONE', *, *, #21, .T. ) ;
#2734 = EDGE_LOOP ( 'NONE', ( #5469, #1267, #7350, #7481 ) ) ;
#2735 = CARTESIAN_POINT ( 'NONE',  ( -1.009842519685039353, 0.000000000000000000, 0.04921259842519685318 ) ) ;
#2736 = EDGE_LOOP ( 'NONE', ( #6882, #2385, #4302, #8071 ) ) ;
#2737 = EDGE_CURVE ( 'NONE', #4565, #5465, #6593, .T. ) ;
#2738 = DIRECTION ( 'NONE',  ( 0.000000000000000000, 1.000000000000000000, 0.000000000000000000 ) ) ;
#2739 = ITEM_DEFINED_TRANSFORMATION ( 'NONE', 'NONE', #6674,  #3262 ) ;
#2740 = ORIENTED_EDGE ( 'NONE', *, *, #8068, .T. ) ;
#2741 = FACE_OUTER_BOUND ( 'NONE', #5220, .T. ) ;
#2742 = FACE_OUTER_BOUND ( 'NONE', #8330, .T. ) ;
#2743 = ORIENTED_EDGE ( 'NONE', *, *, #2928, .F. ) ;
#2744 = EDGE_LOOP ( 'NONE', ( #6409, #4137, #7189, #245 ) ) ;
#2745 = ORIENTED_EDGE ( 'NONE', *, *, #2308, .T. ) ;
#2746 = LINE ( 'NONE', #7950, #5441 ) ;
#2747 = FACE_BOUND ( 'NONE', #1541, .T. ) ;
#2748 = DIRECTION ( 'NONE',  ( -0.000000000000000000, 0.7071067811865475727, 0.7071067811865475727 ) ) ;
#2749 = LINE ( 'NONE', #7995, #4626 ) ;
#2750 = DIRECTION ( 'NONE',  ( 1.000000000000000000, 0.000000000000000000, 0.000000000000000000 ) ) ;
#2751 = DIRECTION ( 'NONE',  ( 0.000000000000000000, -1.000000000000000000, 0.000000000000000000 ) ) ;
#2752 = ORIENTED_EDGE ( 'NONE', *, *, #5224, .F. ) ;
#2753 = ORIENTED_EDGE ( 'NONE', *, *, #6351, .F. ) ;
#2754 = DIRECTION ( 'NONE',  ( 1.000000000000000000, 0.000000000000000000, 0.000000000000000000 ) ) ;
#2755 = CARTESIAN_POINT ( 'NONE',  ( -0.7893700787401574104, 0.000000000000000000, 0.03937007874015747977 ) ) ;
#2756 = LINE ( 'NONE', #5365, #6392 ) ;
#2757 = DIRECTION ( 'NONE',  ( 0.000000000000000000, 0.000000000000000000, 1.000000000000000000 ) ) ;
#2758 = DIRECTION ( 'NONE',  ( 0.7071067811865975328, 0.7071067811864976127, 0.000000000000000000 ) ) ;
#2759 = CARTESIAN_POINT ( 'NONE',  ( -0.3893700787401574437, 0.01181102362204724393, -0.03937007874015747977 ) ) ;
#2760 = ORIENTED_EDGE ( 'NONE', *, *, #2054, .T. ) ;
#2761 = VERTEX_POINT ( 'NONE', #4123 ) ;
#2762 = ORIENTED_EDGE ( 'NONE', *, *, #4082, .T. ) ;
#2763 = PLANE ( 'NONE',  #3232 ) ;
#2764 = DIRECTION ( 'NONE',  ( 1.000000000000000000, 0.000000000000000000, 0.000000000000000000 ) ) ;
#2765 = APPLICATION_CONTEXT ( 'automotive_design' ) ;
#2766 = EDGE_CURVE ( 'NONE', #4917, #3826, #7184, .T. ) ;
#2767 = EDGE_CURVE ( 'NONE', #3721, #3785, #4583, .T. ) ;
#2768 = ADVANCED_FACE ( 'NONE', ( #4718 ), #3449, .F. ) ;
#2769 = FACE_OUTER_BOUND ( 'NONE', #6656, .T. ) ;
#2770 = ORIENTED_EDGE ( 'NONE', *, *, #208, .F. ) ;
#2771 = PLANE ( 'NONE',  #7687 ) ;
#2772 = LINE ( 'NONE', #4135, #5572 ) ;
#2773 = CARTESIAN_POINT ( 'NONE',  ( -0.8696850393700786830, 0.01181102362204724393, -0.01968503937007873988 ) ) ;
#2774 = EDGE_LOOP ( 'NONE', ( #3747, #6959, #2623, #7520 ) ) ;
#2775 = ORIENTED_EDGE ( 'NONE', *, *, #1433, .F. ) ;
#2776 = ORIENTED_EDGE ( 'NONE', *, *, #6514, .F. ) ;
#2777 = CARTESIAN_POINT ( 'NONE',  ( -0.9578740157480315487, -0.1181102362204724532, 0.01279527559055118092 ) ) ;
#2778 = ORIENTED_EDGE ( 'NONE', *, *, #5475, .T. ) ;
#2779 = EDGE_CURVE ( 'NONE', #6231, #8079, #2715, .T. ) ;
#2780 = CARTESIAN_POINT ( 'NONE',  ( -0.5312992125984251635, 0.02165354330708661734, -0.01870078740157480462 ) ) ;
#2781 =( NAMED_UNIT ( * ) PLANE_ANGLE_UNIT ( ) SI_UNIT ( $, .RADIAN. ) );
#2782 = ORIENTED_EDGE ( 'NONE', *, *, #2818, .T. ) ;
#2783 = CARTESIAN_POINT ( 'NONE',  ( -1.000000000000000000, 0.000000000000000000, 0.03937007874015747977 ) ) ;
#2784 = EDGE_CURVE ( 'NONE', #4231, #7976, #7274, .T. ) ;
#2785 = PLANE ( 'NONE',  #5261 ) ;
#2786 = ORIENTED_EDGE ( 'NONE', *, *, #103, .T. ) ;
#2787 = VERTEX_POINT ( 'NONE', #7232 ) ;
#2788 = ORIENTED_EDGE ( 'NONE', *, *, #7786, .T. ) ;
#2789 = DIRECTION ( 'NONE',  ( 0.000000000000000000, 0.000000000000000000, -1.000000000000000000 ) ) ;
#2790 = FACE_BOUND ( 'NONE', #3019, .T. ) ;
#2791 = ADVANCED_FACE ( 'NONE', ( #1383 ), #736, .F. ) ;
#2792 = DIRECTION ( 'NONE',  ( 0.000000000000000000, 1.000000000000000000, 0.000000000000000000 ) ) ;
#2793 = DIRECTION ( 'NONE',  ( 1.000000000000000000, 0.000000000000000000, 0.000000000000000000 ) ) ;
#2794 = DIRECTION ( 'NONE',  ( 1.000000000000000000, 0.000000000000000000, 0.000000000000000000 ) ) ;
#2795 = LINE ( 'NONE', #4068, #6532 ) ;
#2796 = CARTESIAN_POINT ( 'NONE',  ( -0.3696850393700787940, 0.1968503937007874127, 0.01968503937007873988 ) ) ;
#2797 = EDGE_LOOP ( 'NONE', ( #1387, #8013, #5099, #2346 ) ) ;
#2798 = CARTESIAN_POINT ( 'NONE',  ( -0.3106299212598425119, 0.000000000000000000, 0.03937007874015747977 ) ) ;
#2799 = DIRECTION ( 'NONE',  ( 0.000000000000000000, 0.000000000000000000, -1.000000000000000000 ) ) ;
#2800 = PLANE ( 'NONE',  #519 ) ;
#2801 = CARTESIAN_POINT ( 'NONE',  ( -0.5696850393700787496, 0.000000000000000000, 0.000000000000000000 ) ) ;
#2802 = CARTESIAN_POINT ( 'NONE',  ( -0.5795275590551181022, 0.1574803149606299191, -0.02952755905511811330 ) ) ;
#2803 = VECTOR ( 'NONE', #5059, 39.37007874015748143 ) ;
#2804 = CARTESIAN_POINT ( 'NONE',  ( -0.2578740157480315376, -0.1181102362204724532, -0.01279527559055118092 ) ) ;
#2805 = ORIENTED_EDGE ( 'NONE', *, *, #7057, .F. ) ;
#2806 = ORIENTED_EDGE ( 'NONE', *, *, #155, .F. ) ;
#2807 = FACE_OUTER_BOUND ( 'NONE', #4394, .T. ) ;
#2808 = DIRECTION ( 'NONE',  ( 0.000000000000000000, -1.000000000000000000, 0.000000000000000000 ) ) ;
#2809 = VECTOR ( 'NONE', #4240, 39.37007874015748854 ) ;
#2810 = CARTESIAN_POINT ( 'NONE',  ( -0.7696850393700788162, 0.1850393700787401619, -0.01968503937007873988 ) ) ;
#2811 = VERTEX_POINT ( 'NONE', #5324 ) ;
#2812 = DIRECTION ( 'NONE',  ( 0.000000000000000000, 0.000000000000000000, -1.000000000000000000 ) ) ;
#2813 = DIRECTION ( 'NONE',  ( 0.000000000000000000, 1.000000000000000000, 0.000000000000000000 ) ) ;
#2814 = DIRECTION ( 'NONE',  ( 0.000000000000000000, -1.000000000000000000, 0.000000000000000000 ) ) ;
#2815 = EDGE_CURVE ( 'NONE', #5298, #3978, #2072, .T. ) ;
#2816 = ORIENTED_EDGE ( 'NONE', *, *, #891, .F. ) ;
#2817 = ORIENTED_EDGE ( 'NONE', *, *, #2552, .F. ) ;
#2818 = EDGE_CURVE ( 'NONE', #2271, #1778, #7822, .T. ) ;
#2819 = DIRECTION ( 'NONE',  ( 1.000000000000000000, 0.000000000000000000, 0.000000000000000000 ) ) ;
#2820 = ORIENTED_EDGE ( 'NONE', *, *, #3771, .F. ) ;
#2821 = EDGE_CURVE ( 'NONE', #4208, #7923, #786, .T. ) ;
#2822 = FACE_OUTER_BOUND ( 'NONE', #3575, .T. ) ;
#2823 = DIRECTION ( 'NONE',  ( 1.000000000000000000, 0.000000000000000000, 0.000000000000000000 ) ) ;
#2824 = ORIENTED_EDGE ( 'NONE', *, *, #4573, .T. ) ;
#2825 = VECTOR ( 'NONE', #2567, 39.37007874015748143 ) ;
#2826 = CARTESIAN_POINT ( 'NONE',  ( -0.5342519685039370803, 0.01181102362204724393, 0.01673228346456692717 ) ) ;
#2827 = EDGE_CURVE ( 'NONE', #6641, #1444, #6174, .T. ) ;
#2828 = LINE ( 'NONE', #5435, #476 ) ;
#2829 = ORIENTED_EDGE ( 'NONE', *, *, #8390, .T. ) ;
#2830 = ORIENTED_EDGE ( 'NONE', *, *, #6749, .F. ) ;
#2831 = ORIENTED_EDGE ( 'NONE', *, *, #5475, .F. ) ;
#2832 = DIRECTION ( 'NONE',  ( -1.000000000000000000, 0.000000000000000000, 0.000000000000000000 ) ) ;
#2833 = CARTESIAN_POINT ( 'NONE',  ( -0.7578740157480314821, -0.1181102362204724532, 0.004921259842519684971 ) ) ;
#2834 = ADVANCED_FACE ( 'NONE', ( #4969 ), #4283, .F. ) ;
#2835 = CARTESIAN_POINT ( 'NONE',  ( -0.5795275590551181022, 0.01181102362204724393, -0.02952755905511811330 ) ) ;
#2836 = DIRECTION ( 'NONE',  ( 0.000000000000000000, -1.000000000000000000, 0.000000000000000000 ) ) ;
#2837 = VECTOR ( 'NONE', #1602, 39.37007874015748143 ) ;
#2838 = VECTOR ( 'NONE', #4414, 39.37007874015748854 ) ;
#2839 = CARTESIAN_POINT ( 'NONE',  ( -0.1901575223667417436, 0.01181102362204724393, -0.01968503937007873988 ) ) ;
#2840 = LINE ( 'NONE', #2884, #6816 ) ;
#2841 = PLANE ( 'NONE',  #601 ) ;
#2842 = EDGE_CURVE ( 'NONE', #2490, #2959, #997, .T. ) ;
#2843 = ORIENTED_EDGE ( 'NONE', *, *, #2973, .F. ) ;
#2844 = VECTOR ( 'NONE', #5176, 39.37007874015748143 ) ;
#2845 = VECTOR ( 'NONE', #1658, 39.37007874015748143 ) ;
#2846 = CARTESIAN_POINT ( 'NONE',  ( -0.6795275590551181910, 0.01181102362204724393, -0.02952755905511811330 ) ) ;
#2847 = LINE ( 'NONE', #7231, #1441 ) ;
#2848 = CARTESIAN_POINT ( 'NONE',  ( -0.8696850393700786830, 0.1574803149606299191, 0.01968503937007873988 ) ) ;
#2849 = AXIS2_PLACEMENT_3D ( 'NONE', #5721, #1786, #8322 ) ;
#2850 = DIRECTION ( 'NONE',  ( 0.000000000000000000, 0.000000000000000000, 1.000000000000000000 ) ) ;
#2851 = ORIENTED_EDGE ( 'NONE', *, *, #3471, .F. ) ;
#2852 = CARTESIAN_POINT ( 'NONE',  ( -0.6204724409448818534, 0.01181102362204724393, 0.02952755905511811330 ) ) ;
#2853 = LINE ( 'NONE', #1001, #3369 ) ;
#2854 = PRODUCT_RELATED_PRODUCT_CATEGORY ( 'part', '', ( #5763 ) ) ;
#2855 = VECTOR ( 'NONE', #1176, 39.37007874015748143 ) ;
#2856 = VECTOR ( 'NONE', #1789, 39.37007874015748143 ) ;
#2857 = LINE ( 'NONE', #3130, #1600 ) ;
#2858 = ORIENTED_EDGE ( 'NONE', *, *, #5295, .T. ) ;
#2859 = CARTESIAN_POINT ( 'NONE',  ( -0.3578740157480315154, -0.1181102362204724532, 0.01279527559055118092 ) ) ;
#2860 = LINE ( 'NONE', #7333, #3921 ) ;
#2861 = PLANE ( 'NONE',  #7220 ) ;
#2862 = VECTOR ( 'NONE', #772, 39.37007874015748143 ) ;
#2863 = ORIENTED_EDGE ( 'NONE', *, *, #401, .T. ) ;
#2864 = VECTOR ( 'NONE', #1909, 39.37007874015748143 ) ;
#2865 = VECTOR ( 'NONE', #2751, 39.37007874015748143 ) ;
#2866 = ORIENTED_EDGE ( 'NONE', *, *, #1307, .F. ) ;
#2867 = ORIENTED_EDGE ( 'NONE', *, *, #2488, .F. ) ;
#2868 = CARTESIAN_POINT ( 'NONE',  ( -0.5204724409448819866, 0.1574803149606299191, -0.02952755905511811330 ) ) ;
#2869 = VECTOR ( 'NONE', #5661, 39.37007874015748143 ) ;
#2870 = VERTEX_POINT ( 'NONE', #3644 ) ;
#2871 = CARTESIAN_POINT ( 'NONE',  ( -0.2106299212598425064, 0.000000000000000000, 0.03937007874015747977 ) ) ;
#2872 = FACE_OUTER_BOUND ( 'NONE', #6296, .T. ) ;
#2873 = VERTEX_POINT ( 'NONE', #2237 ) ;
#2874 = ORIENTED_EDGE ( 'NONE', *, *, #6650, .T. ) ;
#2875 = VERTEX_POINT ( 'NONE', #6140 ) ;
#2876 = EDGE_CURVE ( 'NONE', #6489, #5945, #962, .T. ) ;
#2877 = LINE ( 'NONE', #4011, #8290 ) ;
#2878 = DIRECTION ( 'NONE',  ( 0.000000000000000000, 0.000000000000000000, 1.000000000000000000 ) ) ;
#2879 = ADVANCED_FACE ( 'NONE', ( #5493 ), #3011, .T. ) ;
#2880 = CARTESIAN_POINT ( 'NONE',  ( -0.3500000000000000333, 0.1909448818897638012, -0.02559055118110236185 ) ) ;
#2881 = CARTESIAN_POINT ( 'NONE',  ( -0.5214566929133858109, 0.01181102362204724393, 0.02854330708661417110 ) ) ;
#2882 = EDGE_CURVE ( 'NONE', #4108, #5658, #2965, .T. ) ;
#2883 = CARTESIAN_POINT ( 'NONE',  ( -0.8303149606299212726, 0.1850393700787401619, 0.01968503937007873988 ) ) ;
#2884 = CARTESIAN_POINT ( 'NONE',  ( -0.7578740157480314821, -0.1181102362204724532, -0.01279527559055118092 ) ) ;
#2885 = CARTESIAN_POINT ( 'NONE',  ( -0.6795275590551181910, 0.1574803149606299191, 0.02952755905511811330 ) ) ;
#2886 = ORIENTED_EDGE ( 'NONE', *, *, #3022, .T. ) ;
#2887 = DIRECTION ( 'NONE',  ( 0.000000000000000000, 0.000000000000000000, 1.000000000000000000 ) ) ;
#2888 = LINE ( 'NONE', #6890, #8389 ) ;
#2889 = DIRECTION ( 'NONE',  ( 1.000000000000000000, 0.000000000000000000, 0.000000000000000000 ) ) ;
#2890 = DIRECTION ( 'NONE',  ( 1.000000000000000000, 0.000000000000000000, 0.000000000000000000 ) ) ;
#2891 = ORIENTED_EDGE ( 'NONE', *, *, #4439, .F. ) ;
#2892 = EDGE_CURVE ( 'NONE', #7825, #587, #1597, .T. ) ;
#2893 = DIRECTION ( 'NONE',  ( 1.000000000000000000, 0.000000000000000000, 0.000000000000000000 ) ) ;
#2894 = CARTESIAN_POINT ( 'NONE',  ( -0.2785433070866141780, 0.01181102362204724393, 0.02854330708661417110 ) ) ;
#2895 = CARTESIAN_POINT ( 'NONE',  ( -0.4618110236220472897, -0.1033464566929133965, 0.000000000000000000 ) ) ;
#2896 = ORIENTED_EDGE ( 'NONE', *, *, #1711, .F. ) ;
#2897 = DIRECTION ( 'NONE',  ( 0.000000000000000000, 0.000000000000000000, 1.000000000000000000 ) ) ;
#2898 = EDGE_CURVE ( 'NONE', #1607, #5533, #8216, .T. ) ;
#2899 = CARTESIAN_POINT ( 'NONE',  ( -0.8696850393700786830, 0.1850393700787401619, 0.01968503937007873988 ) ) ;
#2900 = LINE ( 'NONE', #2412, #1357 ) ;
#2901 = ORIENTED_EDGE ( 'NONE', *, *, #8264, .T. ) ;
#2902 = ORIENTED_EDGE ( 'NONE', *, *, #7853, .T. ) ;
#2903 = DIRECTION ( 'NONE',  ( 1.000000000000000000, 0.000000000000000000, 0.000000000000000000 ) ) ;
#2904 = ORIENTED_EDGE ( 'NONE', *, *, #5601, .F. ) ;
#2905 = DIRECTION ( 'NONE',  ( 0.000000000000000000, 0.000000000000000000, -1.000000000000000000 ) ) ;
#2906 = PLANE ( 'NONE',  #1979 ) ;
#2907 = ORIENTED_EDGE ( 'NONE', *, *, #5852, .F. ) ;
#2908 = ORIENTED_EDGE ( 'NONE', *, *, #8344, .F. ) ;
#2909 = ORIENTED_EDGE ( 'NONE', *, *, #1718, .T. ) ;
#2910 = CARTESIAN_POINT ( 'NONE',  ( -0.7814960629921260393, 0.1968503937007874127, 0.03149606299212598381 ) ) ;
#2911 = CARTESIAN_POINT ( 'NONE',  ( -0.9893700787401574770, 0.01181102362204724393, 0.03937007874015747977 ) ) ;
#2912 = DIRECTION ( 'NONE',  ( 0.000000000000000000, 1.000000000000000000, 0.000000000000000000 ) ) ;
#2913 = FACE_OUTER_BOUND ( 'NONE', #1743, .T. ) ;
#2914 = CARTESIAN_POINT ( 'NONE',  ( -0.6303149606299213170, 0.1574803149606299191, 0.01968503937007873988 ) ) ;
#2915 = CARTESIAN_POINT ( 'NONE',  ( -0.4342519685039369914, -0.08858267716535432601, -0.01279527559055118092 ) ) ;
#2916 = ORIENTED_EDGE ( 'NONE', *, *, #7819, .F. ) ;
#2917 = VERTEX_POINT ( 'NONE', #7562 ) ;
#2918 = ADVANCED_FACE ( 'NONE', ( #3573 ), #1717, .F. ) ;
#2919 = EDGE_CURVE ( 'NONE', #3483, #6151, #3606, .T. ) ;
#2920 = CARTESIAN_POINT ( 'NONE',  ( -0.4214566929133858331, 0.1574803149606299191, -0.02854330708661417110 ) ) ;
#2921 = FACE_OUTER_BOUND ( 'NONE', #3273, .T. ) ;
#2922 = DIRECTION ( 'NONE',  ( 1.000000000000000000, 0.000000000000000000, 0.000000000000000000 ) ) ;
#2923 = CARTESIAN_POINT ( 'NONE',  ( -0.8578740157480315709, -0.1181102362204724532, 0.01279527559055118092 ) ) ;
#2924 = ORIENTED_EDGE ( 'NONE', *, *, #1666, .F. ) ;
#2925 = EDGE_CURVE ( 'NONE', #6282, #3925, #2205, .T. ) ;
#2926 = DIRECTION ( 'NONE',  ( 0.000000000000000000, 0.000000000000000000, 1.000000000000000000 ) ) ;
#2927 = LINE ( 'NONE', #3651, #1589 ) ;
#2928 = EDGE_CURVE ( 'NONE', #8094, #3625, #7405, .T. ) ;
#2929 = VECTOR ( 'NONE', #5418, 39.37007874015748143 ) ;
#2930 = ORIENTED_EDGE ( 'NONE', *, *, #5803, .F. ) ;
#2931 = LINE ( 'NONE', #7497, #4013 ) ;
#2932 = FACE_OUTER_BOUND ( 'NONE', #7372, .T. ) ;
#2933 = SHAPE_REPRESENTATION ( '8er Pin Header Female', ( #3262 ), #5035 ) ;
#2934 = DIRECTION ( 'NONE',  ( 0.000000000000000000, -1.000000000000000000, 0.000000000000000000 ) ) ;
#2935 = ORIENTED_EDGE ( 'NONE', *, *, #1630, .F. ) ;
#2936 = ADVANCED_FACE ( 'NONE', ( #5569, #7526 ), #7491, .T. ) ;
#2937 = VERTEX_POINT ( 'NONE', #6853 ) ;
#2938 = EDGE_CURVE ( 'NONE', #4547, #3483, #3530, .T. ) ;
#2939 = EDGE_CURVE ( 'NONE', #1398, #3918, #1640, .T. ) ;
#2940 = PLANE ( 'NONE',  #5285 ) ;
#2941 = EDGE_LOOP ( 'NONE', ( #6289, #2107, #19, #2908 ) ) ;
#2942 = LINE ( 'NONE', #4946, #1475 ) ;
#2943 = VECTOR ( 'NONE', #6881, 39.37007874015748143 ) ;
#2944 = PLANE ( 'NONE',  #2675 ) ;
#2945 = ORIENTED_EDGE ( 'NONE', *, *, #7296, .T. ) ;
#2946 = LINE ( 'NONE', #4915, #2845 ) ;
#2947 = ORIENTED_EDGE ( 'NONE', *, *, #8397, .F. ) ;
#2948 = EDGE_CURVE ( 'NONE', #169, #6769, #2324, .T. ) ;
#2949 = VECTOR ( 'NONE', #702, 39.37007874015748143 ) ;
#2950 = DIRECTION ( 'NONE',  ( 0.000000000000000000, 1.000000000000000000, 0.000000000000000000 ) ) ;
#2951 = CARTESIAN_POINT ( 'NONE',  ( -0.5578740157480315265, -0.1181102362204724532, 0.01279527559055118092 ) ) ;
#2952 = CARTESIAN_POINT ( 'NONE',  ( -0.4185039370078740273, 0.1968503937007874127, 0.03149606299212598381 ) ) ;
#2953 = CARTESIAN_POINT ( 'NONE',  ( -0.9657480314960630308, -0.08858267716535432601, -0.01279527559055118092 ) ) ;
#2954 = DIRECTION ( 'NONE',  ( 0.2576626505603140105, -0.9662349396012511749, 0.000000000000000000 ) ) ;
#2955 = VECTOR ( 'NONE', #4268, 39.37007874015748143 ) ;
#2956 = VECTOR ( 'NONE', #809, 39.37007874015748143 ) ;
#2957 = DIRECTION ( 'NONE',  ( 1.000000000000000000, 0.000000000000000000, 0.000000000000000000 ) ) ;
#2958 = ORIENTED_EDGE ( 'NONE', *, *, #3128, .F. ) ;
#2959 = VERTEX_POINT ( 'NONE', #4496 ) ;
#2960 = DIRECTION ( 'NONE',  ( 0.000000000000000000, 0.000000000000000000, 1.000000000000000000 ) ) ;
#2961 = VECTOR ( 'NONE', #6649, 39.37007874015748143 ) ;
#2962 = AXIS2_PLACEMENT_3D ( 'NONE', #3413, #3222, #6016 ) ;
#2963 = CARTESIAN_POINT ( 'NONE',  ( -0.3303149606299212726, 0.1574803149606299191, -0.01968503937007873988 ) ) ;
#2964 = DIRECTION ( 'NONE',  ( 0.000000000000000000, 0.000000000000000000, 1.000000000000000000 ) ) ;
#2965 = LINE ( 'NONE', #275, #7205 ) ;
#2966 = EDGE_CURVE ( 'NONE', #6607, #4436, #3767, .T. ) ;
#2967 = ORIENTED_EDGE ( 'NONE', *, *, #5094, .F. ) ;
#2968 = FACE_OUTER_BOUND ( 'NONE', #6262, .T. ) ;
#2970 = CARTESIAN_POINT ( 'NONE',  ( -0.3578740157480315154, -0.1181102362204724532, 0.01279527559055118092 ) ) ;
#2969 = VECTOR ( 'NONE', #3517, 39.37007874015748143 ) ;
#2971 = AXIS2_PLACEMENT_3D ( 'NONE', #7177, #7097, #3938 ) ;
#2972 = EDGE_CURVE ( 'NONE', #7862, #4917, #6330, .T. ) ;
#2973 = EDGE_CURVE ( 'NONE', #1064, #2993, #8373, .T. ) ;
#2974 = AXIS2_PLACEMENT_3D ( 'NONE', #7429, #6036, #4151 ) ;
#2975 = VECTOR ( 'NONE', #1885, 39.37007874015748143 ) ;
#2976 = ORIENTED_EDGE ( 'NONE', *, *, #6685, .F. ) ;
#2977 = CARTESIAN_POINT ( 'NONE',  ( -0.5312992125984251635, 0.02165354330708661734, 0.01870078740157480462 ) ) ;
#2978 = DIRECTION ( 'NONE',  ( 0.7071067811865475727, 0.7071067811865475727, 0.000000000000000000 ) ) ;
#2979 = FACE_OUTER_BOUND ( 'NONE', #5343, .T. ) ;
#2980 = VERTEX_POINT ( 'NONE', #1085 ) ;
#2981 = VERTEX_POINT ( 'NONE', #7094 ) ;
#2982 = VECTOR ( 'NONE', #3215, 39.37007874015748143 ) ;
#2983 = VERTEX_POINT ( 'NONE', #6418 ) ;
#2984 = VECTOR ( 'NONE', #4528, 39.37007874015748143 ) ;
#2985 = VECTOR ( 'NONE', #2813, 39.37007874015748143 ) ;
#2986 = ADVANCED_FACE ( 'NONE', ( #1242 ), #5179, .F. ) ;
#2987 = FACE_OUTER_BOUND ( 'NONE', #3713, .T. ) ;
#2988 = ORIENTED_EDGE ( 'NONE', *, *, #5656, .F. ) ;
#2989 = DIRECTION ( 'NONE',  ( 0.000000000000000000, 1.000000000000000000, 0.000000000000000000 ) ) ;
#2990 = AXIS2_PLACEMENT_3D ( 'NONE', #688, #2793, #7855 ) ;
#2991 = VECTOR ( 'NONE', #6978, 39.37007874015748143 ) ;
#2992 = DIRECTION ( 'NONE',  ( 1.000000000000000000, 0.000000000000000000, 0.000000000000000000 ) ) ;
#2993 = VERTEX_POINT ( 'NONE', #1799 ) ;
#2994 = PLANE ( 'NONE',  #7330 ) ;
#2995 = EDGE_CURVE ( 'NONE', #2217, #2092, #1203, .T. ) ;
#2996 = ORIENTED_EDGE ( 'NONE', *, *, #1963, .F. ) ;
#2997 = CARTESIAN_POINT ( 'NONE',  ( -0.9795275590551181244, 0.1574803149606299191, 0.02952755905511811330 ) ) ;
#2998 = CARTESIAN_POINT ( 'NONE',  ( -0.7312992125984252301, 0.02165354330708661734, -0.01870078740157480462 ) ) ;
#2999 = ORIENTED_EDGE ( 'NONE', *, *, #3645, .F. ) ;
#3000 = CARTESIAN_POINT ( 'NONE',  ( -0.8421259842519684957, -0.1181102362204724532, 0.01279527559055118092 ) ) ;
#3001 = CARTESIAN_POINT ( 'NONE',  ( -0.9893700787401574770, 0.01181102362204724393, 0.03937007874015747977 ) ) ;
#3002 = DIRECTION ( 'NONE',  ( 0.000000000000000000, 0.000000000000000000, -1.000000000000000000 ) ) ;
#3003 = ADVANCED_BREP_SHAPE_REPRESENTATION ( '', ( #6693, #3262 ), #5035 ) ;
#3004 = AXIS2_PLACEMENT_3D ( 'NONE', #6091, #6594, #1476 ) ;
#3005 = DIRECTION ( 'NONE',  ( -1.000000000000000000, 0.000000000000000000, 0.000000000000000000 ) ) ;
#3006 = ORIENTED_EDGE ( 'NONE', *, *, #6422, .T. ) ;
#3007 = VERTEX_POINT ( 'NONE', #3727 ) ;
#3008 = CARTESIAN_POINT ( 'NONE',  ( -0.3303149606299212726, 0.1574803149606299191, 0.01968503937007873988 ) ) ;
#3009 = DIRECTION ( 'NONE',  ( 0.9662349396012511749, -0.2576626505603140105, 0.000000000000000000 ) ) ;
#3010 = DIRECTION ( 'NONE',  ( 0.000000000000000000, 1.000000000000000000, 0.000000000000000000 ) ) ;
#3011 = PLANE ( 'NONE',  #3254 ) ;
#3012 = ORIENTED_EDGE ( 'NONE', *, *, #5081, .T. ) ;
#3013 = DIRECTION ( 'NONE',  ( 0.000000000000000000, 0.000000000000000000, -1.000000000000000000 ) ) ;
#3014 = DIRECTION ( 'NONE',  ( -0.2576626505603140105, 0.9662349396012511749, 0.000000000000000000 ) ) ;
#3015 = ORIENTED_EDGE ( 'NONE', *, *, #839, .F. ) ;
#3016 = CARTESIAN_POINT ( 'NONE',  ( -0.7814960629921260393, 0.1968503937007874127, -0.03149606299212598381 ) ) ;
#3017 = LINE ( 'NONE', #7416, #6931 ) ;
#3018 = DIRECTION ( 'NONE',  ( 0.000000000000000000, 1.000000000000000000, 0.000000000000000000 ) ) ;
#3019 = EDGE_LOOP ( 'NONE', ( #3104, #6528, #3250, #6158 ) ) ;
#3020 = LINE ( 'NONE', #569, #6103 ) ;
#3021 = ORIENTED_EDGE ( 'NONE', *, *, #4274, .F. ) ;
#3022 = EDGE_CURVE ( 'NONE', #4242, #169, #5692, .T. ) ;
#3023 = ORIENTED_EDGE ( 'NONE', *, *, #3744, .T. ) ;
#3024 = EDGE_CURVE ( 'NONE', #6185, #7243, #1837, .T. ) ;
#3025 = FACE_OUTER_BOUND ( 'NONE', #7248, .T. ) ;
#3026 = EDGE_LOOP ( 'NONE', ( #448, #6170, #7509, #5193 ) ) ;
#3027 = CARTESIAN_POINT ( 'NONE',  ( -0.2785433070866141780, 0.1574803149606299191, -0.02854330708661417110 ) ) ;
#3028 = CARTESIAN_POINT ( 'NONE',  ( -0.7342519685039370358, -0.08858267716535432601, -0.01279527559055118092 ) ) ;
#3029 = ORIENTED_EDGE ( 'NONE', *, *, #1132, .T. ) ;
#3030 = CARTESIAN_POINT ( 'NONE',  ( -0.9204724409448820088, 0.000000000000000000, 0.000000000000000000 ) ) ;
#3031 = EDGE_CURVE ( 'NONE', #361, #8038, #3089, .T. ) ;
#3032 = ORIENTED_EDGE ( 'NONE', *, *, #982, .T. ) ;
#3033 = CARTESIAN_POINT ( 'NONE',  ( -0.6696850393700788384, 0.1574803149606299191, 0.01968503937007873988 ) ) ;
#3034 = CARTESIAN_POINT ( 'NONE',  ( -0.2893700787401574659, 0.01181102362204724393, 0.03937007874015747977 ) ) ;
#3035 = ORIENTED_EDGE ( 'NONE', *, *, #3848, .T. ) ;
#3036 = CARTESIAN_POINT ( 'NONE',  ( -0.3185039370078740495, 0.1968503937007874127, 0.03149606299212598381 ) ) ;
#3037 = CARTESIAN_POINT ( 'NONE',  ( -0.6687007874015747921, 0.1574803149606299191, -0.01870078740157480462 ) ) ;
#3038 = EDGE_CURVE ( 'NONE', #5856, #2875, #5051, .T. ) ;
#3039 = CARTESIAN_POINT ( 'NONE',  ( -0.3785433070866142113, 0.01181102362204724393, 0.02854330708661417110 ) ) ;
#3040 = CARTESIAN_POINT ( 'NONE',  ( -0.6687007874015747921, 0.1574803149606299191, 0.01870078740157480462 ) ) ;
#3041 = EDGE_LOOP ( 'NONE', ( #4615, #5230, #321, #5388 ) ) ;
#3042 = ORIENTED_EDGE ( 'NONE', *, *, #6755, .T. ) ;
#3043 = ADVANCED_FACE ( 'NONE', ( #4404, #3165 ), #7683, .T. ) ;
#3044 = CARTESIAN_POINT ( 'NONE',  ( -0.7312992125984252301, 0.02165354330708661734, -0.01870078740157480462 ) ) ;
#3045 = CARTESIAN_POINT ( 'NONE',  ( -0.5814960629921259727, 0.1968503937007874127, 0.03149606299212598381 ) ) ;
#3046 = DIRECTION ( 'NONE',  ( 1.000000000000000000, 0.000000000000000000, 0.000000000000000000 ) ) ;
#3047 = CARTESIAN_POINT ( 'NONE',  ( -0.5795275590551181022, 0.1574803149606299191, -0.02952755905511811330 ) ) ;
#3048 = DIRECTION ( 'NONE',  ( 1.000000000000000000, 0.000000000000000000, 0.000000000000000000 ) ) ;
#3049 = ORIENTED_EDGE ( 'NONE', *, *, #3922, .F. ) ;
#3050 = DIRECTION ( 'NONE',  ( 1.000000000000000000, 0.000000000000000000, 0.000000000000000000 ) ) ;
#3051 = DIRECTION ( 'NONE',  ( 1.000000000000000000, 0.000000000000000000, 0.000000000000000000 ) ) ;
#3052 = ORIENTED_EDGE ( 'NONE', *, *, #1680, .F. ) ;
#3053 = DIRECTION ( 'NONE',  ( 0.000000000000000000, 0.000000000000000000, 1.000000000000000000 ) ) ;
#3054 = CARTESIAN_POINT ( 'NONE',  ( -0.2204724409448818867, 0.1574803149606299191, -0.02952755905511811330 ) ) ;
#3055 = CARTESIAN_POINT ( 'NONE',  ( -0.3657480314960629975, 0.01181102362204724393, 0.01279527559055118092 ) ) ;
#3056 = ORIENTED_EDGE ( 'NONE', *, *, #3031, .T. ) ;
#3057 = CARTESIAN_POINT ( 'NONE',  ( -1.009842519685039353, 0.01181102362204724393, 0.04921259842519685318 ) ) ;
#3058 = ORIENTED_EDGE ( 'NONE', *, *, #5965, .F. ) ;
#3059 = VERTEX_POINT ( 'NONE', #1764 ) ;
#3060 = EDGE_CURVE ( 'NONE', #6657, #642, #3691, .T. ) ;
#3061 = DIRECTION ( 'NONE',  ( 0.000000000000000000, 0.000000000000000000, 1.000000000000000000 ) ) ;
#3062 = ORIENTED_EDGE ( 'NONE', *, *, #297, .T. ) ;
#3063 = DIRECTION ( 'NONE',  ( 1.000000000000000000, 0.000000000000000000, 0.000000000000000000 ) ) ;
#3064 = EDGE_CURVE ( 'NONE', #8072, #2369, #3811, .T. ) ;
#3065 = EDGE_CURVE ( 'NONE', #6921, #8286, #7013, .T. ) ;
#3066 = AXIS2_PLACEMENT_3D ( 'NONE', #6436, #8353, #2497 ) ;
#3067 = ORIENTED_EDGE ( 'NONE', *, *, #5208, .F. ) ;
#3068 = PLANE ( 'NONE',  #2161 ) ;
#3069 = ORIENTED_EDGE ( 'NONE', *, *, #475, .T. ) ;
#3070 = CARTESIAN_POINT ( 'NONE',  ( -0.8214566929133859663, 0.01181102362204724393, 0.02854330708661417110 ) ) ;
#3071 = PLANE ( 'NONE',  #4897 ) ;
#3072 = VECTOR ( 'NONE', #911, 39.37007874015748143 ) ;
#3073 = ORIENTED_EDGE ( 'NONE', *, *, #1655, .T. ) ;
#3074 = LINE ( 'NONE', #5043, #1324 ) ;
#3075 = EDGE_CURVE ( 'NONE', #6597, #8410, #1881, .T. ) ;
#3076 = EDGE_CURVE ( 'NONE', #6397, #6597, #2399, .T. ) ;
#3077 = CARTESIAN_POINT ( 'NONE',  ( -0.3303149606299212726, 0.1850393700787401619, 0.01968503937007873988 ) ) ;
#3078 = CARTESIAN_POINT ( 'NONE',  ( -0.7342519685039370358, 0.01181102362204724393, -0.01279527559055118092 ) ) ;
#3079 = ORIENTED_EDGE ( 'NONE', *, *, #1814, .F. ) ;
#3080 = ORIENTED_EDGE ( 'NONE', *, *, #942, .F. ) ;
#3081 = VECTOR ( 'NONE', #2957, 39.37007874015748143 ) ;
#3082 = ADVANCED_FACE ( 'NONE', ( #4369 ), #5089, .T. ) ;
#3083 = LINE ( 'NONE', #6248, #7731 ) ;
#3084 = CARTESIAN_POINT ( 'NONE',  ( -0.7421259842519685179, -0.1181102362204724532, -0.004921259842519684971 ) ) ;
#3085 = DIRECTION ( 'NONE',  ( -0.5773502691896257311, 0.5773502691896257311, 0.5773502691896257311 ) ) ;
#3086 = VECTOR ( 'NONE', #2328, 39.37007874015748143 ) ;
#3087 = DIRECTION ( 'NONE',  ( 0.000000000000000000, -1.000000000000000000, 0.000000000000000000 ) ) ;
#3088 = VECTOR ( 'NONE', #2064, 39.37007874015748143 ) ;
#3089 = LINE ( 'NONE', #6452, #2301 ) ;
#3090 = ORIENTED_EDGE ( 'NONE', *, *, #2876, .F. ) ;
#3091 = CARTESIAN_POINT ( 'NONE',  ( -0.2755905511811023723, 0.1909448818897638012, 0.000000000000000000 ) ) ;
#3092 = CARTESIAN_POINT ( 'NONE',  ( -0.2303149606299212671, 0.1850393700787401619, 0.01968503937007873988 ) ) ;
#3093 = AXIS2_PLACEMENT_3D ( 'NONE', #5512, #4874, #7636 ) ;
#3094 = CARTESIAN_POINT ( 'NONE',  ( -0.7312992125984252301, 0.02165354330708661734, 0.01870078740157480462 ) ) ;
#3095 = VERTEX_POINT ( 'NONE', #5737 ) ;
#3096 = DIRECTION ( 'NONE',  ( 1.000000000000000000, 0.000000000000000000, 0.000000000000000000 ) ) ;
#3097 = CARTESIAN_POINT ( 'NONE',  ( -0.7696850393700788162, 0.1968503937007874127, 0.01968503937007873988 ) ) ;
#3098 = EDGE_CURVE ( 'NONE', #4431, #114, #8335, .T. ) ;
#3099 = AXIS2_PLACEMENT_3D ( 'NONE', #5967, #1485, #6560 ) ;
#3100 = AXIS2_PLACEMENT_3D ( 'NONE', #145, #7108, #6557 ) ;
#3101 = PLANE ( 'NONE',  #8315 ) ;
#3102 = EDGE_LOOP ( 'NONE', ( #534, #2117, #7149, #4679 ) ) ;
#3103 = FACE_BOUND ( 'NONE', #4515, .T. ) ;
#3104 = ORIENTED_EDGE ( 'NONE', *, *, #5445, .F. ) ;
#3105 = ORIENTED_EDGE ( 'NONE', *, *, #4416, .T. ) ;
#3106 = VECTOR ( 'NONE', #1021, 39.37007874015748143 ) ;
#3107 = DIRECTION ( 'NONE',  ( 0.000000000000000000, 0.000000000000000000, 1.000000000000000000 ) ) ;
#3108 = ORIENTED_EDGE ( 'NONE', *, *, #620, .F. ) ;
#3109 = DIRECTION ( 'NONE',  ( 0.000000000000000000, 0.000000000000000000, -1.000000000000000000 ) ) ;
#3110 = DIRECTION ( 'NONE',  ( 1.000000000000000000, 0.000000000000000000, 0.000000000000000000 ) ) ;
#3111 = VECTOR ( 'NONE', #3109, 39.37007874015748143 ) ;
#3112 = VECTOR ( 'NONE', #3791, 39.37007874015748143 ) ;
#3113 = ORIENTED_EDGE ( 'NONE', *, *, #1803, .T. ) ;
#3114 = LINE ( 'NONE', #3190, #6125 ) ;
#3115 = ORIENTED_EDGE ( 'NONE', *, *, #8406, .T. ) ;
#3116 = DIRECTION ( 'NONE',  ( 0.000000000000000000, -1.000000000000000000, 0.000000000000000000 ) ) ;
#3117 = AXIS2_PLACEMENT_3D ( 'NONE', #6473, #8395, #5240 ) ;
#3118 = DIRECTION ( 'NONE',  ( 0.000000000000000000, 0.000000000000000000, -1.000000000000000000 ) ) ;
#3119 = VECTOR ( 'NONE', #1584, 39.37007874015748143 ) ;
#3120 = VECTOR ( 'NONE', #2479, 39.37007874015748143 ) ;
#3121 = ORIENTED_EDGE ( 'NONE', *, *, #7766, .T. ) ;
#3122 = CARTESIAN_POINT ( 'NONE',  ( -0.7342519685039370358, 0.000000000000000000, 0.000000000000000000 ) ) ;
#3123 = CARTESIAN_POINT ( 'NONE',  ( -0.1901575223667417436, 0.1968503937007874127, 0.04921259842519685318 ) ) ;
#3124 = ORIENTED_EDGE ( 'NONE', *, *, #2192, .F. ) ;
#3125 = VERTEX_POINT ( 'NONE', #5314 ) ;
#3126 = ADVANCED_FACE ( 'NONE', ( #7914 ), #2612, .F. ) ;
#3127 = EDGE_CURVE ( 'NONE', #7564, #8079, #7266, .T. ) ;
#3128 = EDGE_CURVE ( 'NONE', #642, #5879, #2795, .T. ) ;
#3129 = DIRECTION ( 'NONE',  ( 0.000000000000000000, 0.000000000000000000, -1.000000000000000000 ) ) ;
#3130 = CARTESIAN_POINT ( 'NONE',  ( -0.9696850393700787718, 0.1850393700787401619, 0.01968503937007873988 ) ) ;
#3131 = DIRECTION ( 'NONE',  ( 1.000000000000000000, 0.000000000000000000, 0.000000000000000000 ) ) ;
#3132 = VECTOR ( 'NONE', #5368, 39.37007874015748854 ) ;
#3133 = DIRECTION ( 'NONE',  ( 0.000000000000000000, 0.000000000000000000, 1.000000000000000000 ) ) ;
#3134 = DIRECTION ( 'NONE',  ( 0.000000000000000000, 0.000000000000000000, 1.000000000000000000 ) ) ;
#3135 = VERTEX_POINT ( 'NONE', #3934 ) ;
#3136 = LINE ( 'NONE', #5616, #783 ) ;
#3137 = DIRECTION ( 'NONE',  ( 0.000000000000000000, 0.000000000000000000, 1.000000000000000000 ) ) ;
#3138 = CARTESIAN_POINT ( 'NONE',  ( -0.8303149606299212726, 0.000000000000000000, 0.000000000000000000 ) ) ;
#3139 = DIRECTION ( 'NONE',  ( 1.000000000000000000, 0.000000000000000000, 0.000000000000000000 ) ) ;
#3140 = DIRECTION ( 'NONE',  ( 0.000000000000000000, 0.000000000000000000, -1.000000000000000000 ) ) ;
#3141 = ADVANCED_FACE ( 'NONE', ( #5219 ), #6681, .T. ) ;
#3142 = DIRECTION ( 'NONE',  ( 0.000000000000000000, 0.000000000000000000, -1.000000000000000000 ) ) ;
#3143 = ORIENTED_EDGE ( 'NONE', *, *, #7974, .T. ) ;
#3144 = LINE ( 'NONE', #7693, #1041 ) ;
#3145 = EDGE_LOOP ( 'NONE', ( #6184, #1015, #3618, #435 ) ) ;
#3146 = EDGE_LOOP ( 'NONE', ( #1364, #5306, #1659, #3336 ) ) ;
#3147 = EDGE_CURVE ( 'NONE', #5065, #5511, #2105, .T. ) ;
#3148 = DIRECTION ( 'NONE',  ( 0.000000000000000000, 0.000000000000000000, -1.000000000000000000 ) ) ;
#3149 = ORIENTED_EDGE ( 'NONE', *, *, #4595, .T. ) ;
#3150 = DIRECTION ( 'NONE',  ( 0.000000000000000000, 0.000000000000000000, -1.000000000000000000 ) ) ;
#3151 = ORIENTED_EDGE ( 'NONE', *, *, #349, .T. ) ;
#3152 = CARTESIAN_POINT ( 'NONE',  ( -0.3687007874015748032, 0.02165354330708661734, 0.01870078740157480462 ) ) ;
#3153 = ORIENTED_EDGE ( 'NONE', *, *, #3127, .F. ) ;
#3154 = LINE ( 'NONE', #6358, #6224 ) ;
#3155 = CARTESIAN_POINT ( 'NONE',  ( -1.009842519685039353, 0.000000000000000000, 0.04921259842519685318 ) ) ;
#3156 = ORIENTED_EDGE ( 'NONE', *, *, #7249, .T. ) ;
#3157 = DIRECTION ( 'NONE',  ( 1.000000000000000000, 0.000000000000000000, 0.000000000000000000 ) ) ;
#3158 = CARTESIAN_POINT ( 'NONE',  ( -0.7755905511811023167, 0.1909448818897638012, 0.000000000000000000 ) ) ;
#3159 = ORIENTED_EDGE ( 'NONE', *, *, #5980, .T. ) ;
#3160 = ORIENTED_EDGE ( 'NONE', *, *, #8137, .F. ) ;
#3161 = FACE_OUTER_BOUND ( 'NONE', #5751, .T. ) ;
#3162 = CARTESIAN_POINT ( 'NONE',  ( -0.4421259842519685290, -0.1181102362204724532, -0.01279527559055118092 ) ) ;
#3163 = DIRECTION ( 'NONE',  ( 0.000000000000000000, -1.000000000000000000, 0.000000000000000000 ) ) ;
#3164 = CARTESIAN_POINT ( 'NONE',  ( -0.3204724409448818645, 0.1574803149606299191, 0.02952755905511811330 ) ) ;
#3165 = FACE_OUTER_BOUND ( 'NONE', #2218, .T. ) ;
#3166 = EDGE_CURVE ( 'NONE', #6208, #5766, #4669, .T. ) ;
#3167 = ORIENTED_EDGE ( 'NONE', *, *, #4321, .T. ) ;
#3168 = ADVANCED_FACE ( 'NONE', ( #775 ), #1960, .T. ) ;
#3169 = CARTESIAN_POINT ( 'NONE',  ( -0.6214566929133858997, 0.01181102362204724393, -0.02854330708661417110 ) ) ;
#3170 = CARTESIAN_POINT ( 'NONE',  ( -0.8214566929133859663, 0.1574803149606299191, -0.02854330708661417110 ) ) ;
#3171 = LINE ( 'NONE', #4408, #4896 ) ;
#3172 = LINE ( 'NONE', #3942, #1573 ) ;
#3173 = LINE ( 'NONE', #5821, #1883 ) ;
#3174 = EDGE_CURVE ( 'NONE', #3680, #5171, #130, .T. ) ;
#3175 = FACE_BOUND ( 'NONE', #3356, .T. ) ;
#3176 = ORIENTED_EDGE ( 'NONE', *, *, #7406, .F. ) ;
#3177 = CARTESIAN_POINT ( 'NONE',  ( -0.8204724409448819200, 0.1574803149606299191, -0.02952755905511811330 ) ) ;
#3178 = EDGE_LOOP ( 'NONE', ( #5959, #2240, #666, #2537 ) ) ;
#3179 = CARTESIAN_POINT ( 'NONE',  ( -0.5421259842519684513, -0.1181102362204724532, -0.004921259842519684971 ) ) ;
#3180 = EDGE_LOOP ( 'NONE', ( #6985, #3546, #7785, #7267 ) ) ;
#3181 = ADVANCED_FACE ( 'NONE', ( #4532 ), #4625, .T. ) ;
#3182 = ADVANCED_FACE ( 'NONE', ( #7309 ), #5863, .F. ) ;
#3183 = CARTESIAN_POINT ( 'NONE',  ( -0.3795275590551180911, 0.01181102362204724393, -0.02952755905511811330 ) ) ;
#3184 = ORIENTED_EDGE ( 'NONE', *, *, #843, .F. ) ;
#3185 = CARTESIAN_POINT ( 'NONE',  ( -0.8312992125984252079, 0.02165354330708661734, 0.01870078740157480462 ) ) ;
#3186 = CARTESIAN_POINT ( 'NONE',  ( -0.5312992125984251635, 0.1574803149606299191, 0.01870078740157480462 ) ) ;
#3187 = EDGE_CURVE ( 'NONE', #4108, #5855, #3441, .T. ) ;
#3188 = EDGE_CURVE ( 'NONE', #2224, #2937, #3885, .T. ) ;
#3189 = VERTEX_POINT ( 'NONE', #1923 ) ;
#3190 = CARTESIAN_POINT ( 'NONE',  ( -0.3421259842519684957, -0.1181102362204724532, 0.01279527559055118092 ) ) ;
#3191 = EDGE_CURVE ( 'NONE', #5478, #4231, #37, .T. ) ;
#3192 = ORIENTED_EDGE ( 'NONE', *, *, #3748, .F. ) ;
#3193 = DIRECTION ( 'NONE',  ( 0.000000000000000000, 0.000000000000000000, 1.000000000000000000 ) ) ;
#3194 = DIRECTION ( 'NONE',  ( 0.000000000000000000, -1.000000000000000000, 0.000000000000000000 ) ) ;
#3195 = ORIENTED_EDGE ( 'NONE', *, *, #2534, .T. ) ;
#3196 = CARTESIAN_POINT ( 'NONE',  ( -0.2342519685039370358, -0.08858267716535432601, 0.004921259842519684971 ) ) ;
#3197 = VECTOR ( 'NONE', #3096, 39.37007874015748143 ) ;
#3198 = EDGE_CURVE ( 'NONE', #7243, #231, #641, .T. ) ;
#3199 = CARTESIAN_POINT ( 'NONE',  ( -0.4204724409448818978, 0.000000000000000000, 0.000000000000000000 ) ) ;
#3200 = EDGE_LOOP ( 'NONE', ( #7700, #5145, #7496, #7882 ) ) ;
#3201 = VERTEX_POINT ( 'NONE', #3260 ) ;
#3202 = EDGE_LOOP ( 'NONE', ( #2372, #8346, #196, #7556 ) ) ;
#3203 = CARTESIAN_POINT ( 'NONE',  ( -0.5696850393700787496, 0.1574803149606299191, -0.01968503937007873988 ) ) ;
#3204 = CARTESIAN_POINT ( 'NONE',  ( -0.4785433070866141336, 0.01181102362204724393, 0.02854330708661417110 ) ) ;
#3205 = DIRECTION ( 'NONE',  ( 1.000000000000000000, 0.000000000000000000, 0.000000000000000000 ) ) ;
#3206 = CARTESIAN_POINT ( 'NONE',  ( -0.5795275590551181022, 0.01181102362204724393, -0.02952755905511811330 ) ) ;
#3207 = DIRECTION ( 'NONE',  ( 0.2576626505603140105, -0.9662349396012511749, 0.000000000000000000 ) ) ;
#3208 = VECTOR ( 'NONE', #2095, 39.37007874015748143 ) ;
#3209 = CARTESIAN_POINT ( 'NONE',  ( -0.2312992125984252023, 0.02165354330708661734, -0.01870078740157480462 ) ) ;
#3210 = CARTESIAN_POINT ( 'NONE',  ( -0.2696850393700787607, 0.1574803149606299191, 0.01968503937007873988 ) ) ;
#3211 = CARTESIAN_POINT ( 'NONE',  ( -0.7785433070866142335, 0.01181102362204724393, 0.02854330708661417110 ) ) ;
#3212 = VECTOR ( 'NONE', #922, 39.37007874015748143 ) ;
#3213 = AXIS2_PLACEMENT_3D ( 'NONE', #592, #8417, #5178 ) ;
#3214 = EDGE_CURVE ( 'NONE', #745, #2233, #8463, .T. ) ;
#3215 = DIRECTION ( 'NONE',  ( 1.000000000000000000, 0.000000000000000000, 0.000000000000000000 ) ) ;
#3216 = PLANE ( 'NONE',  #1147 ) ;
#3217 = DIRECTION ( 'NONE',  ( 1.000000000000000000, 0.000000000000000000, 0.000000000000000000 ) ) ;
#3218 = PLANE ( 'NONE',  #6822 ) ;
#3219 = ORIENTED_EDGE ( 'NONE', *, *, #33, .F. ) ;
#3220 = ORIENTED_EDGE ( 'NONE', *, *, #5334, .T. ) ;
#3221 = VERTEX_POINT ( 'NONE', #2012 ) ;
#3222 = DIRECTION ( 'NONE',  ( 0.000000000000000000, 0.7071067811865475727, -0.7071067811865475727 ) ) ;
#3224 = FACE_BOUND ( 'NONE', #2085, .T. ) ;
#3223 = VECTOR ( 'NONE', #4836, 39.37007874015748143 ) ;
#3225 = VECTOR ( 'NONE', #8259, 39.37007874015748143 ) ;
#3226 = ORIENTED_EDGE ( 'NONE', *, *, #6306, .F. ) ;
#3227 = EDGE_CURVE ( 'NONE', #2272, #8316, #6584, .T. ) ;
#3228 = EDGE_CURVE ( 'NONE', #8146, #4870, #6129, .T. ) ;
#3229 = EDGE_CURVE ( 'NONE', #4258, #4370, #3523, .T. ) ;
#3230 =( NAMED_UNIT ( * ) SI_UNIT ( $, .STERADIAN. ) SOLID_ANGLE_UNIT ( ) );
#3231 = VECTOR ( 'NONE', #4038, 39.37007874015748143 ) ;
#3232 = AXIS2_PLACEMENT_3D ( 'NONE', #1254, #3315, #7147 ) ;
#3233 = VERTEX_POINT ( 'NONE', #6844 ) ;
#3234 = CARTESIAN_POINT ( 'NONE',  ( -0.9204724409448820088, 0.1574803149606299191, 0.02952755905511811330 ) ) ;
#3235 = CARTESIAN_POINT ( 'NONE',  ( -0.9342519685039371025, -0.08858267716535432601, -0.01279527559055118092 ) ) ;
#3236 = DIRECTION ( 'NONE',  ( 1.000000000000000000, 0.000000000000000000, 0.000000000000000000 ) ) ;
#3237 = ADVANCED_FACE ( 'NONE', ( #6242 ), #4197, .F. ) ;
#3238 = EDGE_LOOP ( 'NONE', ( #122, #2293, #4417, #3042 ) ) ;
#3239 = LINE ( 'NONE', #5794, #2553 ) ;
#3240 = ORIENTED_EDGE ( 'NONE', *, *, #4321, .F. ) ;
#3241 = AXIS2_PLACEMENT_3D ( 'NONE', #4308, #7593, #6922 ) ;
#3242 = LINE ( 'NONE', #7800, #7708 ) ;
#3243 = DIRECTION ( 'NONE',  ( 0.000000000000000000, 1.000000000000000000, 0.000000000000000000 ) ) ;
#3244 = EDGE_LOOP ( 'NONE', ( #4605, #6670, #4822, #5845 ) ) ;
#3245 = CARTESIAN_POINT ( 'NONE',  ( -0.4657480314960630308, 0.01181102362204724393, 0.01279527559055118092 ) ) ;
#3246 = VECTOR ( 'NONE', #198, 39.37007874015748143 ) ;
#3247 = ADVANCED_FACE ( 'NONE', ( #4758 ), #6767, .T. ) ;
#3248 = LINE ( 'NONE', #1913, #8388 ) ;
#3249 = ORIENTED_EDGE ( 'NONE', *, *, #8136, .T. ) ;
#3250 = ORIENTED_EDGE ( 'NONE', *, *, #1562, .T. ) ;
#3251 = VERTEX_POINT ( 'NONE', #8169 ) ;
#3252 = VECTOR ( 'NONE', #6007, 39.37007874015748143 ) ;
#3253 = VECTOR ( 'NONE', #2504, 39.37007874015748143 ) ;
#3254 = AXIS2_PLACEMENT_3D ( 'NONE', #7443, #4846, #345 ) ;
#3255 = DIRECTION ( 'NONE',  ( 0.000000000000000000, 0.000000000000000000, -1.000000000000000000 ) ) ;
#3256 = ADVANCED_FACE ( 'NONE', ( #7479 ), #989, .T. ) ;
#3257 = CARTESIAN_POINT ( 'NONE',  ( -0.2795275590551181133, 0.01181102362204724393, 0.02952755905511811330 ) ) ;
#3258 = CARTESIAN_POINT ( 'NONE',  ( -0.3795275590551180911, 0.01181102362204724393, -0.02952755905511811330 ) ) ;
#3259 = CARTESIAN_POINT ( 'NONE',  ( -0.6312992125984252523, 0.1574803149606299191, 0.01870078740157480462 ) ) ;
#3260 = CARTESIAN_POINT ( 'NONE',  ( -0.3696850393700787940, 0.1574803149606299191, 0.01968503937007873988 ) ) ;
#3261 = VECTOR ( 'NONE', #3932, 39.37007874015748143 ) ;
#3262 = AXIS2_PLACEMENT_3D ( 'NONE', #2183, #5247, #1997 ) ;
#3263 = VECTOR ( 'NONE', #7435, 39.37007874015748143 ) ;
#3264 = EDGE_LOOP ( 'NONE', ( #4409, #2496, #2606, #632 ) ) ;
#3265 = DIRECTION ( 'NONE',  ( 0.000000000000000000, 0.000000000000000000, -1.000000000000000000 ) ) ;
#3266 = LINE ( 'NONE', #6005, #6494 ) ;
#3267 = VECTOR ( 'NONE', #5197, 39.37007874015748143 ) ;
#3268 = DIRECTION ( 'NONE',  ( 1.000000000000000000, 0.000000000000000000, 0.000000000000000000 ) ) ;
#3269 = DIRECTION ( 'NONE',  ( -1.000000000000000000, 0.000000000000000000, 0.000000000000000000 ) ) ;
#3270 = DIRECTION ( 'NONE',  ( 0.000000000000000000, 1.000000000000000000, 0.000000000000000000 ) ) ;
#3271 = DIRECTION ( 'NONE',  ( -0.000000000000000000, 0.7071067811865475727, 0.7071067811865475727 ) ) ;
#3272 = ORIENTED_EDGE ( 'NONE', *, *, #408, .T. ) ;
#3273 = EDGE_LOOP ( 'NONE', ( #5248, #6192, #2306, #5784 ) ) ;
#3274 = EDGE_LOOP ( 'NONE', ( #4460, #3153, #1362, #3972 ) ) ;
#3275 = DIRECTION ( 'NONE',  ( 0.000000000000000000, 1.000000000000000000, 0.000000000000000000 ) ) ;
#3276 = CARTESIAN_POINT ( 'NONE',  ( -0.5696850393700787496, 0.1850393700787401619, 0.01968503937007873988 ) ) ;
#3277 = ORIENTED_EDGE ( 'NONE', *, *, #4147, .T. ) ;
#3278 = SURFACE_STYLE_FILL_AREA ( #6518 ) ;
#3279 = ORIENTED_EDGE ( 'NONE', *, *, #4236, .T. ) ;
#3280 = DIRECTION ( 'NONE',  ( 0.000000000000000000, 1.000000000000000000, 0.000000000000000000 ) ) ;
#3281 = DIRECTION ( 'NONE',  ( -1.000000000000000000, 0.000000000000000000, 0.000000000000000000 ) ) ;
#3282 = DIRECTION ( 'NONE',  ( 0.000000000000000000, 0.000000000000000000, 1.000000000000000000 ) ) ;
#3283 = EDGE_CURVE ( 'NONE', #1893, #1133, #1667, .T. ) ;
#3284 = VERTEX_POINT ( 'NONE', #4881 ) ;
#3285 = ORIENTED_EDGE ( 'NONE', *, *, #1676, .F. ) ;
#3286 = ADVANCED_FACE ( 'NONE', ( #268 ), #3597, .T. ) ;
#3287 = LINE ( 'NONE', #8027, #7604 ) ;
#3288 = ORIENTED_EDGE ( 'NONE', *, *, #8397, .T. ) ;
#3289 = PLANE ( 'NONE',  #3635 ) ;
#3290 = LINE ( 'NONE', #4519, #3936 ) ;
#3291 = ORIENTED_EDGE ( 'NONE', *, *, #202, .T. ) ;
#3292 = DIRECTION ( 'NONE',  ( 0.000000000000000000, 1.000000000000000000, 0.000000000000000000 ) ) ;
#3293 = EDGE_CURVE ( 'NONE', #6169, #1644, #3481, .T. ) ;
#3294 = DIRECTION ( 'NONE',  ( 0.000000000000000000, -1.000000000000000000, 0.000000000000000000 ) ) ;
#3295 = ORIENTED_EDGE ( 'NONE', *, *, #5639, .F. ) ;
#3296 = ORIENTED_EDGE ( 'NONE', *, *, #6942, .F. ) ;
#3297 = ORIENTED_EDGE ( 'NONE', *, *, #475, .F. ) ;
#3298 = DIRECTION ( 'NONE',  ( 0.000000000000000000, -1.000000000000000000, 0.000000000000000000 ) ) ;
#3299 = EDGE_CURVE ( 'NONE', #1218, #2499, #2840, .T. ) ;
#3300 = LINE ( 'NONE', #3257, #1182 ) ;
#3301 = LINE ( 'NONE', #3479, #1757 ) ;
#3302 = DIRECTION ( 'NONE',  ( 0.000000000000000000, 0.000000000000000000, -1.000000000000000000 ) ) ;
#3303 = CARTESIAN_POINT ( 'NONE',  ( -0.3687007874015748032, 0.02165354330708661734, -0.01870078740157480462 ) ) ;
#3304 = ORIENTED_EDGE ( 'NONE', *, *, #2622, .T. ) ;
#3305 = DIRECTION ( 'NONE',  ( 0.000000000000000000, -1.000000000000000000, 0.000000000000000000 ) ) ;
#3306 = DIRECTION ( 'NONE',  ( 0.000000000000000000, -1.000000000000000000, 0.000000000000000000 ) ) ;
#3307 = ADVANCED_FACE ( 'NONE', ( #5486 ), #8053, .T. ) ;
#3308 = CARTESIAN_POINT ( 'NONE',  ( -0.6657480314960630974, -0.08858267716535432601, -0.01279527559055118092 ) ) ;
#3309 = CARTESIAN_POINT ( 'NONE',  ( -0.2342519685039370358, 0.01181102362204724393, 0.01279527559055118092 ) ) ;
#3310 = DIRECTION ( 'NONE',  ( -1.000000000000000000, 0.000000000000000000, 0.000000000000000000 ) ) ;
#3311 = DIRECTION ( 'NONE',  ( 0.000000000000000000, 0.000000000000000000, -1.000000000000000000 ) ) ;
#3312 = ORIENTED_EDGE ( 'NONE', *, *, #4715, .T. ) ;
#3313 = EDGE_LOOP ( 'NONE', ( #1719, #8321, #288, #4009 ) ) ;
#3314 = ORIENTED_EDGE ( 'NONE', *, *, #296, .T. ) ;
#3315 = DIRECTION ( 'NONE',  ( 0.000000000000000000, -1.000000000000000000, 0.000000000000000000 ) ) ;
#3316 = CARTESIAN_POINT ( 'NONE',  ( -0.2578740157480315376, -0.1181102362204724532, -0.01279527559055118092 ) ) ;
#3317 = ORIENTED_EDGE ( 'NONE', *, *, #346, .F. ) ;
#3318 = CARTESIAN_POINT ( 'NONE',  ( -0.5785433070866141669, 0.1574803149606299191, 0.02854330708661417110 ) ) ;
#3319 = EDGE_LOOP ( 'NONE', ( #5101, #1386, #7555, #4187 ) ) ;
#3320 = CARTESIAN_POINT ( 'NONE',  ( -0.7312992125984252301, 0.000000000000000000, 0.000000000000000000 ) ) ;
#3321 = CARTESIAN_POINT ( 'NONE',  ( -0.2795275590551181133, 0.01181102362204724393, 0.02952755905511811330 ) ) ;
#3322 = PLANE ( 'NONE',  #7627 ) ;
#3323 = ORIENTED_EDGE ( 'NONE', *, *, #197, .F. ) ;
#3324 = ORIENTED_EDGE ( 'NONE', *, *, #8289, .T. ) ;
#3325 = PLANE ( 'NONE',  #7195 ) ;
#3326 = ORIENTED_EDGE ( 'NONE', *, *, #2892, .F. ) ;
#3327 = EDGE_CURVE ( 'NONE', #7806, #4033, #4802, .T. ) ;
#3328 = ADVANCED_FACE ( 'NONE', ( #7399 ), #954, .T. ) ;
#3329 = PLANE ( 'NONE',  #2674 ) ;
#3330 = ORIENTED_EDGE ( 'NONE', *, *, #346, .T. ) ;
#3331 = FACE_OUTER_BOUND ( 'NONE', #1933, .T. ) ;
#3332 = EDGE_CURVE ( 'NONE', #7169, #4962, #8085, .T. ) ;
#3333 = CARTESIAN_POINT ( 'NONE',  ( -0.5696850393700787496, 0.1574803149606299191, 0.01968503937007873988 ) ) ;
#3334 = ORIENTED_EDGE ( 'NONE', *, *, #3848, .F. ) ;
#3335 = ORIENTED_EDGE ( 'NONE', *, *, #7653, .T. ) ;
#3336 = ORIENTED_EDGE ( 'NONE', *, *, #3841, .T. ) ;
#3337 = EDGE_CURVE ( 'NONE', #5036, #6753, #1023, .T. ) ;
#3338 = CARTESIAN_POINT ( 'NONE',  ( -0.5342519685039370803, -0.08858267716535432601, -0.01279527559055118092 ) ) ;
#3339 = FACE_BOUND ( 'NONE', #4817, .T. ) ;
#3340 = EDGE_CURVE ( 'NONE', #1129, #3435, #1510, .T. ) ;
#3341 = VECTOR ( 'NONE', #8139, 39.37007874015748143 ) ;
#3342 = LINE ( 'NONE', #1275, #636 ) ;
#3343 = DIRECTION ( 'NONE',  ( -1.000000000000000000, 0.000000000000000000, 0.000000000000000000 ) ) ;
#3344 = CARTESIAN_POINT ( 'NONE',  ( -0.7106299212598425896, 0.000000000000000000, -0.03937007874015747977 ) ) ;
#3345 = DIRECTION ( 'NONE',  ( 0.000000000000000000, 0.000000000000000000, -1.000000000000000000 ) ) ;
#3346 = EDGE_LOOP ( 'NONE', ( #2886, #6631, #1252, #3167 ) ) ;
#3347 = ORIENTED_EDGE ( 'NONE', *, *, #1209, .T. ) ;
#3348 = LINE ( 'NONE', #4021, #2286 ) ;
#3349 = LINE ( 'NONE', #1966, #7581 ) ;
#3350 = ADVANCED_FACE ( 'NONE', ( #870 ), #2267, .T. ) ;
#3351 = FACE_OUTER_BOUND ( 'NONE', #5624, .T. ) ;
#3352 = VECTOR ( 'NONE', #3969, 39.37007874015748143 ) ;
#3353 = PLANE ( 'NONE',  #1029 ) ;
#3354 = DIRECTION ( 'NONE',  ( 0.000000000000000000, 0.000000000000000000, 1.000000000000000000 ) ) ;
#3355 = CARTESIAN_POINT ( 'NONE',  ( -0.7204724409448819422, 0.1574803149606299191, -0.02952755905511811330 ) ) ;
#3356 = EDGE_LOOP ( 'NONE', ( #2816, #705, #6034, #5380 ) ) ;
#3357 = ORIENTED_EDGE ( 'NONE', *, *, #6028, .T. ) ;
#3358 = ORIENTED_EDGE ( 'NONE', *, *, #4929, .T. ) ;
#3359 = CARTESIAN_POINT ( 'NONE',  ( -0.9342519685039371025, 0.000000000000000000, 0.000000000000000000 ) ) ;
#3360 = CARTESIAN_POINT ( 'NONE',  ( -0.2795275590551181133, 0.1574803149606299191, 0.02952755905511811330 ) ) ;
#3361 = EDGE_LOOP ( 'NONE', ( #3056, #5079, #4476, #748 ) ) ;
#3362 = AXIS2_PLACEMENT_3D ( 'NONE', #3637, #5644, #5044 ) ;
#3363 = VECTOR ( 'NONE', #7962, 39.37007874015748854 ) ;
#3364 = CARTESIAN_POINT ( 'NONE',  ( -0.6696850393700788384, 0.1850393700787401619, -0.01968503937007873988 ) ) ;
#3365 = VERTEX_POINT ( 'NONE', #6970 ) ;
#3366 = LINE ( 'NONE', #7332, #2929 ) ;
#3367 = CARTESIAN_POINT ( 'NONE',  ( -0.5785433070866141669, 0.01181102362204724393, 0.02854330708661417110 ) ) ;
#3368 = VECTOR ( 'NONE', #6529, 39.37007874015748143 ) ;
#3369 = VECTOR ( 'NONE', #315, 39.37007874015748143 ) ;
#3370 = DIRECTION ( 'NONE',  ( 0.000000000000000000, 0.000000000000000000, 1.000000000000000000 ) ) ;
#3371 = ORIENTED_EDGE ( 'NONE', *, *, #5694, .F. ) ;
#3372 = ORIENTED_EDGE ( 'NONE', *, *, #7215, .F. ) ;
#3373 = LINE ( 'NONE', #4693, #4332 ) ;
#3374 = VERTEX_POINT ( 'NONE', #2540 ) ;
#3375 = VECTOR ( 'NONE', #1737, 39.37007874015748143 ) ;
#3376 = AXIS2_PLACEMENT_3D ( 'NONE', #5056, #1208, #437 ) ;
#3377 = CARTESIAN_POINT ( 'NONE',  ( -0.8312992125984252079, 0.1574803149606299191, 0.01870078740157480462 ) ) ;
#3378 = LENGTH_MEASURE_WITH_UNIT ( LENGTH_MEASURE( 0.02539999999999999897 ), #6359 );
#3379 = ORIENTED_EDGE ( 'NONE', *, *, #4016, .F. ) ;
#3380 = CARTESIAN_POINT ( 'NONE',  ( -0.5893700787401575658, 0.01181102362204724393, 0.03937007874015747977 ) ) ;
#3381 = VECTOR ( 'NONE', #3931, 39.37007874015748143 ) ;
#3382 = VECTOR ( 'NONE', #7411, 39.37007874015748143 ) ;
#3383 = CARTESIAN_POINT ( 'NONE',  ( -0.7657480314960629642, 0.000000000000000000, 0.000000000000000000 ) ) ;
#3384 = VERTEX_POINT ( 'NONE', #460 ) ;
#3385 = ORIENTED_EDGE ( 'NONE', *, *, #6285, .F. ) ;
#3386 = ORIENTED_EDGE ( 'NONE', *, *, #7885, .F. ) ;
#3387 = DIRECTION ( 'NONE',  ( 0.000000000000000000, -1.000000000000000000, 0.000000000000000000 ) ) ;
#3388 = FACE_BOUND ( 'NONE', #3489, .T. ) ;
#3389 = AXIS2_PLACEMENT_3D ( 'NONE', #3569, #5610, #2960 ) ;
#3390 = DIRECTION ( 'NONE',  ( 0.000000000000000000, 1.000000000000000000, 0.000000000000000000 ) ) ;
#3391 = LINE ( 'NONE', #7172, #8041 ) ;
#3392 = DIRECTION ( 'NONE',  ( 1.000000000000000000, 0.000000000000000000, 0.000000000000000000 ) ) ;
#3393 = DIRECTION ( 'NONE',  ( 0.000000000000000000, 1.000000000000000000, 0.000000000000000000 ) ) ;
#3394 = ORIENTED_EDGE ( 'NONE', *, *, #1274, .F. ) ;
#3395 = EDGE_LOOP ( 'NONE', ( #452, #7234, #1227, #5470 ) ) ;
#3396 = ADVANCED_FACE ( 'NONE', ( #1305 ), #7754, .T. ) ;
#3397 = AXIS2_PLACEMENT_3D ( 'NONE', #3604, #6814, #432 ) ;
#3398 = EDGE_CURVE ( 'NONE', #3384, #6376, #8245, .T. ) ;
#3399 = FACE_OUTER_BOUND ( 'NONE', #3200, .T. ) ;
#3401 = CARTESIAN_POINT ( 'NONE',  ( -0.2303149606299212671, 0.1574803149606299191, -0.01968503937007873988 ) ) ;
#3400 = VECTOR ( 'NONE', #7128, 39.37007874015748854 ) ;
#3402 = VECTOR ( 'NONE', #495, 39.37007874015748143 ) ;
#3403 = EDGE_CURVE ( 'NONE', #485, #7014, #4514, .T. ) ;
#3404 = LINE ( 'NONE', #8008, #3252 ) ;
#3405 = AXIS2_PLACEMENT_3D ( 'NONE', #7397, #4195, #8117 ) ;
#3406 = FACE_OUTER_BOUND ( 'NONE', #3346, .T. ) ;
#3407 = CARTESIAN_POINT ( 'NONE',  ( -0.6755905511811024500, 0.1909448818897638012, 0.000000000000000000 ) ) ;
#3408 = CARTESIAN_POINT ( 'NONE',  ( -0.3814960629921260171, 0.1968503937007874127, 0.03149606299212598381 ) ) ;
#3409 = ORIENTED_EDGE ( 'NONE', *, *, #3191, .T. ) ;
#3410 = ORIENTED_EDGE ( 'NONE', *, *, #1412, .T. ) ;
#3411 = ORIENTED_EDGE ( 'NONE', *, *, #4004, .T. ) ;
#3412 = ADVANCED_FACE ( 'NONE', ( #2388 ), #5643, .T. ) ;
#3413 = CARTESIAN_POINT ( 'NONE',  ( -0.2500000000000000000, 0.1909448818897638012, 0.02559055118110236185 ) ) ;
#3414 = LINE ( 'NONE', #5876, #910 ) ;
#3415 = VECTOR ( 'NONE', #4239, 39.37007874015748143 ) ;
#3416 = LINE ( 'NONE', #7328, #1594 ) ;
#3417 = EDGE_CURVE ( 'NONE', #5042, #4289, #2353, .T. ) ;
#3418 = VERTEX_POINT ( 'NONE', #6287 ) ;
#3419 = LINE ( 'NONE', #151, #5397 ) ;
#3420 = DIRECTION ( 'NONE',  ( 0.000000000000000000, 0.000000000000000000, -1.000000000000000000 ) ) ;
#3421 = VECTOR ( 'NONE', #8429, 39.37007874015748143 ) ;
#3422 = CARTESIAN_POINT ( 'NONE',  ( -0.6687007874015747921, 0.02165354330708661734, 0.01870078740157480462 ) ) ;
#3423 = VERTEX_POINT ( 'NONE', #4553 ) ;
#3424 = ORIENTED_EDGE ( 'NONE', *, *, #3060, .T. ) ;
#3425 = CARTESIAN_POINT ( 'NONE',  ( -0.6696850393700788384, 0.1850393700787401619, 0.01968503937007873988 ) ) ;
#3426 = ORIENTED_EDGE ( 'NONE', *, *, #4059, .T. ) ;
#3427 = ADVANCED_FACE ( 'NONE', ( #1705 ), #5241, .T. ) ;
#3428 = LINE ( 'NONE', #5927, #6783 ) ;
#3429 = DIRECTION ( 'NONE',  ( 1.000000000000000000, 0.000000000000000000, 0.000000000000000000 ) ) ;
#3430 = ORIENTED_EDGE ( 'NONE', *, *, #6789, .T. ) ;
#3431 = DIRECTION ( 'NONE',  ( 0.000000000000000000, 1.000000000000000000, 0.000000000000000000 ) ) ;
#3432 = CARTESIAN_POINT ( 'NONE',  ( -0.6312992125984252523, 0.02165354330708661734, -0.01870078740157480462 ) ) ;
#3433 = VERTEX_POINT ( 'NONE', #617 ) ;
#3434 = VERTEX_POINT ( 'NONE', #4601 ) ;
#3435 = VERTEX_POINT ( 'NONE', #6474 ) ;
#3436 = DIRECTION ( 'NONE',  ( 0.000000000000000000, 0.000000000000000000, -1.000000000000000000 ) ) ;
#3437 = DIRECTION ( 'NONE',  ( 1.000000000000000000, 0.000000000000000000, 0.000000000000000000 ) ) ;
#3438 = PLANE ( 'NONE',  #2156 ) ;
#3439 = CARTESIAN_POINT ( 'NONE',  ( -0.7578740157480314821, -0.1181102362204724532, -0.01279527559055118092 ) ) ;
#3440 = CARTESIAN_POINT ( 'NONE',  ( -0.5106299212598425230, 0.01181102362204724393, 0.03937007874015747977 ) ) ;
#3441 = LINE ( 'NONE', #6041, #5173 ) ;
#3442 = DIRECTION ( 'NONE',  ( 0.000000000000000000, 0.000000000000000000, -1.000000000000000000 ) ) ;
#3443 = VERTEX_POINT ( 'NONE', #3077 ) ;
#3444 = DIRECTION ( 'NONE',  ( 0.000000000000000000, -1.000000000000000000, 0.000000000000000000 ) ) ;
#3445 = CARTESIAN_POINT ( 'NONE',  ( -0.8785433070866142113, 0.01181102362204724393, -0.02854330708661417110 ) ) ;
#3446 = DIRECTION ( 'NONE',  ( 0.000000000000000000, 1.000000000000000000, 0.000000000000000000 ) ) ;
#3447 = EDGE_CURVE ( 'NONE', #4289, #6480, #2591, .T. ) ;
#3448 = CARTESIAN_POINT ( 'NONE',  ( -0.9696850393700787718, 0.1850393700787401619, 0.01968503937007873988 ) ) ;
#3449 = PLANE ( 'NONE',  #5157 ) ;
#3450 = EDGE_CURVE ( 'NONE', #5065, #6607, #5606, .T. ) ;
#3451 = LINE ( 'NONE', #6012, #7472 ) ;
#3452 = VERTEX_POINT ( 'NONE', #6522 ) ;
#3453 = ORIENTED_EDGE ( 'NONE', *, *, #2401, .F. ) ;
#3454 = LINE ( 'NONE', #1599, #7461 ) ;
#3455 = CARTESIAN_POINT ( 'NONE',  ( -1.009842519685039353, 0.01181102362204724393, -0.04921259842519685318 ) ) ;
#3456 = DIRECTION ( 'NONE',  ( 1.000000000000000000, 0.000000000000000000, 0.000000000000000000 ) ) ;
#3457 = EDGE_CURVE ( 'NONE', #1133, #626, #7115, .T. ) ;
#3458 = ORIENTED_EDGE ( 'NONE', *, *, #4005, .T. ) ;
#3459 = CARTESIAN_POINT ( 'NONE',  ( -0.5687007874015748143, 0.1574803149606299191, -0.01870078740157480462 ) ) ;
#3460 = DIRECTION ( 'NONE',  ( 0.000000000000000000, -1.000000000000000000, 0.000000000000000000 ) ) ;
#3461 = DIRECTION ( 'NONE',  ( 1.000000000000000000, 0.000000000000000000, 0.000000000000000000 ) ) ;
#3462 = ORIENTED_EDGE ( 'NONE', *, *, #6586, .F. ) ;
#3463 = VERTEX_POINT ( 'NONE', #7597 ) ;
#3464 = ORIENTED_EDGE ( 'NONE', *, *, #2827, .T. ) ;
#3465 = CARTESIAN_POINT ( 'NONE',  ( -0.4721456692913386100, 0.01181102362204724393, 0.01279527559055118092 ) ) ;
#3466 = EDGE_CURVE ( 'NONE', #5715, #621, #4361, .T. ) ;
#3467 = EDGE_LOOP ( 'NONE', ( #8108, #3323, #543, #2904 ) ) ;
#3468 = DIRECTION ( 'NONE',  ( 1.000000000000000000, 0.000000000000000000, 0.000000000000000000 ) ) ;
#3469 = ORIENTED_EDGE ( 'NONE', *, *, #7902, .F. ) ;
#3470 = DIRECTION ( 'NONE',  ( 0.000000000000000000, 0.000000000000000000, -1.000000000000000000 ) ) ;
#3471 = EDGE_CURVE ( 'NONE', #3993, #362, #4310, .T. ) ;
#3472 = CARTESIAN_POINT ( 'NONE',  ( -0.6657480314960630974, -0.08858267716535432601, 0.01279527559055118092 ) ) ;
#3473 = ORIENTED_EDGE ( 'NONE', *, *, #8255, .F. ) ;
#3474 = EDGE_LOOP ( 'NONE', ( #313, #3878, #1138, #5263 ) ) ;
#3475 = ORIENTED_EDGE ( 'NONE', *, *, #266, .T. ) ;
#3476 = LINE ( 'NONE', #6121, #5301 ) ;
#3477 = DIRECTION ( 'NONE',  ( 1.000000000000000000, 0.000000000000000000, 0.000000000000000000 ) ) ;
#3478 = FACE_OUTER_BOUND ( 'NONE', #7940, .T. ) ;
#3479 = CARTESIAN_POINT ( 'NONE',  ( -0.6657480314960630974, 0.01181102362204724393, 0.004921259842519684971 ) ) ;
#3480 = DIRECTION ( 'NONE',  ( 0.000000000000000000, 0.000000000000000000, 1.000000000000000000 ) ) ;
#3481 = LINE ( 'NONE', #6880, #3263 ) ;
#3482 = CARTESIAN_POINT ( 'NONE',  ( -0.9204724409448820088, 0.1574803149606299191, -0.02952755905511811330 ) ) ;
#3483 = VERTEX_POINT ( 'NONE', #3683 ) ;
#3484 = DIRECTION ( 'NONE',  ( -1.000000000000000000, 0.000000000000000000, 0.000000000000000000 ) ) ;
#3485 = DIRECTION ( 'NONE',  ( 0.000000000000000000, 0.000000000000000000, 1.000000000000000000 ) ) ;
#3486 = CARTESIAN_POINT ( 'NONE',  ( -0.8312992125984252079, 0.000000000000000000, 0.000000000000000000 ) ) ;
#3487 = VECTOR ( 'NONE', #1645, 39.37007874015748143 ) ;
#3488 = CARTESIAN_POINT ( 'NONE',  ( -0.4657480314960630308, -0.1181102362204724532, 0.004921259842519684971 ) ) ;
#3489 = EDGE_LOOP ( 'NONE', ( #1527, #3647, #6092, #4696 ) ) ;
#3490 = CARTESIAN_POINT ( 'NONE',  ( -0.5342519685039370803, -0.08858267716535432601, 0.004921259842519684971 ) ) ;
#3491 = CARTESIAN_POINT ( 'NONE',  ( -0.3185039370078740495, 0.1968503937007874127, -0.03149606299212598381 ) ) ;
#3492 = EDGE_CURVE ( 'NONE', #2004, #621, #1113, .T. ) ;
#3493 = VECTOR ( 'NONE', #7640, 39.37007874015748143 ) ;
#3494 = CARTESIAN_POINT ( 'NONE',  ( -0.2795275590551181133, 0.1574803149606299191, 0.02952755905511811330 ) ) ;
#3495 = ORIENTED_EDGE ( 'NONE', *, *, #7185, .T. ) ;
#3496 = DIRECTION ( 'NONE',  ( 0.000000000000000000, 0.000000000000000000, -1.000000000000000000 ) ) ;
#3497 = DIRECTION ( 'NONE',  ( 0.000000000000000000, -1.000000000000000000, 0.000000000000000000 ) ) ;
#3498 = DIRECTION ( 'NONE',  ( 0.000000000000000000, 0.000000000000000000, 1.000000000000000000 ) ) ;
#3499 = ORIENTED_EDGE ( 'NONE', *, *, #6469, .T. ) ;
#3500 = VECTOR ( 'NONE', #4350, 39.37007874015748854 ) ;
#3501 = EDGE_LOOP ( 'NONE', ( #69, #4786, #6671, #6672 ) ) ;
#3502 = ADVANCED_FACE ( 'NONE', ( #5680 ), #6926, .T. ) ;
#3503 = EDGE_CURVE ( 'NONE', #2271, #8224, #2632, .T. ) ;
#3504 = EDGE_LOOP ( 'NONE', ( #4383, #7987, #1172, #4934 ) ) ;
#3505 = EDGE_CURVE ( 'NONE', #4732, #1683, #7890, .T. ) ;
#3506 = CARTESIAN_POINT ( 'NONE',  ( -0.8312992125984252079, 0.02165354330708661734, -0.01870078740157480462 ) ) ;
#3507 = VECTOR ( 'NONE', #5144, 39.37007874015748854 ) ;
#3508 = VERTEX_POINT ( 'NONE', #2676 ) ;
#3509 = VECTOR ( 'NONE', #7174, 39.37007874015748143 ) ;
#3510 = DIRECTION ( 'NONE',  ( 0.000000000000000000, -1.000000000000000000, 0.000000000000000000 ) ) ;
#3511 = DIRECTION ( 'NONE',  ( 0.000000000000000000, 1.000000000000000000, 0.000000000000000000 ) ) ;
#3512 = VERTEX_POINT ( 'NONE', #4650 ) ;
#3513 = ORIENTED_EDGE ( 'NONE', *, *, #4924, .F. ) ;
#3514 = VERTEX_POINT ( 'NONE', #6784 ) ;
#3515 = FACE_OUTER_BOUND ( 'NONE', #2400, .T. ) ;
#3516 = DIRECTION ( 'NONE',  ( -1.000000000000000000, 0.000000000000000000, 0.000000000000000000 ) ) ;
#3517 = DIRECTION ( 'NONE',  ( 0.000000000000000000, -1.000000000000000000, 0.000000000000000000 ) ) ;
#3518 = CARTESIAN_POINT ( 'NONE',  ( -0.5687007874015748143, 0.1574803149606299191, -0.01870078740157480462 ) ) ;
#3519 = EDGE_CURVE ( 'NONE', #337, #853, #7417, .T. ) ;
#3520 = VECTOR ( 'NONE', #4179, 39.37007874015748143 ) ;
#3521 = AXIS2_PLACEMENT_3D ( 'NONE', #7529, #4406, #6332 ) ;
#3522 = CARTESIAN_POINT ( 'NONE',  ( -0.9381889763779528435, -0.1033464566929133965, 0.000000000000000000 ) ) ;
#3523 = LINE ( 'NONE', #2199, #2571 ) ;
#3524 = CARTESIAN_POINT ( 'NONE',  ( -0.3657480314960629975, -0.1181102362204724532, -0.01279527559055118092 ) ) ;
#3525 = ORIENTED_EDGE ( 'NONE', *, *, #4751, .T. ) ;
#3526 = VECTOR ( 'NONE', #4395, 39.37007874015748143 ) ;
#3527 = EDGE_CURVE ( 'NONE', #7500, #8025, #5338, .T. ) ;
#3528 = FACE_OUTER_BOUND ( 'NONE', #6808, .T. ) ;
#3529 = CARTESIAN_POINT ( 'NONE',  ( -0.4795275590551181244, 0.01181102362204724393, 0.02952755905511811330 ) ) ;
#3530 = LINE ( 'NONE', #2278, #6255 ) ;
#3531 = VECTOR ( 'NONE', #2789, 39.37007874015748143 ) ;
#3532 = VECTOR ( 'NONE', #6748, 39.37007874015748143 ) ;
#3533 = LINE ( 'NONE', #276, #5857 ) ;
#3534 = VERTEX_POINT ( 'NONE', #242 ) ;
#3535 = DIRECTION ( 'NONE',  ( 0.000000000000000000, 0.000000000000000000, 1.000000000000000000 ) ) ;
#3536 = CARTESIAN_POINT ( 'NONE',  ( -0.8204724409448819200, 0.01181102362204724393, -0.02952755905511811330 ) ) ;
#3537 = VECTOR ( 'NONE', #6380, 39.37007874015748143 ) ;
#3538 = VECTOR ( 'NONE', #4621, 39.37007874015748143 ) ;
#3539 = VECTOR ( 'NONE', #3310, 39.37007874015748143 ) ;
#3540 = DIRECTION ( 'NONE',  ( 0.000000000000000000, -1.000000000000000000, 0.000000000000000000 ) ) ;
#3541 = ORIENTED_EDGE ( 'NONE', *, *, #7085, .T. ) ;
#3542 = CARTESIAN_POINT ( 'NONE',  ( -0.2214566929133858220, 0.1574803149606299191, 0.02854330708661417110 ) ) ;
#3543 = CARTESIAN_POINT ( 'NONE',  ( -0.2421259842519685179, -0.1181102362204724532, -0.004921259842519684971 ) ) ;
#3544 = LINE ( 'NONE', #5022, #399 ) ;
#3545 = VECTOR ( 'NONE', #2197, 39.37007874015748143 ) ;
#3546 = ORIENTED_EDGE ( 'NONE', *, *, #6688, .T. ) ;
#3547 = VECTOR ( 'NONE', #3977, 39.37007874015748143 ) ;
#3548 = EDGE_LOOP ( 'NONE', ( #3358, #79, #691, #7153 ) ) ;
#3549 = FACE_OUTER_BOUND ( 'NONE', #6561, .T. ) ;
#3550 = VECTOR ( 'NONE', #3018, 39.37007874015748143 ) ;
#3551 = VERTEX_POINT ( 'NONE', #2084 ) ;
#3552 = DIRECTION ( 'NONE',  ( 1.000000000000000000, 0.000000000000000000, 0.000000000000000000 ) ) ;
#3553 = EDGE_CURVE ( 'NONE', #842, #8146, #2125, .T. ) ;
#3554 = EDGE_CURVE ( 'NONE', #6307, #7965, #6655, .T. ) ;
#3555 = FACE_OUTER_BOUND ( 'NONE', #3548, .T. ) ;
#3556 = ORIENTED_EDGE ( 'NONE', *, *, #2928, .T. ) ;
#3557 = ORIENTED_EDGE ( 'NONE', *, *, #7721, .F. ) ;
#3558 = ORIENTED_EDGE ( 'NONE', *, *, #115, .T. ) ;
#3559 = CARTESIAN_POINT ( 'NONE',  ( -0.9785433070866141891, 0.1574803149606299191, 0.02854330708661417110 ) ) ;
#3560 = CARTESIAN_POINT ( 'NONE',  ( -0.8500000000000000888, 0.1909448818897638012, 0.02559055118110236185 ) ) ;
#3561 = LINE ( 'NONE', #1546, #1056 ) ;
#3562 = DIRECTION ( 'NONE',  ( 0.000000000000000000, 0.000000000000000000, 1.000000000000000000 ) ) ;
#3563 = ADVANCED_FACE ( 'NONE', ( #4136 ), #4098, .F. ) ;
#3564 = DIRECTION ( 'NONE',  ( -0.2576626505603140105, 0.9662349396012511749, 0.000000000000000000 ) ) ;
#3565 = DIRECTION ( 'NONE',  ( 1.000000000000000000, 0.000000000000000000, 0.000000000000000000 ) ) ;
#3566 = EDGE_LOOP ( 'NONE', ( #8012, #4610, #4694, #4883 ) ) ;
#3567 = ORIENTED_EDGE ( 'NONE', *, *, #4291, .T. ) ;
#3568 = ADVANCED_FACE ( 'NONE', ( #7285 ), #7936, .T. ) ;
#3569 = CARTESIAN_POINT ( 'NONE',  ( -0.8244094488188976610, 0.1909448818897638012, 0.000000000000000000 ) ) ;
#3570 = CARTESIAN_POINT ( 'NONE',  ( -0.9657480314960630308, -0.1181102362204724532, -0.01279527559055118092 ) ) ;
#3571 = CARTESIAN_POINT ( 'NONE',  ( -0.2696850393700787607, 0.1574803149606299191, 0.01968503937007873988 ) ) ;
#3572 = ADVANCED_FACE ( 'NONE', ( #5921 ), #2861, .T. ) ;
#3573 = FACE_OUTER_BOUND ( 'NONE', #54, .T. ) ;
#3574 = ADVANCED_FACE ( 'NONE', ( #6745 ), #5468, .F. ) ;
#3575 = EDGE_LOOP ( 'NONE', ( #8130, #5393, #2782, #7906 ) ) ;
#3576 = DIRECTION ( 'NONE',  ( 0.000000000000000000, 0.000000000000000000, -1.000000000000000000 ) ) ;
#3577 = LINE ( 'NONE', #6738, #5951 ) ;
#3578 = ORIENTED_EDGE ( 'NONE', *, *, #4852, .T. ) ;
#3579 = CARTESIAN_POINT ( 'NONE',  ( -0.7795275590551181688, 0.1574803149606299191, -0.02952755905511811330 ) ) ;
#3580 = FACE_OUTER_BOUND ( 'NONE', #1924, .T. ) ;
#3581 = ADVANCED_FACE ( 'NONE', ( #5379 ), #3322, .F. ) ;
#3582 = CARTESIAN_POINT ( 'NONE',  ( -0.7185039370078739607, 0.1968503937007874127, 0.03149606299212598381 ) ) ;
#3583 = ORIENTED_EDGE ( 'NONE', *, *, #2602, .F. ) ;
#3584 = ORIENTED_EDGE ( 'NONE', *, *, #2543, .F. ) ;
#3585 = DIRECTION ( 'NONE',  ( 0.000000000000000000, 1.000000000000000000, 0.000000000000000000 ) ) ;
#3586 = VERTEX_POINT ( 'NONE', #2216 ) ;
#3587 = LINE ( 'NONE', #7583, #6515 ) ;
#3588 = DIRECTION ( 'NONE',  ( 1.000000000000000000, 0.000000000000000000, 0.000000000000000000 ) ) ;
#3589 = ORIENTED_EDGE ( 'NONE', *, *, #103, .F. ) ;
#3590 = DIRECTION ( 'NONE',  ( 1.000000000000000000, 0.000000000000000000, 0.000000000000000000 ) ) ;
#3591 = ORIENTED_EDGE ( 'NONE', *, *, #5236, .T. ) ;
#3592 = EDGE_CURVE ( 'NONE', #3685, #6231, #7381, .T. ) ;
#3593 = DIRECTION ( 'NONE',  ( 0.000000000000000000, 0.000000000000000000, -1.000000000000000000 ) ) ;
#3594 = FACE_OUTER_BOUND ( 'NONE', #7026, .T. ) ;
#3595 = CARTESIAN_POINT ( 'NONE',  ( -0.7696850393700788162, 0.1574803149606299191, 0.01968503937007873988 ) ) ;
#3596 = DIRECTION ( 'NONE',  ( 0.000000000000000000, -1.000000000000000000, 0.000000000000000000 ) ) ;
#3597 = PLANE ( 'NONE',  #2438 ) ;
#3598 = DIRECTION ( 'NONE',  ( 0.000000000000000000, 0.000000000000000000, -1.000000000000000000 ) ) ;
#3599 = ORIENTED_EDGE ( 'NONE', *, *, #575, .F. ) ;
#3600 = ORIENTED_EDGE ( 'NONE', *, *, #147, .F. ) ;
#3601 = EDGE_CURVE ( 'NONE', #5371, #6208, #2175, .T. ) ;
#3602 = EDGE_CURVE ( 'NONE', #2165, #821, #194, .T. ) ;
#3603 = FACE_OUTER_BOUND ( 'NONE', #7542, .T. ) ;
#3604 = CARTESIAN_POINT ( 'NONE',  ( -0.3696850393700787940, 0.01181102362204724393, -0.01968503937007873988 ) ) ;
#3605 = CARTESIAN_POINT ( 'NONE',  ( -0.8578740157480315709, -0.1181102362204724532, 0.004921259842519684971 ) ) ;
#3606 = LINE ( 'NONE', #5457, #1205 ) ;
#3607 = ADVANCED_FACE ( 'NONE', ( #5422 ), #8024, .F. ) ;
#3608 = ORIENTED_EDGE ( 'NONE', *, *, #5349, .T. ) ;
#3609 = CARTESIAN_POINT ( 'NONE',  ( -0.9785433070866141891, 0.1574803149606299191, -0.02854330708661417110 ) ) ;
#3610 = LINE ( 'NONE', #1682, #7850 ) ;
#3611 = VECTOR ( 'NONE', #8380, 39.37007874015748143 ) ;
#3612 = ORIENTED_EDGE ( 'NONE', *, *, #5342, .F. ) ;
#3613 = PLANE ( 'NONE',  #201 ) ;
#3614 = DIRECTION ( 'NONE',  ( 0.000000000000000000, 1.000000000000000000, 0.000000000000000000 ) ) ;
#3615 = EDGE_CURVE ( 'NONE', #4660, #8337, #2732, .T. ) ;
#3616 = CARTESIAN_POINT ( 'NONE',  ( -0.6687007874015747921, 0.1574803149606299191, -0.01870078740157480462 ) ) ;
#3617 = ORIENTED_EDGE ( 'NONE', *, *, #2501, .T. ) ;
#3618 = ORIENTED_EDGE ( 'NONE', *, *, #2137, .F. ) ;
#3619 = ORIENTED_EDGE ( 'NONE', *, *, #1037, .T. ) ;
#3620 = DIRECTION ( 'NONE',  ( 0.000000000000000000, 1.000000000000000000, 0.000000000000000000 ) ) ;
#3621 = VERTEX_POINT ( 'NONE', #107 ) ;
#3622 = DIRECTION ( 'NONE',  ( 0.000000000000000000, 0.000000000000000000, -1.000000000000000000 ) ) ;
#3623 = VECTOR ( 'NONE', #344, 39.37007874015748143 ) ;
#3624 = DIRECTION ( 'NONE',  ( 0.000000000000000000, 0.000000000000000000, -1.000000000000000000 ) ) ;
#3625 = VERTEX_POINT ( 'NONE', #4902 ) ;
#3626 = FACE_OUTER_BOUND ( 'NONE', #294, .T. ) ;
#3627 = ORIENTED_EDGE ( 'NONE', *, *, #5237, .T. ) ;
#3628 = VECTOR ( 'NONE', #8462, 39.37007874015748143 ) ;
#3629 = LINE ( 'NONE', #421, #622 ) ;
#3630 = DIRECTION ( 'NONE',  ( 0.000000000000000000, 0.000000000000000000, -1.000000000000000000 ) ) ;
#3631 = ORIENTED_EDGE ( 'NONE', *, *, #4016, .T. ) ;
#3632 = DIRECTION ( 'NONE',  ( 0.000000000000000000, 0.000000000000000000, -1.000000000000000000 ) ) ;
#3633 = CARTESIAN_POINT ( 'NONE',  ( -0.3785433070866142113, 0.1574803149606299191, -0.02854330708661417110 ) ) ;
#3634 = CARTESIAN_POINT ( 'NONE',  ( -0.2214566929133858220, 0.000000000000000000, 0.000000000000000000 ) ) ;
#3635 = AXIS2_PLACEMENT_3D ( 'NONE', #500, #3193, #4429 ) ;
#3636 = VECTOR ( 'NONE', #780, 39.37007874015748143 ) ;
#3637 = CARTESIAN_POINT ( 'NONE',  ( -0.7244094488188976833, 0.1909448818897638012, 0.000000000000000000 ) ) ;
#3638 = EDGE_LOOP ( 'NONE', ( #2225, #7427, #413, #7188 ) ) ;
#3639 = VERTEX_POINT ( 'NONE', #1096 ) ;
#3640 = CARTESIAN_POINT ( 'NONE',  ( -1.009842519685039353, 0.01181102362204724393, 0.03937007874015747977 ) ) ;
#3641 = AXIS2_PLACEMENT_3D ( 'NONE', #5505, #1651, #2903 ) ;
#3642 = CARTESIAN_POINT ( 'NONE',  ( -0.5185039370078740051, 0.1968503937007874127, -0.03149606299212598381 ) ) ;
#3643 = DIRECTION ( 'NONE',  ( 0.000000000000000000, 0.000000000000000000, -1.000000000000000000 ) ) ;
#3644 = CARTESIAN_POINT ( 'NONE',  ( -0.9696850393700787718, 0.1574803149606299191, -0.01968503937007873988 ) ) ;
#3645 = EDGE_CURVE ( 'NONE', #3095, #7892, #6183, .T. ) ;
#3646 = EDGE_CURVE ( 'NONE', #5371, #5276, #1606, .T. ) ;
#3647 = ORIENTED_EDGE ( 'NONE', *, *, #8444, .F. ) ;
#3648 = EDGE_CURVE ( 'NONE', #3826, #7626, #8187, .T. ) ;
#3649 = LINE ( 'NONE', #5816, #5979 ) ;
#3651 = CARTESIAN_POINT ( 'NONE',  ( -0.6696850393700788384, 0.1574803149606299191, -0.01968503937007873988 ) ) ;
#3650 = VECTOR ( 'NONE', #1154, 39.37007874015748143 ) ;
#3652 = VECTOR ( 'NONE', #1926, 39.37007874015748143 ) ;
#3653 = AXIS2_PLACEMENT_3D ( 'NONE', #2255, #2339, #1012 ) ;
#3654 = AXIS2_PLACEMENT_3D ( 'NONE', #6182, #2978, #7498 ) ;
#3655 = ORIENTED_EDGE ( 'NONE', *, *, #7571, .T. ) ;
#3656 = DIRECTION ( 'NONE',  ( 1.000000000000000000, 0.000000000000000000, 0.000000000000000000 ) ) ;
#3657 = LINE ( 'NONE', #3543, #5165 ) ;
#3658 = ADVANCED_FACE ( 'NONE', ( #4858 ), #3701, .T. ) ;
#3659 = DIRECTION ( 'NONE',  ( 1.000000000000000000, 0.000000000000000000, 0.000000000000000000 ) ) ;
#3660 = ORIENTED_EDGE ( 'NONE', *, *, #7407, .F. ) ;
#3661 = EDGE_LOOP ( 'NONE', ( #3896, #2312, #3711, #6865 ) ) ;
#3662 = VECTOR ( 'NONE', #915, 39.37007874015748143 ) ;
#3663 = ORIENTED_EDGE ( 'NONE', *, *, #3227, .T. ) ;
#3664 = VECTOR ( 'NONE', #5205, 39.37007874015748143 ) ;
#3665 = VECTOR ( 'NONE', #139, 39.37007874015748143 ) ;
#3666 = EDGE_CURVE ( 'NONE', #4598, #278, #5537, .T. ) ;
#3667 = DIRECTION ( 'NONE',  ( 0.000000000000000000, 0.000000000000000000, -1.000000000000000000 ) ) ;
#3668 = ORIENTED_EDGE ( 'NONE', *, *, #5081, .F. ) ;
#3669 = DIRECTION ( 'NONE',  ( 1.000000000000000000, 0.000000000000000000, 0.000000000000000000 ) ) ;
#3670 = VECTOR ( 'NONE', #5899, 39.37007874015748143 ) ;
#3671 = AXIS2_PLACEMENT_3D ( 'NONE', #6167, #2150, #3564 ) ;
#3672 = FACE_BOUND ( 'NONE', #4774, .T. ) ;
#3673 = EDGE_CURVE ( 'NONE', #5066, #1990, #6302, .T. ) ;
#3674 = ORIENTED_EDGE ( 'NONE', *, *, #2575, .F. ) ;
#3675 = CARTESIAN_POINT ( 'NONE',  ( -0.8312992125984252079, 0.02165354330708661734, -0.01870078740157480462 ) ) ;
#3676 = EDGE_LOOP ( 'NONE', ( #374, #683, #3272, #259 ) ) ;
#3677 = VECTOR ( 'NONE', #789, 39.37007874015748143 ) ;
#3678 = DIRECTION ( 'NONE',  ( 0.000000000000000000, 0.000000000000000000, -1.000000000000000000 ) ) ;
#3679 = CARTESIAN_POINT ( 'NONE',  ( -0.3696850393700787940, 0.1574803149606299191, 0.01968503937007873988 ) ) ;
#3680 = VERTEX_POINT ( 'NONE', #319 ) ;
#3681 = DIRECTION ( 'NONE',  ( 0.000000000000000000, 0.000000000000000000, -1.000000000000000000 ) ) ;
#3682 = CARTESIAN_POINT ( 'NONE',  ( -0.3204724409448818645, 0.000000000000000000, 0.000000000000000000 ) ) ;
#3683 = CARTESIAN_POINT ( 'NONE',  ( -0.8214566929133859663, 0.1574803149606299191, 0.02854330708661417110 ) ) ;
#3684 = CARTESIAN_POINT ( 'NONE',  ( -0.6106299212598425008, 0.000000000000000000, -0.03937007874015747977 ) ) ;
#3685 = VERTEX_POINT ( 'NONE', #4977 ) ;
#3686 = ORIENTED_EDGE ( 'NONE', *, *, #8249, .T. ) ;
#3687 = CARTESIAN_POINT ( 'NONE',  ( -0.3312992125984252079, 0.1574803149606299191, -0.01870078740157480462 ) ) ;
#3688 = FACE_OUTER_BOUND ( 'NONE', #1407, .T. ) ;
#3689 = LINE ( 'NONE', #8214, #938 ) ;
#3690 = CARTESIAN_POINT ( 'NONE',  ( -0.8893700787401574992, 0.000000000000000000, -0.03937007874015747977 ) ) ;
#3691 = LINE ( 'NONE', #5011, #6940 ) ;
#3692 = VERTEX_POINT ( 'NONE', #6826 ) ;
#3693 = CARTESIAN_POINT ( 'NONE',  ( -0.6204724409448818534, 0.1574803149606299191, 0.02952755905511811330 ) ) ;
#3694 = DIRECTION ( 'NONE',  ( 0.000000000000000000, 0.000000000000000000, -1.000000000000000000 ) ) ;
#3695 = EDGE_CURVE ( 'NONE', #5166, #3007, #1774, .T. ) ;
#3696 = EDGE_CURVE ( 'NONE', #5533, #5923, #6902, .T. ) ;
#3697 = EDGE_CURVE ( 'NONE', #2422, #1343, #7499, .T. ) ;
#3698 = ORIENTED_EDGE ( 'NONE', *, *, #7134, .F. ) ;
#3699 = CARTESIAN_POINT ( 'NONE',  ( -0.4312992125984251857, 0.02165354330708661734, 0.01870078740157480462 ) ) ;
#3700 = CARTESIAN_POINT ( 'NONE',  ( -0.4785433070866141336, 0.01181102362204724393, -0.02854330708661417110 ) ) ;
#3701 = PLANE ( 'NONE',  #3940 ) ;
#3702 = ORIENTED_EDGE ( 'NONE', *, *, #1095, .T. ) ;
#3703 = DIRECTION ( 'NONE',  ( 0.000000000000000000, 0.000000000000000000, -1.000000000000000000 ) ) ;
#3704 = EDGE_LOOP ( 'NONE', ( #7226, #4474, #5883, #1466 ) ) ;
#3705 = ORIENTED_EDGE ( 'NONE', *, *, #5949, .T. ) ;
#3706 = EDGE_CURVE ( 'NONE', #2980, #5928, #928, .T. ) ;
#3707 = PLANE ( 'NONE',  #7041 ) ;
#3708 = VERTEX_POINT ( 'NONE', #3582 ) ;
#3709 = DIRECTION ( 'NONE',  ( 1.000000000000000000, 0.000000000000000000, 0.000000000000000000 ) ) ;
#3710 = EDGE_CURVE ( 'NONE', #338, #3914, #3544, .T. ) ;
#3711 = ORIENTED_EDGE ( 'NONE', *, *, #5268, .F. ) ;
#3712 = DIRECTION ( 'NONE',  ( 1.000000000000000000, 0.000000000000000000, 0.000000000000000000 ) ) ;
#3713 = EDGE_LOOP ( 'NONE', ( #2336, #8138, #5291, #1451, #5693, #7659, #1430, #5436 ) ) ;
#3714 = ADVANCED_FACE ( 'NONE', ( #2979 ), #286, .F. ) ;
#3715 = CARTESIAN_POINT ( 'NONE',  ( -0.6657480314960630974, -0.08858267716535432601, -0.01279527559055118092 ) ) ;
#3716 = LINE ( 'NONE', #2998, #3119 ) ;
#3717 = ORIENTED_EDGE ( 'NONE', *, *, #2645, .F. ) ;
#3718 = CARTESIAN_POINT ( 'NONE',  ( -0.3421259842519684957, -0.1181102362204724532, -0.004921259842519684971 ) ) ;
#3719 = DIRECTION ( 'NONE',  ( 0.000000000000000000, 0.000000000000000000, -1.000000000000000000 ) ) ;
#3720 = CARTESIAN_POINT ( 'NONE',  ( -0.8106299212598425674, 0.000000000000000000, -0.03937007874015747977 ) ) ;
#3721 = VERTEX_POINT ( 'NONE', #1049 ) ;
#3722 = ORIENTED_EDGE ( 'NONE', *, *, #6514, .T. ) ;
#3723 = FACE_OUTER_BOUND ( 'NONE', #1125, .T. ) ;
#3724 = CARTESIAN_POINT ( 'NONE',  ( -0.7696850393700788162, 0.1574803149606299191, -0.01968503937007873988 ) ) ;
#3725 = LINE ( 'NONE', #468, #7617 ) ;
#3726 = LINE ( 'NONE', #6329, #1306 ) ;
#3727 = CARTESIAN_POINT ( 'NONE',  ( -0.2214566929133858220, 0.01181102362204724393, 0.02854330708661417110 ) ) ;
#3728 = ORIENTED_EDGE ( 'NONE', *, *, #7386, .T. ) ;
#3729 = DIRECTION ( 'NONE',  ( 1.000000000000000000, 0.000000000000000000, 0.000000000000000000 ) ) ;
#3730 = CARTESIAN_POINT ( 'NONE',  ( -0.3893700787401574437, 0.000000000000000000, -0.03937007874015747977 ) ) ;
#3731 = LINE ( 'NONE', #1842, #252 ) ;
#3732 = VERTEX_POINT ( 'NONE', #7623 ) ;
#3733 = FACE_OUTER_BOUND ( 'NONE', #5195, .T. ) ;
#3734 = CARTESIAN_POINT ( 'NONE',  ( -0.3795275590551180911, 0.1574803149606299191, -0.02952755905511811330 ) ) ;
#3735 = DIRECTION ( 'NONE',  ( 1.000000000000000000, 0.000000000000000000, 0.000000000000000000 ) ) ;
#3736 = ORIENTED_EDGE ( 'NONE', *, *, #5155, .F. ) ;
#3737 = DIRECTION ( 'NONE',  ( 1.000000000000000000, 0.000000000000000000, 0.000000000000000000 ) ) ;
#3738 = EDGE_LOOP ( 'NONE', ( #8159, #4893, #59, #8039 ) ) ;
#3739 = ORIENTED_EDGE ( 'NONE', *, *, #896, .T. ) ;
#3740 = CARTESIAN_POINT ( 'NONE',  ( -0.8342519685039370136, -0.08858267716535432601, -0.01279527559055118092 ) ) ;
#3741 = ORIENTED_EDGE ( 'NONE', *, *, #6426, .F. ) ;
#3742 = DIRECTION ( 'NONE',  ( 0.000000000000000000, 1.000000000000000000, 0.000000000000000000 ) ) ;
#3743 = DIRECTION ( 'NONE',  ( 0.000000000000000000, -1.000000000000000000, 0.000000000000000000 ) ) ;
#3744 = EDGE_CURVE ( 'NONE', #6830, #6310, #2900, .T. ) ;
#3745 = EDGE_CURVE ( 'NONE', #2165, #841, #8103, .T. ) ;
#3746 = AXIS2_PLACEMENT_3D ( 'NONE', #6948, #1093, #480 ) ;
#3747 = ORIENTED_EDGE ( 'NONE', *, *, #1765, .F. ) ;
#3748 = EDGE_CURVE ( 'NONE', #5465, #3508, #6863, .T. ) ;
#3749 = DIRECTION ( 'NONE',  ( 0.000000000000000000, 0.000000000000000000, -1.000000000000000000 ) ) ;
#3750 = ORIENTED_EDGE ( 'NONE', *, *, #7720, .F. ) ;
#3751 = DIRECTION ( 'NONE',  ( 1.000000000000000000, 0.000000000000000000, 0.000000000000000000 ) ) ;
#3752 = LINE ( 'NONE', #5164, #8035 ) ;
#3753 = ORIENTED_EDGE ( 'NONE', *, *, #6962, .T. ) ;
#3754 = CARTESIAN_POINT ( 'NONE',  ( -0.7795275590551181688, 0.01181102362204724393, -0.02952755905511811330 ) ) ;
#3755 = LINE ( 'NONE', #6366, #5936 ) ;
#3756 = VERTEX_POINT ( 'NONE', #1687 ) ;
#3757 = ORIENTED_EDGE ( 'NONE', *, *, #529, .T. ) ;
#3758 = VECTOR ( 'NONE', #8170, 39.37007874015748143 ) ;
#3759 = VECTOR ( 'NONE', #310, 39.37007874015748143 ) ;
#3760 = CARTESIAN_POINT ( 'NONE',  ( -0.8106299212598425674, 0.01181102362204724393, -0.03937007874015747977 ) ) ;
#3761 = EDGE_CURVE ( 'NONE', #2811, #1954, #1729, .T. ) ;
#3762 = PLANE ( 'NONE',  #2410 ) ;
#3763 = DIRECTION ( 'NONE',  ( 0.000000000000000000, 1.000000000000000000, 0.000000000000000000 ) ) ;
#3764 = VECTOR ( 'NONE', #4655, 39.37007874015748143 ) ;
#3765 = VECTOR ( 'NONE', #7412, 39.37007874015748143 ) ;
#3766 = LINE ( 'NONE', #3206, #3509 ) ;
#3767 = LINE ( 'NONE', #5771, #7485 ) ;
#3768 = VERTEX_POINT ( 'NONE', #5621 ) ;
#3769 = CARTESIAN_POINT ( 'NONE',  ( -0.9696850393700787718, 0.1850393700787401619, -0.01968503937007873988 ) ) ;
#3770 = LINE ( 'NONE', #6379, #1995 ) ;
#3771 = EDGE_CURVE ( 'NONE', #4133, #5580, #2368, .T. ) ;
#3772 = AXIS2_PLACEMENT_3D ( 'NONE', #6700, #5235, #4646 ) ;
#3773 = VECTOR ( 'NONE', #2799, 39.37007874015748143 ) ;
#3774 = LINE ( 'NONE', #4501, #5026 ) ;
#3775 = CARTESIAN_POINT ( 'NONE',  ( -0.5687007874015748143, 0.02165354330708661734, 0.01870078740157480462 ) ) ;
#3776 = CARTESIAN_POINT ( 'NONE',  ( -0.2204724409448818867, 0.01181102362204724393, 0.02952755905511811330 ) ) ;
#3777 = VECTOR ( 'NONE', #8282, 39.37007874015748143 ) ;
#3778 = CARTESIAN_POINT ( 'NONE',  ( -0.3721456692913386322, 0.01181102362204724393, -0.01279527559055118092 ) ) ;
#3779 = ORIENTED_EDGE ( 'NONE', *, *, #1907, .T. ) ;
#3780 = CARTESIAN_POINT ( 'NONE',  ( -0.7696850393700788162, 0.000000000000000000, 0.000000000000000000 ) ) ;
#3781 = ORIENTED_EDGE ( 'NONE', *, *, #2311, .F. ) ;
#3782 = VERTEX_POINT ( 'NONE', #5706 ) ;
#3783 = AXIS2_PLACEMENT_3D ( 'NONE', #3640, #1637, #8251 ) ;
#3784 = LINE ( 'NONE', #8438, #629 ) ;
#3785 = VERTEX_POINT ( 'NONE', #6506 ) ;
#3786 = DIRECTION ( 'NONE',  ( 0.000000000000000000, -1.000000000000000000, 0.000000000000000000 ) ) ;
#3787 = VECTOR ( 'NONE', #44, 39.37007874015748143 ) ;
#3788 = VECTOR ( 'NONE', #214, 39.37007874015748143 ) ;
#3789 = VECTOR ( 'NONE', #2289, 39.37007874015748143 ) ;
#3790 = ORIENTED_EDGE ( 'NONE', *, *, #8200, .F. ) ;
#3791 = DIRECTION ( 'NONE',  ( 0.000000000000000000, 0.000000000000000000, -1.000000000000000000 ) ) ;
#3792 = VERTEX_POINT ( 'NONE', #7021 ) ;
#3793 = EDGE_CURVE ( 'NONE', #2181, #7331, #6427, .T. ) ;
#3794 = DIRECTION ( 'NONE',  ( 0.000000000000000000, -1.000000000000000000, 0.000000000000000000 ) ) ;
#3795 = VECTOR ( 'NONE', #4320, 39.37007874015748143 ) ;
#3796 = CARTESIAN_POINT ( 'NONE',  ( -0.9214566929133858331, 0.1574803149606299191, 0.02854330708661417110 ) ) ;
#3797 = AXIS2_PLACEMENT_3D ( 'NONE', #215, #2694, #8047 ) ;
#3798 = VECTOR ( 'NONE', #6338, 39.37007874015748143 ) ;
#3799 = ORIENTED_EDGE ( 'NONE', *, *, #8106, .T. ) ;
#3800 = PLANE ( 'NONE',  #8421 ) ;
#3801 = ADVANCED_FACE ( 'NONE', ( #1892 ), #3101, .F. ) ;
#3802 = CARTESIAN_POINT ( 'NONE',  ( -0.5795275590551181022, 0.01181102362204724393, -0.02952755905511811330 ) ) ;
#3803 = VERTEX_POINT ( 'NONE', #5098 ) ;
#3804 = VERTEX_POINT ( 'NONE', #7064 ) ;
#3805 = CARTESIAN_POINT ( 'NONE',  ( -0.5578740157480315265, -0.1181102362204724532, -0.01279527559055118092 ) ) ;
#3806 = EDGE_CURVE ( 'NONE', #6446, #6185, #4541, .T. ) ;
#3807 = CARTESIAN_POINT ( 'NONE',  ( -0.9106299212598425452, 0.01181102362204724393, 0.03937007874015747977 ) ) ;
#3808 = PLANE ( 'NONE',  #7736 ) ;
#3809 = VECTOR ( 'NONE', #8143, 39.37007874015748143 ) ;
#3810 = DIRECTION ( 'NONE',  ( 0.000000000000000000, -1.000000000000000000, 0.000000000000000000 ) ) ;
#3811 = LINE ( 'NONE', #5131, #1498 ) ;
#3812 = ORIENTED_EDGE ( 'NONE', *, *, #3519, .T. ) ;
#3813 = EDGE_CURVE ( 'NONE', #3960, #4298, #7143, .T. ) ;
#3814 = DIRECTION ( 'NONE',  ( 0.000000000000000000, 1.000000000000000000, 0.000000000000000000 ) ) ;
#3815 = LINE ( 'NONE', #5092, #7173 ) ;
#3816 = CARTESIAN_POINT ( 'NONE',  ( -0.4106299212598425452, 0.000000000000000000, -0.03937007874015747977 ) ) ;
#3817 = DIRECTION ( 'NONE',  ( 0.000000000000000000, -1.000000000000000000, 0.000000000000000000 ) ) ;
#3818 = EDGE_CURVE ( 'NONE', #4637, #6609, #1291, .T. ) ;
#3819 = PLANE ( 'NONE',  #1070 ) ;
#3820 = ADVANCED_FACE ( 'NONE', ( #3175, #7105 ), #1972, .T. ) ;
#3821 = LINE ( 'NONE', #6462, #3421 ) ;
#3822 = EDGE_LOOP ( 'NONE', ( #5012, #7947, #4603, #7402 ) ) ;
#3823 = PLANE ( 'NONE',  #4737 ) ;
#3824 = EDGE_LOOP ( 'NONE', ( #5974, #7219, #4795, #6992 ) ) ;
#3825 = CARTESIAN_POINT ( 'NONE',  ( -0.6814960629921259505, 0.1968503937007874127, -0.03149606299212598381 ) ) ;
#3826 = VERTEX_POINT ( 'NONE', #4 ) ;
#3827 = ADVANCED_FACE ( 'NONE', ( #8382 ), #2525, .T. ) ;
#3828 = VERTEX_POINT ( 'NONE', #2455 ) ;
#3829 = LINE ( 'NONE', #1302, #7211 ) ;
#3830 = CARTESIAN_POINT ( 'NONE',  ( -0.3106299212598425119, 0.000000000000000000, 0.03937007874015747977 ) ) ;
#3831 = EDGE_LOOP ( 'NONE', ( #3462, #2843, #2463, #4087 ) ) ;
#3832 = FACE_OUTER_BOUND ( 'NONE', #6735, .T. ) ;
#3833 = VERTEX_POINT ( 'NONE', #5781 ) ;
#3834 = CARTESIAN_POINT ( 'NONE',  ( -0.6657480314960630974, -0.1181102362204724532, -0.01279527559055118092 ) ) ;
#3835 = CARTESIAN_POINT ( 'NONE',  ( -0.3687007874015748032, 0.1574803149606299191, 0.01870078740157480462 ) ) ;
#3836 = ORIENTED_EDGE ( 'NONE', *, *, #6181, .T. ) ;
#3837 = DIRECTION ( 'NONE',  ( 0.000000000000000000, 0.000000000000000000, 1.000000000000000000 ) ) ;
#3838 = CARTESIAN_POINT ( 'NONE',  ( -0.8657480314960629419, -0.08858267716535432601, -0.01279527559055118092 ) ) ;
#3839 = ORIENTED_EDGE ( 'NONE', *, *, #564, .F. ) ;
#3840 = EDGE_LOOP ( 'NONE', ( #778, #2057, #1989, #2045 ) ) ;
#3841 = EDGE_CURVE ( 'NONE', #2642, #2613, #6988, .T. ) ;
#3842 = FACE_OUTER_BOUND ( 'NONE', #1973, .T. ) ;
#3843 = DIRECTION ( 'NONE',  ( 1.000000000000000000, 0.000000000000000000, 0.000000000000000000 ) ) ;
#3844 = CARTESIAN_POINT ( 'NONE',  ( -0.6342519685039369470, 0.01181102362204724393, -0.01279527559055118092 ) ) ;
#3845 = LINE ( 'NONE', #6495, #2825 ) ;
#3846 = DIRECTION ( 'NONE',  ( 0.000000000000000000, 1.000000000000000000, 0.000000000000000000 ) ) ;
#3847 = ORIENTED_EDGE ( 'NONE', *, *, #4692, .F. ) ;
#3848 = EDGE_CURVE ( 'NONE', #3947, #7654, #8345, .T. ) ;
#3849 = ADVANCED_FACE ( 'NONE', ( #4459 ), #2620, .T. ) ;
#3850 = CARTESIAN_POINT ( 'NONE',  ( -0.3214566929133858553, 0.01181102362204724393, -0.02854330708661417110 ) ) ;
#3851 = LINE ( 'NONE', #8219, #8142 ) ;
#3852 = EDGE_CURVE ( 'NONE', #6107, #4638, #3821, .T. ) ;
#3853 = CARTESIAN_POINT ( 'NONE',  ( -0.6687007874015747921, 0.02165354330708661734, -0.01870078740157480462 ) ) ;
#3854 = ADVANCED_FACE ( 'NONE', ( #6388 ), #3218, .F. ) ;
#3855 = DIRECTION ( 'NONE',  ( 0.000000000000000000, 1.000000000000000000, 0.000000000000000000 ) ) ;
#3856 = DIRECTION ( 'NONE',  ( 0.000000000000000000, 1.000000000000000000, 0.000000000000000000 ) ) ;
#3857 = CARTESIAN_POINT ( 'NONE',  ( -0.8204724409448819200, 0.1574803149606299191, 0.02952755905511811330 ) ) ;
#3858 = ORIENTED_EDGE ( 'NONE', *, *, #7861, .F. ) ;
#3859 = CARTESIAN_POINT ( 'NONE',  ( -0.3421259842519684957, -0.1181102362204724532, -0.01279527559055118092 ) ) ;
#3860 = CARTESIAN_POINT ( 'NONE',  ( -0.4696850393700787163, 0.1968503937007874127, 0.01968503937007873988 ) ) ;
#3861 = DIRECTION ( 'NONE',  ( -0.000000000000000000, 0.7071067811865475727, 0.7071067811865475727 ) ) ;
#3862 = VERTEX_POINT ( 'NONE', #6339 ) ;
#3863 = LINE ( 'NONE', #3740, #2274 ) ;
#3864 = ADVANCED_FACE ( 'NONE', ( #5747 ), #5062, .T. ) ;
#3865 = ORIENTED_EDGE ( 'NONE', *, *, #4031, .T. ) ;
#3866 = PLANE ( 'NONE',  #5787 ) ;
#3867 = CARTESIAN_POINT ( 'NONE',  ( -0.2721456692913385988, 0.01181102362204724393, 0.01279527559055118092 ) ) ;
#3868 = CARTESIAN_POINT ( 'NONE',  ( -0.6618110236220472453, -0.1033464566929133965, 0.000000000000000000 ) ) ;
#3869 = ORIENTED_EDGE ( 'NONE', *, *, #272, .F. ) ;
#3870 = CARTESIAN_POINT ( 'NONE',  ( -0.5342519685039370803, 0.01181102362204724393, 0.01279527559055118092 ) ) ;
#3871 = ORIENTED_EDGE ( 'NONE', *, *, #7929, .T. ) ;
#3872 = LINE ( 'NONE', #5077, #6909 ) ;
#3873 = LINE ( 'NONE', #7761, #2864 ) ;
#3874 = ORIENTED_EDGE ( 'NONE', *, *, #8459, .T. ) ;
#3875 = CARTESIAN_POINT ( 'NONE',  ( -0.9244094488188977499, 0.1909448818897638012, 0.000000000000000000 ) ) ;
#3876 = VECTOR ( 'NONE', #4648, 39.37007874015748143 ) ;
#3877 = DIRECTION ( 'NONE',  ( 1.000000000000000000, 0.000000000000000000, 0.000000000000000000 ) ) ;
#3878 = ORIENTED_EDGE ( 'NONE', *, *, #654, .F. ) ;
#3879 = ORIENTED_EDGE ( 'NONE', *, *, #1065, .F. ) ;
#3880 = ORIENTED_EDGE ( 'NONE', *, *, #4316, .F. ) ;
#3881 = PLANE ( 'NONE',  #7345 ) ;
#3882 = FACE_OUTER_BOUND ( 'NONE', #6432, .T. ) ;
#3883 = LINE ( 'NONE', #7681, #2437 ) ;
#3884 = LINE ( 'NONE', #3164, #7851 ) ;
#3885 = LINE ( 'NONE', #5402, #816 ) ;
#3886 = AXIS2_PLACEMENT_3D ( 'NONE', #7946, #762, #5350 ) ;
#3887 = ORIENTED_EDGE ( 'NONE', *, *, #408, .F. ) ;
#3888 = DIRECTION ( 'NONE',  ( 0.2576626505603140105, -0.9662349396012511749, 0.000000000000000000 ) ) ;
#3889 = FACE_OUTER_BOUND ( 'NONE', #4391, .T. ) ;
#3890 = LINE ( 'NONE', #5743, #7610 ) ;
#3891 = EDGE_CURVE ( 'NONE', #16, #5381, #7691, .T. ) ;
#3892 = CARTESIAN_POINT ( 'NONE',  ( -0.7204724409448819422, 0.01181102362204724393, 0.02952755905511811330 ) ) ;
#3893 = DIRECTION ( 'NONE',  ( 0.000000000000000000, -1.000000000000000000, 0.000000000000000000 ) ) ;
#3894 = ADVANCED_FACE ( 'NONE', ( #7922 ), #184, .F. ) ;
#3895 = CARTESIAN_POINT ( 'NONE',  ( -0.7785433070866142335, 0.01181102362204724393, 0.02854330708661417110 ) ) ;
#3896 = ORIENTED_EDGE ( 'NONE', *, *, #5390, .T. ) ;
#3897 = EDGE_LOOP ( 'NONE', ( #1806, #2066, #6695, #510 ) ) ;
#3898 = ORIENTED_EDGE ( 'NONE', *, *, #1250, .F. ) ;
#3899 = FACE_OUTER_BOUND ( 'NONE', #1131, .T. ) ;
#3901 = LINE ( 'NONE', #845, #4438 ) ;
#3900 = VECTOR ( 'NONE', #7037, 39.37007874015748143 ) ;
#3902 = EDGE_LOOP ( 'NONE', ( #1050, #3525, #5423, #4544 ) ) ;
#3903 = PLANE ( 'NONE',  #5552 ) ;
#3904 = ADVANCED_FACE ( 'NONE', ( #2027 ), #92, .T. ) ;
#3905 = AXIS2_PLACEMENT_3D ( 'NONE', #6146, #8065, #7644 ) ;
#3906 = VECTOR ( 'NONE', #7374, 39.37007874015748143 ) ;
#3907 = ORIENTED_EDGE ( 'NONE', *, *, #7873, .F. ) ;
#3908 = DIRECTION ( 'NONE',  ( 0.000000000000000000, 0.000000000000000000, -1.000000000000000000 ) ) ;
#3909 = PLANE ( 'NONE',  #5570 ) ;
#3910 = DIRECTION ( 'NONE',  ( 1.000000000000000000, 0.000000000000000000, 0.000000000000000000 ) ) ;
#3911 = ORIENTED_EDGE ( 'NONE', *, *, #3166, .T. ) ;
#3912 = LINE ( 'NONE', #3465, #3246 ) ;
#3913 = ADVANCED_FACE ( 'NONE', ( #7371 ), #6694, .T. ) ;
#3914 = VERTEX_POINT ( 'NONE', #1341 ) ;
#3915 = AXIS2_PLACEMENT_3D ( 'NONE', #4622, #4569, #4529 ) ;
#3916 = LINE ( 'NONE', #624, #3368 ) ;
#3917 = FACE_OUTER_BOUND ( 'NONE', #6828, .T. ) ;
#3918 = VERTEX_POINT ( 'NONE', #2759 ) ;
#3919 = LINE ( 'NONE', #2550, #2281 ) ;
#3920 = AXIS2_PLACEMENT_3D ( 'NONE', #6274, #2375, #2989 ) ;
#3921 = VECTOR ( 'NONE', #750, 39.37007874015748143 ) ;
#3922 = EDGE_CURVE ( 'NONE', #7834, #4565, #4719, .T. ) ;
#3923 = FACE_OUTER_BOUND ( 'NONE', #5626, .T. ) ;
#3924 = ORIENTED_EDGE ( 'NONE', *, *, #5126, .F. ) ;
#3925 = VERTEX_POINT ( 'NONE', #7964 ) ;
#3926 = EDGE_LOOP ( 'NONE', ( #584, #7126, #1961, #5527 ) ) ;
#3927 = VECTOR ( 'NONE', #578, 39.37007874015748143 ) ;
#3928 = AXIS2_PLACEMENT_3D ( 'NONE', #4441, #1411, #770 ) ;
#3929 = AXIS2_PLACEMENT_3D ( 'NONE', #2025, #5410, #183 ) ;
#3930 = DIRECTION ( 'NONE',  ( 0.000000000000000000, 0.000000000000000000, -1.000000000000000000 ) ) ;
#3931 = DIRECTION ( 'NONE',  ( 0.000000000000000000, -1.000000000000000000, 0.000000000000000000 ) ) ;
#3932 = DIRECTION ( 'NONE',  ( 1.000000000000000000, 0.000000000000000000, 0.000000000000000000 ) ) ;
#3933 = CARTESIAN_POINT ( 'NONE',  ( -0.5500000000000000444, 0.1909448818897638012, 0.02559055118110236185 ) ) ;
#3934 = CARTESIAN_POINT ( 'NONE',  ( -0.4893700787401574770, 0.01181102362204724393, 0.03937007874015747977 ) ) ;
#3935 = VECTOR ( 'NONE', #384, 39.37007874015748854 ) ;
#3936 = VECTOR ( 'NONE', #7801, 39.37007874015748143 ) ;
#3937 = EDGE_LOOP ( 'NONE', ( #8238, #8040, #4487, #5991 ) ) ;
#3938 = DIRECTION ( 'NONE',  ( 1.000000000000000000, 0.000000000000000000, 0.000000000000000000 ) ) ;
#3939 = DIRECTION ( 'NONE',  ( 0.000000000000000000, 0.000000000000000000, -1.000000000000000000 ) ) ;
#3940 = AXIS2_PLACEMENT_3D ( 'NONE', #4379, #7456, #6951 ) ;
#3941 = LINE ( 'NONE', #6550, #5307 ) ;
#3942 = CARTESIAN_POINT ( 'NONE',  ( -0.8687007874015748587, 0.02165354330708661734, -0.01870078740157480462 ) ) ;
#3943 = CARTESIAN_POINT ( 'NONE',  ( -0.9893700787401574770, 0.01181102362204724393, 0.03937007874015747977 ) ) ;
#3944 = DIRECTION ( 'NONE',  ( 1.000000000000000000, 0.000000000000000000, 0.000000000000000000 ) ) ;
#3945 = EDGE_CURVE ( 'NONE', #8072, #1429, #2115, .T. ) ;
#3946 = VERTEX_POINT ( 'NONE', #5411 ) ;
#3947 = VERTEX_POINT ( 'NONE', #3985 ) ;
#3948 = VERTEX_POINT ( 'NONE', #876 ) ;
#3949 = CARTESIAN_POINT ( 'NONE',  ( -0.8303149606299212726, 0.1850393700787401619, -0.01968503937007873988 ) ) ;
#3950 = CARTESIAN_POINT ( 'NONE',  ( -0.9312992125984251857, 0.02165354330708661734, -0.01870078740157480462 ) ) ;
#3951 = ADVANCED_FACE ( 'NONE', ( #7233 ), #5956, .T. ) ;
#3952 = EDGE_LOOP ( 'NONE', ( #5335, #3195, #3750, #2555 ) ) ;
#3953 = ADVANCED_FACE ( 'NONE', ( #7275 ), #8060, .F. ) ;
#3954 = FACE_OUTER_BOUND ( 'NONE', #293, .T. ) ;
#3955 = VERTEX_POINT ( 'NONE', #4677 ) ;
#3956 = LINE ( 'NONE', #4512, #3876 ) ;
#3957 = DIRECTION ( 'NONE',  ( 0.000000000000000000, 1.000000000000000000, 0.000000000000000000 ) ) ;
#3958 = CARTESIAN_POINT ( 'NONE',  ( -0.5687007874015748143, 0.02165354330708661734, -0.01870078740157480462 ) ) ;
#3959 = ORIENTED_EDGE ( 'NONE', *, *, #5175, .T. ) ;
#3960 = VERTEX_POINT ( 'NONE', #4029 ) ;
#3961 = EDGE_CURVE ( 'NONE', #4351, #4637, #6553, .T. ) ;
#3962 = DIRECTION ( 'NONE',  ( 0.000000000000000000, 0.000000000000000000, -1.000000000000000000 ) ) ;
#3963 = EDGE_CURVE ( 'NONE', #8360, #859, #738, .T. ) ;
#3964 = ORIENTED_EDGE ( 'NONE', *, *, #8228, .F. ) ;
#3965 = LINE ( 'NONE', #3506, #2404 ) ;
#3966 = DIRECTION ( 'NONE',  ( 0.000000000000000000, 0.000000000000000000, 1.000000000000000000 ) ) ;
#3967 = EDGE_LOOP ( 'NONE', ( #4294, #8432, #2830, #6245 ) ) ;
#3968 = CARTESIAN_POINT ( 'NONE',  ( -0.2696850393700787607, 0.1574803149606299191, 0.01968503937007873988 ) ) ;
#3969 = DIRECTION ( 'NONE',  ( 0.000000000000000000, 1.000000000000000000, 0.000000000000000000 ) ) ;
#3970 = ORIENTED_EDGE ( 'NONE', *, *, #7160, .T. ) ;
#3971 = ORIENTED_EDGE ( 'NONE', *, *, #6892, .F. ) ;
#3972 = ORIENTED_EDGE ( 'NONE', *, *, #3592, .T. ) ;
#3973 = FACE_BOUND ( 'NONE', #7673, .T. ) ;
#3974 = LINE ( 'NONE', #3204, #1734 ) ;
#3975 = CARTESIAN_POINT ( 'NONE',  ( -0.9785433070866141891, 0.01181102362204724393, -0.02854330708661417110 ) ) ;
#3976 = PLANE ( 'NONE',  #6778 ) ;
#3977 = DIRECTION ( 'NONE',  ( 0.000000000000000000, -1.000000000000000000, 0.000000000000000000 ) ) ;
#3978 = VERTEX_POINT ( 'NONE', #3355 ) ;
#3979 = ORIENTED_EDGE ( 'NONE', *, *, #1285, .F. ) ;
#3980 = FACE_OUTER_BOUND ( 'NONE', #8348, .T. ) ;
#3981 = CARTESIAN_POINT ( 'NONE',  ( -0.6342519685039369470, 0.01181102362204724393, 0.01673228346456692717 ) ) ;
#3982 = CARTESIAN_POINT ( 'NONE',  ( -0.5785433070866141669, 0.000000000000000000, 0.000000000000000000 ) ) ;
#3983 = DIRECTION ( 'NONE',  ( 0.000000000000000000, 1.000000000000000000, 0.000000000000000000 ) ) ;
#3984 = DIRECTION ( 'NONE',  ( 0.000000000000000000, 1.000000000000000000, 0.000000000000000000 ) ) ;
#3985 = CARTESIAN_POINT ( 'NONE',  ( -0.8204724409448819200, 0.1574803149606299191, 0.02952755905511811330 ) ) ;
#3986 = VERTEX_POINT ( 'NONE', #2804 ) ;
#3987 = EDGE_LOOP ( 'NONE', ( #2044, #1017, #5983, #4639 ) ) ;
#3988 = EDGE_LOOP ( 'NONE', ( #6447, #1477, #973, #8088 ) ) ;
#3989 = CARTESIAN_POINT ( 'NONE',  ( -0.4106299212598425452, 0.01181102362204724393, -0.03937007874015747977 ) ) ;
#3990 = PLANE ( 'NONE',  #1446 ) ;
#3991 = ORIENTED_EDGE ( 'NONE', *, *, #3337, .F. ) ;
#3992 = DIRECTION ( 'NONE',  ( 0.000000000000000000, 1.000000000000000000, 0.000000000000000000 ) ) ;
#3993 = VERTEX_POINT ( 'NONE', #2162 ) ;
#3994 = CARTESIAN_POINT ( 'NONE',  ( -1.009842519685039353, 0.01181102362204724393, -0.04921259842519685318 ) ) ;
#3995 = DIRECTION ( 'NONE',  ( 0.000000000000000000, -1.000000000000000000, 0.000000000000000000 ) ) ;
#3996 = DIRECTION ( 'NONE',  ( -0.000000000000000000, 0.7071067811865475727, 0.7071067811865475727 ) ) ;
#3997 = ORIENTED_EDGE ( 'NONE', *, *, #8391, .T. ) ;
#3998 = ORIENTED_EDGE ( 'NONE', *, *, #8051, .F. ) ;
#3999 = FACE_OUTER_BOUND ( 'NONE', #4364, .T. ) ;
#4000 = EDGE_LOOP ( 'NONE', ( #1344, #4525, #7437, #608 ) ) ;
#4001 = CARTESIAN_POINT ( 'NONE',  ( -0.9687007874015747255, 0.02165354330708661734, -0.01870078740157480462 ) ) ;
#4002 = EDGE_LOOP ( 'NONE', ( #6883, #6864, #3426, #304 ) ) ;
#4003 = CARTESIAN_POINT ( 'NONE',  ( -0.9696850393700787718, 0.1574803149606299191, -0.01968503937007873988 ) ) ;
#4004 = EDGE_CURVE ( 'NONE', #817, #1009, #3451, .T. ) ;
#4005 = EDGE_CURVE ( 'NONE', #2981, #3960, #5909, .T. ) ;
#4006 = ADVANCED_FACE ( 'NONE', ( #2661 ), #7876, .F. ) ;
#4007 = DIRECTION ( 'NONE',  ( 0.000000000000000000, 0.000000000000000000, 1.000000000000000000 ) ) ;
#4008 = ORIENTED_EDGE ( 'NONE', *, *, #2818, .F. ) ;
#4009 = ORIENTED_EDGE ( 'NONE', *, *, #6131, .F. ) ;
#4010 = EDGE_LOOP ( 'NONE', ( #6226, #2633, #150, #752 ) ) ;
#4011 = CARTESIAN_POINT ( 'NONE',  ( -0.5303149606299212282, 0.1850393700787401619, 0.01968503937007873988 ) ) ;
#4012 = FACE_BOUND ( 'NONE', #4010, .T. ) ;
#4013 = VECTOR ( 'NONE', #4975, 39.37007874015748854 ) ;
#4014 = CARTESIAN_POINT ( 'NONE',  ( -1.009842534703531580, 0.01181102362204724393, 0.03937007874015747977 ) ) ;
#4015 = CARTESIAN_POINT ( 'NONE',  ( -0.9687007874015747255, 0.1574803149606299191, 0.01870078740157480462 ) ) ;
#4016 = EDGE_CURVE ( 'NONE', #5199, #5252, #1427, .T. ) ;
#4017 = CARTESIAN_POINT ( 'NONE',  ( -0.6204724409448818534, 0.01181102362204724393, -0.02952755905511811330 ) ) ;
#4018 = CARTESIAN_POINT ( 'NONE',  ( -0.2657480314960630197, -0.08858267716535432601, -0.01279527559055118092 ) ) ;
#4019 = EDGE_LOOP ( 'NONE', ( #8226, #2343, #463, #6324 ) ) ;
#4020 = VERTEX_POINT ( 'NONE', #3408 ) ;
#4021 = CARTESIAN_POINT ( 'NONE',  ( -0.2303149606299212671, 0.1850393700787401619, -0.01968503937007873988 ) ) ;
#4022 = CARTESIAN_POINT ( 'NONE',  ( -0.2185039370078740439, 0.1968503937007874127, -0.03149606299212598381 ) ) ;
#4023 = ADVANCED_FACE ( 'NONE', ( #7408 ), #1558, .T. ) ;
#4024 = DIRECTION ( 'NONE',  ( 0.000000000000000000, 0.000000000000000000, 1.000000000000000000 ) ) ;
#4025 = AXIS2_PLACEMENT_3D ( 'NONE', #5251, #7846, #3294 ) ;
#4026 = CARTESIAN_POINT ( 'NONE',  ( -0.4785433070866141336, 0.000000000000000000, 0.000000000000000000 ) ) ;
#4027 = VECTOR ( 'NONE', #2112, 39.37007874015748854 ) ;
#4028 = CARTESIAN_POINT ( 'NONE',  ( -0.9106299212598425452, 0.01181102362204724393, -0.03937007874015747977 ) ) ;
#4029 = CARTESIAN_POINT ( 'NONE',  ( -0.8687007874015748587, 0.02165354330708661734, 0.01870078740157480462 ) ) ;
#4030 = ORIENTED_EDGE ( 'NONE', *, *, #1285, .T. ) ;
#4031 = EDGE_CURVE ( 'NONE', #3586, #1650, #4163, .T. ) ;
#4032 = ORIENTED_EDGE ( 'NONE', *, *, #5004, .T. ) ;
#4033 = VERTEX_POINT ( 'NONE', #2207 ) ;
#4034 = PLANE ( 'NONE',  #498 ) ;
#4035 = DIRECTION ( 'NONE',  ( 0.000000000000000000, 0.000000000000000000, -1.000000000000000000 ) ) ;
#4036 = VECTOR ( 'NONE', #8064, 39.37007874015748143 ) ;
#4037 = VECTOR ( 'NONE', #7814, 39.37007874015748854 ) ;
#4038 = DIRECTION ( 'NONE',  ( 0.000000000000000000, 1.000000000000000000, 0.000000000000000000 ) ) ;
#4039 = ORIENTED_EDGE ( 'NONE', *, *, #2296, .T. ) ;
#4040 = LINE ( 'NONE', #3459, #6335 ) ;
#4041 = DIRECTION ( 'NONE',  ( 0.000000000000000000, 0.000000000000000000, 1.000000000000000000 ) ) ;
#4042 = VECTOR ( 'NONE', #5724, 39.37007874015748143 ) ;
#4043 = VECTOR ( 'NONE', #2457, 39.37007874015748143 ) ;
#4044 = DIRECTION ( 'NONE',  ( 0.000000000000000000, 1.000000000000000000, 0.000000000000000000 ) ) ;
#4045 = ORIENTED_EDGE ( 'NONE', *, *, #3503, .F. ) ;
#4046 = ORIENTED_EDGE ( 'NONE', *, *, #5892, .T. ) ;
#4047 = PLANE ( 'NONE',  #2018 ) ;
#4048 = ORIENTED_EDGE ( 'NONE', *, *, #2164, .T. ) ;
#4049 = VECTOR ( 'NONE', #4725, 39.37007874015748143 ) ;
#4050 = DIRECTION ( 'NONE',  ( 0.000000000000000000, 1.000000000000000000, 0.000000000000000000 ) ) ;
#4051 = ORIENTED_EDGE ( 'NONE', *, *, #1557, .T. ) ;
#4052 = LINE ( 'NONE', #7294, #511 ) ;
#4053 = VECTOR ( 'NONE', #1628, 39.37007874015748143 ) ;
#4054 = AXIS2_PLACEMENT_3D ( 'NONE', #1063, #4990, #5635 ) ;
#4055 = LINE ( 'NONE', #4793, #5944 ) ;
#4056 = ORIENTED_EDGE ( 'NONE', *, *, #4092, .F. ) ;
#4057 = EDGE_LOOP ( 'NONE', ( #2858, #2391, #872, #521, #2097, #6792, #2356, #7549, #6796, #1385, #899, #1401 ) ) ;
#4058 = EDGE_LOOP ( 'NONE', ( #3347, #2090, #6578, #290 ) ) ;
#4059 = EDGE_CURVE ( 'NONE', #28, #1169, #3533, .T. ) ;
#4060 = EDGE_CURVE ( 'NONE', #2490, #1949, #2631, .T. ) ;
#4061 = PLANE ( 'NONE',  #7194 ) ;
#4062 = FACE_OUTER_BOUND ( 'NONE', #4058, .T. ) ;
#4063 = VECTOR ( 'NONE', #3552, 39.37007874015748143 ) ;
#4064 = VECTOR ( 'NONE', #2673, 39.37007874015748143 ) ;
#4065 = DIRECTION ( 'NONE',  ( 0.000000000000000000, -1.000000000000000000, 0.000000000000000000 ) ) ;
#4066 = DIRECTION ( 'NONE',  ( 1.000000000000000000, 0.000000000000000000, 0.000000000000000000 ) ) ;
#4067 = DIRECTION ( 'NONE',  ( 0.2576626505603140105, 0.9662349396012511749, 0.000000000000000000 ) ) ;
#4068 = CARTESIAN_POINT ( 'NONE',  ( -0.5204724409448819866, 0.01181102362204724393, 0.02952755905511811330 ) ) ;
#4069 = CARTESIAN_POINT ( 'NONE',  ( -0.2785433070866141780, 0.01181102362204724393, -0.02854330708661417110 ) ) ;
#4070 = EDGE_LOOP ( 'NONE', ( #1657, #7791, #3219, #5142, #2086, #2334 ) ) ;
#4071 = VECTOR ( 'NONE', #8320, 39.37007874015748143 ) ;
#4072 = LINE ( 'NONE', #833, #1735 ) ;
#4074 = CARTESIAN_POINT ( 'NONE',  ( -0.4312992125984251857, 0.1574803149606299191, -0.01870078740157480462 ) ) ;
#4073 = AXIS2_PLACEMENT_3D ( 'NONE', #2647, #5256, #7852 ) ;
#4075 = VECTOR ( 'NONE', #1394, 39.37007874015748143 ) ;
#4076 = EDGE_CURVE ( 'NONE', #2983, #4660, #7074, .T. ) ;
#4077 = CARTESIAN_POINT ( 'NONE',  ( -0.6381889763779526881, -0.1033464566929133965, 0.000000000000000000 ) ) ;
#4078 = VECTOR ( 'NONE', #5009, 39.37007874015748143 ) ;
#4079 = PRODUCT_DEFINITION_FORMATION_WITH_SPECIFIED_SOURCE ( 'ANY', '', #5763, .NOT_KNOWN. ) ;
#4080 = VECTOR ( 'NONE', #3217, 39.37007874015748143 ) ;
#4081 = DIRECTION ( 'NONE',  ( 0.000000000000000000, -1.000000000000000000, 0.000000000000000000 ) ) ;
#4082 = EDGE_CURVE ( 'NONE', #1439, #4105, #4513, .T. ) ;
#4083 = DIRECTION ( 'NONE',  ( 0.000000000000000000, 0.000000000000000000, -1.000000000000000000 ) ) ;
#4084 = EDGE_CURVE ( 'NONE', #2993, #2233, #1942, .T. ) ;
#4085 = CARTESIAN_POINT ( 'NONE',  ( -0.3795275590551180911, 0.1574803149606299191, 0.02952755905511811330 ) ) ;
#4086 = EDGE_LOOP ( 'NONE', ( #2338, #2867, #7065, #1071 ) ) ;
#4087 = ORIENTED_EDGE ( 'NONE', *, *, #5587, .F. ) ;
#4088 = DIRECTION ( 'NONE',  ( 0.000000000000000000, 0.000000000000000000, 1.000000000000000000 ) ) ;
#4089 = CARTESIAN_POINT ( 'NONE',  ( -0.4657480314960630308, -0.08858267716535432601, 0.01279527559055118092 ) ) ;
#4090 = VECTOR ( 'NONE', #5882, 39.37007874015748143 ) ;
#4091 = EDGE_CURVE ( 'NONE', #1683, #4388, #7666, .T. ) ;
#4092 = EDGE_CURVE ( 'NONE', #6719, #1020, #7795, .T. ) ;
#4093 = DIRECTION ( 'NONE',  ( 1.000000000000000000, 0.000000000000000000, 0.000000000000000000 ) ) ;
#4094 = ORIENTED_EDGE ( 'NONE', *, *, #147, .T. ) ;
#4095 = LINE ( 'NONE', #105, #6762 ) ;
#4096 = LINE ( 'NONE', #7200, #4064 ) ;
#4097 = VECTOR ( 'NONE', #4504, 39.37007874015748143 ) ;
#4098 = PLANE ( 'NONE',  #1762 ) ;
#4099 = ORIENTED_EDGE ( 'NONE', *, *, #1767, .T. ) ;
#4100 = ORIENTED_EDGE ( 'NONE', *, *, #5358, .T. ) ;
#4101 = DIRECTION ( 'NONE',  ( 0.000000000000000000, 0.000000000000000000, 1.000000000000000000 ) ) ;
#4102 = ORIENTED_EDGE ( 'NONE', *, *, #5704, .T. ) ;
#4103 = CARTESIAN_POINT ( 'NONE',  ( -0.5204724409448819866, 0.000000000000000000, 0.000000000000000000 ) ) ;
#4104 = PRODUCT_CONTEXT ( 'NONE', #562, 'mechanical' ) ;
#4105 = VERTEX_POINT ( 'NONE', #3186 ) ;
#4106 = DIRECTION ( 'NONE',  ( 0.000000000000000000, -1.000000000000000000, 0.000000000000000000 ) ) ;
#4107 = LINE ( 'NONE', #3432, #6896 ) ;
#4108 = VERTEX_POINT ( 'NONE', #3235 ) ;
#4109 = ORIENTED_EDGE ( 'NONE', *, *, #3615, .F. ) ;
#4110 = EDGE_LOOP ( 'NONE', ( #4248, #4382, #8307, #3386 ) ) ;
#4111 = DIRECTION ( 'NONE',  ( 0.000000000000000000, 1.000000000000000000, 0.000000000000000000 ) ) ;
#4112 = LINE ( 'NONE', #724, #110 ) ;
#4113 = DIRECTION ( 'NONE',  ( 0.000000000000000000, 1.000000000000000000, 0.000000000000000000 ) ) ;
#4114 = CARTESIAN_POINT ( 'NONE',  ( -0.6214566929133858997, 0.1574803149606299191, 0.02854330708661417110 ) ) ;
#4115 = CARTESIAN_POINT ( 'NONE',  ( -0.2696850393700787607, 0.1574803149606299191, -0.01968503937007873988 ) ) ;
#4116 = DIRECTION ( 'NONE',  ( 1.000000000000000000, 0.000000000000000000, 0.000000000000000000 ) ) ;
#4117 = LINE ( 'NONE', #2885, #6476 ) ;
#4118 = EDGE_CURVE ( 'NONE', #4870, #3221, #4423, .T. ) ;
#4119 = ORIENTED_EDGE ( 'NONE', *, *, #787, .T. ) ;
#4120 = DIRECTION ( 'NONE',  ( 0.000000000000000000, 1.000000000000000000, 0.000000000000000000 ) ) ;
#4121 = LINE ( 'NONE', #2203, #4211 ) ;
#4122 = PLANE ( 'NONE',  #2127 ) ;
#4123 = CARTESIAN_POINT ( 'NONE',  ( -0.4657480314960630308, 0.01181102362204724393, -0.01279527559055118092 ) ) ;
#4124 = ADVANCED_FACE ( 'NONE', ( #540, #5881 ), #7028, .T. ) ;
#4125 = ADVANCED_FACE ( 'NONE', ( #8441, #6521 ), #6998, .T. ) ;
#4126 = DIRECTION ( 'NONE',  ( 0.000000000000000000, 0.000000000000000000, -1.000000000000000000 ) ) ;
#4127 = ORIENTED_EDGE ( 'NONE', *, *, #1654, .F. ) ;
#4128 = VERTEX_POINT ( 'NONE', #5837 ) ;
#4129 = ADVANCED_FACE ( 'NONE', ( #4469 ), #7155, .F. ) ;
#4130 = CARTESIAN_POINT ( 'NONE',  ( -0.9795275590551181244, 0.01181102362204724393, -0.02952755905511811330 ) ) ;
#4131 = CARTESIAN_POINT ( 'NONE',  ( -0.3204724409448818645, 0.1574803149606299191, 0.02952755905511811330 ) ) ;
#4132 = LINE ( 'NONE', #3364, #358 ) ;
#4133 = VERTEX_POINT ( 'NONE', #3830 ) ;
#4134 = CARTESIAN_POINT ( 'NONE',  ( -0.3214566929133858553, 0.1574803149606299191, 0.02854330708661417110 ) ) ;
#4135 = CARTESIAN_POINT ( 'NONE',  ( -0.9795275590551181244, 0.1574803149606299191, 0.02952755905511811330 ) ) ;
#4136 = FACE_OUTER_BOUND ( 'NONE', #2259, .T. ) ;
#4137 = ORIENTED_EDGE ( 'NONE', *, *, #1859, .F. ) ;
#4138 = ORIENTED_EDGE ( 'NONE', *, *, #6348, .F. ) ;
#4139 = CARTESIAN_POINT ( 'NONE',  ( -0.5657480314960630086, -0.08858267716535432601, 0.01279527559055118092 ) ) ;
#4140 = ORIENTED_EDGE ( 'NONE', *, *, #2054, .F. ) ;
#4141 = ADVANCED_FACE ( 'NONE', ( #1303 ), #3909, .T. ) ;
#4142 = PLANE ( 'NONE',  #766 ) ;
#4143 = DIRECTION ( 'NONE',  ( 0.000000000000000000, 0.000000000000000000, 1.000000000000000000 ) ) ;
#4144 = EDGE_LOOP ( 'NONE', ( #729, #1679, #4871, #3790 ) ) ;
#4145 = DIRECTION ( 'NONE',  ( 0.000000000000000000, 0.000000000000000000, -1.000000000000000000 ) ) ;
#4146 = DIRECTION ( 'NONE',  ( 1.000000000000000000, 0.000000000000000000, 0.000000000000000000 ) ) ;
#4147 = EDGE_CURVE ( 'NONE', #5304, #7383, #668, .T. ) ;
#4148 = VERTEX_POINT ( 'NONE', #5792 ) ;
#4149 = ORIENTED_EDGE ( 'NONE', *, *, #6233, .T. ) ;
#4150 = EDGE_LOOP ( 'NONE', ( #671, #2691, #5640, #442 ) ) ;
#4151 = DIRECTION ( 'NONE',  ( 0.000000000000000000, -1.000000000000000000, 0.000000000000000000 ) ) ;
#4152 = FACE_BOUND ( 'NONE', #6742, .T. ) ;
#4153 = CARTESIAN_POINT ( 'NONE',  ( -0.5696850393700787496, 0.1574803149606299191, 0.01968503937007873988 ) ) ;
#4154 = DIRECTION ( 'NONE',  ( 0.000000000000000000, 0.000000000000000000, 1.000000000000000000 ) ) ;
#4155 = DIRECTION ( 'NONE',  ( 0.000000000000000000, 0.000000000000000000, -1.000000000000000000 ) ) ;
#4156 = DIRECTION ( 'NONE',  ( 0.000000000000000000, 0.000000000000000000, -1.000000000000000000 ) ) ;
#4157 = PLANE ( 'NONE',  #7563 ) ;
#4158 = ORIENTED_EDGE ( 'NONE', *, *, #4573, .F. ) ;
#4159 = DIRECTION ( 'NONE',  ( 1.000000000000000000, 0.000000000000000000, 0.000000000000000000 ) ) ;
#4160 = CARTESIAN_POINT ( 'NONE',  ( -0.2106299212598425064, 0.01181102362204724393, 0.03937007874015747977 ) ) ;
#4161 = CARTESIAN_POINT ( 'NONE',  ( -0.7785433070866142335, 0.1574803149606299191, -0.02854330708661417110 ) ) ;
#4162 = VECTOR ( 'NONE', #7689, 39.37007874015748143 ) ;
#4163 = LINE ( 'NONE', #6774, #1083 ) ;
#4164 = ORIENTED_EDGE ( 'NONE', *, *, #1281, .T. ) ;
#4165 = PLANE ( 'NONE',  #5427 ) ;
#4166 = FACE_OUTER_BOUND ( 'NONE', #5934, .T. ) ;
#4167 = EDGE_CURVE ( 'NONE', #5317, #1216, #14, .T. ) ;
#4168 = EDGE_CURVE ( 'NONE', #1403, #7923, #1783, .T. ) ;
#4169 = DIRECTION ( 'NONE',  ( 0.000000000000000000, -1.000000000000000000, 0.000000000000000000 ) ) ;
#4170 = ORIENTED_EDGE ( 'NONE', *, *, #7780, .T. ) ;
#4171 = LINE ( 'NONE', #6703, #1828 ) ;
#4172 = DIRECTION ( 'NONE',  ( 0.000000000000000000, -1.000000000000000000, 0.000000000000000000 ) ) ;
#4173 = CARTESIAN_POINT ( 'NONE',  ( -0.8785433070866142113, 0.1574803149606299191, 0.02854330708661417110 ) ) ;
#4174 = ORIENTED_EDGE ( 'NONE', *, *, #8136, .F. ) ;
#4175 = ORIENTED_EDGE ( 'NONE', *, *, #2882, .F. ) ;
#4176 = VECTOR ( 'NONE', #4322, 39.37007874015748143 ) ;
#4177 = ORIENTED_EDGE ( 'NONE', *, *, #781, .T. ) ;
#4178 = EDGE_CURVE ( 'NONE', #5438, #2029, #7752, .T. ) ;
#4179 = DIRECTION ( 'NONE',  ( 1.000000000000000000, 0.000000000000000000, 0.000000000000000000 ) ) ;
#4180 = VECTOR ( 'NONE', #6144, 39.37007874015748143 ) ;
#4181 = ORIENTED_EDGE ( 'NONE', *, *, #1237, .T. ) ;
#4182 = VECTOR ( 'NONE', #4757, 39.37007874015748143 ) ;
#4183 = DIRECTION ( 'NONE',  ( 0.000000000000000000, -1.000000000000000000, 0.000000000000000000 ) ) ;
#4184 = EDGE_CURVE ( 'NONE', #5317, #6151, #4387, .T. ) ;
#4185 = CARTESIAN_POINT ( 'NONE',  ( -0.5312992125984251635, 0.1574803149606299191, 0.01870078740157480462 ) ) ;
#4186 = ORIENTED_EDGE ( 'NONE', *, *, #3064, .F. ) ;
#4187 = ORIENTED_EDGE ( 'NONE', *, *, #158, .F. ) ;
#4188 = VERTEX_POINT ( 'NONE', #5717 ) ;
#4189 = VECTOR ( 'NONE', #892, 39.37007874015748143 ) ;
#4190 = LINE ( 'NONE', #1583, #933 ) ;
#4191 = CARTESIAN_POINT ( 'NONE',  ( -0.3893700787401574437, 0.01181102362204724393, 0.03937007874015747977 ) ) ;
#4192 = EDGE_CURVE ( 'NONE', #1800, #1607, #1210, .T. ) ;
#4193 = EDGE_CURVE ( 'NONE', #8192, #2586, #3774, .T. ) ;
#4194 = PLANE ( 'NONE',  #5014 ) ;
#4195 = DIRECTION ( 'NONE',  ( 1.000000000000000000, 0.000000000000000000, 0.000000000000000000 ) ) ;
#4196 = VECTOR ( 'NONE', #5148, 39.37007874015748143 ) ;
#4197 = PLANE ( 'NONE',  #7618 ) ;
#4198 = DIRECTION ( 'NONE',  ( 0.000000000000000000, -1.000000000000000000, 0.000000000000000000 ) ) ;
#4199 = ORIENTED_EDGE ( 'NONE', *, *, #3214, .T. ) ;
#4200 = ORIENTED_EDGE ( 'NONE', *, *, #6160, .F. ) ;
#4201 = VECTOR ( 'NONE', #8205, 39.37007874015748143 ) ;
#4202 = AXIS2_PLACEMENT_3D ( 'NONE', #3030, #134, #5550 ) ;
#4203 = CARTESIAN_POINT ( 'NONE',  ( -0.8795275590551180356, 0.01181102362204724393, -0.02952755905511811330 ) ) ;
#4204 = CARTESIAN_POINT ( 'NONE',  ( -0.7214566929133858775, 0.000000000000000000, 0.000000000000000000 ) ) ;
#4205 = CARTESIAN_POINT ( 'NONE',  ( -0.9696850393700787718, 0.1574803149606299191, 0.01968503937007873988 ) ) ;
#4206 = VECTOR ( 'NONE', #818, 39.37007874015748143 ) ;
#4207 = VECTOR ( 'NONE', #4728, 39.37007874015748143 ) ;
#4208 = VERTEX_POINT ( 'NONE', #1969 ) ;
#4209 = CARTESIAN_POINT ( 'NONE',  ( -0.2814960629921259838, 0.1968503937007874127, -0.03149606299212598381 ) ) ;
#4210 = DIRECTION ( 'NONE',  ( 0.000000000000000000, 1.000000000000000000, 0.000000000000000000 ) ) ;
#4211 = VECTOR ( 'NONE', #227, 39.37007874015748143 ) ;
#4212 = VECTOR ( 'NONE', #6414, 39.37007874015748143 ) ;
#4213 = VECTOR ( 'NONE', #5273, 39.37007874015748143 ) ;
#4214 = FACE_BOUND ( 'NONE', #210, .T. ) ;
#4215 = EDGE_LOOP ( 'NONE', ( #3812, #2829, #7938, #5229 ) ) ;
#4216 = CARTESIAN_POINT ( 'NONE',  ( -0.6578740157480315043, -0.1181102362204724532, -0.01279527559055118092 ) ) ;
#4217 = CARTESIAN_POINT ( 'NONE',  ( -0.7795275590551181688, 0.01181102362204724393, -0.02952755905511811330 ) ) ;
#4218 = CARTESIAN_POINT ( 'NONE',  ( -0.2214566929133858220, 0.1574803149606299191, 0.02854330708661417110 ) ) ;
#4219 = EDGE_CURVE ( 'NONE', #7169, #3284, #3890, .T. ) ;
#4220 = VERTEX_POINT ( 'NONE', #7100 ) ;
#4221 = AXIS2_PLACEMENT_3D ( 'NONE', #1121, #3134, #7647 ) ;
#4222 = EDGE_CURVE ( 'NONE', #3680, #5715, #3171, .T. ) ;
#4223 = EDGE_LOOP ( 'NONE', ( #5970, #1258, #3584, #4138 ) ) ;
#4224 = DIRECTION ( 'NONE',  ( 1.000000000000000000, 0.000000000000000000, 0.000000000000000000 ) ) ;
#4225 = VECTOR ( 'NONE', #4256, 39.37007874015748143 ) ;
#4226 = ORIENTED_EDGE ( 'NONE', *, *, #2387, .F. ) ;
#4227 = FACE_OUTER_BOUND ( 'NONE', #5328, .T. ) ;
#4228 = EDGE_CURVE ( 'NONE', #8025, #5636, #1247, .T. ) ;
#4229 = EDGE_CURVE ( 'NONE', #1343, #3059, #478, .T. ) ;
#4230 = CARTESIAN_POINT ( 'NONE',  ( -0.6303149606299213170, 0.1850393700787401619, -0.01968503937007873988 ) ) ;
#4231 = VERTEX_POINT ( 'NONE', #3094 ) ;
#4232 = CARTESIAN_POINT ( 'NONE',  ( -0.5696850393700787496, 0.1968503937007874127, 0.01968503937007873988 ) ) ;
#4233 = ORIENTED_EDGE ( 'NONE', *, *, #7722, .T. ) ;
#4234 = FACE_OUTER_BOUND ( 'NONE', #2446, .T. ) ;
#4235 = LINE ( 'NONE', #5676, #798 ) ;
#4236 = EDGE_CURVE ( 'NONE', #7661, #1009, #7018, .T. ) ;
#4237 = CARTESIAN_POINT ( 'NONE',  ( -0.6814960629921259505, 0.1968503937007874127, 0.03149606299212598381 ) ) ;
#4238 = LINE ( 'NONE', #2881, #5992 ) ;
#4239 = DIRECTION ( 'NONE',  ( 0.000000000000000000, 0.000000000000000000, -1.000000000000000000 ) ) ;
#4240 = DIRECTION ( 'NONE',  ( -0.2576626505603140105, -0.9662349396012511749, 0.000000000000000000 ) ) ;
#4241 = ORIENTED_EDGE ( 'NONE', *, *, #3229, .T. ) ;
#4242 = VERTEX_POINT ( 'NONE', #8341 ) ;
#4243 = PLANE ( 'NONE',  #3783 ) ;
#4244 = EDGE_CURVE ( 'NONE', #6606, #5855, #598, .T. ) ;
#4245 = PLANE ( 'NONE',  #1873 ) ;
#4246 = CARTESIAN_POINT ( 'NONE',  ( -0.5687007874015748143, 0.02165354330708661734, -0.01870078740157480462 ) ) ;
#4247 = CARTESIAN_POINT ( 'NONE',  ( -0.4106299212598425452, 0.01181102362204724393, -0.03937007874015747977 ) ) ;
#4248 = ORIENTED_EDGE ( 'NONE', *, *, #1686, .T. ) ;
#4249 = EDGE_CURVE ( 'NONE', #6119, #6877, #5699, .T. ) ;
#4250 = DIRECTION ( 'NONE',  ( 0.000000000000000000, 0.000000000000000000, 1.000000000000000000 ) ) ;
#4251 = DIRECTION ( 'NONE',  ( 1.000000000000000000, 0.000000000000000000, 0.000000000000000000 ) ) ;
#4252 = ADVANCED_FACE ( 'NONE', ( #647 ), #7651, .F. ) ;
#4253 = VERTEX_POINT ( 'NONE', #2483 ) ;
#4254 = CARTESIAN_POINT ( 'NONE',  ( -0.6657480314960630974, 0.01181102362204724393, -0.01279527559055118092 ) ) ;
#4255 = CARTESIAN_POINT ( 'NONE',  ( -0.4795275590551181244, 0.1574803149606299191, -0.02952755905511811330 ) ) ;
#4256 = DIRECTION ( 'NONE',  ( 0.000000000000000000, 0.000000000000000000, -1.000000000000000000 ) ) ;
#4257 = ORIENTED_EDGE ( 'NONE', *, *, #7033, .T. ) ;
#4258 = VERTEX_POINT ( 'NONE', #1 ) ;
#4259 = ORIENTED_EDGE ( 'NONE', *, *, #3891, .T. ) ;
#4260 = LINE ( 'NONE', #6186, #6232 ) ;
#4261 = VERTEX_POINT ( 'NONE', #4581 ) ;
#4262 = DIRECTION ( 'NONE',  ( 0.000000000000000000, 0.000000000000000000, -1.000000000000000000 ) ) ;
#4263 = LINE ( 'NONE', #3179, #7163 ) ;
#4264 = VERTEX_POINT ( 'NONE', #527 ) ;
#4265 = PLANE ( 'NONE',  #6241 ) ;
#4266 = EDGE_LOOP ( 'NONE', ( #5957, #5426, #354, #6497 ) ) ;
#4267 = EDGE_CURVE ( 'NONE', #4425, #853, #5057, .T. ) ;
#4268 = DIRECTION ( 'NONE',  ( 0.000000000000000000, 0.000000000000000000, -1.000000000000000000 ) ) ;
#4269 = CARTESIAN_POINT ( 'NONE',  ( -0.4696850393700787163, 0.1574803149606299191, -0.01968503937007873988 ) ) ;
#4270 = EDGE_CURVE ( 'NONE', #1342, #2067, #2577, .T. ) ;
#4271 = ORIENTED_EDGE ( 'NONE', *, *, #1043, .F. ) ;
#4272 = CARTESIAN_POINT ( 'NONE',  ( -0.7687007874015748810, 0.02165354330708661734, -0.01870078740157480462 ) ) ;
#4273 = DIRECTION ( 'NONE',  ( 1.000000000000000000, 0.000000000000000000, 0.000000000000000000 ) ) ;
#4274 = EDGE_CURVE ( 'NONE', #6119, #7965, #5819, .T. ) ;
#4275 = DIRECTION ( 'NONE',  ( 0.000000000000000000, 1.000000000000000000, 0.000000000000000000 ) ) ;
#4276 = CARTESIAN_POINT ( 'NONE',  ( -0.9785433070866141891, 0.01181102362204724393, -0.02854330708661417110 ) ) ;
#4277 = EDGE_LOOP ( 'NONE', ( #1321, #6199, #1794, #4339 ) ) ;
#4278 = VERTEX_POINT ( 'NONE', #5095 ) ;
#4279 = CARTESIAN_POINT ( 'NONE',  ( -0.5185039370078740051, 0.1968503937007874127, 0.03149606299212598381 ) ) ;
#4280 = EDGE_CURVE ( 'NONE', #3621, #3803, #3731, .T. ) ;
#4281 = CARTESIAN_POINT ( 'NONE',  ( -0.3795275590551180911, 0.01181102362204724393, 0.02952755905511811330 ) ) ;
#4282 = LINE ( 'NONE', #2236, #340 ) ;
#4283 = PLANE ( 'NONE',  #7612 ) ;
#4284 = VERTEX_POINT ( 'NONE', #4454 ) ;
#4285 = EDGE_CURVE ( 'NONE', #7827, #5702, #7058, .T. ) ;
#4286 = CARTESIAN_POINT ( 'NONE',  ( -0.6657480314960630974, -0.1181102362204724532, 0.004921259842519684971 ) ) ;
#4287 = DIRECTION ( 'NONE',  ( 1.000000000000000000, 0.000000000000000000, 0.000000000000000000 ) ) ;
#4288 = AXIS2_PLACEMENT_3D ( 'NONE', #5196, #4599, #425 ) ;
#4289 = VERTEX_POINT ( 'NONE', #7735 ) ;
#4290 = CARTESIAN_POINT ( 'NONE',  ( -0.8785433070866142113, 0.01181102362204724393, 0.02854330708661417110 ) ) ;
#4291 = EDGE_CURVE ( 'NONE', #5188, #337, #1889, .T. ) ;
#4292 = DIRECTION ( 'NONE',  ( 1.000000000000000000, 0.000000000000000000, 0.000000000000000000 ) ) ;
#4293 = DIRECTION ( 'NONE',  ( 1.000000000000000000, 0.000000000000000000, 0.000000000000000000 ) ) ;
#4294 = ORIENTED_EDGE ( 'NONE', *, *, #768, .T. ) ;
#4295 = EDGE_LOOP ( 'NONE', ( #5609, #45, #4691, #4794 ) ) ;
#4296 = VERTEX_POINT ( 'NONE', #1929 ) ;
#4297 = PLANE ( 'NONE',  #3641 ) ;
#4298 = VERTEX_POINT ( 'NONE', #4537 ) ;
#4299 = CARTESIAN_POINT ( 'NONE',  ( -0.7721456692913386544, 0.01181102362204724393, 0.01279527559055118092 ) ) ;
#4300 = VECTOR ( 'NONE', #4146, 39.37007874015748143 ) ;
#4301 = LINE ( 'NONE', #3028, #8134 ) ;
#4302 = ORIENTED_EDGE ( 'NONE', *, *, #5349, .F. ) ;
#4303 = LINE ( 'NONE', #5756, #238 ) ;
#4304 = ORIENTED_EDGE ( 'NONE', *, *, #6884, .F. ) ;
#4305 = LINE ( 'NONE', #6966, #4444 ) ;
#4306 = LINE ( 'NONE', #4269, #4472 ) ;
#4307 = ORIENTED_EDGE ( 'NONE', *, *, #551, .F. ) ;
#4308 = CARTESIAN_POINT ( 'NONE',  ( -0.6795275590551181910, 0.000000000000000000, 0.000000000000000000 ) ) ;
#4309 = DIRECTION ( 'NONE',  ( 1.000000000000000000, 0.000000000000000000, 0.000000000000000000 ) ) ;
#4310 = LINE ( 'NONE', #1943, #1079 ) ;
#4311 = VECTOR ( 'NONE', #5267, 39.37007874015748143 ) ;
#4312 = DIRECTION ( 'NONE',  ( 0.000000000000000000, 0.000000000000000000, -1.000000000000000000 ) ) ;
#4313 = VERTEX_POINT ( 'NONE', #7139 ) ;
#4314 = ORIENTED_EDGE ( 'NONE', *, *, #7602, .F. ) ;
#4315 = ADVANCED_FACE ( 'NONE', ( #3351 ), #1516, .T. ) ;
#4316 = EDGE_CURVE ( 'NONE', #6965, #7696, #4716, .T. ) ;
#4317 = DIRECTION ( 'NONE',  ( 1.000000000000000000, 0.000000000000000000, 0.000000000000000000 ) ) ;
#4318 = AXIS2_PLACEMENT_3D ( 'NONE', #6867, #1010, #6958 ) ;
#4319 = VECTOR ( 'NONE', #5414, 39.37007874015748143 ) ;
#4320 = DIRECTION ( 'NONE',  ( -1.000000000000000000, 0.000000000000000000, 0.000000000000000000 ) ) ;
#4321 = EDGE_CURVE ( 'NONE', #114, #4242, #4121, .T. ) ;
#4322 = DIRECTION ( 'NONE',  ( 0.000000000000000000, -1.000000000000000000, 0.000000000000000000 ) ) ;
#4323 = CARTESIAN_POINT ( 'NONE',  ( -0.7893700787401574104, 0.01181102362204724393, 0.03937007874015747977 ) ) ;
#4324 = ORIENTED_EDGE ( 'NONE', *, *, #4854, .F. ) ;
#4325 = EDGE_CURVE ( 'NONE', #1194, #1565, #6591, .T. ) ;
#4326 = LINE ( 'NONE', #8218, #4458 ) ;
#4328 = FACE_BOUND ( 'NONE', #2075, .T. ) ;
#4327 = AXIS2_PLACEMENT_3D ( 'NONE', #5810, #7171, #590 ) ;
#4329 = AXIS2_PLACEMENT_3D ( 'NONE', #8465, #1331, #3305 ) ;
#4330 = ADVANCED_FACE ( 'NONE', ( #5271 ), #873, .T. ) ;
#4331 = VECTOR ( 'NONE', #5070, 39.37007874015748143 ) ;
#4332 = VECTOR ( 'NONE', #5976, 39.37007874015748143 ) ;
#4333 = ORIENTED_EDGE ( 'NONE', *, *, #5445, .T. ) ;
#4334 = CARTESIAN_POINT ( 'NONE',  ( -0.7185039370078739607, 0.1968503937007874127, -0.03149606299212598381 ) ) ;
#4335 = CARTESIAN_POINT ( 'NONE',  ( -0.2214566929133858220, 0.01181102362204724393, -0.02854330708661417110 ) ) ;
#4336 = DIRECTION ( 'NONE',  ( 1.000000000000000000, 0.000000000000000000, 0.000000000000000000 ) ) ;
#4337 = ORIENTED_EDGE ( 'NONE', *, *, #5459, .T. ) ;
#4338 = DIRECTION ( 'NONE',  ( -0.9662349396012511749, -0.2576626505603140105, 0.000000000000000000 ) ) ;
#4339 = ORIENTED_EDGE ( 'NONE', *, *, #279, .T. ) ;
#4340 = ADVANCED_FACE ( 'NONE', ( #5321 ), #2800, .T. ) ;
#4341 = VECTOR ( 'NONE', #5137, 39.37007874015748143 ) ;
#4342 = ORIENTED_EDGE ( 'NONE', *, *, #5209, .F. ) ;
#4343 = VECTOR ( 'NONE', #7120, 39.37007874015748143 ) ;
#4344 = AXIS2_PLACEMENT_3D ( 'NONE', #4161, #8128, #6773 ) ;
#4345 = CARTESIAN_POINT ( 'NONE',  ( -0.3214566929133858553, 0.000000000000000000, 0.000000000000000000 ) ) ;
#4346 = ORIENTED_EDGE ( 'NONE', *, *, #1676, .T. ) ;
#4347 = PLANE ( 'NONE',  #3653 ) ;
#4348 = VECTOR ( 'NONE', #726, 39.37007874015748143 ) ;
#4349 = VECTOR ( 'NONE', #78, 39.37007874015748143 ) ;
#4350 = DIRECTION ( 'NONE',  ( -0.2576626505603140105, -0.9662349396012511749, 0.000000000000000000 ) ) ;
#4351 = VERTEX_POINT ( 'NONE', #7919 ) ;
#4352 = DIRECTION ( 'NONE',  ( 1.000000000000000000, 0.000000000000000000, 0.000000000000000000 ) ) ;
#4353 = EDGE_CURVE ( 'NONE', #6642, #1781, #1472, .T. ) ;
#4354 = ORIENTED_EDGE ( 'NONE', *, *, #1767, .F. ) ;
#4355 = EDGE_CURVE ( 'NONE', #2980, #2613, #3941, .T. ) ;
#4356 = VECTOR ( 'NONE', #3461, 39.37007874015748143 ) ;
#4357 = DIRECTION ( 'NONE',  ( 0.000000000000000000, 0.000000000000000000, -1.000000000000000000 ) ) ;
#4358 = CARTESIAN_POINT ( 'NONE',  ( -0.4795275590551181244, 0.000000000000000000, 0.000000000000000000 ) ) ;
#4359 = ORIENTED_EDGE ( 'NONE', *, *, #6644, .T. ) ;
#4360 = LINE ( 'NONE', #3718, #2695 ) ;
#4361 = LINE ( 'NONE', #5838, #7753 ) ;
#4362 = CARTESIAN_POINT ( 'NONE',  ( -0.8342519685039370136, -0.08858267716535432601, 0.01279527559055118092 ) ) ;
#4363 = VERTEX_POINT ( 'NONE', #3308 ) ;
#4364 = EDGE_LOOP ( 'NONE', ( #1865, #50, #2752, #1378 ) ) ;
#4365 = FACE_OUTER_BOUND ( 'NONE', #5327, .T. ) ;
#4366 = FACE_OUTER_BOUND ( 'NONE', #47, .T. ) ;
#4367 = CARTESIAN_POINT ( 'NONE',  ( -0.2696850393700787607, 0.1850393700787401619, 0.01968503937007873988 ) ) ;
#4368 = LINE ( 'NONE', #6206, #5118 ) ;
#4369 = FACE_OUTER_BOUND ( 'NONE', #5683, .T. ) ;
#4370 = VERTEX_POINT ( 'NONE', #5453 ) ;
#4371 = CARTESIAN_POINT ( 'NONE',  ( -0.2696850393700787607, 0.1850393700787401619, 0.01968503937007873988 ) ) ;
#4372 = CARTESIAN_POINT ( 'NONE',  ( -0.9204724409448820088, 0.1574803149606299191, -0.02952755905511811330 ) ) ;
#4373 = ADVANCED_FACE ( 'NONE', ( #181 ), #7230, .F. ) ;
#4374 = EDGE_CURVE ( 'NONE', #6391, #3756, #5906, .T. ) ;
#4375 = ORIENTED_EDGE ( 'NONE', *, *, #2038, .F. ) ;
#4376 = CARTESIAN_POINT ( 'NONE',  ( -1.004921259842519676, 0.01181102362204724393, 0.03937007874015747977 ) ) ;
#4377 = FACE_BOUND ( 'NONE', #2126, .T. ) ;
#4378 = EDGE_CURVE ( 'NONE', #3804, #2390, #1423, .T. ) ;
#4379 = CARTESIAN_POINT ( 'NONE',  ( -0.9687007874015747255, 0.000000000000000000, 0.000000000000000000 ) ) ;
#4380 = ORIENTED_EDGE ( 'NONE', *, *, #1765, .T. ) ;
#4381 = LINE ( 'NONE', #3057, #6636 ) ;
#4382 = ORIENTED_EDGE ( 'NONE', *, *, #5625, .T. ) ;
#4383 = ORIENTED_EDGE ( 'NONE', *, *, #8336, .F. ) ;
#4384 = LINE ( 'NONE', #6995, #1047 ) ;
#4385 = VERTEX_POINT ( 'NONE', #4767 ) ;
#4386 = CARTESIAN_POINT ( 'NONE',  ( -0.8893700787401574992, 0.01181102362204724393, 0.03937007874015747977 ) ) ;
#4387 = LINE ( 'NONE', #6347, #1336 ) ;
#4388 = VERTEX_POINT ( 'NONE', #5408 ) ;
#4389 = DIRECTION ( 'NONE',  ( 0.000000000000000000, 0.000000000000000000, -1.000000000000000000 ) ) ;
#4390 = EDGE_CURVE ( 'NONE', #8079, #5213, #5952, .T. ) ;
#4391 = EDGE_LOOP ( 'NONE', ( #6747, #3288, #991, #1008, #2786, #3799 ) ) ;
#4392 = CARTESIAN_POINT ( 'NONE',  ( -0.9106299212598425452, 0.01181102362204724393, 0.03937007874015747977 ) ) ;
#4393 = LINE ( 'NONE', #6442, #2035 ) ;
#4394 = EDGE_LOOP ( 'NONE', ( #5538, #7624, #4829, #7641, #3124, #3728 ) ) ;
#4395 = DIRECTION ( 'NONE',  ( 0.000000000000000000, 1.000000000000000000, 0.000000000000000000 ) ) ;
#4396 = EDGE_CURVE ( 'NONE', #3914, #3721, #8057, .T. ) ;
#4397 = CARTESIAN_POINT ( 'NONE',  ( -0.4106299212598425452, 0.01181102362204724393, 0.03937007874015747977 ) ) ;
#4398 = EDGE_LOOP ( 'NONE', ( #7083, #8352, #968, #2291 ) ) ;
#4399 = ORIENTED_EDGE ( 'NONE', *, *, #8378, .F. ) ;
#4400 = DIRECTION ( 'NONE',  ( -0.5773502691896257311, 0.5773502691896257311, -0.5773502691896257311 ) ) ;
#4401 = FACE_OUTER_BOUND ( 'NONE', #4070, .T. ) ;
#4402 = DIRECTION ( 'NONE',  ( -1.000000000000000000, 0.000000000000000000, 0.000000000000000000 ) ) ;
#4403 = LINE ( 'NONE', #4495, #2521 ) ;
#4404 = FACE_BOUND ( 'NONE', #3238, .T. ) ;
#4405 = ORIENTED_EDGE ( 'NONE', *, *, #2602, .T. ) ;
#4406 = DIRECTION ( 'NONE',  ( 1.000000000000000000, 0.000000000000000000, 0.000000000000000000 ) ) ;
#4407 = DIRECTION ( 'NONE',  ( 0.000000000000000000, 0.000000000000000000, -1.000000000000000000 ) ) ;
#4408 = CARTESIAN_POINT ( 'NONE',  ( -0.6106299212598425008, 0.01181102362204724393, 0.03937007874015747977 ) ) ;
#4409 = ORIENTED_EDGE ( 'NONE', *, *, #2972, .T. ) ;
#4410 = DIRECTION ( 'NONE',  ( 0.000000000000000000, 0.000000000000000000, -1.000000000000000000 ) ) ;
#4411 = FACE_OUTER_BOUND ( 'NONE', #7631, .T. ) ;
#4412 = CARTESIAN_POINT ( 'NONE',  ( -0.6342519685039369470, 0.000000000000000000, 0.000000000000000000 ) ) ;
#4413 = ORIENTED_EDGE ( 'NONE', *, *, #5740, .T. ) ;
#4414 = DIRECTION ( 'NONE',  ( 0.5773502691896257311, 0.5773502691896257311, 0.5773502691896257311 ) ) ;
#4415 = ORIENTED_EDGE ( 'NONE', *, *, #5236, .F. ) ;
#4416 = EDGE_CURVE ( 'NONE', #7078, #94, #835, .T. ) ;
#4417 = ORIENTED_EDGE ( 'NONE', *, *, #6957, .T. ) ;
#4418 = EDGE_CURVE ( 'NONE', #6397, #2981, #3404, .T. ) ;
#4419 = VECTOR ( 'NONE', #3496, 39.37007874015748143 ) ;
#4420 = SURFACE_STYLE_USAGE ( .BOTH. , #1816 ) ;
#4421 = ORIENTED_EDGE ( 'NONE', *, *, #1671, .T. ) ;
#4422 = LINE ( 'NONE', #7027, #6246 ) ;
#4423 = LINE ( 'NONE', #615, #2855 ) ;
#4424 = AXIS2_PLACEMENT_3D ( 'NONE', #2796, #7311, #270 ) ;
#4425 = VERTEX_POINT ( 'NONE', #136 ) ;
#4426 = CARTESIAN_POINT ( 'NONE',  ( -0.9312992125984251857, 0.1574803149606299191, -0.01870078740157480462 ) ) ;
#4427 = EDGE_CURVE ( 'NONE', #2959, #1447, #2756, .T. ) ;
#4428 = ORIENTED_EDGE ( 'NONE', *, *, #6469, .F. ) ;
#4429 = DIRECTION ( 'NONE',  ( 1.000000000000000000, 0.000000000000000000, 0.000000000000000000 ) ) ;
#4430 = FACE_OUTER_BOUND ( 'NONE', #2605, .T. ) ;
#4431 = VERTEX_POINT ( 'NONE', #7961 ) ;
#4432 = VECTOR ( 'NONE', #5613, 39.37007874015748143 ) ;
#4433 = FACE_BOUND ( 'NONE', #760, .T. ) ;
#4434 = EDGE_CURVE ( 'NONE', #4637, #7299, #2111, .T. ) ;
#4435 = CARTESIAN_POINT ( 'NONE',  ( -0.5204724409448819866, 0.01181102362204724393, -0.02952755905511811330 ) ) ;
#4436 = VERTEX_POINT ( 'NONE', #4887 ) ;
#4437 = ORIENTED_EDGE ( 'NONE', *, *, #6325, .T. ) ;
#4438 = VECTOR ( 'NONE', #188, 39.37007874015748854 ) ;
#4439 = EDGE_CURVE ( 'NONE', #7301, #7414, #309, .T. ) ;
#4440 = EDGE_CURVE ( 'NONE', #169, #4431, #7488, .T. ) ;
#4441 = CARTESIAN_POINT ( 'NONE',  ( -0.2785433070866141780, 0.01181102362204724393, -0.02854330708661417110 ) ) ;
#4442 = CARTESIAN_POINT ( 'NONE',  ( -0.3893700787401574437, 0.01181102362204724393, 0.03937007874015747977 ) ) ;
#4443 = LINE ( 'NONE', #2514, #1882 ) ;
#4444 = VECTOR ( 'NONE', #983, 39.37007874015748143 ) ;
#4445 = VECTOR ( 'NONE', #1937, 39.37007874015748143 ) ;
#4446 = LINE ( 'NONE', #2478, #6219 ) ;
#4447 = DIRECTION ( 'NONE',  ( -0.2576626505603140105, 0.9662349396012511749, 0.000000000000000000 ) ) ;
#4448 = ORIENTED_EDGE ( 'NONE', *, *, #4374, .T. ) ;
#4449 = LINE ( 'NONE', #5574, #2696 ) ;
#4450 = CARTESIAN_POINT ( 'NONE',  ( -0.2578740157480315376, -0.1181102362204724532, -0.01279527559055118092 ) ) ;
#4451 = VECTOR ( 'NONE', #6223, 39.37007874015748143 ) ;
#4452 = ADVANCED_FACE ( 'NONE', ( #3528 ), #4245, .T. ) ;
#4453 = VECTOR ( 'NONE', #7098, 39.37007874015748143 ) ;
#4454 = CARTESIAN_POINT ( 'NONE',  ( -0.5795275590551181022, 0.01181102362204724393, 0.02952755905511811330 ) ) ;
#4455 = LINE ( 'NONE', #7183, #5657 ) ;
#4456 = DIRECTION ( 'NONE',  ( -0.000000000000000000, 1.000000000000000000, 0.000000000000000000 ) ) ;
#4457 = VECTOR ( 'NONE', #4521, 39.37007874015748143 ) ;
#4458 = VECTOR ( 'NONE', #5055, 39.37007874015748854 ) ;
#4459 = FACE_OUTER_BOUND ( 'NONE', #1826, .T. ) ;
#4460 = ORIENTED_EDGE ( 'NONE', *, *, #2779, .T. ) ;
#4461 = FACE_OUTER_BOUND ( 'NONE', #3704, .T. ) ;
#4462 = ORIENTED_EDGE ( 'NONE', *, *, #6131, .T. ) ;
#4463 = ORIENTED_EDGE ( 'NONE', *, *, #8239, .F. ) ;
#4464 = AXIS2_PLACEMENT_3D ( 'NONE', #7901, #894, #3510 ) ;
#4465 = VECTOR ( 'NONE', #8375, 39.37007874015748143 ) ;
#4466 = CARTESIAN_POINT ( 'NONE',  ( -0.8785433070866142113, 0.1574803149606299191, 0.02854330708661417110 ) ) ;
#4467 = ORIENTED_EDGE ( 'NONE', *, *, #7249, .F. ) ;
#4468 = CARTESIAN_POINT ( 'NONE',  ( -0.4342519685039369914, -0.08858267716535432601, -0.01279527559055118092 ) ) ;
#4469 = FACE_OUTER_BOUND ( 'NONE', #7469, .T. ) ;
#4470 = EDGE_CURVE ( 'NONE', #3059, #855, #1032, .T. ) ;
#4471 = AXIS2_PLACEMENT_3D ( 'NONE', #2322, #3009, #4931 ) ;
#4472 = VECTOR ( 'NONE', #457, 39.37007874015748143 ) ;
#4473 = VECTOR ( 'NONE', #812, 39.37007874015748143 ) ;
#4474 = ORIENTED_EDGE ( 'NONE', *, *, #8228, .T. ) ;
#4475 = DIRECTION ( 'NONE',  ( 0.000000000000000000, -1.000000000000000000, 0.000000000000000000 ) ) ;
#4476 = ORIENTED_EDGE ( 'NONE', *, *, #768, .F. ) ;
#4477 = DIRECTION ( 'NONE',  ( 0.000000000000000000, 0.000000000000000000, -1.000000000000000000 ) ) ;
#4478 = AXIS2_PLACEMENT_3D ( 'NONE', #3633, #667, #5150 ) ;
#4479 = CARTESIAN_POINT ( 'NONE',  ( -0.2785433070866141780, 0.1574803149606299191, 0.02854330708661417110 ) ) ;
#4480 =( GEOMETRIC_REPRESENTATION_CONTEXT ( 3 ) GLOBAL_UNCERTAINTY_ASSIGNED_CONTEXT ( ( #1919 ) ) GLOBAL_UNIT_ASSIGNED_CONTEXT ( ( #161, #2781, #6713 ) ) REPRESENTATION_CONTEXT ( 'NONE', 'WORKASPACE' ) );
#4481 = VECTOR ( 'NONE', #875, 39.37007874015748143 ) ;
#4482 = ORIENTED_EDGE ( 'NONE', *, *, #1773, .F. ) ;
#4483 = DIRECTION ( 'NONE',  ( 0.000000000000000000, 0.000000000000000000, 1.000000000000000000 ) ) ;
#4484 = ADVANCED_FACE ( 'NONE', ( #4843 ), #1715, .F. ) ;
#4485 = EDGE_CURVE ( 'NONE', #4284, #642, #1638, .T. ) ;
#4486 = PLANE ( 'NONE',  #1440 ) ;
#4487 = ORIENTED_EDGE ( 'NONE', *, *, #7271, .T. ) ;
#4488 = ORIENTED_EDGE ( 'NONE', *, *, #3166, .F. ) ;
#4489 = AXIS2_PLACEMENT_3D ( 'NONE', #1278, #1329, #3345 ) ;
#4490 = EDGE_CURVE ( 'NONE', #3708, #7626, #6249, .T. ) ;
#4491 = DIRECTION ( 'NONE',  ( 0.000000000000000000, -1.000000000000000000, 0.000000000000000000 ) ) ;
#4492 = DIRECTION ( 'NONE',  ( -0.000000000000000000, 1.000000000000000000, 0.000000000000000000 ) ) ;
#4493 = CARTESIAN_POINT ( 'NONE',  ( -0.2687007874015748254, 0.02165354330708661734, -0.01870078740157480462 ) ) ;
#4494 = AXIS2_PLACEMENT_3D ( 'NONE', #8011, #2850, #1519 ) ;
#4495 = CARTESIAN_POINT ( 'NONE',  ( -0.5696850393700787496, 0.1850393700787401619, 0.01968503937007873988 ) ) ;
#4496 = CARTESIAN_POINT ( 'NONE',  ( -0.8696850393700786830, 0.1850393700787401619, -0.01968503937007873988 ) ) ;
#4497 = ORIENTED_EDGE ( 'NONE', *, *, #7470, .F. ) ;
#4498 = PLANE ( 'NONE',  #2971 ) ;
#4499 = PLANE ( 'NONE',  #7310 ) ;
#4500 = EDGE_CURVE ( 'NONE', #1663, #7907, #6934, .T. ) ;
#4501 = CARTESIAN_POINT ( 'NONE',  ( -0.2204724409448818867, 0.1574803149606299191, 0.02952755905511811330 ) ) ;
#4502 = DIRECTION ( 'NONE',  ( 0.000000000000000000, 1.000000000000000000, 0.000000000000000000 ) ) ;
#4503 = CARTESIAN_POINT ( 'NONE',  ( -0.3342519685039370136, 0.01181102362204724393, -0.01279527559055118092 ) ) ;
#4504 = DIRECTION ( 'NONE',  ( 0.000000000000000000, 0.000000000000000000, -1.000000000000000000 ) ) ;
#4505 = ORIENTED_EDGE ( 'NONE', *, *, #3505, .F. ) ;
#4506 = DIRECTION ( 'NONE',  ( 0.000000000000000000, 1.000000000000000000, 0.000000000000000000 ) ) ;
#4507 = FACE_OUTER_BOUND ( 'NONE', #5083, .T. ) ;
#4508 = CARTESIAN_POINT ( 'NONE',  ( -0.8814960629921260171, 0.1968503937007874127, 0.03149606299212598381 ) ) ;
#4509 = ORIENTED_EDGE ( 'NONE', *, *, #8378, .T. ) ;
#4510 = CARTESIAN_POINT ( 'NONE',  ( -0.8893700787401574992, 0.000000000000000000, 0.03937007874015747977 ) ) ;
#4511 = ORIENTED_EDGE ( 'NONE', *, *, #3065, .F. ) ;
#4512 = CARTESIAN_POINT ( 'NONE',  ( -0.4303149606299213059, 0.1574803149606299191, 0.01968503937007873988 ) ) ;
#4513 = LINE ( 'NONE', #2590, #3267 ) ;
#4514 = LINE ( 'NONE', #3039, #7899 ) ;
#4515 = EDGE_LOOP ( 'NONE', ( #1167, #2680, #4307, #1846 ) ) ;
#4516 = CARTESIAN_POINT ( 'NONE',  ( -0.5687007874015748143, 0.000000000000000000, 0.000000000000000000 ) ) ;
#4517 = ORIENTED_EDGE ( 'NONE', *, *, #2381, .F. ) ;
#4518 = LINE ( 'NONE', #7119, #4042 ) ;
#4519 = CARTESIAN_POINT ( 'NONE',  ( -0.8785433070866142113, 0.01181102362204724393, -0.02854330708661417110 ) ) ;
#4520 = ORIENTED_EDGE ( 'NONE', *, *, #5215, .F. ) ;
#4521 = DIRECTION ( 'NONE',  ( 0.000000000000000000, 1.000000000000000000, 0.000000000000000000 ) ) ;
#4522 = CARTESIAN_POINT ( 'NONE',  ( -0.6696850393700788384, 0.1968503937007874127, 0.01968503937007873988 ) ) ;
#4523 = VERTEX_POINT ( 'NONE', #1082 ) ;
#4524 = ORIENTED_EDGE ( 'NONE', *, *, #7552, .F. ) ;
#4525 = ORIENTED_EDGE ( 'NONE', *, *, #1281, .F. ) ;
#4526 = EDGE_CURVE ( 'NONE', #2355, #2586, #3689, .T. ) ;
#4527 = ADVANCED_FACE ( 'NONE', ( #6293 ), #7440, .T. ) ;
#4528 = DIRECTION ( 'NONE',  ( 0.000000000000000000, -1.000000000000000000, 0.000000000000000000 ) ) ;
#4529 = DIRECTION ( 'NONE',  ( 0.000000000000000000, 0.000000000000000000, -1.000000000000000000 ) ) ;
#4530 = CARTESIAN_POINT ( 'NONE',  ( -0.4421259842519685290, -0.1181102362204724532, 0.01279527559055118092 ) ) ;
#4531 = CARTESIAN_POINT ( 'NONE',  ( -0.3687007874015748032, 0.02165354330708661734, 0.01870078740157480462 ) ) ;
#4532 = FACE_OUTER_BOUND ( 'NONE', #5, .T. ) ;
#4533 = CARTESIAN_POINT ( 'NONE',  ( -0.3696850393700787940, 0.1850393700787401619, -0.01968503937007873988 ) ) ;
#4534 = CARTESIAN_POINT ( 'NONE',  ( -0.8106299212598425674, 0.000000000000000000, 0.03937007874015747977 ) ) ;
#4535 = LINE ( 'NONE', #7918, #6365 ) ;
#4536 = ADVANCED_FACE ( 'NONE', ( #2921 ), #4966, .T. ) ;
#4537 = CARTESIAN_POINT ( 'NONE',  ( -0.8687007874015748587, 0.02165354330708661734, -0.01870078740157480462 ) ) ;
#4538 = DIRECTION ( 'NONE',  ( -0.2576626505603140105, -0.9662349396012511749, 0.000000000000000000 ) ) ;
#4539 = FACE_OUTER_BOUND ( 'NONE', #3102, .T. ) ;
#4540 = ADVANCED_FACE ( 'NONE', ( #7403 ), #6205, .T. ) ;
#4541 = LINE ( 'NONE', #482, #6145 ) ;
#4542 = ORIENTED_EDGE ( 'NONE', *, *, #189, .T. ) ;
#4543 = ORIENTED_EDGE ( 'NONE', *, *, #4193, .T. ) ;
#4544 = ORIENTED_EDGE ( 'NONE', *, *, #4644, .F. ) ;
#4545 = PLANE ( 'NONE',  #2962 ) ;
#4546 = LINE ( 'NONE', #1296, #7998 ) ;
#4547 = VERTEX_POINT ( 'NONE', #392 ) ;
#4548 = ADVANCED_FACE ( 'NONE', ( #5522 ), #1553, .F. ) ;
#4549 = FILL_AREA_STYLE_COLOUR ( '', #2681 ) ;
#4550 = ORIENTED_EDGE ( 'NONE', *, *, #8191, .T. ) ;
#4551 = FACE_OUTER_BOUND ( 'NONE', #4110, .T. ) ;
#4552 = CARTESIAN_POINT ( 'NONE',  ( -0.6204724409448818534, 0.1574803149606299191, 0.02952755905511811330 ) ) ;
#4553 = CARTESIAN_POINT ( 'NONE',  ( -0.7657480314960629642, 0.01181102362204724393, 0.01279527559055118092 ) ) ;
#4554 = ORIENTED_EDGE ( 'NONE', *, *, #6010, .F. ) ;
#4555 = CARTESIAN_POINT ( 'NONE',  ( -0.2106299212598425064, 0.01181102362204724393, 0.03937007874015747977 ) ) ;
#4556 = ORIENTED_EDGE ( 'NONE', *, *, #251, .F. ) ;
#4557 = CARTESIAN_POINT ( 'NONE',  ( -0.9687007874015747255, 0.02165354330708661734, -0.01870078740157480462 ) ) ;
#4558 = LINE ( 'NONE', #3796, #4343 ) ;
#4559 = ORIENTED_EDGE ( 'NONE', *, *, #6105, .F. ) ;
#4560 = CARTESIAN_POINT ( 'NONE',  ( -0.9687007874015747255, 0.02165354330708661734, -0.01870078740157480462 ) ) ;
#4561 = VECTOR ( 'NONE', #2658, 39.37007874015748143 ) ;
#4562 = LINE ( 'NONE', #2509, #753 ) ;
#4563 = ORIENTED_EDGE ( 'NONE', *, *, #2622, .F. ) ;
#4564 = ORIENTED_EDGE ( 'NONE', *, *, #2079, .F. ) ;
#4565 = VERTEX_POINT ( 'NONE', #2963 ) ;
#4566 = AXIS2_PLACEMENT_3D ( 'NONE', #4882, #6042, #4198 ) ;
#4567 = CARTESIAN_POINT ( 'NONE',  ( -0.1901575223667417436, 0.01181102362204724393, -0.04921259842519685318 ) ) ;
#4568 = ADVANCED_FACE ( 'NONE', ( #8176 ), #5567, .T. ) ;
#4569 = DIRECTION ( 'NONE',  ( 0.000000000000000000, -1.000000000000000000, 0.000000000000000000 ) ) ;
#4570 = LINE ( 'NONE', #7954, #3261 ) ;
#4571 = PLANE ( 'NONE',  #5124 ) ;
#4572 = CARTESIAN_POINT ( 'NONE',  ( -0.6106299212598425008, 0.01181102362204724393, 0.03937007874015747977 ) ) ;
#4573 = EDGE_CURVE ( 'NONE', #7392, #1663, #7524, .T. ) ;
#4574 = AXIS2_PLACEMENT_3D ( 'NONE', #3199, #1367, #7257 ) ;
#4575 = ORIENTED_EDGE ( 'NONE', *, *, #5386, .T. ) ;
#4576 = EDGE_CURVE ( 'NONE', #7907, #6837, #6373, .T. ) ;
#4577 = CARTESIAN_POINT ( 'NONE',  ( -0.4893700787401574770, 0.000000000000000000, 0.03937007874015747977 ) ) ;
#4578 = DIRECTION ( 'NONE',  ( 1.000000000000000000, 0.000000000000000000, 0.000000000000000000 ) ) ;
#4579 = AXIS2_PLACEMENT_3D ( 'NONE', #2032, #2626, #5415 ) ;
#4580 = AXIS2_PLACEMENT_3D ( 'NONE', #7093, #5813, #1241 ) ;
#4581 = CARTESIAN_POINT ( 'NONE',  ( -0.4342519685039369914, 0.01181102362204724393, 0.01279527559055118092 ) ) ;
#4582 = CARTESIAN_POINT ( 'NONE',  ( -0.8785433070866142113, 0.1574803149606299191, -0.02854330708661417110 ) ) ;
#4583 = LINE ( 'NONE', #7320, #3665 ) ;
#4584 = ADVANCED_FACE ( 'NONE', ( #5177 ), #3808, .T. ) ;
#4585 = EDGE_CURVE ( 'NONE', #64, #278, #554, .T. ) ;
#4586 = CARTESIAN_POINT ( 'NONE',  ( -0.2785433070866141780, 0.1574803149606299191, 0.02854330708661417110 ) ) ;
#4587 = VERTEX_POINT ( 'NONE', #7645 ) ;
#4588 = ORIENTED_EDGE ( 'NONE', *, *, #1189, .T. ) ;
#4589 = ORIENTED_EDGE ( 'NONE', *, *, #7872, .F. ) ;
#4590 = CARTESIAN_POINT ( 'NONE',  ( -0.4185039370078740273, 0.1968503937007874127, -0.03149606299212598381 ) ) ;
#4592 = CARTESIAN_POINT ( 'NONE',  ( -0.7893700787401574104, 0.01181102362204724393, 0.03937007874015747977 ) ) ;
#4591 = AXIS2_PLACEMENT_3D ( 'NONE', #3834, #22, #3116 ) ;
#4593 = VECTOR ( 'NONE', #443, 39.37007874015748143 ) ;
#4594 = ORIENTED_EDGE ( 'NONE', *, *, #4805, .T. ) ;
#4595 = EDGE_CURVE ( 'NONE', #2014, #7331, #5735, .T. ) ;
#4596 = CARTESIAN_POINT ( 'NONE',  ( -0.5814960629921259727, 0.1968503937007874127, 0.03149606299212598381 ) ) ;
#4597 = STYLED_ITEM ( 'NONE', ( #8392 ), #6693 ) ;
#4598 = VERTEX_POINT ( 'NONE', #8416 ) ;
#4599 = DIRECTION ( 'NONE',  ( 1.000000000000000000, 0.000000000000000000, 0.000000000000000000 ) ) ;
#4600 = LINE ( 'NONE', #6744, #381 ) ;
#4601 = CARTESIAN_POINT ( 'NONE',  ( -0.2214566929133858220, 0.01181102362204724393, -0.02854330708661417110 ) ) ;
#4602 = VERTEX_POINT ( 'NONE', #3844 ) ;
#4603 = ORIENTED_EDGE ( 'NONE', *, *, #6202, .F. ) ;
#4604 = LINE ( 'NONE', #2129, #247 ) ;
#4605 = ORIENTED_EDGE ( 'NONE', *, *, #964, .T. ) ;
#4606 = AXIS2_PLACEMENT_3D ( 'NONE', #173, #6164, #8116 ) ;
#4607 = VECTOR ( 'NONE', #1038, 39.37007874015748143 ) ;
#4608 = CARTESIAN_POINT ( 'NONE',  ( -0.9721456692913386100, 0.01181102362204724393, 0.01279527559055118092 ) ) ;
#4609 = APPLICATION_PROTOCOL_DEFINITION ( 'draft international standard', 'automotive_design', 1998, #2765 ) ;
#4610 = ORIENTED_EDGE ( 'NONE', *, *, #4229, .F. ) ;
#4611 = DIRECTION ( 'NONE',  ( 0.000000000000000000, 1.000000000000000000, 0.000000000000000000 ) ) ;
#4612 = VECTOR ( 'NONE', #3387, 39.37007874015748143 ) ;
#4613 = AXIS2_PLACEMENT_3D ( 'NONE', #2735, #2088, #2046 ) ;
#4614 = CARTESIAN_POINT ( 'NONE',  ( -0.9214566929133858331, 0.1574803149606299191, -0.02854330708661417110 ) ) ;
#4615 = ORIENTED_EDGE ( 'NONE', *, *, #551, .T. ) ;
#4616 = ORIENTED_EDGE ( 'NONE', *, *, #6982, .F. ) ;
#4617 = VERTEX_POINT ( 'NONE', #4493 ) ;
#4618 = VECTOR ( 'NONE', #784, 39.37007874015748854 ) ;
#4619 = AXIS2_PLACEMENT_3D ( 'NONE', #903, #3516, #2878 ) ;
#4620 = VECTOR ( 'NONE', #7921, 39.37007874015748143 ) ;
#4621 = DIRECTION ( 'NONE',  ( 0.000000000000000000, 1.000000000000000000, 0.000000000000000000 ) ) ;
#4622 = CARTESIAN_POINT ( 'NONE',  ( -0.7657480314960629642, -0.1181102362204724532, 0.004921259842519684971 ) ) ;
#4623 = DIRECTION ( 'NONE',  ( 0.000000000000000000, 1.000000000000000000, 0.000000000000000000 ) ) ;
#4624 = LINE ( 'NONE', #3344, #2269 ) ;
#4625 = PLANE ( 'NONE',  #4904 ) ;
#4626 = VECTOR ( 'NONE', #2698, 39.37007874015748854 ) ;
#4627 = AXIS2_PLACEMENT_3D ( 'NONE', #4925, #3002, #6082 ) ;
#4628 = ORIENTED_EDGE ( 'NONE', *, *, #466, .F. ) ;
#4629 = EDGE_LOOP ( 'NONE', ( #5729, #6154, #4158, #4589 ) ) ;
#4630 = DIRECTION ( 'NONE',  ( 0.2576626505603140105, 0.9662349396012511749, 0.000000000000000000 ) ) ;
#4631 = DIRECTION ( 'NONE',  ( 0.2576626505603140105, 0.9662349396012511749, 0.000000000000000000 ) ) ;
#4632 = VECTOR ( 'NONE', #360, 39.37007874015748854 ) ;
#4633 = CARTESIAN_POINT ( 'NONE',  ( -0.9204724409448820088, 0.1574803149606299191, 0.02952755905511811330 ) ) ;
#4634 = CARTESIAN_POINT ( 'NONE',  ( -0.4795275590551181244, 0.01181102362204724393, -0.02952755905511811330 ) ) ;
#4635 = CARTESIAN_POINT ( 'NONE',  ( -0.7303149606299212948, 0.1850393700787401619, 0.01968503937007873988 ) ) ;
#4636 = DIRECTION ( 'NONE',  ( 1.000000000000000000, 0.000000000000000000, 0.000000000000000000 ) ) ;
#4637 = VERTEX_POINT ( 'NONE', #516 ) ;
#4638 = VERTEX_POINT ( 'NONE', #7726 ) ;
#4639 = ORIENTED_EDGE ( 'NONE', *, *, #2283, .F. ) ;
#4640 = DIRECTION ( 'NONE',  ( 1.000000000000000000, 0.000000000000000000, 0.000000000000000000 ) ) ;
#4641 = LINE ( 'NONE', #1389, #4445 ) ;
#4642 = ORIENTED_EDGE ( 'NONE', *, *, #6078, .T. ) ;
#4643 = EDGE_CURVE ( 'NONE', #8038, #6389, #7050, .T. ) ;
#4644 = EDGE_CURVE ( 'NONE', #1702, #68, #1921, .T. ) ;
#4645 = EDGE_CURVE ( 'NONE', #3135, #3365, #5690, .T. ) ;
#4646 = DIRECTION ( 'NONE',  ( 0.000000000000000000, 1.000000000000000000, 0.000000000000000000 ) ) ;
#4647 = VERTEX_POINT ( 'NONE', #8333 ) ;
#4648 = DIRECTION ( 'NONE',  ( 0.000000000000000000, 0.000000000000000000, -1.000000000000000000 ) ) ;
#4649 = DIRECTION ( 'NONE',  ( 0.000000000000000000, 1.000000000000000000, 0.000000000000000000 ) ) ;
#4650 = CARTESIAN_POINT ( 'NONE',  ( -0.9303149606299213614, 0.1850393700787401619, -0.01968503937007873988 ) ) ;
#4651 = ORIENTED_EDGE ( 'NONE', *, *, #4698, .T. ) ;
#4652 = VERTEX_POINT ( 'NONE', #4530 ) ;
#4653 = DIRECTION ( 'NONE',  ( 0.000000000000000000, 0.000000000000000000, -1.000000000000000000 ) ) ;
#4654 = ORIENTED_EDGE ( 'NONE', *, *, #3519, .F. ) ;
#4655 = DIRECTION ( 'NONE',  ( 0.000000000000000000, 0.000000000000000000, -1.000000000000000000 ) ) ;
#4656 = VERTEX_POINT ( 'NONE', #639 ) ;
#4657 = LINE ( 'NONE', #2826, #5146 ) ;
#4658 = EDGE_CURVE ( 'NONE', #3732, #2613, #6328, .T. ) ;
#4659 = DIRECTION ( 'NONE',  ( 0.000000000000000000, 0.000000000000000000, -1.000000000000000000 ) ) ;
#4660 = VERTEX_POINT ( 'NONE', #8371 ) ;
#4661 = ORIENTED_EDGE ( 'NONE', *, *, #2439, .T. ) ;
#4662 = ORIENTED_EDGE ( 'NONE', *, *, #4267, .T. ) ;
#4663 = CARTESIAN_POINT ( 'NONE',  ( -0.8795275590551180356, 0.1574803149606299191, 0.02952755905511811330 ) ) ;
#4664 = CARTESIAN_POINT ( 'NONE',  ( -0.2814960629921259838, 0.1968503937007874127, -0.03149606299212598381 ) ) ;
#4665 = ADVANCED_FACE ( 'NONE', ( #5087 ), #2477, .T. ) ;
#4666 = DIRECTION ( 'NONE',  ( 0.000000000000000000, 0.000000000000000000, -1.000000000000000000 ) ) ;
#4667 = CARTESIAN_POINT ( 'NONE',  ( -0.3303149606299212726, 0.1850393700787401619, 0.01968503937007873988 ) ) ;
#4668 = DIRECTION ( 'NONE',  ( 0.000000000000000000, 1.000000000000000000, 0.000000000000000000 ) ) ;
#4669 = LINE ( 'NONE', #7225, #948 ) ;
#4670 = ORIENTED_EDGE ( 'NONE', *, *, #1856, .T. ) ;
#4671 = ORIENTED_EDGE ( 'NONE', *, *, #7410, .T. ) ;
#4672 = CARTESIAN_POINT ( 'NONE',  ( -0.7696850393700788162, 0.1850393700787401619, -0.01968503937007873988 ) ) ;
#4673 = PLANE ( 'NONE',  #5421 ) ;
#4674 = DIRECTION ( 'NONE',  ( 0.000000000000000000, 0.000000000000000000, -1.000000000000000000 ) ) ;
#4675 = DIRECTION ( 'NONE',  ( 0.000000000000000000, 1.000000000000000000, 0.000000000000000000 ) ) ;
#4676 = CARTESIAN_POINT ( 'NONE',  ( -0.7795275590551181688, 0.1574803149606299191, -0.02952755905511811330 ) ) ;
#4677 = CARTESIAN_POINT ( 'NONE',  ( -0.4795275590551181244, 0.1574803149606299191, -0.02952755905511811330 ) ) ;
#4678 = EDGE_LOOP ( 'NONE', ( #3979, #4497, #3880, #7422 ) ) ;
#4679 = ORIENTED_EDGE ( 'NONE', *, *, #7182, .F. ) ;
#4680 = ORIENTED_EDGE ( 'NONE', *, *, #7873, .T. ) ;
#4681 = PLANE ( 'NONE',  #5007 ) ;
#4682 = DIRECTION ( 'NONE',  ( 0.9662349396012511749, -0.2576626505603140105, 0.000000000000000000 ) ) ;
#4683 = PRODUCT ( '8-Pin Header - Female - 2.54mm', '8-Pin Header - Female - 2.54mm', '', ( #4104 ) ) ;
#4684 = CARTESIAN_POINT ( 'NONE',  ( -0.2657480314960630197, 0.01181102362204724393, 0.01279527559055118092 ) ) ;
#4685 = ORIENTED_EDGE ( 'NONE', *, *, #279, .F. ) ;
#4686 = CARTESIAN_POINT ( 'NONE',  ( -0.2893700787401574659, 0.000000000000000000, 0.03937007874015747977 ) ) ;
#4687 = FACE_OUTER_BOUND ( 'NONE', #1301, .T. ) ;
#4688 = DIRECTION ( 'NONE',  ( 0.000000000000000000, 1.000000000000000000, 0.000000000000000000 ) ) ;
#4689 = EDGE_CURVE ( 'NONE', #3756, #4108, #3883, .T. ) ;
#4690 = ORIENTED_EDGE ( 'NONE', *, *, #2053, .T. ) ;
#4691 = ORIENTED_EDGE ( 'NONE', *, *, #7031, .F. ) ;
#4692 = EDGE_CURVE ( 'NONE', #4298, #1872, #4443, .T. ) ;
#4693 = CARTESIAN_POINT ( 'NONE',  ( -0.6185039370078739829, 0.1968503937007874127, -0.03149606299212598381 ) ) ;
#4694 = ORIENTED_EDGE ( 'NONE', *, *, #7307, .F. ) ;
#4695 = DIRECTION ( 'NONE',  ( 0.000000000000000000, 1.000000000000000000, 0.000000000000000000 ) ) ;
#4696 = ORIENTED_EDGE ( 'NONE', *, *, #3466, .T. ) ;
#4697 = PLANE ( 'NONE',  #2421 ) ;
#4698 = EDGE_CURVE ( 'NONE', #6999, #5286, #6416, .T. ) ;
#4699 = CARTESIAN_POINT ( 'NONE',  ( -0.3657480314960629975, -0.08858267716535432601, -0.004921259842519684971 ) ) ;
#4700 = ORIENTED_EDGE ( 'NONE', *, *, #8355, .F. ) ;
#4701 = ORIENTED_EDGE ( 'NONE', *, *, #3761, .F. ) ;
#4702 = EDGE_LOOP ( 'NONE', ( #7943, #7897, #5053, #1186 ) ) ;
#4703 = CARTESIAN_POINT ( 'NONE',  ( -0.2893700787401574659, 0.01181102362204724393, 0.03937007874015747977 ) ) ;
#4704 = FACE_BOUND ( 'NONE', #5472, .T. ) ;
#4705 = ADVANCED_FACE ( 'NONE', ( #7092 ), #5128, .T. ) ;
#4706 = AXIS2_PLACEMENT_3D ( 'NONE', #6100, #926, #849 ) ;
#4707 = CARTESIAN_POINT ( 'NONE',  ( -0.7785433070866142335, 0.000000000000000000, 0.000000000000000000 ) ) ;
#4708 = DIRECTION ( 'NONE',  ( -1.000000000000000000, 0.000000000000000000, 0.000000000000000000 ) ) ;
#4709 = LINE ( 'NONE', #7308, #1988 ) ;
#4710 = DIRECTION ( 'NONE',  ( 0.000000000000000000, 0.000000000000000000, 1.000000000000000000 ) ) ;
#4711 = CARTESIAN_POINT ( 'NONE',  ( -0.7381889763779527769, -0.1033464566929133965, 0.000000000000000000 ) ) ;
#4712 = ORIENTED_EDGE ( 'NONE', *, *, #3852, .F. ) ;
#4713 = PLANE ( 'NONE',  #5434 ) ;
#4714 = DIRECTION ( 'NONE',  ( 0.000000000000000000, 0.000000000000000000, -1.000000000000000000 ) ) ;
#4715 = EDGE_CURVE ( 'NONE', #6609, #6142, #5811, .T. ) ;
#4716 = LINE ( 'NONE', #7367, #378 ) ;
#4717 = CARTESIAN_POINT ( 'NONE',  ( -0.4657480314960630308, -0.08858267716535432601, -0.004921259842519684971 ) ) ;
#4718 = FACE_OUTER_BOUND ( 'NONE', #657, .T. ) ;
#4719 = LINE ( 'NONE', #1384, #5589 ) ;
#4720 = ORIENTED_EDGE ( 'NONE', *, *, #1968, .T. ) ;
#4721 = VERTEX_POINT ( 'NONE', #1119 ) ;
#4722 = FACE_OUTER_BOUND ( 'NONE', #8451, .T. ) ;
#4723 = LINE ( 'NONE', #3276, #7577 ) ;
#4724 = EDGE_CURVE ( 'NONE', #6596, #3365, #3725, .T. ) ;
#4725 = DIRECTION ( 'NONE',  ( 1.000000000000000000, 0.000000000000000000, 0.000000000000000000 ) ) ;
#4726 = ORIENTED_EDGE ( 'NONE', *, *, #3503, .T. ) ;
#4727 = CARTESIAN_POINT ( 'NONE',  ( -0.7303149606299212948, 0.1574803149606299191, 0.01968503937007873988 ) ) ;
#4728 = DIRECTION ( 'NONE',  ( 1.000000000000000000, 0.000000000000000000, 0.000000000000000000 ) ) ;
#4729 = VECTOR ( 'NONE', #4477, 39.37007874015748143 ) ;
#4730 = AXIS2_PLACEMENT_3D ( 'NONE', #1253, #1130, #5064 ) ;
#4731 = CARTESIAN_POINT ( 'NONE',  ( -0.9214566929133858331, 0.1574803149606299191, -0.02854330708661417110 ) ) ;
#4732 = VERTEX_POINT ( 'NONE', #5049 ) ;
#4733 = ORIENTED_EDGE ( 'NONE', *, *, #7406, .T. ) ;
#4734 = CARTESIAN_POINT ( 'NONE',  ( -0.4185039370078740273, 0.1968503937007874127, 0.03149606299212598381 ) ) ;
#4735 = VERTEX_POINT ( 'NONE', #174 ) ;
#4736 = VECTOR ( 'NONE', #3620, 39.37007874015748143 ) ;
#4737 = AXIS2_PLACEMENT_3D ( 'NONE', #533, #5749, #4979 ) ;
#4738 = LINE ( 'NONE', #5428, #4189 ) ;
#4739 = ORIENTED_EDGE ( 'NONE', *, *, #4782, .F. ) ;
#4740 = CARTESIAN_POINT ( 'NONE',  ( -1.009842519685039353, 0.01181102362204724393, 0.03937007874015747977 ) ) ;
#4741 = EDGE_CURVE ( 'NONE', #7843, #3803, #7358, .T. ) ;
#4742 = VECTOR ( 'NONE', #6625, 39.37007874015748143 ) ;
#4743 = AXIS2_PLACEMENT_3D ( 'NONE', #2798, #3590, #6191 ) ;
#4744 = DIRECTION ( 'NONE',  ( 0.000000000000000000, 0.000000000000000000, 1.000000000000000000 ) ) ;
#4745 = ORIENTED_EDGE ( 'NONE', *, *, #4228, .F. ) ;
#4746 = ORIENTED_EDGE ( 'NONE', *, *, #7085, .F. ) ;
#4747 = ORIENTED_EDGE ( 'NONE', *, *, #3076, .T. ) ;
#4748 = ADVANCED_FACE ( 'NONE', ( #2010 ), #6080, .F. ) ;
#4749 = LINE ( 'NONE', #4663, #1612 ) ;
#4750 = DIRECTION ( 'NONE',  ( 0.000000000000000000, 0.000000000000000000, -1.000000000000000000 ) ) ;
#4751 = EDGE_CURVE ( 'NONE', #1194, #8198, #6679, .T. ) ;
#4752 = VECTOR ( 'NONE', #6614, 39.37007874015748143 ) ;
#4753 = VECTOR ( 'NONE', #6215, 39.37007874015748143 ) ;
#4754 = DIRECTION ( 'NONE',  ( 0.2576626505603140105, 0.9662349396012511749, 0.000000000000000000 ) ) ;
#4755 = PLANE ( 'NONE',  #8304 ) ;
#4756 = EDGE_CURVE ( 'NONE', #2499, #338, #827, .T. ) ;
#4757 = DIRECTION ( 'NONE',  ( 1.000000000000000000, 0.000000000000000000, 0.000000000000000000 ) ) ;
#4758 = FACE_OUTER_BOUND ( 'NONE', #8112, .T. ) ;
#4759 = FACE_OUTER_BOUND ( 'NONE', #4849, .T. ) ;
#4760 = ORIENTED_EDGE ( 'NONE', *, *, #2543, .T. ) ;
#4761 = AXIS2_PLACEMENT_3D ( 'NONE', #960, #5650, #2396 ) ;
#4762 = CARTESIAN_POINT ( 'NONE',  ( -0.7785433070866142335, 0.1574803149606299191, -0.02854330708661417110 ) ) ;
#4764 = CARTESIAN_POINT ( 'NONE',  ( -0.2303149606299212671, 0.1574803149606299191, -0.01968503937007873988 ) ) ;
#4763 = AXIS2_PLACEMENT_3D ( 'NONE', #2320, #4965, #8293 ) ;
#4765 = AXIS2_PLACEMENT_3D ( 'NONE', #7052, #556, #7728 ) ;
#4766 = EDGE_CURVE ( 'NONE', #841, #5304, #7223, .T. ) ;
#4767 = CARTESIAN_POINT ( 'NONE',  ( -0.6312992125984252523, 0.02165354330708661734, 0.01870078740157480462 ) ) ;
#4768 = VECTOR ( 'NONE', #1761, 39.37007874015748143 ) ;
#4769 = VECTOR ( 'NONE', #5999, 39.37007874015748143 ) ;
#4770 = DIRECTION ( 'NONE',  ( 0.000000000000000000, 1.000000000000000000, 0.000000000000000000 ) ) ;
#4771 = CARTESIAN_POINT ( 'NONE',  ( -0.6795275590551181910, 0.01181102362204724393, 0.02952755905511811330 ) ) ;
#4772 = DIRECTION ( 'NONE',  ( 0.000000000000000000, 1.000000000000000000, 0.000000000000000000 ) ) ;
#4773 = ORIENTED_EDGE ( 'NONE', *, *, #1773, .T. ) ;
#4774 = EDGE_LOOP ( 'NONE', ( #4437, #3115, #932, #4821 ) ) ;
#4775 = EDGE_CURVE ( 'NONE', #7830, #5385, #3301, .T. ) ;
#4776 = LINE ( 'NONE', #3609, #3906 ) ;
#4777 = DIRECTION ( 'NONE',  ( 0.000000000000000000, 1.000000000000000000, 0.000000000000000000 ) ) ;
#4778 = AXIS2_PLACEMENT_3D ( 'NONE', #6141, #918, #5494 ) ;
#4779 = CARTESIAN_POINT ( 'NONE',  ( -0.7795275590551181688, 0.01181102362204724393, -0.02952755905511811330 ) ) ;
#4780 = ORIENTED_EDGE ( 'NONE', *, *, #1513, .T. ) ;
#4781 = CARTESIAN_POINT ( 'NONE',  ( -0.7795275590551181688, 0.1574803149606299191, 0.02952755905511811330 ) ) ;
#4782 = EDGE_CURVE ( 'NONE', #4128, #4020, #2749, .T. ) ;
#4783 = DIRECTION ( 'NONE',  ( -1.000000000000000000, 0.000000000000000000, 0.000000000000000000 ) ) ;
#4784 = CARTESIAN_POINT ( 'NONE',  ( -0.4893700787401574770, 0.000000000000000000, -0.03937007874015747977 ) ) ;
#4785 = ORIENTED_EDGE ( 'NONE', *, *, #7295, .T. ) ;
#4786 = ORIENTED_EDGE ( 'NONE', *, *, #5593, .T. ) ;
#4787 = CARTESIAN_POINT ( 'NONE',  ( -0.2106299212598425064, 0.000000000000000000, 0.03937007874015747977 ) ) ;
#4788 = ORIENTED_EDGE ( 'NONE', *, *, #3022, .F. ) ;
#4789 = PLANE ( 'NONE',  #6102 ) ;
#4790 = DIRECTION ( 'NONE',  ( 0.000000000000000000, 0.000000000000000000, 1.000000000000000000 ) ) ;
#4791 = ORIENTED_EDGE ( 'NONE', *, *, #7080, .T. ) ;
#4792 = PLANE ( 'NONE',  #4464 ) ;
#4793 = CARTESIAN_POINT ( 'NONE',  ( -0.7687007874015748810, 0.1574803149606299191, -0.01870078740157480462 ) ) ;
#4794 = ORIENTED_EDGE ( 'NONE', *, *, #6411, .T. ) ;
#4795 = ORIENTED_EDGE ( 'NONE', *, *, #2311, .T. ) ;
#4796 = VERTEX_POINT ( 'NONE', #2146 ) ;
#4797 = CARTESIAN_POINT ( 'NONE',  ( -0.4687007874015748365, 0.1574803149606299191, -0.01870078740157480462 ) ) ;
#4798 = FACE_BOUND ( 'NONE', #3676, .T. ) ;
#4799 = PLANE ( 'NONE',  #4606 ) ;
#4800 = CARTESIAN_POINT ( 'NONE',  ( -0.6312992125984252523, 0.02165354330708661734, 0.01870078740157480462 ) ) ;
#4801 = CARTESIAN_POINT ( 'NONE',  ( -0.4687007874015748365, 0.02165354330708661734, -0.01870078740157480462 ) ) ;
#4802 = LINE ( 'NONE', #385, #6000 ) ;
#4803 = LINE ( 'NONE', #5448, #1577 ) ;
#4804 = ORIENTED_EDGE ( 'NONE', *, *, #6574, .F. ) ;
#4805 = EDGE_CURVE ( 'NONE', #6027, #5025, #5312, .T. ) ;
#4806 = ADVANCED_FACE ( 'NONE', ( #7306 ), #4755, .F. ) ;
#4807 = CARTESIAN_POINT ( 'NONE',  ( -0.4499999999999999556, 0.1909448818897638012, 0.02559055118110236185 ) ) ;
#4808 = CARTESIAN_POINT ( 'NONE',  ( -0.7687007874015748810, 0.1574803149606299191, 0.01870078740157480462 ) ) ;
#4809 = DIRECTION ( 'NONE',  ( 0.000000000000000000, -1.000000000000000000, 0.000000000000000000 ) ) ;
#4810 = DIRECTION ( 'NONE',  ( 0.000000000000000000, 0.000000000000000000, -1.000000000000000000 ) ) ;
#4811 = ORIENTED_EDGE ( 'NONE', *, *, #4953, .F. ) ;
#4812 = EDGE_CURVE ( 'NONE', #3433, #5076, #5258, .T. ) ;
#4813 = DIRECTION ( 'NONE',  ( 0.000000000000000000, -1.000000000000000000, 0.000000000000000000 ) ) ;
#4814 = FACE_OUTER_BOUND ( 'NONE', #24, .T. ) ;
#4815 = CARTESIAN_POINT ( 'NONE',  ( -0.6795275590551181910, 0.01181102362204724393, 0.02952755905511811330 ) ) ;
#4816 = EDGE_CURVE ( 'NONE', #5362, #3251, #868, .T. ) ;
#4817 = EDGE_LOOP ( 'NONE', ( #5518, #6963, #2945, #3779 ) ) ;
#4818 = DIRECTION ( 'NONE',  ( 1.000000000000000000, 0.000000000000000000, 0.000000000000000000 ) ) ;
#4819 = CARTESIAN_POINT ( 'NONE',  ( -0.6303149606299213170, 0.1850393700787401619, 0.01968503937007873988 ) ) ;
#4820 = CARTESIAN_POINT ( 'NONE',  ( -0.6421259842519685401, -0.1181102362204724532, 0.01279527559055118092 ) ) ;
#4821 = ORIENTED_EDGE ( 'NONE', *, *, #3852, .T. ) ;
#4822 = ORIENTED_EDGE ( 'NONE', *, *, #6984, .F. ) ;
#4823 = ORIENTED_EDGE ( 'NONE', *, *, #5054, .T. ) ;
#4824 = ADVANCED_FACE ( 'NONE', ( #2062 ), #1460, .F. ) ;
#4825 = CARTESIAN_POINT ( 'NONE',  ( -0.4303149606299213059, 0.1574803149606299191, -0.01968503937007873988 ) ) ;
#4826 = ORIENTED_EDGE ( 'NONE', *, *, #3471, .T. ) ;
#4827 = CARTESIAN_POINT ( 'NONE',  ( -0.3657480314960629975, -0.1181102362204724532, 0.004921259842519684971 ) ) ;
#4828 = DIRECTION ( 'NONE',  ( 1.000000000000000000, 0.000000000000000000, 0.000000000000000000 ) ) ;
#4829 = ORIENTED_EDGE ( 'NONE', *, *, #1198, .T. ) ;
#4830 = ORIENTED_EDGE ( 'NONE', *, *, #297, .F. ) ;
#4831 = EDGE_LOOP ( 'NONE', ( #2458, #2692, #4127, #1099 ) ) ;
#4832 = LINE ( 'NONE', #7394, #6660 ) ;
#4833 = CARTESIAN_POINT ( 'NONE',  ( -0.3893700787401574437, 0.01181102362204724393, 0.03937007874015747977 ) ) ;
#4834 = LINE ( 'NONE', #1507, #2417 ) ;
#4835 = CARTESIAN_POINT ( 'NONE',  ( -0.5342519685039370803, -0.08858267716535432601, -0.01279527559055118092 ) ) ;
#4836 = DIRECTION ( 'NONE',  ( 0.000000000000000000, 0.000000000000000000, -1.000000000000000000 ) ) ;
#4837 = DIRECTION ( 'NONE',  ( -0.2576626505603140105, 0.9662349396012511749, 0.000000000000000000 ) ) ;
#4838 = DIRECTION ( 'NONE',  ( 0.000000000000000000, 1.000000000000000000, 0.000000000000000000 ) ) ;
#4839 = ORIENTED_EDGE ( 'NONE', *, *, #2038, .T. ) ;
#4840 = ORIENTED_EDGE ( 'NONE', *, *, #1290, .T. ) ;
#4841 = VECTOR ( 'NONE', #3139, 39.37007874015748143 ) ;
#4842 = EDGE_CURVE ( 'NONE', #572, #4261, #1958, .T. ) ;
#4843 = FACE_OUTER_BOUND ( 'NONE', #2629, .T. ) ;
#4844 = EDGE_CURVE ( 'NONE', #7704, #4231, #4570, .T. ) ;
#4845 = CARTESIAN_POINT ( 'NONE',  ( -1.009842519685039353, 0.000000000000000000, 0.04921259842519685318 ) ) ;
#4846 = DIRECTION ( 'NONE',  ( 0.000000000000000000, 0.000000000000000000, -1.000000000000000000 ) ) ;
#4847 = EDGE_CURVE ( 'NONE', #6376, #1390, #3391, .T. ) ;
#4848 = VECTOR ( 'NONE', #3269, 39.37007874015748143 ) ;
#4849 = EDGE_LOOP ( 'NONE', ( #7787, #5618, #3314, #5850 ) ) ;
#4850 = DIRECTION ( 'NONE',  ( -0.000000000000000000, 0.7071067811865475727, 0.7071067811865475727 ) ) ;
#4851 = FACE_OUTER_BOUND ( 'NONE', #2152, .T. ) ;
#4852 = EDGE_CURVE ( 'NONE', #7793, #5188, #2102, .T. ) ;
#4853 = PLANE ( 'NONE',  #5279 ) ;
#4854 = EDGE_CURVE ( 'NONE', #4188, #2873, #75, .T. ) ;
#4855 = ORIENTED_EDGE ( 'NONE', *, *, #7823, .T. ) ;
#4856 = LINE ( 'NONE', #2247, #8250 ) ;
#4857 = PLANE ( 'NONE',  #3654 ) ;
#4858 = FACE_OUTER_BOUND ( 'NONE', #3897, .T. ) ;
#4859 = ORIENTED_EDGE ( 'NONE', *, *, #8005, .F. ) ;
#4860 = VECTOR ( 'NONE', #2964, 39.37007874015748143 ) ;
#4861 = EDGE_LOOP ( 'NONE', ( #1745, #1087, #4811, #8318 ) ) ;
#4862 = EDGE_CURVE ( 'NONE', #3443, #4128, #35, .T. ) ;
#4863 = DIRECTION ( 'NONE',  ( 0.000000000000000000, -1.000000000000000000, 0.000000000000000000 ) ) ;
#4864 = AXIS2_PLACEMENT_3D ( 'NONE', #2382, #7512, #8280 ) ;
#4865 = VECTOR ( 'NONE', #1524, 39.37007874015748143 ) ;
#4866 = ORIENTED_EDGE ( 'NONE', *, *, #1030, .T. ) ;
#4867 = VECTOR ( 'NONE', #7359, 39.37007874015748143 ) ;
#4868 = PLANE ( 'NONE',  #8029 ) ;
#4869 = CARTESIAN_POINT ( 'NONE',  ( -0.3785433070866142113, 0.01181102362204724393, 0.02854330708661417110 ) ) ;
#4870 = VERTEX_POINT ( 'NONE', #2649 ) ;
#4871 = ORIENTED_EDGE ( 'NONE', *, *, #6209, .F. ) ;
#4872 = VECTOR ( 'NONE', #2121, 39.37007874015748143 ) ;
#4873 = VECTOR ( 'NONE', #4578, 39.37007874015748143 ) ;
#4874 = DIRECTION ( 'NONE',  ( 1.000000000000000000, 0.000000000000000000, 0.000000000000000000 ) ) ;
#4875 = CARTESIAN_POINT ( 'NONE',  ( -0.1901575223667417436, 0.05511810900423464582, -0.03937007874015747977 ) ) ;
#4876 = DIRECTION ( 'NONE',  ( 1.000000000000000000, 0.000000000000000000, 0.000000000000000000 ) ) ;
#4877 = DIRECTION ( 'NONE',  ( 0.000000000000000000, 0.000000000000000000, -1.000000000000000000 ) ) ;
#4878 = EDGE_CURVE ( 'NONE', #7847, #7301, #5941, .T. ) ;
#4879 = AXIS2_PLACEMENT_3D ( 'NONE', #716, #1316, #7084 ) ;
#4880 = VECTOR ( 'NONE', #8014, 39.37007874015748143 ) ;
#4881 = CARTESIAN_POINT ( 'NONE',  ( -0.5342519685039370803, 0.01181102362204724393, 0.01279527559055118092 ) ) ;
#4882 = CARTESIAN_POINT ( 'NONE',  ( -0.5696850393700787496, 0.01181102362204724393, -0.01968503937007873988 ) ) ;
#4883 = ORIENTED_EDGE ( 'NONE', *, *, #5175, .F. ) ;
#4884 = ORIENTED_EDGE ( 'NONE', *, *, #8288, .F. ) ;
#4885 = VECTOR ( 'NONE', #430, 39.37007874015748143 ) ;
#4886 = PLANE ( 'NONE',  #4763 ) ;
#4887 = CARTESIAN_POINT ( 'NONE',  ( -0.2578740157480315376, -0.1181102362204724532, 0.01279527559055118092 ) ) ;
#4888 = LINE ( 'NONE', #7490, #3759 ) ;
#4889 = DIRECTION ( 'NONE',  ( 1.000000000000000000, 0.000000000000000000, 0.000000000000000000 ) ) ;
#4890 = VECTOR ( 'NONE', #7181, 39.37007874015748143 ) ;
#4891 = VECTOR ( 'NONE', #6840, 39.37007874015748143 ) ;
#4892 = VECTOR ( 'NONE', #6861, 39.37007874015748143 ) ;
#4893 = ORIENTED_EDGE ( 'NONE', *, *, #6056, .F. ) ;
#4894 = CARTESIAN_POINT ( 'NONE',  ( -0.6657480314960630974, -0.08858267716535432601, -0.004921259842519684971 ) ) ;
#4895 = LINE ( 'NONE', #7494, #3212 ) ;
#4896 = VECTOR ( 'NONE', #6458, 39.37007874015748143 ) ;
#4897 = AXIS2_PLACEMENT_3D ( 'NONE', #4358, #5555, #6967 ) ;
#4898 = VECTOR ( 'NONE', #395, 39.37007874015748143 ) ;
#4899 = ORIENTED_EDGE ( 'NONE', *, *, #5120, .T. ) ;
#4900 = CARTESIAN_POINT ( 'NONE',  ( -0.3204724409448818645, 0.1574803149606299191, -0.02952755905511811330 ) ) ;
#4901 = DIRECTION ( 'NONE',  ( 0.000000000000000000, 0.000000000000000000, -1.000000000000000000 ) ) ;
#4902 = CARTESIAN_POINT ( 'NONE',  ( -0.8421259842519684957, -0.1181102362204724532, 0.01279527559055118092 ) ) ;
#4903 = VERTEX_POINT ( 'NONE', #2229 ) ;
#4904 = AXIS2_PLACEMENT_3D ( 'NONE', #7815, #4710, #176 ) ;
#4905 = EDGE_CURVE ( 'NONE', #3946, #1692, #1629, .T. ) ;
#4906 = EDGE_CURVE ( 'NONE', #4647, #4991, #4238, .T. ) ;
#4907 = EDGE_LOOP ( 'NONE', ( #6303, #7382, #6956, #4199 ) ) ;
#4908 = ADVANCED_FACE ( 'NONE', ( #4958 ), #953, .T. ) ;
#4909 = FACE_BOUND ( 'NONE', #5551, .T. ) ;
#4910 = VECTOR ( 'NONE', #1932, 39.37007874015748854 ) ;
#4911 = ORIENTED_EDGE ( 'NONE', *, *, #620, .T. ) ;
#4912 = LINE ( 'NONE', #4299, #6801 ) ;
#4913 = CARTESIAN_POINT ( 'NONE',  ( -0.4342519685039369914, -0.08858267716535432601, 0.01279527559055118092 ) ) ;
#4914 = ORIENTED_EDGE ( 'NONE', *, *, #4485, .F. ) ;
#4915 = CARTESIAN_POINT ( 'NONE',  ( -0.2795275590551181133, 0.01181102362204724393, -0.02952755905511811330 ) ) ;
#4916 = EDGE_CURVE ( 'NONE', #6877, #6307, #7478, .T. ) ;
#4917 = VERTEX_POINT ( 'NONE', #6239 ) ;
#4918 = LINE ( 'NONE', #2309, #1170 ) ;
#4919 = LINE ( 'NONE', #3679, #5840 ) ;
#4920 = PRODUCT_DEFINITION_CONTEXT ( 'detailed design', #2593, 'design' ) ;
#4921 = EDGE_LOOP ( 'NONE', ( #700, #6315, #6270, #1698 ) ) ;
#4922 = LINE ( 'NONE', #3595, #365 ) ;
#4923 = PLANE ( 'NONE',  #4478 ) ;
#4924 = EDGE_CURVE ( 'NONE', #5670, #7564, #265, .T. ) ;
#4925 = CARTESIAN_POINT ( 'NONE',  ( -0.3785433070866142113, 0.01181102362204724393, -0.02854330708661417110 ) ) ;
#4926 = CARTESIAN_POINT ( 'NONE',  ( -1.009842519685039353, 0.000000000000000000, -0.03937007874015747977 ) ) ;
#4927 = VERTEX_POINT ( 'NONE', #3518 ) ;
#4928 = ORIENTED_EDGE ( 'NONE', *, *, #988, .T. ) ;
#4929 = EDGE_CURVE ( 'NONE', #3828, #2518, #7551, .T. ) ;
#4930 = LINE ( 'NONE', #7558, #6667 ) ;
#4931 = DIRECTION ( 'NONE',  ( 0.000000000000000000, 0.000000000000000000, -1.000000000000000000 ) ) ;
#4932 = CARTESIAN_POINT ( 'NONE',  ( -0.2214566929133858220, 0.1574803149606299191, 0.02854330708661417110 ) ) ;
#4933 = CARTESIAN_POINT ( 'NONE',  ( -0.8795275590551180356, 0.01181102362204724393, -0.02952755905511811330 ) ) ;
#4934 = ORIENTED_EDGE ( 'NONE', *, *, #8355, .T. ) ;
#4935 = DIRECTION ( 'NONE',  ( 0.000000000000000000, 0.000000000000000000, -1.000000000000000000 ) ) ;
#4936 = PLANE ( 'NONE',  #6905 ) ;
#4937 = ORIENTED_EDGE ( 'NONE', *, *, #604, .T. ) ;
#4938 = CARTESIAN_POINT ( 'NONE',  ( -0.4342519685039369914, 0.01181102362204724393, 0.01673228346456692717 ) ) ;
#4939 = LINE ( 'NONE', #404, #6383 ) ;
#4940 = CARTESIAN_POINT ( 'NONE',  ( -0.2696850393700787607, 0.01181102362204724393, -0.01968503937007873988 ) ) ;
#4941 = ORIENTED_EDGE ( 'NONE', *, *, #1955, .F. ) ;
#4942 = ORIENTED_EDGE ( 'NONE', *, *, #6685, .T. ) ;
#4943 = EDGE_LOOP ( 'NONE', ( #2133, #3959, #4839, #4785, #3660, #8188 ) ) ;
#4944 = PLANE ( 'NONE',  #5006 ) ;
#4945 = ORIENTED_EDGE ( 'NONE', *, *, #5284, .T. ) ;
#4946 = CARTESIAN_POINT ( 'NONE',  ( -0.6106299212598425008, 0.01181102362204724393, -0.03937007874015747977 ) ) ;
#4947 = ADVANCED_FACE ( 'NONE', ( #1022 ), #6923, .T. ) ;
#4948 = EDGE_CURVE ( 'NONE', #7629, #1683, #1073, .T. ) ;
#4949 = DIRECTION ( 'NONE',  ( 0.000000000000000000, 0.000000000000000000, -1.000000000000000000 ) ) ;
#4950 = ORIENTED_EDGE ( 'NONE', *, *, #5935, .F. ) ;
#4951 = DIRECTION ( 'NONE',  ( 0.000000000000000000, -1.000000000000000000, 0.000000000000000000 ) ) ;
#4952 = ORIENTED_EDGE ( 'NONE', *, *, #2241, .T. ) ;
#4953 = EDGE_CURVE ( 'NONE', #4385, #5636, #5444, .T. ) ;
#4954 = LINE ( 'NONE', #5675, #5543 ) ;
#4955 = DIRECTION ( 'NONE',  ( -1.000000000000000000, 0.000000000000000000, 0.000000000000000000 ) ) ;
#4956 = ORIENTED_EDGE ( 'NONE', *, *, #5776, .F. ) ;
#4957 = CARTESIAN_POINT ( 'NONE',  ( -0.3342519685039370136, 0.01181102362204724393, 0.01279527559055118092 ) ) ;
#4958 = FACE_OUTER_BOUND ( 'NONE', #5895, .T. ) ;
#4959 = ADVANCED_FACE ( 'NONE', ( #1586 ), #1665, .F. ) ;
#4960 = CARTESIAN_POINT ( 'NONE',  ( -0.7687007874015748810, 0.000000000000000000, 0.000000000000000000 ) ) ;
#4961 = LINE ( 'NONE', #1792, #3493 ) ;
#4962 = VERTEX_POINT ( 'NONE', #217 ) ;
#4963 = ORIENTED_EDGE ( 'NONE', *, *, #3961, .T. ) ;
#4964 = ADVANCED_FACE ( 'NONE', ( #334 ), #6879, .F. ) ;
#4965 = DIRECTION ( 'NONE',  ( 1.000000000000000000, 0.000000000000000000, 0.000000000000000000 ) ) ;
#4966 = PLANE ( 'NONE',  #4761 ) ;
#4967 = CARTESIAN_POINT ( 'NONE',  ( -0.2106299212598425064, 0.01181102362204724393, 0.03937007874015747977 ) ) ;
#4968 = ADVANCED_FACE ( 'NONE', ( #2913 ), #8050, .F. ) ;
#4969 = FACE_OUTER_BOUND ( 'NONE', #5282, .T. ) ;
#4970 = ORIENTED_EDGE ( 'NONE', *, *, #5844, .T. ) ;
#4971 = DIRECTION ( 'NONE',  ( 0.7071067811865475727, 0.7071067811865475727, 0.000000000000000000 ) ) ;
#4972 = DIRECTION ( 'NONE',  ( -1.000000000000000000, 0.000000000000000000, 0.000000000000000000 ) ) ;
#4973 = AXIS2_PLACEMENT_3D ( 'NONE', #6459, #7101, #3855 ) ;
#4974 = ORIENTED_EDGE ( 'NONE', *, *, #5731, .F. ) ;
#4975 = DIRECTION ( 'NONE',  ( 0.2576626505603140105, -0.9662349396012511749, 0.000000000000000000 ) ) ;
#4976 = CARTESIAN_POINT ( 'NONE',  ( -0.8421259842519684957, -0.1181102362204724532, -0.01279527559055118092 ) ) ;
#4977 = CARTESIAN_POINT ( 'NONE',  ( -0.2106299212598425064, 0.000000000000000000, -0.03937007874015747977 ) ) ;
#4978 = ORIENTED_EDGE ( 'NONE', *, *, #795, .T. ) ;
#4979 = DIRECTION ( 'NONE',  ( -0.2576626505603140105, 0.9662349396012511749, 0.000000000000000000 ) ) ;
#4980 = EDGE_LOOP ( 'NONE', ( #4226, #710, #5672, #5711 ) ) ;
#4981 = ORIENTED_EDGE ( 'NONE', *, *, #5525, .F. ) ;
#4982 = VECTOR ( 'NONE', #222, 39.37007874015748143 ) ;
#4983 = LINE ( 'NONE', #7579, #3375 ) ;
#4984 = VERTEX_POINT ( 'NONE', #6804 ) ;
#4985 = LINE ( 'NONE', #1136, #246 ) ;
#4986 = VECTOR ( 'NONE', #2187, 39.37007874015748854 ) ;
#4987 = AXIS2_PLACEMENT_3D ( 'NONE', #916, #4081, #6592 ) ;
#4988 = PLANE ( 'NONE',  #6095 ) ;
#4989 = ORIENTED_EDGE ( 'NONE', *, *, #4862, .F. ) ;
#4990 = DIRECTION ( 'NONE',  ( 1.000000000000000000, 0.000000000000000000, 0.000000000000000000 ) ) ;
#4991 = VERTEX_POINT ( 'NONE', #8167 ) ;
#4992 = ADVANCED_FACE ( 'NONE', ( #5515 ), #2314, .T. ) ;
#4993 = LINE ( 'NONE', #1661, #1040 ) ;
#4994 = DIRECTION ( 'NONE',  ( 0.000000000000000000, 0.7071067811865475727, -0.7071067811865475727 ) ) ;
#4995 = VERTEX_POINT ( 'NONE', #2953 ) ;
#4996 = CARTESIAN_POINT ( 'NONE',  ( -0.1901575223667417436, 0.01181102362204724393, 0.04921259842519685318 ) ) ;
#4997 = DIRECTION ( 'NONE',  ( 1.000000000000000000, 0.000000000000000000, 0.000000000000000000 ) ) ;
#4998 = VECTOR ( 'NONE', #5981, 39.37007874015748143 ) ;
#4999 = CARTESIAN_POINT ( 'NONE',  ( -0.8795275590551180356, 0.01181102362204724393, -0.02952755905511811330 ) ) ;
#5000 = EDGE_LOOP ( 'NONE', ( #6336, #7159, #8242, #712 ) ) ;
#5001 = ORIENTED_EDGE ( 'NONE', *, *, #3457, .T. ) ;
#5002 = ADVANCED_FACE ( 'NONE', ( #6764, #5557 ), #4923, .T. ) ;
#5003 = ADVANCED_FACE ( 'NONE', ( #55 ), #6284, .T. ) ;
#5004 = EDGE_CURVE ( 'NONE', #3925, #5590, #3829, .T. ) ;
#5005 = LINE ( 'NONE', #1117, #1190 ) ;
#5006 = AXIS2_PLACEMENT_3D ( 'NONE', #7538, #2373, #1691 ) ;
#5007 = AXIS2_PLACEMENT_3D ( 'NONE', #3359, #5278, #1976 ) ;
#5008 = LINE ( 'NONE', #4815, #1317 ) ;
#5009 = DIRECTION ( 'NONE',  ( 1.000000000000000000, 0.000000000000000000, 0.000000000000000000 ) ) ;
#5010 = CARTESIAN_POINT ( 'NONE',  ( -0.2342519685039370358, -0.08858267716535432601, -0.01279527559055118092 ) ) ;
#5011 = CARTESIAN_POINT ( 'NONE',  ( -0.5204724409448819866, 0.1574803149606299191, 0.02952755905511811330 ) ) ;
#5012 = ORIENTED_EDGE ( 'NONE', *, *, #7208, .T. ) ;
#5013 = CARTESIAN_POINT ( 'NONE',  ( -0.9578740157480315487, -0.1181102362204724532, -0.01279527559055118092 ) ) ;
#5015 = LINE ( 'NONE', #1161, #5129 ) ;
#5014 = AXIS2_PLACEMENT_3D ( 'NONE', #2880, #2748, #6678 ) ;
#5016 = AXIS2_PLACEMENT_3D ( 'NONE', #3380, #6754, #6793 ) ;
#5017 = VECTOR ( 'NONE', #5920, 39.37007874015748143 ) ;
#5018 = ORIENTED_EDGE ( 'NONE', *, *, #1027, .T. ) ;
#5019 = CARTESIAN_POINT ( 'NONE',  ( -0.9687007874015747255, 0.1574803149606299191, 0.01870078740157480462 ) ) ;
#5020 = PLANE ( 'NONE',  #650 ) ;
#5021 = EDGE_CURVE ( 'NONE', #7078, #7236, #6520, .T. ) ;
#5022 = CARTESIAN_POINT ( 'NONE',  ( -0.7657480314960629642, -0.08858267716535432601, -0.004921259842519684971 ) ) ;
#5023 = ORIENTED_EDGE ( 'NONE', *, *, #4862, .T. ) ;
#5024 = CARTESIAN_POINT ( 'NONE',  ( -0.7696850393700788162, 0.1574803149606299191, 0.01968503937007873988 ) ) ;
#5025 = VERTEX_POINT ( 'NONE', #7701 ) ;
#5026 = VECTOR ( 'NONE', #6334, 39.37007874015748143 ) ;
#5027 = ORIENTED_EDGE ( 'NONE', *, *, #5780, .F. ) ;
#5028 = AXIS2_PLACEMENT_3D ( 'NONE', #7643, #1795, #959 ) ;
#5029 = AXIS2_PLACEMENT_3D ( 'NONE', #5139, #8428, #8343 ) ;
#5030 = ADVANCED_FACE ( 'NONE', ( #2672 ), #5287, .F. ) ;
#5031 = LINE ( 'NONE', #6434, #4196 ) ;
#5032 = ORIENTED_EDGE ( 'NONE', *, *, #5452, .T. ) ;
#5033 = CARTESIAN_POINT ( 'NONE',  ( -0.2893700787401574659, 0.01181102362204724393, 0.03937007874015747977 ) ) ;
#5034 = AXIS2_PLACEMENT_3D ( 'NONE', #6127, #4877, #8083 ) ;
#5035 =( GEOMETRIC_REPRESENTATION_CONTEXT ( 3 ) GLOBAL_UNCERTAINTY_ASSIGNED_CONTEXT ( ( #2264 ) ) GLOBAL_UNIT_ASSIGNED_CONTEXT ( ( #2638, #6663, #6752 ) ) REPRESENTATION_CONTEXT ( 'NONE', 'WORKASPACE' ) );
#5036 = VERTEX_POINT ( 'NONE', #6562 ) ;
#5037 = CARTESIAN_POINT ( 'NONE',  ( -0.3814960629921260171, 0.1968503937007874127, 0.03149606299212598381 ) ) ;
#5038 = ORIENTED_EDGE ( 'NONE', *, *, #4643, .T. ) ;
#5039 = VECTOR ( 'NONE', #8223, 39.37007874015748143 ) ;
#5040 = LINE ( 'NONE', #2910, #2955 ) ;
#5041 = DIRECTION ( 'NONE',  ( -0.5773502691896257311, 0.5773502691896257311, -0.5773502691896257311 ) ) ;
#5042 = VERTEX_POINT ( 'NONE', #5836 ) ;
#5043 = CARTESIAN_POINT ( 'NONE',  ( -0.9795275590551181244, 0.01181102362204724393, 0.02952755905511811330 ) ) ;
#5044 = DIRECTION ( 'NONE',  ( 0.000000000000000000, 0.000000000000000000, 1.000000000000000000 ) ) ;
#5045 = ORIENTED_EDGE ( 'NONE', *, *, #4184, .F. ) ;
#5046 = ORIENTED_EDGE ( 'NONE', *, *, #981, .T. ) ;
#5047 = DIRECTION ( 'NONE',  ( 0.000000000000000000, 0.000000000000000000, -1.000000000000000000 ) ) ;
#5048 = FACE_OUTER_BOUND ( 'NONE', #7125, .T. ) ;
#5049 = CARTESIAN_POINT ( 'NONE',  ( -0.6795275590551181910, 0.1574803149606299191, 0.02952755905511811330 ) ) ;
#5050 = FACE_OUTER_BOUND ( 'NONE', #6859, .T. ) ;
#5051 = LINE ( 'NONE', #4323, #2991 ) ;
#5052 = EDGE_CURVE ( 'NONE', #4425, #6830, #2589, .T. ) ;
#5053 = ORIENTED_EDGE ( 'NONE', *, *, #1236, .T. ) ;
#5054 = EDGE_CURVE ( 'NONE', #5977, #409, #7113, .T. ) ;
#5055 = DIRECTION ( 'NONE',  ( 0.5773502691896257311, 0.5773502691896257311, -0.5773502691896257311 ) ) ;
#5056 = CARTESIAN_POINT ( 'NONE',  ( -0.8785433070866142113, 0.1574803149606299191, -0.02854330708661417110 ) ) ;
#5057 = LINE ( 'NONE', #1163, #2982 ) ;
#5058 = EDGE_LOOP ( 'NONE', ( #4099, #4259, #5122, #406 ) ) ;
#5059 = DIRECTION ( 'NONE',  ( 1.000000000000000000, 0.000000000000000000, 0.000000000000000000 ) ) ;
#5060 = FACE_OUTER_BOUND ( 'NONE', #1810, .T. ) ;
#5061 = ADVANCED_FACE ( 'NONE', ( #5791 ), #5880, .T. ) ;
#5062 = PLANE ( 'NONE',  #5300 ) ;
#5063 = EDGE_LOOP ( 'NONE', ( #7569, #2130, #7008, #6954 ) ) ;
#5064 = DIRECTION ( 'NONE',  ( 0.000000000000000000, 1.000000000000000000, 0.000000000000000000 ) ) ;
#5065 = VERTEX_POINT ( 'NONE', #7835 ) ;
#5066 = VERTEX_POINT ( 'NONE', #3037 ) ;
#5067 = EDGE_CURVE ( 'NONE', #4721, #2490, #5919, .T. ) ;
#5068 =( NAMED_UNIT ( * ) PLANE_ANGLE_UNIT ( ) SI_UNIT ( $, .RADIAN. ) );
#5069 = EDGE_LOOP ( 'NONE', ( #6406, #6331, #888, #496 ) ) ;
#5070 = DIRECTION ( 'NONE',  ( 0.000000000000000000, 0.000000000000000000, -1.000000000000000000 ) ) ;
#5071 = CARTESIAN_POINT ( 'NONE',  ( -0.5106299212598425230, 0.000000000000000000, -0.03937007874015747977 ) ) ;
#5072 = EDGE_CURVE ( 'NONE', #2318, #7482, #1393, .T. ) ;
#5073 = EDGE_CURVE ( 'NONE', #1369, #6480, #3956, .T. ) ;
#5074 = ORIENTED_EDGE ( 'NONE', *, *, #3697, .F. ) ;
#5075 = FACE_OUTER_BOUND ( 'NONE', #5894, .T. ) ;
#5076 = VERTEX_POINT ( 'NONE', #4468 ) ;
#5077 = CARTESIAN_POINT ( 'NONE',  ( -0.3106299212598425119, 0.01181102362204724393, 0.03937007874015747977 ) ) ;
#5078 = DIRECTION ( 'NONE',  ( 0.000000000000000000, 1.000000000000000000, 0.000000000000000000 ) ) ;
#5079 = ORIENTED_EDGE ( 'NONE', *, *, #2020, .T. ) ;
#5080 = CARTESIAN_POINT ( 'NONE',  ( -0.8795275590551180356, 0.1574803149606299191, 0.02952755905511811330 ) ) ;
#5081 = EDGE_CURVE ( 'NONE', #1447, #4638, #7073, .T. ) ;
#5082 = PLANE ( 'NONE',  #2384 ) ;
#5083 = EDGE_LOOP ( 'NONE', ( #2930, #3458, #1110, #5925 ) ) ;
#5084 = ORIENTED_EDGE ( 'NONE', *, *, #1140, .T. ) ;
#5085 = LINE ( 'NONE', #1199, #2712 ) ;
#5086 = FACE_OUTER_BOUND ( 'NONE', #3395, .T. ) ;
#5087 = FACE_OUTER_BOUND ( 'NONE', #992, .T. ) ;
#5088 = CARTESIAN_POINT ( 'NONE',  ( -0.2687007874015748254, 0.1574803149606299191, 0.01870078740157480462 ) ) ;
#5089 = PLANE ( 'NONE',  #4221 ) ;
#5090 = ORIENTED_EDGE ( 'NONE', *, *, #4844, .F. ) ;
#5091 = LINE ( 'NONE', #7015, #6661 ) ;
#5092 = CARTESIAN_POINT ( 'NONE',  ( -0.1901575223667417436, 0.1968503937007874127, -0.02460629921259842659 ) ) ;
#5093 = ADVANCED_FACE ( 'NONE', ( #7794 ), #5642, .F. ) ;
#5094 = EDGE_CURVE ( 'NONE', #7106, #1872, #1223, .T. ) ;
#5095 = CARTESIAN_POINT ( 'NONE',  ( -0.6214566929133858997, 0.1574803149606299191, -0.02854330708661417110 ) ) ;
#5096 = LINE ( 'NONE', #602, #4848 ) ;
#5097 = PLANE ( 'NONE',  #7070 ) ;
#5098 = CARTESIAN_POINT ( 'NONE',  ( -0.2312992125984252023, 0.02165354330708661734, 0.01870078740157480462 ) ) ;
#5099 = ORIENTED_EDGE ( 'NONE', *, *, #5601, .T. ) ;
#5100 = LINE ( 'NONE', #7066, #2838 ) ;
#5101 = ORIENTED_EDGE ( 'NONE', *, *, #7722, .F. ) ;
#5102 = ORIENTED_EDGE ( 'NONE', *, *, #7930, .F. ) ;
#5103 = ADVANCED_FACE ( 'NONE', ( #1941 ), #8394, .T. ) ;
#5104 = ADVANCED_FACE ( 'NONE', ( #4551 ), #3866, .T. ) ;
#5105 = VECTOR ( 'NONE', #4538, 39.37007874015748854 ) ;
#5106 = ORIENTED_EDGE ( 'NONE', *, *, #1214, .T. ) ;
#5107 = CARTESIAN_POINT ( 'NONE',  ( -0.9785433070866141891, 0.01181102362204724393, -0.02854330708661417110 ) ) ;
#5108 = CARTESIAN_POINT ( 'NONE',  ( -0.8785433070866142113, 0.01181102362204724393, 0.02854330708661417110 ) ) ;
#5109 = CLOSED_SHELL ( 'NONE', ( #1962, #733, #846, #1366, #357, #3043, #8125, #3286, #4536, #4006, #814, #4806, #6787, #2110, #2726, #7501, #7619, #2394, #3328, #4748, #4124, #3256, #6542, #838, #445, #2603, #2558, #4959, #2768, #5061, #3951, #4568, #880, #6862, #6728, #6568, #8158, #2089, #3181, #5592, #2646, #7832, #347, #2155, #8244, #6320, #4665, #6684, #1351, #6786, #4125, #7366, #3307, #3082, #4373, #2616, #7197, #6412, #8234, #4584, #1678, #4315, #3849, #3396, #3894, #2188, #3502, #7706, #3350, #522, #6854, #1399, #7945, #4968, #7241, #6937, #85, #7315, #4908, #411, #3820, #7548, #5674, #3913, #7138, #6485, #2436, #1636, #5159, #6813, #1177, #6011, #5911, #3247, #2592, #7465, #4992, #3864, #3572, #3581, #5480, #6739, #6220, #7459, #5598, #3168, #6066, #1396, #2562, #312, #664, #5003, #2238, #6123, #4129, #1235, #8090, #1887, #6166, #1660, #5374, #6461, #6099, #3854, #3427, #3714, #4947, #1713, #1405, #3126, #6413, #7698, #3801, #26, #5867, #4548, #1869, #3182, #7675, #4484, #7135, #2467, #8193, #81, #7990, #5002, #8099, #1564, #5265, #6565, #8356, #6697, #8350, #6832, #600, #450, #4330, #1422, #1299, #674, #7420, #5104, #5431, #7565, #5093, #5732, #2103, #31, #3568, #2563, #5795, #1912, #5576, #1257, #1699, #4340, #3563, #2918, #3237, #1449, #53, #1832, #1535, #2660, #559, #322, #7669, #1928, #4824, #7476, #6856, #5630, #5030, #7251, #3412, #2484, #3141, #373, #4141, #2601, #1279, #2936, #7449, #224, #1455, #7127, #2834, #2094, #1469, #3574, #3827, #6874, #8232, #6265, #5490, #1042, #4252, #7931, #8034, #7941, #499, #6018, #3658, #6455, #1857, #7030, #4023, #2087, #4527, #7046, #3953, #7354, #8338, #612, #1610, #165, #1964, #7764, #4964, #6887, #6741, #8045, #2791, #7507, #6517, #5891, #2986, #8168, #538, #6590, #1877, #3607, #2703, #951, #5955, #164, #5153, #7351, #8453, #1784, #2206, #5634, #1515, #6994, #8317, #7104, #8292, #1815, #2344, #7863, #364, #2135, #6362, #1090, #7514, #1418, #4705, #3904, #7771, #5103, #5858, #4452, #5905, #1552, #5433, #6286, #4540, #6833, #137, #2879, #307, #1106, #8129, #558, #5611, #1736, #6580 ) ) ;
#5110 = EDGE_CURVE ( 'NONE', #2224, #3189, #4171, .T. ) ;
#5111 = ORIENTED_EDGE ( 'NONE', *, *, #4249, .F. ) ;
#5112 = CARTESIAN_POINT ( 'NONE',  ( -0.6185039370078739829, 0.1968503937007874127, 0.03149606299212598381 ) ) ;
#5113 = ORIENTED_EDGE ( 'NONE', *, *, #2966, .F. ) ;
#5114 = CARTESIAN_POINT ( 'NONE',  ( -0.4795275590551181244, 0.1574803149606299191, 0.02952755905511811330 ) ) ;
#5115 = CARTESIAN_POINT ( 'NONE',  ( -0.4657480314960630308, -0.08858267716535432601, -0.01279527559055118092 ) ) ;
#5116 = AXIS2_PLACEMENT_3D ( 'NONE', #2342, #3861, #2992 ) ;
#5117 = ORIENTED_EDGE ( 'NONE', *, *, #451, .T. ) ;
#5118 = VECTOR ( 'NONE', #996, 39.37007874015748143 ) ;
#5119 = FACE_OUTER_BOUND ( 'NONE', #6443, .T. ) ;
#5120 = EDGE_CURVE ( 'NONE', #7825, #2870, #8022, .T. ) ;
#5121 = PLANE ( 'NONE',  #7989 ) ;
#5122 = ORIENTED_EDGE ( 'NONE', *, *, #1188, .F. ) ;
#5123 = EDGE_LOOP ( 'NONE', ( #4177, #6559, #80, #1904 ) ) ;
#5124 = AXIS2_PLACEMENT_3D ( 'NONE', #5130, #3133, #1328 ) ;
#5125 = DIRECTION ( 'NONE',  ( -1.000000000000000000, 0.000000000000000000, 0.000000000000000000 ) ) ;
#5126 = EDGE_CURVE ( 'NONE', #3135, #8337, #3366, .T. ) ;
#5127 = PLANE ( 'NONE',  #6794 ) ;
#5128 = PLANE ( 'NONE',  #5577 ) ;
#5129 = VECTOR ( 'NONE', #561, 39.37007874015748143 ) ;
#5130 = CARTESIAN_POINT ( 'NONE',  ( -0.3657480314960629975, 0.01181102362204724393, 0.01279527559055118092 ) ) ;
#5131 = CARTESIAN_POINT ( 'NONE',  ( -0.5785433070866141669, 0.1574803149606299191, 0.02854330708661417110 ) ) ;
#5132 = ORIENTED_EDGE ( 'NONE', *, *, #2717, .F. ) ;
#5133 = FACE_OUTER_BOUND ( 'NONE', #6533, .T. ) ;
#5134 = LINE ( 'NONE', #3170, #8401 ) ;
#5135 = VECTOR ( 'NONE', #2080, 39.37007874015748854 ) ;
#5136 = AXIS2_PLACEMENT_3D ( 'NONE', #4286, #1088, #4935 ) ;
#5137 = DIRECTION ( 'NONE',  ( 0.000000000000000000, -1.000000000000000000, 0.000000000000000000 ) ) ;
#5138 = DIRECTION ( 'NONE',  ( 0.000000000000000000, 1.000000000000000000, 0.000000000000000000 ) ) ;
#5139 = CARTESIAN_POINT ( 'NONE',  ( -0.9618110236220472897, -0.1033464566929133965, 0.000000000000000000 ) ) ;
#5140 = VECTOR ( 'NONE', #4113, 39.37007874015748143 ) ;
#5141 = DIRECTION ( 'NONE',  ( 1.000000000000000000, 0.000000000000000000, 0.000000000000000000 ) ) ;
#5142 = ORIENTED_EDGE ( 'NONE', *, *, #7370, .T. ) ;
#5143 = LINE ( 'NONE', #8347, #2688 ) ;
#5144 = DIRECTION ( 'NONE',  ( -0.2576626505603140105, 0.9662349396012511749, 0.000000000000000000 ) ) ;
#5145 = ORIENTED_EDGE ( 'NONE', *, *, #931, .T. ) ;
#5146 = VECTOR ( 'NONE', #206, 39.37007874015748143 ) ;
#5147 = VECTOR ( 'NONE', #4649, 39.37007874015748143 ) ;
#5148 = DIRECTION ( 'NONE',  ( 1.000000000000000000, 0.000000000000000000, 0.000000000000000000 ) ) ;
#5149 = ORIENTED_EDGE ( 'NONE', *, *, #6422, .F. ) ;
#5150 = DIRECTION ( 'NONE',  ( 1.000000000000000000, 0.000000000000000000, 0.000000000000000000 ) ) ;
#5151 = DIRECTION ( 'NONE',  ( 1.000000000000000000, 0.000000000000000000, 0.000000000000000000 ) ) ;
#5152 = DIRECTION ( 'NONE',  ( 1.000000000000000000, 0.000000000000000000, 0.000000000000000000 ) ) ;
#5153 = ADVANCED_FACE ( 'NONE', ( #8067 ), #1436, .F. ) ;
#5154 = VECTOR ( 'NONE', #5775, 39.37007874015748143 ) ;
#5155 = EDGE_CURVE ( 'NONE', #3978, #2140, #3419, .T. ) ;
#5156 = VECTOR ( 'NONE', #1080, 39.37007874015748143 ) ;
#5157 = AXIS2_PLACEMENT_3D ( 'NONE', #5908, #3354, #5367 ) ;
#5158 = ORIENTED_EDGE ( 'NONE', *, *, #4916, .T. ) ;
#5159 = ADVANCED_FACE ( 'NONE', ( #240 ), #2771, .F. ) ;
#5160 = CARTESIAN_POINT ( 'NONE',  ( -0.8657480314960629419, -0.08858267716535432601, -0.01279527559055118092 ) ) ;
#5161 = ORIENTED_EDGE ( 'NONE', *, *, #8466, .F. ) ;
#5162 = LINE ( 'NONE', #544, #4729 ) ;
#5163 = VECTOR ( 'NONE', #3596, 39.37007874015748143 ) ;
#5164 = CARTESIAN_POINT ( 'NONE',  ( -0.9696850393700787718, 0.1850393700787401619, -0.01968503937007873988 ) ) ;
#5165 = VECTOR ( 'NONE', #6504, 39.37007874015748143 ) ;
#5166 = VERTEX_POINT ( 'NONE', #3542 ) ;
#5167 = DIRECTION ( 'NONE',  ( -0.7071067811865975328, 0.7071067811864976127, 0.000000000000000000 ) ) ;
#5168 = EDGE_CURVE ( 'NONE', #5262, #3125, #5466, .T. ) ;
#5169 = DIRECTION ( 'NONE',  ( 0.000000000000000000, 1.000000000000000000, 0.000000000000000000 ) ) ;
#5170 = VERTEX_POINT ( 'NONE', #5377 ) ;
#5171 = VERTEX_POINT ( 'NONE', #1528 ) ;
#5172 = ORIENTED_EDGE ( 'NONE', *, *, #2766, .F. ) ;
#5173 = VECTOR ( 'NONE', #5943, 39.37007874015748854 ) ;
#5174 = DIRECTION ( 'NONE',  ( 0.000000000000000000, -1.000000000000000000, 0.000000000000000000 ) ) ;
#5175 = EDGE_CURVE ( 'NONE', #855, #438, #884, .T. ) ;
#5176 = DIRECTION ( 'NONE',  ( 0.000000000000000000, 0.000000000000000000, 1.000000000000000000 ) ) ;
#5177 = FACE_OUTER_BOUND ( 'NONE', #2034, .T. ) ;
#5178 = DIRECTION ( 'NONE',  ( 0.000000000000000000, 1.000000000000000000, 0.000000000000000000 ) ) ;
#5179 = PLANE ( 'NONE',  #4765 ) ;
#5180 = ORIENTED_EDGE ( 'NONE', *, *, #6271, .F. ) ;
#5181 = LINE ( 'NONE', #83, #4465 ) ;
#5182 = LINE ( 'NONE', #5948, #226 ) ;
#5183 = EDGE_CURVE ( 'NONE', #1129, #3948, #2214, .T. ) ;
#5184 = CARTESIAN_POINT ( 'NONE',  ( -0.3312992125984252079, 0.1574803149606299191, 0.01870078740157480462 ) ) ;
#5185 = FACE_BOUND ( 'NONE', #3638, .T. ) ;
#5186 = CARTESIAN_POINT ( 'NONE',  ( -0.5755905511811023612, 0.1909448818897638012, 0.000000000000000000 ) ) ;
#5187 = DIRECTION ( 'NONE',  ( 0.000000000000000000, 0.000000000000000000, -1.000000000000000000 ) ) ;
#5188 = VERTEX_POINT ( 'NONE', #7971 ) ;
#5189 = ORIENTED_EDGE ( 'NONE', *, *, #1526, .T. ) ;
#5190 = EDGE_LOOP ( 'NONE', ( #8026, #3898, #1538, #4046 ) ) ;
#5191 = LINE ( 'NONE', #7828, #7716 ) ;
#5192 = PLANE ( 'NONE',  #5116 ) ;
#5193 = ORIENTED_EDGE ( 'NONE', *, *, #3187, .F. ) ;
#5194 = CARTESIAN_POINT ( 'NONE',  ( -0.4303149606299213059, 0.1850393700787401619, 0.01968503937007873988 ) ) ;
#5195 = EDGE_LOOP ( 'NONE', ( #7336, #3631, #3499, #2896 ) ) ;
#5196 = CARTESIAN_POINT ( 'NONE',  ( -0.3795275590551180911, 0.000000000000000000, 0.000000000000000000 ) ) ;
#5197 = DIRECTION ( 'NONE',  ( 1.000000000000000000, 0.000000000000000000, 0.000000000000000000 ) ) ;
#5198 = CARTESIAN_POINT ( 'NONE',  ( -0.2687007874015748254, 0.000000000000000000, 0.000000000000000000 ) ) ;
#5199 = VERTEX_POINT ( 'NONE', #5971 ) ;
#5200 = FACE_OUTER_BOUND ( 'NONE', #6602, .T. ) ;
#5201 = ORIENTED_EDGE ( 'NONE', *, *, #3673, .T. ) ;
#5202 = EDGE_CURVE ( 'NONE', #5580, #64, #6148, .T. ) ;
#5203 = EDGE_CURVE ( 'NONE', #3803, #7841, #4095, .T. ) ;
#5204 = DIRECTION ( 'NONE',  ( 1.000000000000000000, 0.000000000000000000, 0.000000000000000000 ) ) ;
#5205 = DIRECTION ( 'NONE',  ( 1.000000000000000000, 0.000000000000000000, 0.000000000000000000 ) ) ;
#5206 = ORIENTED_EDGE ( 'NONE', *, *, #7559, .T. ) ;
#5207 = CARTESIAN_POINT ( 'NONE',  ( -0.3696850393700787940, 0.1574803149606299191, -0.01968503937007873988 ) ) ;
#5208 = EDGE_CURVE ( 'NONE', #4927, #1390, #4040, .T. ) ;
#5209 = EDGE_CURVE ( 'NONE', #546, #6657, #7415, .T. ) ;
#5210 = LINE ( 'NONE', #5804, #3352 ) ;
#5211 = ORIENTED_EDGE ( 'NONE', *, *, #4353, .T. ) ;
#5212 = ORIENTED_EDGE ( 'NONE', *, *, #6513, .F. ) ;
#5213 = VERTEX_POINT ( 'NONE', #8101 ) ;
#5214 = CARTESIAN_POINT ( 'NONE',  ( -1.009842519685039353, 0.01181102362204724393, -0.04921259842519685318 ) ) ;
#5215 = EDGE_CURVE ( 'NONE', #2181, #6169, #4856, .T. ) ;
#5216 = DIRECTION ( 'NONE',  ( 0.000000000000000000, -1.000000000000000000, 0.000000000000000000 ) ) ;
#5217 = CARTESIAN_POINT ( 'NONE',  ( -0.6303149606299213170, 0.000000000000000000, 0.000000000000000000 ) ) ;
#5218 = LINE ( 'NONE', #2611, #3628 ) ;
#5219 = FACE_OUTER_BOUND ( 'NONE', #2736, .T. ) ;
#5220 = EDGE_LOOP ( 'NONE', ( #6554, #170, #576, #2048 ) ) ;
#5221 = EDGE_CURVE ( 'NONE', #1193, #8358, #6059, .T. ) ;
#5222 = CARTESIAN_POINT ( 'NONE',  ( -0.8342519685039370136, -0.08858267716535432601, -0.01279527559055118092 ) ) ;
#5223 = DIRECTION ( 'NONE',  ( 0.000000000000000000, 0.000000000000000000, -1.000000000000000000 ) ) ;
#5224 = EDGE_CURVE ( 'NONE', #5025, #7209, #749, .T. ) ;
#5225 = CARTESIAN_POINT ( 'NONE',  ( -0.3312992125984252079, 0.1574803149606299191, 0.01870078740157480462 ) ) ;
#5226 = CARTESIAN_POINT ( 'NONE',  ( -0.8795275590551180356, 0.1574803149606299191, -0.02952755905511811330 ) ) ;
#5227 = CARTESIAN_POINT ( 'NONE',  ( -0.6106299212598425008, 0.000000000000000000, 0.03937007874015747977 ) ) ;
#5228 = DIRECTION ( 'NONE',  ( 0.000000000000000000, 1.000000000000000000, 0.000000000000000000 ) ) ;
#5229 = ORIENTED_EDGE ( 'NONE', *, *, #7721, .T. ) ;
#5230 = ORIENTED_EDGE ( 'NONE', *, *, #4847, .F. ) ;
#5231 = VERTEX_POINT ( 'NONE', #3994 ) ;
#5232 = CARTESIAN_POINT ( 'NONE',  ( -0.9657480314960630308, -0.08858267716535432601, -0.004921259842519684971 ) ) ;
#5233 = LINE ( 'NONE', #97, #5673 ) ;
#5234 = VERTEX_POINT ( 'NONE', #7934 ) ;
#5235 = DIRECTION ( 'NONE',  ( 1.000000000000000000, 0.000000000000000000, 0.000000000000000000 ) ) ;
#5236 = EDGE_CURVE ( 'NONE', #6488, #5234, #2082, .T. ) ;
#5237 = EDGE_CURVE ( 'NONE', #5916, #1169, #6263, .T. ) ;
#5238 = EDGE_LOOP ( 'NONE', ( #4233, #1821, #4517, #1898 ) ) ;
#5239 = DIRECTION ( 'NONE',  ( 1.000000000000000000, 0.000000000000000000, 0.000000000000000000 ) ) ;
#5240 = DIRECTION ( 'NONE',  ( 0.000000000000000000, 0.000000000000000000, -1.000000000000000000 ) ) ;
#5241 = PLANE ( 'NONE',  #8043 ) ;
#5242 = ORIENTED_EDGE ( 'NONE', *, *, #6233, .F. ) ;
#5243 = ORIENTED_EDGE ( 'NONE', *, *, #1666, .T. ) ;
#5244 = DIRECTION ( 'NONE',  ( 1.000000000000000000, 0.000000000000000000, 0.000000000000000000 ) ) ;
#5245 = ORIENTED_EDGE ( 'NONE', *, *, #929, .F. ) ;
#5246 = DIRECTION ( 'NONE',  ( 0.000000000000000000, 0.000000000000000000, 1.000000000000000000 ) ) ;
#5247 = DIRECTION ( 'NONE',  ( 0.000000000000000000, 0.000000000000000000, 1.000000000000000000 ) ) ;
#5248 = ORIENTED_EDGE ( 'NONE', *, *, #7487, .F. ) ;
#5249 = DIRECTION ( 'NONE',  ( 0.000000000000000000, -1.000000000000000000, 0.000000000000000000 ) ) ;
#5250 = AXIS2_PLACEMENT_3D ( 'NONE', #5226, #1248, #528 ) ;
#5251 = CARTESIAN_POINT ( 'NONE',  ( -0.8657480314960629419, -0.1181102362204724532, -0.01279527559055118092 ) ) ;
#5252 = VERTEX_POINT ( 'NONE', #3699 ) ;
#5253 = EDGE_LOOP ( 'NONE', ( #382, #4950, #6973, #6463 ) ) ;
#5254 = ORIENTED_EDGE ( 'NONE', *, *, #5479, .F. ) ;
#5255 = DIMENSIONAL_EXPONENTS ( 1.000000000000000000, 0.000000000000000000, 0.000000000000000000, 0.000000000000000000, 0.000000000000000000, 0.000000000000000000, 0.000000000000000000 ) ;
#5256 = DIRECTION ( 'NONE',  ( 1.000000000000000000, 0.000000000000000000, 0.000000000000000000 ) ) ;
#5257 = LINE ( 'NONE', #1200, #7460 ) ;
#5258 = LINE ( 'NONE', #6723, #2862 ) ;
#5259 = CARTESIAN_POINT ( 'NONE',  ( -0.8303149606299212726, 0.1574803149606299191, 0.01968503937007873988 ) ) ;
#5260 = CARTESIAN_POINT ( 'NONE',  ( -0.7342519685039370358, 0.01181102362204724393, 0.01673228346456692717 ) ) ;
#5261 = AXIS2_PLACEMENT_3D ( 'NONE', #1450, #4828, #861 ) ;
#5262 = VERTEX_POINT ( 'NONE', #8308 ) ;
#5263 = ORIENTED_EDGE ( 'NONE', *, *, #5739, .T. ) ;
#5264 = EDGE_CURVE ( 'NONE', #5298, #7729, #2330, .T. ) ;
#5265 = ADVANCED_FACE ( 'NONE', ( #3733 ), #3613, .F. ) ;
#5266 = DIRECTION ( 'NONE',  ( 0.000000000000000000, 1.000000000000000000, 0.000000000000000000 ) ) ;
#5267 = DIRECTION ( 'NONE',  ( 0.000000000000000000, 1.000000000000000000, 0.000000000000000000 ) ) ;
#5268 = EDGE_CURVE ( 'NONE', #1216, #6482, #6180, .T. ) ;
#5269 = VECTOR ( 'NONE', #6029, 39.37007874015748143 ) ;
#5270 = VECTOR ( 'NONE', #828, 39.37007874015748143 ) ;
#5271 = FACE_OUTER_BOUND ( 'NONE', #3937, .T. ) ;
#5272 = FACE_OUTER_BOUND ( 'NONE', #7877, .T. ) ;
#5273 = DIRECTION ( 'NONE',  ( 1.000000000000000000, 0.000000000000000000, 0.000000000000000000 ) ) ;
#5274 = DIRECTION ( 'NONE',  ( 0.000000000000000000, -1.000000000000000000, 0.000000000000000000 ) ) ;
#5275 = ORIENTED_EDGE ( 'NONE', *, *, #6209, .T. ) ;
#5276 = VERTEX_POINT ( 'NONE', #5659 ) ;
#5277 = EDGE_LOOP ( 'NONE', ( #2806, #4008, #4726, #7544 ) ) ;
#5278 = DIRECTION ( 'NONE',  ( 1.000000000000000000, 0.000000000000000000, 0.000000000000000000 ) ) ;
#5280 = DIRECTION ( 'NONE',  ( 1.000000000000000000, 0.000000000000000000, 0.000000000000000000 ) ) ;
#5279 = AXIS2_PLACEMENT_3D ( 'NONE', #7451, #6327, #2395 ) ;
#5281 = AXIS2_PLACEMENT_3D ( 'NONE', #2615, #3939, #1380 ) ;
#5282 = EDGE_LOOP ( 'NONE', ( #4747, #5149, #2967, #2246 ) ) ;
#5283 = LINE ( 'NONE', #2037, #3231 ) ;
#5284 = EDGE_CURVE ( 'NONE', #4284, #212, #2288, .T. ) ;
#5285 = AXIS2_PLACEMENT_3D ( 'NONE', #4345, #4224, #1574 ) ;
#5286 = VERTEX_POINT ( 'NONE', #2977 ) ;
#5287 = PLANE ( 'NONE',  #389 ) ;
#5288 = LINE ( 'NONE', #805, #1875 ) ;
#5289 = CARTESIAN_POINT ( 'NONE',  ( -1.009842519685039353, 0.000000000000000000, -0.03937007874015747977 ) ) ;
#5290 = VERTEX_POINT ( 'NONE', #4900 ) ;
#5291 = ORIENTED_EDGE ( 'NONE', *, *, #2779, .F. ) ;
#5292 = PLANE ( 'NONE',  #4613 ) ;
#5293 = EDGE_LOOP ( 'NONE', ( #8100, #1751, #368, #4186 ) ) ;
#5294 = AXIS2_PLACEMENT_3D ( 'NONE', #3875, #5167, #4483 ) ;
#5295 = EDGE_CURVE ( 'NONE', #8393, #3946, #5703, .T. ) ;
#5296 = DIRECTION ( 'NONE',  ( 1.000000000000000000, 0.000000000000000000, 0.000000000000000000 ) ) ;
#5297 = APPLICATION_PROTOCOL_DEFINITION ( 'draft international standard', 'automotive_design', 1998, #2325 ) ;
#5298 = VERTEX_POINT ( 'NONE', #3579 ) ;
#5299 = DIRECTION ( 'NONE',  ( 0.000000000000000000, -1.000000000000000000, 0.000000000000000000 ) ) ;
#5300 = AXIS2_PLACEMENT_3D ( 'NONE', #2489, #7658, #7784 ) ;
#5301 = VECTOR ( 'NONE', #3436, 39.37007874015748143 ) ;
#5302 = VECTOR ( 'NONE', #3420, 39.37007874015748143 ) ;
#5303 = PLANE ( 'NONE',  #4574 ) ;
#5304 = VERTEX_POINT ( 'NONE', #4216 ) ;
#5305 = ORIENTED_EDGE ( 'NONE', *, *, #5110, .T. ) ;
#5306 = ORIENTED_EDGE ( 'NONE', *, *, #7407, .T. ) ;
#5307 = VECTOR ( 'NONE', #6046, 39.37007874015748143 ) ;
#5308 = VECTOR ( 'NONE', #5614, 39.37007874015748143 ) ;
#5309 = DIRECTION ( 'NONE',  ( 1.000000000000000000, 0.000000000000000000, 0.000000000000000000 ) ) ;
#5310 = LINE ( 'NONE', #172, #6939 ) ;
#5311 = CARTESIAN_POINT ( 'NONE',  ( -0.2342519685039370358, 0.01181102362204724393, 0.01673228346456692717 ) ) ;
#5312 = LINE ( 'NONE', #4114, #3670 ) ;
#5313 = FACE_OUTER_BOUND ( 'NONE', #975, .T. ) ;
#5314 = CARTESIAN_POINT ( 'NONE',  ( -0.7893700787401574104, 0.01181102362204724393, -0.03937007874015747977 ) ) ;
#5315 = AXIS2_PLACEMENT_3D ( 'NONE', #829, #5360, #1464 ) ;
#5316 = ORIENTED_EDGE ( 'NONE', *, *, #7386, .F. ) ;
#5317 = VERTEX_POINT ( 'NONE', #4290 ) ;
#5318 = CARTESIAN_POINT ( 'NONE',  ( -0.3342519685039370136, -0.08858267716535432601, -0.01279527559055118092 ) ) ;
#5319 = LINE ( 'NONE', #3981, #5553 ) ;
#5320 = VECTOR ( 'NONE', #5141, 39.37007874015748143 ) ;
#5321 = FACE_OUTER_BOUND ( 'NONE', #1175, .T. ) ;
#5322 = EDGE_CURVE ( 'NONE', #5945, #3233, #5581, .T. ) ;
#5323 = DIRECTION ( 'NONE',  ( 1.000000000000000000, 0.000000000000000000, 0.000000000000000000 ) ) ;
#5324 = CARTESIAN_POINT ( 'NONE',  ( -0.7785433070866142335, 0.01181102362204724393, -0.02854330708661417110 ) ) ;
#5325 = EDGE_CURVE ( 'NONE', #6244, #3708, #6337, .T. ) ;
#5326 = DIRECTION ( 'NONE',  ( 0.000000000000000000, 1.000000000000000000, 0.000000000000000000 ) ) ;
#5327 = EDGE_LOOP ( 'NONE', ( #6063, #862, #2434, #6268 ) ) ;
#5328 = EDGE_LOOP ( 'NONE', ( #3971, #764, #1370, #1569 ) ) ;
#5329 = ORIENTED_EDGE ( 'NONE', *, *, #5072, .F. ) ;
#5330 = PLANE ( 'NONE',  #6111 ) ;
#5331 = FACE_BOUND ( 'NONE', #3319, .T. ) ;
#5332 = ORIENTED_EDGE ( 'NONE', *, *, #8095, .T. ) ;
#5333 = FACE_OUTER_BOUND ( 'NONE', #832, .T. ) ;
#5334 = EDGE_CURVE ( 'NONE', #1478, #64, #8221, .T. ) ;
#5335 = ORIENTED_EDGE ( 'NONE', *, *, #6624, .T. ) ;
#5336 = CARTESIAN_POINT ( 'NONE',  ( -0.6214566929133858997, 0.01181102362204724393, 0.02854330708661417110 ) ) ;
#5337 = CARTESIAN_POINT ( 'NONE',  ( -0.4687007874015748365, 0.02165354330708661734, 0.01870078740157480462 ) ) ;
#5338 = LINE ( 'NONE', #3422, #669 ) ;
#5339 = ORIENTED_EDGE ( 'NONE', *, *, #4878, .F. ) ;
#5340 = ORIENTED_EDGE ( 'NONE', *, *, #4692, .T. ) ;
#5341 = DIRECTION ( 'NONE',  ( 0.000000000000000000, -1.000000000000000000, 0.000000000000000000 ) ) ;
#5342 = EDGE_CURVE ( 'NONE', #4261, #3433, #8185, .T. ) ;
#5343 = EDGE_LOOP ( 'NONE', ( #3627, #5106, #5597, #2924 ) ) ;
#5344 = LINE ( 'NONE', #289, #3520 ) ;
#5345 = CARTESIAN_POINT ( 'NONE',  ( 0.9499999999999999556, 0.000000000000000000, 0.000000000000000000 ) ) ;
#5346 = ORIENTED_EDGE ( 'NONE', *, *, #5966, .F. ) ;
#5347 = CARTESIAN_POINT ( 'NONE',  ( -0.3687007874015748032, 0.1574803149606299191, -0.01870078740157480462 ) ) ;
#5348 = EDGE_CURVE ( 'NONE', #7613, #8094, #2931, .T. ) ;
#5349 = EDGE_CURVE ( 'NONE', #6717, #6244, #8262, .T. ) ;
#5350 = DIRECTION ( 'NONE',  ( 0.000000000000000000, 1.000000000000000000, 0.000000000000000000 ) ) ;
#5351 = ORIENTED_EDGE ( 'NONE', *, *, #2701, .F. ) ;
#5352 = EDGE_LOOP ( 'NONE', ( #3663, #3069, #3970, #4690, #249, #6465 ) ) ;
#5353 = ORIENTED_EDGE ( 'NONE', *, *, #3554, .T. ) ;
#5354 = DIRECTION ( 'NONE',  ( -1.000000000000000000, 0.000000000000000000, 0.000000000000000000 ) ) ;
#5355 = CARTESIAN_POINT ( 'NONE',  ( -0.9814960629921259949, 0.1968503937007874127, -0.03149606299212598381 ) ) ;
#5356 = DIRECTION ( 'NONE',  ( 0.000000000000000000, -1.000000000000000000, 0.000000000000000000 ) ) ;
#5357 = CARTESIAN_POINT ( 'NONE',  ( -0.2687007874015748254, 0.02165354330708661734, 0.01870078740157480462 ) ) ;
#5358 = EDGE_CURVE ( 'NONE', #7576, #5580, #2407, .T. ) ;
#5359 = CARTESIAN_POINT ( 'NONE',  ( -0.7106299212598425896, 0.01181102362204724393, -0.03937007874015747977 ) ) ;
#5360 = DIRECTION ( 'NONE',  ( -0.000000000000000000, 0.7071067811865475727, 0.7071067811865475727 ) ) ;
#5361 = CARTESIAN_POINT ( 'NONE',  ( -0.2578740157480315376, -0.1181102362204724532, 0.01279527559055118092 ) ) ;
#5362 = VERTEX_POINT ( 'NONE', #5019 ) ;
#5363 = LINE ( 'NONE', #2379, #637 ) ;
#5364 = CARTESIAN_POINT ( 'NONE',  ( -0.9795275590551181244, 0.1574803149606299191, -0.02952755905511811330 ) ) ;
#5365 = CARTESIAN_POINT ( 'NONE',  ( -0.8696850393700786830, 0.1850393700787401619, -0.01968503937007873988 ) ) ;
#5366 = PLANE ( 'NONE',  #5801 ) ;
#5367 = DIRECTION ( 'NONE',  ( 1.000000000000000000, 0.000000000000000000, 0.000000000000000000 ) ) ;
#5368 = DIRECTION ( 'NONE',  ( 0.5773502691896257311, 0.5773502691896257311, 0.5773502691896257311 ) ) ;
#5369 = ORIENTED_EDGE ( 'NONE', *, *, #6105, .T. ) ;
#5370 = ORIENTED_EDGE ( 'NONE', *, *, #4906, .F. ) ;
#5371 = VERTEX_POINT ( 'NONE', #7621 ) ;
#5372 = LINE ( 'NONE', #1895, #7868 ) ;
#5373 = CARTESIAN_POINT ( 'NONE',  ( -0.6893700787401575436, 0.01181102362204724393, 0.03937007874015747977 ) ) ;
#5374 = ADVANCED_FACE ( 'NONE', ( #2453 ), #1724, .F. ) ;
#5375 = PLANE ( 'NONE',  #3099 ) ;
#5376 = ORIENTED_EDGE ( 'NONE', *, *, #6453, .F. ) ;
#5377 = CARTESIAN_POINT ( 'NONE',  ( -0.2785433070866141780, 0.01181102362204724393, -0.02854330708661417110 ) ) ;
#5378 = PLANE ( 'NONE',  #934 ) ;
#5379 = FACE_OUTER_BOUND ( 'NONE', #6213, .T. ) ;
#5380 = ORIENTED_EDGE ( 'NONE', *, *, #802, .T. ) ;
#5381 = VERTEX_POINT ( 'NONE', #1771 ) ;
#5382 = EDGE_CURVE ( 'NONE', #7582, #295, #6986, .T. ) ;
#5383 = CARTESIAN_POINT ( 'NONE',  ( -0.6893700787401575436, 0.000000000000000000, 0.03937007874015747977 ) ) ;
#5384 = EDGE_CURVE ( 'NONE', #4995, #2917, #1604, .T. ) ;
#5385 = VERTEX_POINT ( 'NONE', #4254 ) ;
#5386 = EDGE_CURVE ( 'NONE', #7193, #936, #7141, .T. ) ;
#5387 = PLANE ( 'NONE',  #70 ) ;
#5388 = ORIENTED_EDGE ( 'NONE', *, *, #7506, .F. ) ;
#5389 = PLANE ( 'NONE',  #5016 ) ;
#5390 = EDGE_CURVE ( 'NONE', #2141, #6911, #1211, .T. ) ;
#5391 = LINE ( 'NONE', #819, #1298 ) ;
#5392 = ORIENTED_EDGE ( 'NONE', *, *, #5935, .T. ) ;
#5393 = ORIENTED_EDGE ( 'NONE', *, *, #5686, .F. ) ;
#5394 = ORIENTED_EDGE ( 'NONE', *, *, #3696, .F. ) ;
#5395 = CARTESIAN_POINT ( 'NONE',  ( -0.3696850393700787940, 0.1574803149606299191, -0.01968503937007873988 ) ) ;
#5396 = FACE_OUTER_BOUND ( 'NONE', #4057, .T. ) ;
#5397 = VECTOR ( 'NONE', #2173, 39.37007874015748143 ) ;
#5398 = DIRECTION ( 'NONE',  ( 1.000000000000000000, 0.000000000000000000, 0.000000000000000000 ) ) ;
#5399 = CARTESIAN_POINT ( 'NONE',  ( -0.2696850393700787607, 0.1850393700787401619, -0.01968503937007873988 ) ) ;
#5400 = EDGE_CURVE ( 'NONE', #6847, #1790, #1843, .T. ) ;
#5401 = FACE_OUTER_BOUND ( 'NONE', #3026, .T. ) ;
#5402 = CARTESIAN_POINT ( 'NONE',  ( -0.4696850393700787163, 0.1850393700787401619, 0.01968503937007873988 ) ) ;
#5403 = CARTESIAN_POINT ( 'NONE',  ( -0.2785433070866141780, 0.1574803149606299191, -0.02854330708661417110 ) ) ;
#5404 = ORIENTED_EDGE ( 'NONE', *, *, #7601, .F. ) ;
#5405 = CARTESIAN_POINT ( 'NONE',  ( -1.009842519685039353, 0.000000000000000000, -0.03937007874015747977 ) ) ;
#5406 = CARTESIAN_POINT ( 'NONE',  ( -0.4795275590551181244, 0.01181102362204724393, 0.02952755905511811330 ) ) ;
#5407 = AXIS2_PLACEMENT_3D ( 'NONE', #2270, #3565, #4838 ) ;
#5408 = CARTESIAN_POINT ( 'NONE',  ( -0.6204724409448818534, 0.01181102362204724393, 0.02952755905511811330 ) ) ;
#5409 = DIRECTION ( 'NONE',  ( 1.000000000000000000, 0.000000000000000000, 0.000000000000000000 ) ) ;
#5410 = DIRECTION ( 'NONE',  ( 1.000000000000000000, 0.000000000000000000, 0.000000000000000000 ) ) ;
#5411 = CARTESIAN_POINT ( 'NONE',  ( -0.9893700787401574770, 0.01181102362204724393, 0.03937007874015747977 ) ) ;
#5412 = ORIENTED_EDGE ( 'NONE', *, *, #905, .F. ) ;
#5413 = ORIENTED_EDGE ( 'NONE', *, *, #6115, .F. ) ;
#5414 = DIRECTION ( 'NONE',  ( 1.000000000000000000, 0.000000000000000000, 0.000000000000000000 ) ) ;
#5415 = DIRECTION ( 'NONE',  ( 1.000000000000000000, 0.000000000000000000, 0.000000000000000000 ) ) ;
#5416 = LINE ( 'NONE', #704, #4872 ) ;
#5417 = EDGE_LOOP ( 'NONE', ( #730, #3295, #6221, #1641 ) ) ;
#5418 = DIRECTION ( 'NONE',  ( 0.000000000000000000, 0.000000000000000000, -1.000000000000000000 ) ) ;
#5419 = LINE ( 'NONE', #1985, #101 ) ;
#5420 = VECTOR ( 'NONE', #5204, 39.37007874015748143 ) ;
#5421 = AXIS2_PLACEMENT_3D ( 'NONE', #5817, #2654, #7818 ) ;
#5422 = FACE_OUTER_BOUND ( 'NONE', #2797, .T. ) ;
#5423 = ORIENTED_EDGE ( 'NONE', *, *, #7786, .F. ) ;
#5424 = ORIENTED_EDGE ( 'NONE', *, *, #2193, .F. ) ;
#5425 = FACE_OUTER_BOUND ( 'NONE', #2774, .T. ) ;
#5426 = ORIENTED_EDGE ( 'NONE', *, *, #6222, .F. ) ;
#5427 = AXIS2_PLACEMENT_3D ( 'NONE', #6210, #3535, #2118 ) ;
#5428 = CARTESIAN_POINT ( 'NONE',  ( -0.3204724409448818645, 0.01181102362204724393, 0.02952755905511811330 ) ) ;
#5429 = ORIENTED_EDGE ( 'NONE', *, *, #3188, .F. ) ;
#5430 = DIRECTION ( 'NONE',  ( -0.7071067811865475727, 0.7071067811865475727, 0.000000000000000000 ) ) ;
#5431 = ADVANCED_FACE ( 'NONE', ( #1970 ), #3216, .F. ) ;
#5432 = EDGE_CURVE ( 'NONE', #2456, #2217, #5096, .T. ) ;
#5433 = ADVANCED_FACE ( 'NONE', ( #2 ), #5907, .T. ) ;
#5434 = AXIS2_PLACEMENT_3D ( 'NONE', #1016, #6230, #4352 ) ;
#5435 = CARTESIAN_POINT ( 'NONE',  ( -0.4303149606299213059, 0.1850393700787401619, 0.01968503937007873988 ) ) ;
#5436 = ORIENTED_EDGE ( 'NONE', *, *, #8190, .F. ) ;
#5437 = ORIENTED_EDGE ( 'NONE', *, *, #5183, .F. ) ;
#5438 = VERTEX_POINT ( 'NONE', #1288 ) ;
#5439 = DIRECTION ( 'NONE',  ( -1.000000000000000000, 0.000000000000000000, 0.000000000000000000 ) ) ;
#5440 = FACE_OUTER_BOUND ( 'NONE', #1581, .T. ) ;
#5441 = VECTOR ( 'NONE', #4111, 39.37007874015748143 ) ;
#5442 = VECTOR ( 'NONE', #4783, 39.37007874015748143 ) ;
#5443 = DIRECTION ( 'NONE',  ( 0.000000000000000000, 0.000000000000000000, 1.000000000000000000 ) ) ;
#5444 = LINE ( 'NONE', #4800, #2569 ) ;
#5445 = EDGE_CURVE ( 'NONE', #2664, #6642, #1339, .T. ) ;
#5446 = LINE ( 'NONE', #8052, #7859 ) ;
#5447 = DIRECTION ( 'NONE',  ( -1.000000000000000000, 0.000000000000000000, 0.000000000000000000 ) ) ;
#5448 = CARTESIAN_POINT ( 'NONE',  ( -0.5721456692913385877, 0.01181102362204724393, -0.01279527559055118092 ) ) ;
#5449 = ORIENTED_EDGE ( 'NONE', *, *, #4751, .F. ) ;
#5450 = VECTOR ( 'NONE', #4159, 39.37007874015748143 ) ;
#5451 = VECTOR ( 'NONE', #2469, 39.37007874015748143 ) ;
#5452 = EDGE_CURVE ( 'NONE', #6489, #4735, #4455, .T. ) ;
#5453 = CARTESIAN_POINT ( 'NONE',  ( -0.9204724409448820088, 0.01181102362204724393, -0.02952755905511811330 ) ) ;
#5454 = AXIS2_PLACEMENT_3D ( 'NONE', #3682, #4309, #301 ) ;
#5455 = AXIS2_PLACEMENT_3D ( 'NONE', #5848, #4143, #2823 ) ;
#5456 = LINE ( 'NONE', #4717, #8110 ) ;
#5457 = CARTESIAN_POINT ( 'NONE',  ( -0.8214566929133859663, 0.1574803149606299191, 0.02854330708661417110 ) ) ;
#5458 = DIRECTION ( 'NONE',  ( 0.000000000000000000, -1.000000000000000000, 0.000000000000000000 ) ) ;
#5459 = EDGE_CURVE ( 'NONE', #1858, #1020, #7062, .T. ) ;
#5460 = ORIENTED_EDGE ( 'NONE', *, *, #2020, .F. ) ;
#5461 = CARTESIAN_POINT ( 'NONE',  ( -0.2785433070866141780, 0.1574803149606299191, -0.02854330708661417110 ) ) ;
#5462 = CARTESIAN_POINT ( 'NONE',  ( -0.8785433070866142113, 0.1574803149606299191, -0.02854330708661417110 ) ) ;
#5463 = AXIS2_PLACEMENT_3D ( 'NONE', #6705, #3996, #2043 ) ;
#5464 = DIRECTION ( 'NONE',  ( 0.000000000000000000, 0.000000000000000000, -1.000000000000000000 ) ) ;
#5465 = VERTEX_POINT ( 'NONE', #565 ) ;
#5466 = LINE ( 'NONE', #6781, #597 ) ;
#5467 = LINE ( 'NONE', #927, #1750 ) ;
#5468 = PLANE ( 'NONE',  #1220 ) ;
#5469 = ORIENTED_EDGE ( 'NONE', *, *, #3818, .F. ) ;
#5470 = ORIENTED_EDGE ( 'NONE', *, *, #776, .F. ) ;
#5471 = DIRECTION ( 'NONE',  ( 0.000000000000000000, 0.000000000000000000, -1.000000000000000000 ) ) ;
#5472 = EDGE_LOOP ( 'NONE', ( #8404, #2541, #2760, #3686 ) ) ;
#5473 = FACE_OUTER_BOUND ( 'NONE', #8220, .T. ) ;
#5475 = EDGE_CURVE ( 'NONE', #1781, #4732, #2486, .T. ) ;
#5474 = CARTESIAN_POINT ( 'NONE',  ( -0.5795275590551181022, 0.1574803149606299191, 0.02952755905511811330 ) ) ;
#5476 = ORIENTED_EDGE ( 'NONE', *, *, #5209, .T. ) ;
#5477 = VERTEX_POINT ( 'NONE', #651 ) ;
#5478 = VERTEX_POINT ( 'NONE', #8427 ) ;
#5479 = EDGE_CURVE ( 'NONE', #4370, #94, #7739, .T. ) ;
#5480 = ADVANCED_FACE ( 'NONE', ( #5185, #2618 ), #7655, .F. ) ;
#5481 = CARTESIAN_POINT ( 'NONE',  ( -0.2421259842519685179, -0.1181102362204724532, -0.01279527559055118092 ) ) ;
#5482 = CARTESIAN_POINT ( 'NONE',  ( -0.4814960629921259949, 0.1968503937007874127, -0.03149606299212598381 ) ) ;
#5483 = LINE ( 'NONE', #1459, #7186 ) ;
#5484 = CARTESIAN_POINT ( 'NONE',  ( -0.6795275590551181910, 0.1574803149606299191, 0.02952755905511811330 ) ) ;
#5485 = CARTESIAN_POINT ( 'NONE',  ( -0.9687007874015747255, 0.02165354330708661734, 0.01870078740157480462 ) ) ;
#5486 = FACE_OUTER_BOUND ( 'NONE', #5069, .T. ) ;
#5487 = LINE ( 'NONE', #2915, #2809 ) ;
#5488 = VERTEX_POINT ( 'NONE', #1807 ) ;
#5489 = EDGE_CURVE ( 'NONE', #4298, #8410, #3172, .T. ) ;
#5490 = ADVANCED_FACE ( 'NONE', ( #5778 ), #2523, .T. ) ;
#5491 = CARTESIAN_POINT ( 'NONE',  ( -0.3578740157480315154, -0.1181102362204724532, 0.004921259842519684971 ) ) ;
#5492 = CARTESIAN_POINT ( 'NONE',  ( -0.8893700787401574992, 0.01181102362204724393, 0.03937007874015747977 ) ) ;
#5493 = FACE_OUTER_BOUND ( 'NONE', #6030, .T. ) ;
#5494 = DIRECTION ( 'NONE',  ( -1.000000000000000000, 0.000000000000000000, 0.000000000000000000 ) ) ;
#5495 = EDGE_LOOP ( 'NONE', ( #7848, #223, #7750, #4563 ) ) ;
#5496 = CARTESIAN_POINT ( 'NONE',  ( -0.5303149606299212282, 0.1850393700787401619, -0.01968503937007873988 ) ) ;
#5497 = CARTESIAN_POINT ( 'NONE',  ( -0.9303149606299213614, 0.1850393700787401619, 0.01968503937007873988 ) ) ;
#5498 = CARTESIAN_POINT ( 'NONE',  ( -0.5657480314960630086, -0.1181102362204724532, -0.01279527559055118092 ) ) ;
#5499 = ORIENTED_EDGE ( 'NONE', *, *, #3332, .F. ) ;
#5500 = DIRECTION ( 'NONE',  ( 1.000000000000000000, 0.000000000000000000, 0.000000000000000000 ) ) ;
#5501 = CARTESIAN_POINT ( 'NONE',  ( -0.7578740157480314821, -0.1181102362204724532, -0.01279527559055118092 ) ) ;
#5502 = DIRECTION ( 'NONE',  ( 0.000000000000000000, 0.000000000000000000, -1.000000000000000000 ) ) ;
#5503 = ORIENTED_EDGE ( 'NONE', *, *, #6901, .F. ) ;
#5504 = ORIENTED_EDGE ( 'NONE', *, *, #1146, .T. ) ;
#5505 = CARTESIAN_POINT ( 'NONE',  ( -0.7795275590551181688, 0.1574803149606299191, -0.02952755905511811330 ) ) ;
#5506 = EDGE_LOOP ( 'NONE', ( #1076, #2116, #7087, #3159 ) ) ;
#5507 = DIRECTION ( 'NONE',  ( 1.000000000000000000, 0.000000000000000000, 0.000000000000000000 ) ) ;
#5508 = CARTESIAN_POINT ( 'NONE',  ( -0.4755905511811023834, 0.1909448818897638012, 0.000000000000000000 ) ) ;
#5509 = ORIENTED_EDGE ( 'NONE', *, *, #3060, .F. ) ;
#5510 = EDGE_LOOP ( 'NONE', ( #3371, #419, #7895, #7391 ) ) ;
#5511 = VERTEX_POINT ( 'NONE', #7782 ) ;
#5512 = CARTESIAN_POINT ( 'NONE',  ( -0.2312992125984252023, 0.000000000000000000, 0.000000000000000000 ) ) ;
#5513 = DIRECTION ( 'NONE',  ( 0.000000000000000000, 0.000000000000000000, 1.000000000000000000 ) ) ;
#5514 = LINE ( 'NONE', #1585, #5696 ) ;
#5515 = FACE_OUTER_BOUND ( 'NONE', #3661, .T. ) ;
#5516 = DIRECTION ( 'NONE',  ( 0.000000000000000000, 0.000000000000000000, -1.000000000000000000 ) ) ;
#5517 = FACE_OUTER_BOUND ( 'NONE', #3504, .T. ) ;
#5518 = ORIENTED_EDGE ( 'NONE', *, *, #5054, .F. ) ;
#5519 = ORIENTED_EDGE ( 'NONE', *, *, #8446, .F. ) ;
#5520 = VECTOR ( 'NONE', #182, 39.37007874015748143 ) ;
#5521 = DIRECTION ( 'NONE',  ( 0.000000000000000000, 1.000000000000000000, 0.000000000000000000 ) ) ;
#5522 = FACE_OUTER_BOUND ( 'NONE', #7928, .T. ) ;
#5523 = DIRECTION ( 'NONE',  ( 1.000000000000000000, 0.000000000000000000, 0.000000000000000000 ) ) ;
#5524 = DIRECTION ( 'NONE',  ( 0.000000000000000000, 0.000000000000000000, 1.000000000000000000 ) ) ;
#5525 = EDGE_CURVE ( 'NONE', #5772, #7805, #1164, .T. ) ;
#5526 = EDGE_CURVE ( 'NONE', #6847, #5234, #6551, .T. ) ;
#5527 = ORIENTED_EDGE ( 'NONE', *, *, #6535, .F. ) ;
#5528 = EDGE_CURVE ( 'NONE', #5910, #3621, #5745, .T. ) ;
#5529 = CARTESIAN_POINT ( 'NONE',  ( -0.2303149606299212671, 0.1850393700787401619, -0.01968503937007873988 ) ) ;
#5530 = LINE ( 'NONE', #8132, #6356 ) ;
#5531 = VECTOR ( 'NONE', #427, 39.37007874015748143 ) ;
#5532 = VECTOR ( 'NONE', #5523, 39.37007874015748143 ) ;
#5533 = VERTEX_POINT ( 'NONE', #2071 ) ;
#5534 = CARTESIAN_POINT ( 'NONE',  ( -0.9657480314960630308, -0.08858267716535432601, -0.01279527559055118092 ) ) ;
#5535 = DIRECTION ( 'NONE',  ( 0.000000000000000000, -1.000000000000000000, 0.000000000000000000 ) ) ;
#5536 = EDGE_CURVE ( 'NONE', #6389, #295, #6691, .T. ) ;
#5537 = LINE ( 'NONE', #405, #5723 ) ;
#5538 = ORIENTED_EDGE ( 'NONE', *, *, #776, .T. ) ;
#5539 = VECTOR ( 'NONE', #4067, 39.37007874015748854 ) ;
#5540 = ORIENTED_EDGE ( 'NONE', *, *, #5202, .T. ) ;
#5541 = EDGE_CURVE ( 'NONE', #546, #4284, #7273, .T. ) ;
#5542 = DIRECTION ( 'NONE',  ( 0.000000000000000000, -1.000000000000000000, 0.000000000000000000 ) ) ;
#5543 = VECTOR ( 'NONE', #3593, 39.37007874015748143 ) ;
#5544 = AXIS2_PLACEMENT_3D ( 'NONE', #8225, #8267, #1811 ) ;
#5545 = ORIENTED_EDGE ( 'NONE', *, *, #2784, .F. ) ;
#5546 = LINE ( 'NONE', #6912, #5978 ) ;
#5547 = DIRECTION ( 'NONE',  ( 1.000000000000000000, 0.000000000000000000, 0.000000000000000000 ) ) ;
#5548 = EDGE_CURVE ( 'NONE', #7816, #715, #5456, .T. ) ;
#5549 = ORIENTED_EDGE ( 'NONE', *, *, #4576, .T. ) ;
#5550 = DIRECTION ( 'NONE',  ( 0.000000000000000000, 1.000000000000000000, 0.000000000000000000 ) ) ;
#5551 = EDGE_LOOP ( 'NONE', ( #2644, #883, #2902, #5413 ) ) ;
#5552 = AXIS2_PLACEMENT_3D ( 'NONE', #801, #7833, #5917 ) ;
#5553 = VECTOR ( 'NONE', #5223, 39.37007874015748143 ) ;
#5554 = CARTESIAN_POINT ( 'NONE',  ( -0.8814960629921260171, 0.1968503937007874127, -0.03149606299212598381 ) ) ;
#5555 = DIRECTION ( 'NONE',  ( 1.000000000000000000, 0.000000000000000000, 0.000000000000000000 ) ) ;
#5556 = FACE_OUTER_BOUND ( 'NONE', #2177, .T. ) ;
#5557 = FACE_OUTER_BOUND ( 'NONE', #2594, .T. ) ;
#5558 = VECTOR ( 'NONE', #7122, 39.37007874015748143 ) ;
#5559 = VECTOR ( 'NONE', #2481, 39.37007874015748143 ) ;
#5560 = DIRECTION ( 'NONE',  ( 0.000000000000000000, 1.000000000000000000, 0.000000000000000000 ) ) ;
#5561 = DIRECTION ( 'NONE',  ( 1.000000000000000000, 0.000000000000000000, 0.000000000000000000 ) ) ;
#5562 = ORIENTED_EDGE ( 'NONE', *, *, #628, .T. ) ;
#5563 = ORIENTED_EDGE ( 'NONE', *, *, #8062, .F. ) ;
#5564 = VECTOR ( 'NONE', #3622, 39.37007874015748143 ) ;
#5565 = VECTOR ( 'NONE', #2015, 39.37007874015748143 ) ;
#5566 = LINE ( 'NONE', #2393, #4885 ) ;
#5567 = PLANE ( 'NONE',  #4471 ) ;
#5568 = CARTESIAN_POINT ( 'NONE',  ( -0.6312992125984252523, 0.02165354330708661734, -0.01870078740157480462 ) ) ;
#5569 = FACE_BOUND ( 'NONE', #4831, .T. ) ;
#5570 = AXIS2_PLACEMENT_3D ( 'NONE', #7114, #1855, #3281 ) ;
#5571 = VECTOR ( 'NONE', #1238, 39.37007874015748143 ) ;
#5572 = VECTOR ( 'NONE', #3995, 39.37007874015748143 ) ;
#5573 = ORIENTED_EDGE ( 'NONE', *, *, #2284, .T. ) ;
#5574 = CARTESIAN_POINT ( 'NONE',  ( -0.7687007874015748810, 0.02165354330708661734, -0.01870078740157480462 ) ) ;
#5575 = CARTESIAN_POINT ( 'NONE',  ( -0.6342519685039369470, -0.08858267716535432601, 0.01279527559055118092 ) ) ;
#5576 = ADVANCED_FACE ( 'NONE', ( #8009 ), #3353, .T. ) ;
#5577 = AXIS2_PLACEMENT_3D ( 'NONE', #8461, #1240, #3205 ) ;
#5578 = VECTOR ( 'NONE', #90, 39.37007874015748143 ) ;
#5579 = EDGE_CURVE ( 'NONE', #1439, #6999, #1473, .T. ) ;
#5580 = VERTEX_POINT ( 'NONE', #2204 ) ;
#5581 = LINE ( 'NONE', #439, #7290 ) ;
#5582 = DIRECTION ( 'NONE',  ( 1.000000000000000000, 0.000000000000000000, 0.000000000000000000 ) ) ;
#5583 = CARTESIAN_POINT ( 'NONE',  ( -0.3303149606299212726, 0.1850393700787401619, -0.01968503937007873988 ) ) ;
#5584 = ORIENTED_EDGE ( 'NONE', *, *, #7297, .T. ) ;
#5585 = EDGE_LOOP ( 'NONE', ( #1036, #8171, #2350, #662 ) ) ;
#5586 = ORIENTED_EDGE ( 'NONE', *, *, #5579, .F. ) ;
#5587 = EDGE_CURVE ( 'NONE', #30, #5977, #2847, .T. ) ;
#5588 = CARTESIAN_POINT ( 'NONE',  ( -0.7106299212598425896, 0.000000000000000000, 0.03937007874015747977 ) ) ;
#5589 = VECTOR ( 'NONE', #3944, 39.37007874015748143 ) ;
#5590 = VERTEX_POINT ( 'NONE', #6731 ) ;
#5591 = CARTESIAN_POINT ( 'NONE',  ( -0.4106299212598425452, 0.000000000000000000, -0.03937007874015747977 ) ) ;
#5592 = ADVANCED_FACE ( 'NONE', ( #5272 ), #1555, .F. ) ;
#5593 = EDGE_CURVE ( 'NONE', #1193, #3955, #836, .T. ) ;
#5594 = CARTESIAN_POINT ( 'NONE',  ( -0.9696850393700787718, 0.1850393700787401619, 0.01968503937007873988 ) ) ;
#5595 = EDGE_LOOP ( 'NONE', ( #123, #1499, #17, #5449 ) ) ;
#5596 = LINE ( 'NONE', #2345, #7595 ) ;
#5597 = ORIENTED_EDGE ( 'NONE', *, *, #4325, .F. ) ;
#5598 = ADVANCED_FACE ( 'NONE', ( #3406 ), #5366, .T. ) ;
#5599 = LINE ( 'NONE', #4392, #7036 ) ;
#5600 = DIRECTION ( 'NONE',  ( 0.000000000000000000, 0.000000000000000000, -1.000000000000000000 ) ) ;
#5601 = EDGE_CURVE ( 'NONE', #7661, #1398, #5953, .T. ) ;
#5602 = VERTEX_POINT ( 'NONE', #2024 ) ;
#5603 = LINE ( 'NONE', #6238, #4201 ) ;
#5604 = CARTESIAN_POINT ( 'NONE',  ( -0.3785433070866142113, 0.1574803149606299191, 0.02854330708661417110 ) ) ;
#5605 = EDGE_CURVE ( 'NONE', #4220, #4870, #7368, .T. ) ;
#5606 = LINE ( 'NONE', #7837, #7489 ) ;
#5607 = CARTESIAN_POINT ( 'NONE',  ( -0.2106299212598425064, 0.000000000000000000, 0.03937007874015747977 ) ) ;
#5608 = ORIENTED_EDGE ( 'NONE', *, *, #5348, .F. ) ;
#5609 = ORIENTED_EDGE ( 'NONE', *, *, #8344, .T. ) ;
#5610 = DIRECTION ( 'NONE',  ( -0.7071067811865975328, 0.7071067811864976127, 0.000000000000000000 ) ) ;
#5611 = ADVANCED_FACE ( 'NONE', ( #89 ), #6047, .T. ) ;
#5612 = CARTESIAN_POINT ( 'NONE',  ( -0.5814960629921259727, 0.1968503937007874127, -0.03149606299212598381 ) ) ;
#5613 = DIRECTION ( 'NONE',  ( 1.000000000000000000, 0.000000000000000000, 0.000000000000000000 ) ) ;
#5614 = DIRECTION ( 'NONE',  ( 1.000000000000000000, 0.000000000000000000, 0.000000000000000000 ) ) ;
#5615 = ORIENTED_EDGE ( 'NONE', *, *, #7295, .F. ) ;
#5616 = CARTESIAN_POINT ( 'NONE',  ( -0.4204724409448818978, 0.01181102362204724393, 0.02952755905511811330 ) ) ;
#5617 = CARTESIAN_POINT ( 'NONE',  ( -0.4204724409448818978, 0.1574803149606299191, -0.02952755905511811330 ) ) ;
#5618 = ORIENTED_EDGE ( 'NONE', *, *, #2358, .F. ) ;
#5619 = DIRECTION ( 'NONE',  ( 0.000000000000000000, -1.000000000000000000, 0.000000000000000000 ) ) ;
#5620 = CARTESIAN_POINT ( 'NONE',  ( -0.4657480314960630308, 0.01181102362204724393, 0.004921259842519684971 ) ) ;
#5621 = CARTESIAN_POINT ( 'NONE',  ( -0.7657480314960629642, 0.01181102362204724393, -0.01279527559055118092 ) ) ;
#5622 = ORIENTED_EDGE ( 'NONE', *, *, #255, .T. ) ;
#5623 = DIRECTION ( 'NONE',  ( 1.000000000000000000, 0.000000000000000000, 0.000000000000000000 ) ) ;
#5624 = EDGE_LOOP ( 'NONE', ( #2634, #1649, #1503, #287 ) ) ;
#5625 = EDGE_CURVE ( 'NONE', #6643, #7349, #874, .T. ) ;
#5626 = EDGE_LOOP ( 'NONE', ( #1264, #3330, #4324, #7578, #67, #7053 ) ) ;
#5627 = CARTESIAN_POINT ( 'NONE',  ( -0.7303149606299212948, 0.1574803149606299191, 0.01968503937007873988 ) ) ;
#5628 = ORIENTED_EDGE ( 'NONE', *, *, #1779, .F. ) ;
#5629 = FACE_OUTER_BOUND ( 'NONE', #7694, .T. ) ;
#5630 = ADVANCED_FACE ( 'NONE', ( #1517 ), #4122, .F. ) ;
#5631 = EDGE_CURVE ( 'NONE', #5670, #6641, #6088, .T. ) ;
#5632 = FACE_BOUND ( 'NONE', #2003, .T. ) ;
#5633 = VERTEX_POINT ( 'NONE', #3529 ) ;
#5634 = ADVANCED_FACE ( 'NONE', ( #6139 ), #1382, .T. ) ;
#5635 = DIRECTION ( 'NONE',  ( 0.000000000000000000, 1.000000000000000000, 0.000000000000000000 ) ) ;
#5636 = VERTEX_POINT ( 'NONE', #5568 ) ;
#5637 = CARTESIAN_POINT ( 'NONE',  ( -0.4421259842519685290, -0.1181102362204724532, -0.004921259842519684971 ) ) ;
#5638 = LINE ( 'NONE', #6281, #1874 ) ;
#5639 = EDGE_CURVE ( 'NONE', #3423, #3914, #6977, .T. ) ;
#5640 = ORIENTED_EDGE ( 'NONE', *, *, #5203, .F. ) ;
#5641 = CARTESIAN_POINT ( 'NONE',  ( -0.7106299212598425896, 0.01181102362204724393, 0.03937007874015747977 ) ) ;
#5642 = PLANE ( 'NONE',  #3066 ) ;
#5643 = PLANE ( 'NONE',  #525 ) ;
#5644 = DIRECTION ( 'NONE',  ( -0.7071067811865475727, 0.7071067811865475727, 0.000000000000000000 ) ) ;
#5645 = ORIENTED_EDGE ( 'NONE', *, *, #2079, .T. ) ;
#5646 = ORIENTED_EDGE ( 'NONE', *, *, #599, .F. ) ;
#5647 = LINE ( 'NONE', #6326, #8299 ) ;
#5648 = EDGE_CURVE ( 'NONE', #2724, #6367, #6935, .T. ) ;
#5649 = DIRECTION ( 'NONE',  ( -0.2576626505603140105, 0.9662349396012511749, 0.000000000000000000 ) ) ;
#5650 = DIRECTION ( 'NONE',  ( 0.000000000000000000, 0.000000000000000000, 1.000000000000000000 ) ) ;
#5651 = CARTESIAN_POINT ( 'NONE',  ( -0.9342519685039371025, -0.08858267716535432601, 0.01279527559055118092 ) ) ;
#5652 = CARTESIAN_POINT ( 'NONE',  ( -0.8312992125984252079, 0.1574803149606299191, -0.01870078740157480462 ) ) ;
#5653 = ORIENTED_EDGE ( 'NONE', *, *, #1587, .T. ) ;
#5654 = LINE ( 'NONE', #6297, #6234 ) ;
#5655 = LINE ( 'NONE', #7056, #8007 ) ;
#5656 = EDGE_CURVE ( 'NONE', #3201, #7834, #8178, .T. ) ;
#5657 = VECTOR ( 'NONE', #5820, 39.37007874015748143 ) ;
#5658 = VERTEX_POINT ( 'NONE', #5651 ) ;
#5659 = CARTESIAN_POINT ( 'NONE',  ( -0.8893700787401574992, 0.000000000000000000, 0.03937007874015747977 ) ) ;
#5660 = CARTESIAN_POINT ( 'NONE',  ( -0.3795275590551180911, 0.01181102362204724393, -0.02952755905511811330 ) ) ;
#5661 = DIRECTION ( 'NONE',  ( 0.000000000000000000, -1.000000000000000000, 0.000000000000000000 ) ) ;
#5662 = ORIENTED_EDGE ( 'NONE', *, *, #2842, .T. ) ;
#5663 = PLANE ( 'NONE',  #5544 ) ;
#5664 = ORIENTED_EDGE ( 'NONE', *, *, #5980, .F. ) ;
#5665 = ORIENTED_EDGE ( 'NONE', *, *, #6611, .F. ) ;
#5666 = CARTESIAN_POINT ( 'NONE',  ( -0.7214566929133858775, 0.1574803149606299191, -0.02854330708661417110 ) ) ;
#5667 = ORIENTED_EDGE ( 'NONE', *, *, #5525, .T. ) ;
#5668 = CARTESIAN_POINT ( 'NONE',  ( -1.009842534703531580, 0.000000000000000000, 0.03937007874015747977 ) ) ;
#5669 = VECTOR ( 'NONE', #1596, 39.37007874015748143 ) ;
#5670 = VERTEX_POINT ( 'NONE', #4967 ) ;
#5671 = CARTESIAN_POINT ( 'NONE',  ( -1.009842519685039353, 0.01181102362204724393, 0.03937007874015747977 ) ) ;
#5672 = ORIENTED_EDGE ( 'NONE', *, *, #7819, .T. ) ;
#5673 = VECTOR ( 'NONE', #1977, 39.37007874015748143 ) ;
#5674 = ADVANCED_FACE ( 'NONE', ( #7442 ), #6250, .T. ) ;
#5675 = CARTESIAN_POINT ( 'NONE',  ( -0.3106299212598425119, 0.01181102362204724393, 0.03937007874015747977 ) ) ;
#5676 = CARTESIAN_POINT ( 'NONE',  ( -0.2214566929133858220, 0.01181102362204724393, 0.02854330708661417110 ) ) ;
#5677 = VERTEX_POINT ( 'NONE', #2277 ) ;
#5678 = LINE ( 'NONE', #6319, #6371 ) ;
#5679 = EDGE_CURVE ( 'NONE', #7662, #5276, #433, .T. ) ;
#5680 = FACE_OUTER_BOUND ( 'NONE', #2406, .T. ) ;
#5681 = VECTOR ( 'NONE', #6404, 39.37007874015748143 ) ;
#5682 = LINE ( 'NONE', #4397, #1158 ) ;
#5683 = EDGE_LOOP ( 'NONE', ( #8165, #1906, #4855, #8227 ) ) ;
#5684 = VERTEX_POINT ( 'NONE', #1120 ) ;
#5685 = DIRECTION ( 'NONE',  ( 0.000000000000000000, 1.000000000000000000, 0.000000000000000000 ) ) ;
#5686 = EDGE_CURVE ( 'NONE', #2271, #5856, #4888, .T. ) ;
#5687 = AXIS2_PLACEMENT_3D ( 'NONE', #5498, #1118, #923 ) ;
#5688 = AXIS2_PLACEMENT_3D ( 'NONE', #609, #1295, #3275 ) ;
#5689 = LINE ( 'NONE', #3084, #7326 ) ;
#5690 = LINE ( 'NONE', #6450, #6673 ) ;
#5691 = DIRECTION ( 'NONE',  ( 0.000000000000000000, 0.000000000000000000, -1.000000000000000000 ) ) ;
#5692 = LINE ( 'NONE', #6936, #5993 ) ;
#5693 = ORIENTED_EDGE ( 'NONE', *, *, #2495, .F. ) ;
#5694 = EDGE_CURVE ( 'NONE', #1730, #28, #2323, .T. ) ;
#5695 = DIRECTION ( 'NONE',  ( 0.000000000000000000, 0.000000000000000000, -1.000000000000000000 ) ) ;
#5697 = LINE ( 'NONE', #6333, #7455 ) ;
#5696 = VECTOR ( 'NONE', #6038, 39.37007874015748143 ) ;
#5698 = VECTOR ( 'NONE', #4630, 39.37007874015748854 ) ;
#5699 = LINE ( 'NONE', #5225, #108 ) ;
#5700 = VECTOR ( 'NONE', #5994, 39.37007874015748143 ) ;
#5701 = VECTOR ( 'NONE', #1605, 39.37007874015748143 ) ;
#5702 = VERTEX_POINT ( 'NONE', #1034 ) ;
#5703 = LINE ( 'NONE', #4376, #7831 ) ;
#5704 = EDGE_CURVE ( 'NONE', #2422, #3639, #8215, .T. ) ;
#5705 = DIRECTION ( 'NONE',  ( 0.7071067811865475727, 0.7071067811865475727, 0.000000000000000000 ) ) ;
#5706 = CARTESIAN_POINT ( 'NONE',  ( -0.8342519685039370136, 0.01181102362204724393, 0.01279527559055118092 ) ) ;
#5707 = ORIENTED_EDGE ( 'NONE', *, *, #6624, .F. ) ;
#5708 = DIRECTION ( 'NONE',  ( 0.000000000000000000, 1.000000000000000000, 0.000000000000000000 ) ) ;
#5709 = EDGE_LOOP ( 'NONE', ( #6468, #3012, #4712, #6084 ) ) ;
#5710 = AXIS2_PLACEMENT_3D ( 'NONE', #6437, #3786, #3150 ) ;
#5711 = ORIENTED_EDGE ( 'NONE', *, *, #1412, .F. ) ;
#5712 = VECTOR ( 'NONE', #5174, 39.37007874015748143 ) ;
#5713 = VECTOR ( 'NONE', #5870, 39.37007874015748143 ) ;
#5714 = CARTESIAN_POINT ( 'NONE',  ( -0.2106299212598425064, 0.01181102362204724393, -0.03937007874015747977 ) ) ;
#5715 = VERTEX_POINT ( 'NONE', #6817 ) ;
#5716 = CARTESIAN_POINT ( 'NONE',  ( -0.3342519685039370136, 0.01181102362204724393, 0.01673228346456692717 ) ) ;
#5717 = CARTESIAN_POINT ( 'NONE',  ( -0.8342519685039370136, 0.01181102362204724393, -0.01279527559055118092 ) ) ;
#5718 = VECTOR ( 'NONE', #3131, 39.37007874015748143 ) ;
#5719 = VECTOR ( 'NONE', #2954, 39.37007874015748854 ) ;
#5720 = ORIENTED_EDGE ( 'NONE', *, *, #2302, .T. ) ;
#5721 = CARTESIAN_POINT ( 'NONE',  ( -0.9696850393700787718, 0.1968503937007874127, 0.01968503937007873988 ) ) ;
#5722 = EDGE_LOOP ( 'NONE', ( #5540, #1593, #7502, #4100 ) ) ;
#5723 = VECTOR ( 'NONE', #4293, 39.37007874015748143 ) ;
#5724 = DIRECTION ( 'NONE',  ( 0.000000000000000000, 0.000000000000000000, 1.000000000000000000 ) ) ;
#5725 = LINE ( 'NONE', #545, #3664 ) ;
#5726 = ORIENTED_EDGE ( 'NONE', *, *, #7450, .T. ) ;
#5727 = DIRECTION ( 'NONE',  ( 1.000000000000000000, 0.000000000000000000, 0.000000000000000000 ) ) ;
#5728 = CARTESIAN_POINT ( 'NONE',  ( -0.1901575223667417436, 0.1968503937007874127, -0.04921259842519685318 ) ) ;
#5729 = ORIENTED_EDGE ( 'NONE', *, *, #5382, .T. ) ;
#5730 = ORIENTED_EDGE ( 'NONE', *, *, #218, .F. ) ;
#5731 = EDGE_CURVE ( 'NONE', #5166, #258, #2398, .T. ) ;
#5732 = ADVANCED_FACE ( 'NONE', ( #1639 ), #8127, .F. ) ;
#5733 = CARTESIAN_POINT ( 'NONE',  ( -0.4893700787401574770, 0.01181102362204724393, 0.03937007874015747977 ) ) ;
#5734 = DIRECTION ( 'NONE',  ( 0.000000000000000000, -1.000000000000000000, 0.000000000000000000 ) ) ;
#5735 = LINE ( 'NONE', #5861, #1490 ) ;
#5736 = PLANE ( 'NONE',  #4580 ) ;
#5737 = CARTESIAN_POINT ( 'NONE',  ( -0.5106299212598425230, 0.01181102362204724393, 0.03937007874015747977 ) ) ;
#5738 = ORIENTED_EDGE ( 'NONE', *, *, #218, .T. ) ;
#5739 = EDGE_CURVE ( 'NONE', #4148, #200, #1675, .T. ) ;
#5740 = EDGE_CURVE ( 'NONE', #3384, #4927, #4282, .T. ) ;
#5741 = PLANE ( 'NONE',  #8279 ) ;
#5742 = PLANE ( 'NONE',  #3376 ) ;
#5743 = CARTESIAN_POINT ( 'NONE',  ( -0.5721456692913385877, 0.01181102362204724393, 0.01279527559055118092 ) ) ;
#5744 = EDGE_CURVE ( 'NONE', #6609, #8457, #2888, .T. ) ;
#5745 = LINE ( 'NONE', #1424, #5926 ) ;
#5746 = FACE_OUTER_BOUND ( 'NONE', #7393, .T. ) ;
#5747 = FACE_OUTER_BOUND ( 'NONE', #1900, .T. ) ;
#5748 = EDGE_LOOP ( 'NONE', ( #7539, #1115, #8230, #3291 ) ) ;
#5749 = DIRECTION ( 'NONE',  ( -0.9662349396012511749, -0.2576626505603140105, 0.000000000000000000 ) ) ;
#5750 = ORIENTED_EDGE ( 'NONE', *, *, #1237, .F. ) ;
#5751 = EDGE_LOOP ( 'NONE', ( #1270, #4051, #7463, #257 ) ) ;
#5752 = DIRECTION ( 'NONE',  ( 0.000000000000000000, -1.000000000000000000, 0.000000000000000000 ) ) ;
#5753 = ORIENTED_EDGE ( 'NONE', *, *, #4396, .F. ) ;
#5754 = CARTESIAN_POINT ( 'NONE',  ( -0.9785433070866141891, 0.000000000000000000, 0.000000000000000000 ) ) ;
#5755 = ORIENTED_EDGE ( 'NONE', *, *, #82, .F. ) ;
#5756 = CARTESIAN_POINT ( 'NONE',  ( -0.9657480314960630308, 0.01181102362204724393, 0.01279527559055118092 ) ) ;
#5757 = ORIENTED_EDGE ( 'NONE', *, *, #5004, .F. ) ;
#5758 = EDGE_CURVE ( 'NONE', #2369, #4796, #4368, .T. ) ;
#5759 = FACE_OUTER_BOUND ( 'NONE', #7110, .T. ) ;
#5760 = CARTESIAN_POINT ( 'NONE',  ( -1.009842519685039353, 0.000000000000000000, -0.04921259842519685318 ) ) ;
#5761 = ORIENTED_EDGE ( 'NONE', *, *, #1274, .T. ) ;
#5762 = DIRECTION ( 'NONE',  ( 1.000000000000000000, 0.000000000000000000, 0.000000000000000000 ) ) ;
#5763 = PRODUCT ( '8er Pin Header Female', '8er Pin Header Female', '', ( #858 ) ) ;
#5764 = DIRECTION ( 'NONE',  ( 1.000000000000000000, 0.000000000000000000, 0.000000000000000000 ) ) ;
#5765 = EDGE_LOOP ( 'NONE', ( #2452, #1428, #6109, #8411 ) ) ;
#5766 = VERTEX_POINT ( 'NONE', #3690 ) ;
#5767 = CARTESIAN_POINT ( 'NONE',  ( -0.9687007874015747255, 0.02165354330708661734, 0.01870078740157480462 ) ) ;
#5768 = LINE ( 'NONE', #3807, #6378 ) ;
#5769 = DIRECTION ( 'NONE',  ( 1.000000000000000000, 0.000000000000000000, 0.000000000000000000 ) ) ;
#5770 = CARTESIAN_POINT ( 'NONE',  ( -0.4687007874015748365, 0.1574803149606299191, 0.01870078740157480462 ) ) ;
#5771 = CARTESIAN_POINT ( 'NONE',  ( -0.2657480314960630197, -0.08858267716535432601, 0.01279527559055118092 ) ) ;
#5772 = VERTEX_POINT ( 'NONE', #5010 ) ;
#5773 = CARTESIAN_POINT ( 'NONE',  ( -0.6785433070866142558, 0.1574803149606299191, 0.02854330708661417110 ) ) ;
#5774 = DIRECTION ( 'NONE',  ( 1.000000000000000000, 0.000000000000000000, 0.000000000000000000 ) ) ;
#5775 = DIRECTION ( 'NONE',  ( -1.000000000000000000, 0.000000000000000000, 0.000000000000000000 ) ) ;
#5776 = EDGE_CURVE ( 'NONE', #2217, #8094, #7608, .T. ) ;
#5777 = EDGE_CURVE ( 'NONE', #5286, #6376, #3726, .T. ) ;
#5778 = FACE_OUTER_BOUND ( 'NONE', #1044, .T. ) ;
#5779 = DIRECTION ( 'NONE',  ( 0.000000000000000000, 0.000000000000000000, 1.000000000000000000 ) ) ;
#5780 = EDGE_CURVE ( 'NONE', #295, #1663, #8334, .T. ) ;
#5781 = CARTESIAN_POINT ( 'NONE',  ( -0.7312992125984252301, 0.1574803149606299191, -0.01870078740157480462 ) ) ;
#5782 = EDGE_LOOP ( 'NONE', ( #6868, #6871, #10, #5045 ) ) ;
#5783 = FACE_OUTER_BOUND ( 'NONE', #7277, .T. ) ;
#5784 = ORIENTED_EDGE ( 'NONE', *, *, #3695, .F. ) ;
#5785 = FACE_OUTER_BOUND ( 'NONE', #3313, .T. ) ;
#5786 = ORIENTED_EDGE ( 'NONE', *, *, #7695, .T. ) ;
#5787 = AXIS2_PLACEMENT_3D ( 'NONE', #6472, #7154, #7379 ) ;
#5788 = LINE ( 'NONE', #5834, #6364 ) ;
#5789 = EDGE_CURVE ( 'NONE', #924, #7299, #3884, .T. ) ;
#5790 = EDGE_LOOP ( 'NONE', ( #7044, #4651, #822, #5835 ) ) ;
#5791 = FACE_OUTER_BOUND ( 'NONE', #848, .T. ) ;
#5792 = CARTESIAN_POINT ( 'NONE',  ( -1.009842519685039353, 0.1968503937007874127, 0.04921259842519685318 ) ) ;
#5793 = EDGE_LOOP ( 'NONE', ( #8385, #5201, #4556, #1504 ) ) ;
#5794 = CARTESIAN_POINT ( 'NONE',  ( -0.5657480314960630086, 0.01181102362204724393, 0.01279527559055118092 ) ) ;
#5795 = ADVANCED_FACE ( 'NONE', ( #640 ), #1156, .T. ) ;
#5796 = ORIENTED_EDGE ( 'NONE', *, *, #1091, .F. ) ;
#5797 = DIRECTION ( 'NONE',  ( 0.000000000000000000, 0.000000000000000000, 1.000000000000000000 ) ) ;
#5798 = DIRECTION ( 'NONE',  ( 0.000000000000000000, 0.000000000000000000, -1.000000000000000000 ) ) ;
#5799 = VECTOR ( 'NONE', #4312, 39.37007874015748143 ) ;
#5800 = EDGE_LOOP ( 'NONE', ( #5018, #1159, #7600, #1910 ) ) ;
#5801 = AXIS2_PLACEMENT_3D ( 'NONE', #7870, #2158, #4770 ) ;
#5802 = CARTESIAN_POINT ( 'NONE',  ( -0.7795275590551181688, 0.01181102362204724393, -0.02952755905511811330 ) ) ;
#5803 = EDGE_CURVE ( 'NONE', #2981, #8410, #7682, .T. ) ;
#5804 = CARTESIAN_POINT ( 'NONE',  ( -1.009842519685039353, 0.01181102362204724393, -0.04921259842519685318 ) ) ;
#5805 = ORIENTED_EDGE ( 'NONE', *, *, #5382, .F. ) ;
#5806 = ORIENTED_EDGE ( 'NONE', *, *, #2308, .F. ) ;
#5807 = ORIENTED_EDGE ( 'NONE', *, *, #4905, .T. ) ;
#5808 = VECTOR ( 'NONE', #6017, 39.37007874015748143 ) ;
#5809 = PLANE ( 'NONE',  #2022 ) ;
#5810 = CARTESIAN_POINT ( 'NONE',  ( -1.009842519685039353, 0.000000000000000000, 0.04921259842519685318 ) ) ;
#5811 = LINE ( 'NONE', #3258, #4078 ) ;
#5812 = VECTOR ( 'NONE', #8449, 39.37007874015748143 ) ;
#5813 = DIRECTION ( 'NONE',  ( 0.000000000000000000, 0.000000000000000000, 1.000000000000000000 ) ) ;
#5814 = DIRECTION ( 'NONE',  ( 0.000000000000000000, -1.000000000000000000, 0.000000000000000000 ) ) ;
#5815 = DIRECTION ( 'NONE',  ( 0.000000000000000000, 1.000000000000000000, 0.000000000000000000 ) ) ;
#5816 = CARTESIAN_POINT ( 'NONE',  ( -0.5214566929133858109, 0.01181102362204724393, -0.02854330708661417110 ) ) ;
#5817 = CARTESIAN_POINT ( 'NONE',  ( -0.4657480314960630308, -0.1181102362204724532, -0.01279527559055118092 ) ) ;
#5818 = VECTOR ( 'NONE', #6052, 39.37007874015748143 ) ;
#5819 = LINE ( 'NONE', #5184, #4890 ) ;
#5820 = DIRECTION ( 'NONE',  ( 0.000000000000000000, 0.000000000000000000, -1.000000000000000000 ) ) ;
#5821 = CARTESIAN_POINT ( 'NONE',  ( -0.6785433070866142558, 0.1574803149606299191, 0.02854330708661417110 ) ) ;
#5822 = VECTOR ( 'NONE', #8460, 39.37007874015748143 ) ;
#5823 = DIRECTION ( 'NONE',  ( 1.000000000000000000, 0.000000000000000000, 0.000000000000000000 ) ) ;
#5824 = ORIENTED_EDGE ( 'NONE', *, *, #2341, .F. ) ;
#5825 = EDGE_LOOP ( 'NONE', ( #5896, #7112, #4354, #6708 ) ) ;
#5826 = EDGE_LOOP ( 'NONE', ( #3741, #472, #3226, #613 ) ) ;
#5827 = PLANE ( 'NONE',  #3100 ) ;
#5828 = FACE_BOUND ( 'NONE', #900, .T. ) ;
#5829 = EDGE_CURVE ( 'NONE', #2163, #4385, #1922, .T. ) ;
#5830 = ORIENTED_EDGE ( 'NONE', *, *, #5803, .T. ) ;
#5831 = EDGE_CURVE ( 'NONE', #2724, #546, #3845, .T. ) ;
#5832 = VECTOR ( 'NONE', #2299, 39.37007874015748143 ) ;
#5833 = VECTOR ( 'NONE', #6608, 39.37007874015748143 ) ;
#5834 = CARTESIAN_POINT ( 'NONE',  ( -0.9687007874015747255, 0.02165354330708661734, 0.01870078740157480462 ) ) ;
#5835 = ORIENTED_EDGE ( 'NONE', *, *, #3398, .F. ) ;
#5836 = CARTESIAN_POINT ( 'NONE',  ( -0.4696850393700787163, 0.1574803149606299191, 0.01968503937007873988 ) ) ;
#5837 = CARTESIAN_POINT ( 'NONE',  ( -0.3696850393700787940, 0.1850393700787401619, 0.01968503937007873988 ) ) ;
#5838 = CARTESIAN_POINT ( 'NONE',  ( -0.5893700787401575658, 0.01181102362204724393, 0.03937007874015747977 ) ) ;
#5839 = AXIS2_PLACEMENT_3D ( 'NONE', #3570, #6172, #2359 ) ;
#5840 = VECTOR ( 'NONE', #8115, 39.37007874015748143 ) ;
#5841 = VECTOR ( 'NONE', #6251, 39.37007874015748143 ) ;
#5842 = VERTEX_POINT ( 'NONE', #1836 ) ;
#5843 = DIRECTION ( 'NONE',  ( 0.000000000000000000, -1.000000000000000000, 0.000000000000000000 ) ) ;
#5844 = EDGE_CURVE ( 'NONE', #212, #2724, #3766, .T. ) ;
#5845 = ORIENTED_EDGE ( 'NONE', *, *, #3744, .F. ) ;
#5846 = LINE ( 'NONE', #5114, #7580 ) ;
#5847 = VECTOR ( 'NONE', #4066, 39.37007874015748143 ) ;
#5848 = CARTESIAN_POINT ( 'NONE',  ( 0.000000000000000000, 0.000000000000000000, 0.000000000000000000 ) ) ;
#5849 = VECTOR ( 'NONE', #426, 39.37007874015748143 ) ;
#5850 = ORIENTED_EDGE ( 'NONE', *, *, #8005, .T. ) ;
#5851 = DIRECTION ( 'NONE',  ( 0.2576626505603140105, 0.9662349396012511749, 0.000000000000000000 ) ) ;
#5852 = EDGE_CURVE ( 'NONE', #3804, #7704, #5218, .T. ) ;
#5853 = CARTESIAN_POINT ( 'NONE',  ( -0.4785433070866141336, 0.01181102362204724393, -0.02854330708661417110 ) ) ;
#5854 = ORIENTED_EDGE ( 'NONE', *, *, #3813, .F. ) ;
#5855 = VERTEX_POINT ( 'NONE', #1959 ) ;
#5856 = VERTEX_POINT ( 'NONE', #6417 ) ;
#5857 = VECTOR ( 'NONE', #4810, 39.37007874015748143 ) ;
#5858 = ADVANCED_FACE ( 'NONE', ( #517 ), #4571, .T. ) ;
#5859 = PLANE ( 'NONE',  #8163 ) ;
#5860 = CARTESIAN_POINT ( 'NONE',  ( -1.009842534703531580, 0.000000000000000000, -0.03937007874015747977 ) ) ;
#5861 = CARTESIAN_POINT ( 'NONE',  ( -0.6185039370078739829, 0.1968503937007874127, 0.03149606299212598381 ) ) ;
#5862 = DIRECTION ( 'NONE',  ( 0.000000000000000000, 0.000000000000000000, -1.000000000000000000 ) ) ;
#5863 = PLANE ( 'NONE',  #2576 ) ;
#5864 = ORIENTED_EDGE ( 'NONE', *, *, #2147, .F. ) ;
#5865 = FACE_OUTER_BOUND ( 'NONE', #1141, .T. ) ;
#5866 = CARTESIAN_POINT ( 'NONE',  ( -0.4421259842519685290, -0.1181102362204724532, 0.01279527559055118092 ) ) ;
#5867 = ADVANCED_FACE ( 'NONE', ( #5050 ), #469, .F. ) ;
#5868 = DIRECTION ( 'NONE',  ( 1.000000000000000000, 0.000000000000000000, 0.000000000000000000 ) ) ;
#5869 = CARTESIAN_POINT ( 'NONE',  ( -0.6795275590551181910, 0.1574803149606299191, -0.02952755905511811330 ) ) ;
#5870 = DIRECTION ( 'NONE',  ( 1.000000000000000000, 0.000000000000000000, 0.000000000000000000 ) ) ;
#5871 = DIRECTION ( 'NONE',  ( -1.000000000000000000, 0.000000000000000000, 0.000000000000000000 ) ) ;
#5872 = VERTEX_POINT ( 'NONE', #5770 ) ;
#5873 = ORIENTED_EDGE ( 'NONE', *, *, #8255, .T. ) ;
#5874 = ORIENTED_EDGE ( 'NONE', *, *, #3505, .T. ) ;
#5875 = FACE_OUTER_BOUND ( 'NONE', #1777, .T. ) ;
#5876 = CARTESIAN_POINT ( 'NONE',  ( -0.6578740157480315043, -0.1181102362204724532, 0.01279527559055118092 ) ) ;
#5877 = EDGE_LOOP ( 'NONE', ( #271, #6664, #7521, #1793 ) ) ;
#5878 = DIRECTION ( 'NONE',  ( 1.000000000000000000, 0.000000000000000000, 0.000000000000000000 ) ) ;
#5879 = VERTEX_POINT ( 'NONE', #8296 ) ;
#5880 = PLANE ( 'NONE',  #4288 ) ;
#5881 = FACE_OUTER_BOUND ( 'NONE', #5765, .T. ) ;
#5882 = DIRECTION ( 'NONE',  ( 0.000000000000000000, 1.000000000000000000, 0.000000000000000000 ) ) ;
#5883 = ORIENTED_EDGE ( 'NONE', *, *, #5110, .F. ) ;
#5884 = ORIENTED_EDGE ( 'NONE', *, *, #5679, .F. ) ;
#5885 = DIRECTION ( 'NONE',  ( 1.000000000000000000, 0.000000000000000000, 0.000000000000000000 ) ) ;
#5886 = VERTEX_POINT ( 'NONE', #7131 ) ;
#5887 = PLANE ( 'NONE',  #4591 ) ;
#5888 = EDGE_LOOP ( 'NONE', ( #6132, #1579, #4271, #3964 ) ) ;
#5889 = DIRECTION ( 'NONE',  ( 1.000000000000000000, 0.000000000000000000, 0.000000000000000000 ) ) ;
#5890 = EDGE_CURVE ( 'NONE', #821, #7388, #4446, .T. ) ;
#5891 = ADVANCED_FACE ( 'NONE', ( #7727 ), #1880, .F. ) ;
#5892 = EDGE_CURVE ( 'NONE', #3374, #6837, #4403, .T. ) ;
#5893 = DIRECTION ( 'NONE',  ( 0.000000000000000000, 1.000000000000000000, 0.000000000000000000 ) ) ;
#5894 = EDGE_LOOP ( 'NONE', ( #2076, #1315, #7276, #4413 ) ) ;
#5895 = EDGE_LOOP ( 'NONE', ( #1330, #980, #1940, #5753 ) ) ;
#5896 = ORIENTED_EDGE ( 'NONE', *, *, #4059, .F. ) ;
#5897 = PLANE ( 'NONE',  #4073 ) ;
#5898 = CARTESIAN_POINT ( 'NONE',  ( -0.3785433070866142113, 0.01181102362204724393, -0.02854330708661417110 ) ) ;
#5899 = DIRECTION ( 'NONE',  ( 0.000000000000000000, -1.000000000000000000, 0.000000000000000000 ) ) ;
#5900 = DIRECTION ( 'NONE',  ( 0.000000000000000000, -1.000000000000000000, 0.000000000000000000 ) ) ;
#5901 = DIRECTION ( 'NONE',  ( -0.5773502691896257311, 0.5773502691896257311, 0.5773502691896257311 ) ) ;
#5902 = ORIENTED_EDGE ( 'NONE', *, *, #839, .T. ) ;
#5903 = LINE ( 'NONE', #2519, #788 ) ;
#5904 = DIRECTION ( 'NONE',  ( 0.000000000000000000, 0.000000000000000000, 1.000000000000000000 ) ) ;
#5905 = ADVANCED_FACE ( 'NONE', ( #7012 ), #5736, .T. ) ;
#5906 = LINE ( 'NONE', #7272, #648 ) ;
#5907 = PLANE ( 'NONE',  #8377 ) ;
#5908 = CARTESIAN_POINT ( 'NONE',  ( -0.3795275590551180911, 0.1574803149606299191, 0.02952755905511811330 ) ) ;
#5909 = LINE ( 'NONE', #141, #3787 ) ;
#5910 = VERTEX_POINT ( 'NONE', #5088 ) ;
#5911 = ADVANCED_FACE ( 'NONE', ( #1202 ), #6451, .T. ) ;
#5912 = ORIENTED_EDGE ( 'NONE', *, *, #5776, .T. ) ;
#5913 = ORIENTED_EDGE ( 'NONE', *, *, #2063, .F. ) ;
#5914 = DIRECTION ( 'NONE',  ( 0.000000000000000000, 0.000000000000000000, -1.000000000000000000 ) ) ;
#5915 = LINE ( 'NONE', #4592, #2949 ) ;
#5916 = VERTEX_POINT ( 'NONE', #4115 ) ;
#5917 = DIRECTION ( 'NONE',  ( 0.000000000000000000, -1.000000000000000000, 0.000000000000000000 ) ) ;
#5918 = ORIENTED_EDGE ( 'NONE', *, *, #266, .F. ) ;
#5919 = LINE ( 'NONE', #7199, #6610 ) ;
#5920 = DIRECTION ( 'NONE',  ( 1.000000000000000000, 0.000000000000000000, 0.000000000000000000 ) ) ;
#5921 = FACE_OUTER_BOUND ( 'NONE', #3180, .T. ) ;
#5922 = ORIENTED_EDGE ( 'NONE', *, *, #1350, .F. ) ;
#5923 = VERTEX_POINT ( 'NONE', #5942 ) ;
#5924 = CARTESIAN_POINT ( 'NONE',  ( -0.9578740157480315487, -0.1181102362204724532, -0.01279527559055118092 ) ) ;
#5925 = ORIENTED_EDGE ( 'NONE', *, *, #5489, .T. ) ;
#5926 = VECTOR ( 'NONE', #2714, 39.37007874015748143 ) ;
#5927 = CARTESIAN_POINT ( 'NONE',  ( -0.8696850393700786830, 0.1850393700787401619, -0.01968503937007873988 ) ) ;
#5928 = VERTEX_POINT ( 'NONE', #2149 ) ;
#5929 = CARTESIAN_POINT ( 'NONE',  ( -0.7303149606299212948, 0.000000000000000000, 0.000000000000000000 ) ) ;
#5930 = VECTOR ( 'NONE', #8209, 39.37007874015748143 ) ;
#5931 = CARTESIAN_POINT ( 'NONE',  ( -1.009842519685039353, 0.01181102362204724393, 0.03937007874015747977 ) ) ;
#5932 = ORIENTED_EDGE ( 'NONE', *, *, #7734, .T. ) ;
#5933 = ORIENTED_EDGE ( 'NONE', *, *, #3748, .T. ) ;
#5934 = EDGE_LOOP ( 'NONE', ( #4174, #4550, #6305, #5437 ) ) ;
#5935 = EDGE_CURVE ( 'NONE', #410, #7768, #7398, .T. ) ;
#5936 = VECTOR ( 'NONE', #508, 39.37007874015748854 ) ;
#5937 = EDGE_CURVE ( 'NONE', #5213, #7300, #5998, .T. ) ;
#5938 = CARTESIAN_POINT ( 'NONE',  ( -0.7214566929133858775, 0.1574803149606299191, 0.02854330708661417110 ) ) ;
#5939 = LINE ( 'NONE', #2833, #6811 ) ;
#5940 = LINE ( 'NONE', #638, #6116 ) ;
#5941 = LINE ( 'NONE', #4835, #3935 ) ;
#5942 = CARTESIAN_POINT ( 'NONE',  ( -0.6785433070866142558, 0.1574803149606299191, -0.02854330708661417110 ) ) ;
#5943 = DIRECTION ( 'NONE',  ( -0.2576626505603140105, -0.9662349396012511749, 0.000000000000000000 ) ) ;
#5944 = VECTOR ( 'NONE', #7390, 39.37007874015748143 ) ;
#5945 = VERTEX_POINT ( 'NONE', #5259 ) ;
#5946 = ORIENTED_EDGE ( 'NONE', *, *, #7425, .F. ) ;
#5947 = PLANE ( 'NONE',  #7875 ) ;
#5948 = CARTESIAN_POINT ( 'NONE',  ( -0.1901575223667417436, 0.05511810900423464582, -0.04921259842519685318 ) ) ;
#5949 = EDGE_CURVE ( 'NONE', #4617, #7841, #4709, .T. ) ;
#5950 = VECTOR ( 'NONE', #3678, 39.37007874015748143 ) ;
#5951 = VECTOR ( 'NONE', #6094, 39.37007874015748143 ) ;
#5952 = LINE ( 'NONE', #6690, #6666 ) ;
#5953 = LINE ( 'NONE', #6008, #1710 ) ;
#5954 = FACE_OUTER_BOUND ( 'NONE', #1222, .T. ) ;
#5955 = ADVANCED_FACE ( 'NONE', ( #1415 ), #3976, .F. ) ;
#5956 = PLANE ( 'NONE',  #8442 ) ;
#5957 = ORIENTED_EDGE ( 'NONE', *, *, #4490, .F. ) ;
#5958 = ORIENTED_EDGE ( 'NONE', *, *, #5852, .T. ) ;
#5959 = ORIENTED_EDGE ( 'NONE', *, *, #3417, .F. ) ;
#5960 = CARTESIAN_POINT ( 'NONE',  ( -0.5312992125984251635, 0.1574803149606299191, -0.01870078740157480462 ) ) ;
#5962 = CARTESIAN_POINT ( 'NONE',  ( -0.5303149606299212282, 0.1850393700787401619, 0.01968503937007873988 ) ) ;
#5961 = AXIS2_PLACEMENT_3D ( 'NONE', #5588, #6791, #1615 ) ;
#5963 = VECTOR ( 'NONE', #4631, 39.37007874015748854 ) ;
#5964 = ORIENTED_EDGE ( 'NONE', *, *, #3806, .T. ) ;
#5965 = EDGE_CURVE ( 'NONE', #7482, #7965, #7858, .T. ) ;
#5966 = EDGE_CURVE ( 'NONE', #7500, #4385, #727, .T. ) ;
#5967 = CARTESIAN_POINT ( 'NONE',  ( -0.5106299212598425230, 0.000000000000000000, 0.03937007874015747977 ) ) ;
#5968 = EDGE_CURVE ( 'NONE', #16, #28, #2011, .T. ) ;
#5969 = VECTOR ( 'NONE', #6543, 39.37007874015748143 ) ;
#5970 = ORIENTED_EDGE ( 'NONE', *, *, #6453, .T. ) ;
#5971 = CARTESIAN_POINT ( 'NONE',  ( -0.4687007874015748365, 0.02165354330708661734, 0.01870078740157480462 ) ) ;
#5972 = DIRECTION ( 'NONE',  ( 1.000000000000000000, 0.000000000000000000, 0.000000000000000000 ) ) ;
#5973 = DIRECTION ( 'NONE',  ( 1.000000000000000000, 0.000000000000000000, 0.000000000000000000 ) ) ;
#5974 = ORIENTED_EDGE ( 'NONE', *, *, #4585, .F. ) ;
#5975 = VERTEX_POINT ( 'NONE', #4017 ) ;
#5976 = DIRECTION ( 'NONE',  ( 0.000000000000000000, 0.000000000000000000, 1.000000000000000000 ) ) ;
#5977 = VERTEX_POINT ( 'NONE', #5359 ) ;
#5978 = VECTOR ( 'NONE', #6227, 39.37007874015748143 ) ;
#5979 = VECTOR ( 'NONE', #2653, 39.37007874015748143 ) ;
#5980 = EDGE_CURVE ( 'NONE', #30, #4253, #4624, .T. ) ;
#5981 = DIRECTION ( 'NONE',  ( 1.000000000000000000, 0.000000000000000000, 0.000000000000000000 ) ) ;
#5982 = SHAPE_REPRESENTATION_RELATIONSHIP ( 'NONE' , 'NONE' ,  #2933, #3003 ) ;
#5983 = ORIENTED_EDGE ( 'NONE', *, *, #5155, .T. ) ;
#5984 = CARTESIAN_POINT ( 'NONE',  ( -0.2785433070866141780, 0.1574803149606299191, 0.02854330708661417110 ) ) ;
#5985 = VECTOR ( 'NONE', #7318, 39.37007874015748143 ) ;
#5986 = AXIS2_PLACEMENT_3D ( 'NONE', #1627, #332, #1019 ) ;
#5987 = VECTOR ( 'NONE', #3614, 39.37007874015748143 ) ;
#5988 = DIRECTION ( 'NONE',  ( 0.000000000000000000, 1.000000000000000000, 0.000000000000000000 ) ) ;
#5989 = ORIENTED_EDGE ( 'NONE', *, *, #1037, .F. ) ;
#5990 = ORIENTED_EDGE ( 'NONE', *, *, #4741, .F. ) ;
#5991 = ORIENTED_EDGE ( 'NONE', *, *, #3188, .T. ) ;
#5992 = VECTOR ( 'NONE', #2352, 39.37007874015748143 ) ;
#5993 = VECTOR ( 'NONE', #6295, 39.37007874015748143 ) ;
#5994 = DIRECTION ( 'NONE',  ( 0.000000000000000000, 0.000000000000000000, -1.000000000000000000 ) ) ;
#5995 = DIRECTION ( 'NONE',  ( -0.000000000000000000, 1.000000000000000000, 0.000000000000000000 ) ) ;
#5996 = DIRECTION ( 'NONE',  ( 0.000000000000000000, -1.000000000000000000, 0.000000000000000000 ) ) ;
#5997 = CARTESIAN_POINT ( 'NONE',  ( -0.6578740157480315043, -0.1181102362204724532, -0.01279527559055118092 ) ) ;
#5998 = LINE ( 'NONE', #2839, #71 ) ;
#5999 = DIRECTION ( 'NONE',  ( 0.000000000000000000, 0.000000000000000000, 1.000000000000000000 ) ) ;
#6000 = VECTOR ( 'NONE', #2231, 39.37007874015748143 ) ;
#6001 = ORIENTED_EDGE ( 'NONE', *, *, #2898, .F. ) ;
#6002 = EDGE_CURVE ( 'NONE', #7827, #3792, #219, .T. ) ;
#6003 = VERTEX_POINT ( 'NONE', #2699 ) ;
#6004 = PLANE ( 'NONE',  #4054 ) ;
#6005 = CARTESIAN_POINT ( 'NONE',  ( -0.8312992125984252079, 0.1574803149606299191, 0.01870078740157480462 ) ) ;
#6006 = VECTOR ( 'NONE', #6605, 39.37007874015748143 ) ;
#6007 = DIRECTION ( 'NONE',  ( -1.000000000000000000, 0.000000000000000000, 0.000000000000000000 ) ) ;
#6008 = CARTESIAN_POINT ( 'NONE',  ( -0.4106299212598425452, 0.000000000000000000, -0.03937007874015747977 ) ) ;
#6009 = PLANE ( 'NONE',  #3929 ) ;
#6010 = EDGE_CURVE ( 'NONE', #4253, #409, #5446, .T. ) ;
#6011 = ADVANCED_FACE ( 'NONE', ( #77 ), #774, .T. ) ;
#6012 = CARTESIAN_POINT ( 'NONE',  ( -0.3893700787401574437, 0.000000000000000000, 0.03937007874015747977 ) ) ;
#6013 = EDGE_LOOP ( 'NONE', ( #8195, #7348, #4989, #1493 ) ) ;
#6014 = ORIENTED_EDGE ( 'NONE', *, *, #4193, .F. ) ;
#6015 = ORIENTED_EDGE ( 'NONE', *, *, #400, .T. ) ;
#6016 = DIRECTION ( 'NONE',  ( -1.000000000000000000, 0.000000000000000000, 0.000000000000000000 ) ) ;
#6017 = DIRECTION ( 'NONE',  ( 0.000000000000000000, 0.000000000000000000, 1.000000000000000000 ) ) ;
#6018 = ADVANCED_FACE ( 'NONE', ( #5313 ), #7955, .F. ) ;
#6019 = CARTESIAN_POINT ( 'NONE',  ( -0.8657480314960629419, -0.08858267716535432601, -0.004921259842519684971 ) ) ;
#6020 = ORIENTED_EDGE ( 'NONE', *, *, #3592, .F. ) ;
#6021 = DIRECTION ( 'NONE',  ( 0.000000000000000000, 0.000000000000000000, -1.000000000000000000 ) ) ;
#6022 = CARTESIAN_POINT ( 'NONE',  ( -0.3687007874015748032, 0.02165354330708661734, -0.01870078740157480462 ) ) ;
#6023 = DIRECTION ( 'NONE',  ( 0.000000000000000000, -1.000000000000000000, 0.000000000000000000 ) ) ;
#6024 = ORIENTED_EDGE ( 'NONE', *, *, #7256, .T. ) ;
#6025 = ORIENTED_EDGE ( 'NONE', *, *, #719, .T. ) ;
#6026 = CARTESIAN_POINT ( 'NONE',  ( -0.8785433070866142113, 0.1574803149606299191, -0.02854330708661417110 ) ) ;
#6027 = VERTEX_POINT ( 'NONE', #2104 ) ;
#6028 = EDGE_CURVE ( 'NONE', #3804, #5478, #36, .T. ) ;
#6029 = DIRECTION ( 'NONE',  ( 0.000000000000000000, 0.000000000000000000, -1.000000000000000000 ) ) ;
#6030 = EDGE_LOOP ( 'NONE', ( #6035, #3029, #6345, #5562, #1974, #8001 ) ) ;
#6031 = PLANE ( 'NONE',  #370 ) ;
#6032 = DIRECTION ( 'NONE',  ( 0.000000000000000000, -1.000000000000000000, 0.000000000000000000 ) ) ;
#6033 = ORIENTED_EDGE ( 'NONE', *, *, #3450, .F. ) ;
#6034 = ORIENTED_EDGE ( 'NONE', *, *, #3198, .T. ) ;
#6035 = ORIENTED_EDGE ( 'NONE', *, *, #4756, .T. ) ;
#6036 = DIRECTION ( 'NONE',  ( 0.000000000000000000, 0.000000000000000000, -1.000000000000000000 ) ) ;
#6037 = LINE ( 'NONE', #8081, #3538 ) ;
#6038 = DIRECTION ( 'NONE',  ( -1.000000000000000000, 0.000000000000000000, 0.000000000000000000 ) ) ;
#6039 = DIRECTION ( 'NONE',  ( 0.000000000000000000, 0.000000000000000000, -1.000000000000000000 ) ) ;
#6040 = DIRECTION ( 'NONE',  ( 1.000000000000000000, 0.000000000000000000, 0.000000000000000000 ) ) ;
#6041 = CARTESIAN_POINT ( 'NONE',  ( -0.9342519685039371025, -0.08858267716535432601, -0.01279527559055118092 ) ) ;
#6042 = DIRECTION ( 'NONE',  ( 0.000000000000000000, 0.000000000000000000, -1.000000000000000000 ) ) ;
#6043 = VERTEX_POINT ( 'NONE', #1375 ) ;
#6044 = FACE_OUTER_BOUND ( 'NONE', #945, .T. ) ;
#6045 = PLANE ( 'NONE',  #1312 ) ;
#6046 = DIRECTION ( 'NONE',  ( 0.000000000000000000, 0.000000000000000000, -1.000000000000000000 ) ) ;
#6047 = PLANE ( 'NONE',  #4987 ) ;
#6048 = FACE_OUTER_BOUND ( 'NONE', #6928, .T. ) ;
#6049 = DIRECTION ( 'NONE',  ( 1.000000000000000000, 0.000000000000000000, 0.000000000000000000 ) ) ;
#6050 = ORIENTED_EDGE ( 'NONE', *, *, #8289, .F. ) ;
#6051 = ORIENTED_EDGE ( 'NONE', *, *, #4316, .T. ) ;
#6052 = DIRECTION ( 'NONE',  ( 0.000000000000000000, 0.000000000000000000, 1.000000000000000000 ) ) ;
#6053 = FACE_BOUND ( 'NONE', #4223, .T. ) ;
#6054 = EDGE_CURVE ( 'NONE', #1644, #5477, #6627, .T. ) ;
#6055 = EDGE_CURVE ( 'NONE', #6606, #5658, #7996, .T. ) ;
#6056 = EDGE_CURVE ( 'NONE', #3095, #3135, #6680, .T. ) ;
#6057 = DIRECTION ( 'NONE',  ( 0.000000000000000000, 0.000000000000000000, -1.000000000000000000 ) ) ;
#6058 = ORIENTED_EDGE ( 'NONE', *, *, #1856, .F. ) ;
#6059 = LINE ( 'NONE', #192, #1284 ) ;
#6060 = LINE ( 'NONE', #6704, #4075 ) ;
#6061 = CARTESIAN_POINT ( 'NONE',  ( -0.9106299212598425452, 0.000000000000000000, 0.03937007874015747977 ) ) ;
#6062 = ORIENTED_EDGE ( 'NONE', *, *, #4782, .T. ) ;
#6063 = ORIENTED_EDGE ( 'NONE', *, *, #5656, .T. ) ;
#6064 = CARTESIAN_POINT ( 'NONE',  ( -0.5106299212598425230, 0.000000000000000000, 0.03937007874015747977 ) ) ;
#6065 = ORIENTED_EDGE ( 'NONE', *, *, #6848, .T. ) ;
#6066 = ADVANCED_FACE ( 'NONE', ( #5401 ), #2230, .T. ) ;
#6067 = CARTESIAN_POINT ( 'NONE',  ( -0.5303149606299212282, 0.1574803149606299191, -0.01968503937007873988 ) ) ;
#6068 = ORIENTED_EDGE ( 'NONE', *, *, #6838, .F. ) ;
#6069 = CARTESIAN_POINT ( 'NONE',  ( -0.9214566929133858331, 0.01181102362204724393, -0.02854330708661417110 ) ) ;
#6070 = EDGE_CURVE ( 'NONE', #3251, #7378, #6128, .T. ) ;
#6071 = CARTESIAN_POINT ( 'NONE',  ( -0.3421259842519684957, -0.1181102362204724532, 0.01279527559055118092 ) ) ;
#6072 = ORIENTED_EDGE ( 'NONE', *, *, #4374, .F. ) ;
#6073 = ORIENTED_EDGE ( 'NONE', *, *, #8212, .F. ) ;
#6074 = EDGE_LOOP ( 'NONE', ( #5750, #4488, #3304, #2492 ) ) ;
#6075 = CARTESIAN_POINT ( 'NONE',  ( -0.2814960629921259838, 0.1968503937007874127, 0.03149606299212598381 ) ) ;
#6076 = CARTESIAN_POINT ( 'NONE',  ( -0.2185039370078740439, 0.1968503937007874127, -0.03149606299212598381 ) ) ;
#6077 = VECTOR ( 'NONE', #1126, 39.37007874015748143 ) ;
#6078 = EDGE_CURVE ( 'NONE', #4721, #5945, #7434, .T. ) ;
#6079 = CARTESIAN_POINT ( 'NONE',  ( -0.9204724409448820088, 0.1574803149606299191, 0.02952755905511811330 ) ) ;
#6080 = PLANE ( 'NONE',  #2990 ) ;
#6081 = DIRECTION ( 'NONE',  ( 1.000000000000000000, 0.000000000000000000, 0.000000000000000000 ) ) ;
#6082 = DIRECTION ( 'NONE',  ( 0.000000000000000000, -1.000000000000000000, 0.000000000000000000 ) ) ;
#6083 = DIRECTION ( 'NONE',  ( 0.9662349396012511749, -0.2576626505603140105, 0.000000000000000000 ) ) ;
#6084 = ORIENTED_EDGE ( 'NONE', *, *, #6386, .F. ) ;
#6085 = VECTOR ( 'NONE', #2151, 39.37007874015748143 ) ;
#6086 = DIRECTION ( 'NONE',  ( 0.000000000000000000, 0.000000000000000000, -1.000000000000000000 ) ) ;
#6087 = AXIS2_PLACEMENT_3D ( 'NONE', #5931, #8409, #2554 ) ;
#6088 = LINE ( 'NONE', #4160, #6483 ) ;
#6089 = AXIS2_PLACEMENT_3D ( 'NONE', #4845, #1716, #3643 ) ;
#6090 = CARTESIAN_POINT ( 'NONE',  ( -0.6687007874015747921, 0.1574803149606299191, 0.01870078740157480462 ) ) ;
#6091 = CARTESIAN_POINT ( 'NONE',  ( -0.9303149606299213614, 0.000000000000000000, 0.000000000000000000 ) ) ;
#6092 = ORIENTED_EDGE ( 'NONE', *, *, #4222, .T. ) ;
#6093 = DIRECTION ( 'NONE',  ( -0.7071067811865475727, 0.7071067811865475727, 0.000000000000000000 ) ) ;
#6094 = DIRECTION ( 'NONE',  ( 0.000000000000000000, 0.000000000000000000, 1.000000000000000000 ) ) ;
#6095 = AXIS2_PLACEMENT_3D ( 'NONE', #7790, #6275, #5547 ) ;
#6096 = VECTOR ( 'NONE', #7646, 39.37007874015748143 ) ;
#6097 = DIRECTION ( 'NONE',  ( 0.000000000000000000, 0.000000000000000000, -1.000000000000000000 ) ) ;
#6098 = ORIENTED_EDGE ( 'NONE', *, *, #1608, .F. ) ;
#6099 = ADVANCED_FACE ( 'NONE', ( #908 ), #267, .F. ) ;
#6100 = CARTESIAN_POINT ( 'NONE',  ( -1.009842519685039353, 0.000000000000000000, -0.03937007874015747977 ) ) ;
#6101 = PLANE ( 'NONE',  #7475 ) ;
#6102 = AXIS2_PLACEMENT_3D ( 'NONE', #4103, #7341, #4695 ) ;
#6103 = VECTOR ( 'NONE', #2414, 39.37007874015748854 ) ;
#6104 = DIRECTION ( 'NONE',  ( 1.000000000000000000, 0.000000000000000000, 0.000000000000000000 ) ) ;
#6105 = EDGE_CURVE ( 'NONE', #1781, #7629, #3629, .T. ) ;
#6106 = ORIENTED_EDGE ( 'NONE', *, *, #5322, .T. ) ;
#6107 = VERTEX_POINT ( 'NONE', #5554 ) ;
#6108 = EDGE_CURVE ( 'NONE', #6352, #4598, #4954, .T. ) ;
#6109 = ORIENTED_EDGE ( 'NONE', *, *, #451, .F. ) ;
#6110 = AXIS2_PLACEMENT_3D ( 'NONE', #190, #4093, #3992 ) ;
#6111 = AXIS2_PLACEMENT_3D ( 'NONE', #3860, #743, #2665 ) ;
#6112 = CARTESIAN_POINT ( 'NONE',  ( -0.7342519685039370358, -0.08858267716535432601, -0.01279527559055118092 ) ) ;
#6113 = EDGE_LOOP ( 'NONE', ( #4911, #6312, #3698, #6595, #1104, #7240 ) ) ;
#6114 = LINE ( 'NONE', #7255, #4206 ) ;
#6115 = EDGE_CURVE ( 'NONE', #1954, #6538, #4305, .T. ) ;
#6116 = VECTOR ( 'NONE', #5216, 39.37007874015748143 ) ;
#6117 = CARTESIAN_POINT ( 'NONE',  ( -0.3342519685039370136, 0.01181102362204724393, 0.01279527559055118092 ) ) ;
#6118 = VERTEX_POINT ( 'NONE', #456 ) ;
#6119 = VERTEX_POINT ( 'NONE', #6161 ) ;
#6120 = ORIENTED_EDGE ( 'NONE', *, *, #5183, .T. ) ;
#6121 = CARTESIAN_POINT ( 'NONE',  ( -0.5893700787401575658, 0.000000000000000000, 0.03937007874015747977 ) ) ;
#6122 = DIRECTION ( 'NONE',  ( 1.000000000000000000, 0.000000000000000000, 0.000000000000000000 ) ) ;
#6123 = ADVANCED_FACE ( 'NONE', ( #331 ), #6875, .T. ) ;
#6124 = VECTOR ( 'NONE', #1818, 39.37007874015748143 ) ;
#6125 = VECTOR ( 'NONE', #1860, 39.37007874015748854 ) ;
#6126 = CARTESIAN_POINT ( 'NONE',  ( -0.5696850393700787496, 0.1850393700787401619, 0.01968503937007873988 ) ) ;
#6127 = CARTESIAN_POINT ( 'NONE',  ( -0.8785433070866142113, 0.01181102362204724393, -0.02854330708661417110 ) ) ;
#6128 = LINE ( 'NONE', #5485, #3223 ) ;
#6129 = LINE ( 'NONE', #909, #6399 ) ;
#6130 = CARTESIAN_POINT ( 'NONE',  ( -0.8106299212598425674, 0.000000000000000000, 0.03937007874015747977 ) ) ;
#6131 = EDGE_CURVE ( 'NONE', #3189, #8180, #7471, .T. ) ;
#6132 = ORIENTED_EDGE ( 'NONE', *, *, #3447, .T. ) ;
#6133 = VECTOR ( 'NONE', #1819, 39.37007874015748143 ) ;
#6134 = VECTOR ( 'NONE', #8241, 39.37007874015748143 ) ;
#6135 = VECTOR ( 'NONE', #2889, 39.37007874015748143 ) ;
#6136 = DIRECTION ( 'NONE',  ( 0.000000000000000000, 1.000000000000000000, 0.000000000000000000 ) ) ;
#6137 = VECTOR ( 'NONE', #3085, 39.37007874015748854 ) ;
#6138 = AXIS2_PLACEMENT_3D ( 'NONE', #6806, #1549, #4837 ) ;
#6139 = FACE_OUTER_BOUND ( 'NONE', #1377, .T. ) ;
#6140 = CARTESIAN_POINT ( 'NONE',  ( -0.7893700787401574104, 0.000000000000000000, 0.03937007874015747977 ) ) ;
#6141 = CARTESIAN_POINT ( 'NONE',  ( -0.9499999999999999556, 0.1909448818897638012, 0.02559055118110236185 ) ) ;
#6142 = VERTEX_POINT ( 'NONE', #8114 ) ;
#6143 = CARTESIAN_POINT ( 'NONE',  ( -0.9106299212598425452, 0.01181102362204724393, 0.03937007874015747977 ) ) ;
#6144 = DIRECTION ( 'NONE',  ( 0.000000000000000000, 1.000000000000000000, 0.000000000000000000 ) ) ;
#6145 = VECTOR ( 'NONE', #8311, 39.37007874015748143 ) ;
#6146 = CARTESIAN_POINT ( 'NONE',  ( -0.6795275590551181910, 0.1574803149606299191, -0.02952755905511811330 ) ) ;
#6147 = ORIENTED_EDGE ( 'NONE', *, *, #6252, .F. ) ;
#6148 = LINE ( 'NONE', #4686, #4419 ) ;
#6149 = LINE ( 'NONE', #6301, #2709 ) ;
#6150 = CARTESIAN_POINT ( 'NONE',  ( -0.3342519685039370136, -0.08858267716535432601, -0.01279527559055118092 ) ) ;
#6151 = VERTEX_POINT ( 'NONE', #3070 ) ;
#6152 = EDGE_LOOP ( 'NONE', ( #5854, #618, #1495, #3847 ) ) ;
#6153 = LINE ( 'NONE', #8150, #4736 ) ;
#6154 = ORIENTED_EDGE ( 'NONE', *, *, #5780, .T. ) ;
#6155 = FACE_OUTER_BOUND ( 'NONE', #402, .T. ) ;
#6156 = DIRECTION ( 'NONE',  ( 0.000000000000000000, -1.000000000000000000, 0.000000000000000000 ) ) ;
#6157 = ORIENTED_EDGE ( 'NONE', *, *, #6325, .F. ) ;
#6158 = ORIENTED_EDGE ( 'NONE', *, *, #831, .F. ) ;
#6159 = VERTEX_POINT ( 'NONE', #1108 ) ;
#6160 = EDGE_CURVE ( 'NONE', #4363, #5385, #6193, .T. ) ;
#6161 = CARTESIAN_POINT ( 'NONE',  ( -0.3312992125984252079, 0.1574803149606299191, 0.01870078740157480462 ) ) ;
#6162 = PLANE ( 'NONE',  #1196 ) ;
#6163 = EDGE_CURVE ( 'NONE', #842, #587, #4918, .T. ) ;
#6164 = DIRECTION ( 'NONE',  ( 0.000000000000000000, -1.000000000000000000, 0.000000000000000000 ) ) ;
#6165 = DIRECTION ( 'NONE',  ( -0.2576626505603140105, 0.9662349396012511749, 0.000000000000000000 ) ) ;
#6166 = ADVANCED_FACE ( 'NONE', ( #6316 ), #6280, .F. ) ;
#6167 = CARTESIAN_POINT ( 'NONE',  ( -0.3618110236220472564, -0.1033464566929133965, 0.000000000000000000 ) ) ;
#6168 = DIRECTION ( 'NONE',  ( 0.000000000000000000, 0.000000000000000000, 1.000000000000000000 ) ) ;
#6169 = VERTEX_POINT ( 'NONE', #3033 ) ;
#6170 = ORIENTED_EDGE ( 'NONE', *, *, #6055, .F. ) ;
#6171 = LINE ( 'NONE', #3805, #3400 ) ;
#6172 = DIRECTION ( 'NONE',  ( 0.000000000000000000, 0.000000000000000000, -1.000000000000000000 ) ) ;
#6173 = CARTESIAN_POINT ( 'NONE',  ( -0.3696850393700787940, 0.1574803149606299191, 0.01968503937007873988 ) ) ;
#6174 = LINE ( 'NONE', #8093, #6135 ) ;
#6175 = VERTEX_POINT ( 'NONE', #2425 ) ;
#6176 = EDGE_CURVE ( 'NONE', #5488, #7816, #4993, .T. ) ;
#6177 = PLANE ( 'NONE',  #2411 ) ;
#6178 = CARTESIAN_POINT ( 'NONE',  ( -0.6421259842519685401, -0.1181102362204724532, -0.01279527559055118092 ) ) ;
#6179 = ORIENTED_EDGE ( 'NONE', *, *, #4167, .F. ) ;
#6180 = LINE ( 'NONE', #7532, #1694 ) ;
#6181 = EDGE_CURVE ( 'NONE', #7626, #6717, #5040, .T. ) ;
#6182 = CARTESIAN_POINT ( 'NONE',  ( -0.3755905511811023501, 0.1909448818897638012, 0.000000000000000000 ) ) ;
#6183 = LINE ( 'NONE', #971, #3809 ) ;
#6184 = ORIENTED_EDGE ( 'NONE', *, *, #1027, .F. ) ;
#6185 = VERTEX_POINT ( 'NONE', #2262 ) ;
#6186 = CARTESIAN_POINT ( 'NONE',  ( -0.4303149606299213059, 0.1574803149606299191, -0.01968503937007873988 ) ) ;
#6187 = ORIENTED_EDGE ( 'NONE', *, *, #718, .T. ) ;
#6188 = LINE ( 'NONE', #1059, #7603 ) ;
#6189 = DIRECTION ( 'NONE',  ( 1.000000000000000000, 0.000000000000000000, 0.000000000000000000 ) ) ;
#6190 = VERTEX_POINT ( 'NONE', #1626 ) ;
#6191 = DIRECTION ( 'NONE',  ( 0.000000000000000000, 1.000000000000000000, 0.000000000000000000 ) ) ;
#6192 = ORIENTED_EDGE ( 'NONE', *, *, #3963, .T. ) ;
#6193 = LINE ( 'NONE', #3715, #352 ) ;
#6194 = LINE ( 'NONE', #4875, #4891 ) ;
#6195 = DIRECTION ( 'NONE',  ( 0.000000000000000000, 0.000000000000000000, 1.000000000000000000 ) ) ;
#6196 = DIRECTION ( 'NONE',  ( -0.9662349396012511749, -0.2576626505603140105, 0.000000000000000000 ) ) ;
#6197 = DIRECTION ( 'NONE',  ( 1.000000000000000000, 0.000000000000000000, 0.000000000000000000 ) ) ;
#6198 = FACE_OUTER_BOUND ( 'NONE', #5058, .T. ) ;
#6199 = ORIENTED_EDGE ( 'NONE', *, *, #1372, .T. ) ;
#6200 = ORIENTED_EDGE ( 'NONE', *, *, #4852, .F. ) ;
#6201 = EDGE_CURVE ( 'NONE', #4296, #3782, #6235, .T. ) ;
#6202 = EDGE_CURVE ( 'NONE', #7236, #1181, #1788, .T. ) ;
#6203 = VECTOR ( 'NONE', #1259, 39.37007874015748143 ) ;
#6204 = DIRECTION ( 'NONE',  ( 1.000000000000000000, 0.000000000000000000, 0.000000000000000000 ) ) ;
#6205 = PLANE ( 'NONE',  #5839 ) ;
#6206 = CARTESIAN_POINT ( 'NONE',  ( -0.5785433070866141669, 0.01181102362204724393, 0.02854330708661417110 ) ) ;
#6207 = DIRECTION ( 'NONE',  ( 1.000000000000000000, 0.000000000000000000, 0.000000000000000000 ) ) ;
#6208 = VERTEX_POINT ( 'NONE', #7546 ) ;
#6209 = EDGE_CURVE ( 'NONE', #4652, #6989, #1746, .T. ) ;
#6210 = CARTESIAN_POINT ( 'NONE',  ( -1.009842519685039353, 0.1968503937007874127, 0.04921259842519685318 ) ) ;
#6211 = CARTESIAN_POINT ( 'NONE',  ( -0.7204724409448819422, 0.01181102362204724393, -0.02952755905511811330 ) ) ;
#6212 = EDGE_CURVE ( 'NONE', #3551, #6118, #5599, .T. ) ;
#6213 = EDGE_LOOP ( 'NONE', ( #3080, #5161, #6179, #2371 ) ) ;
#6214 = DIRECTION ( 'NONE',  ( 0.000000000000000000, 0.000000000000000000, -1.000000000000000000 ) ) ;
#6215 = DIRECTION ( 'NONE',  ( 0.000000000000000000, 1.000000000000000000, 0.000000000000000000 ) ) ;
#6216 = DIRECTION ( 'NONE',  ( -0.5773502691896257311, 0.5773502691896257311, 0.5773502691896257311 ) ) ;
#6217 = VERTEX_POINT ( 'NONE', #8202 ) ;
#6218 = ORIENTED_EDGE ( 'NONE', *, *, #6054, .F. ) ;
#6219 = VECTOR ( 'NONE', #555, 39.37007874015748143 ) ;
#6220 = ADVANCED_FACE ( 'NONE', ( #4234 ), #2347, .F. ) ;
#6221 = ORIENTED_EDGE ( 'NONE', *, *, #891, .T. ) ;
#6222 = EDGE_CURVE ( 'NONE', #4917, #3708, #676, .T. ) ;
#6223 = DIRECTION ( 'NONE',  ( 0.000000000000000000, 1.000000000000000000, 0.000000000000000000 ) ) ;
#6224 = VECTOR ( 'NONE', #6441, 39.37007874015748143 ) ;
#6225 = VECTOR ( 'NONE', #524, 39.37007874015748143 ) ;
#6226 = ORIENTED_EDGE ( 'NONE', *, *, #2939, .F. ) ;
#6227 = DIRECTION ( 'NONE',  ( 1.000000000000000000, 0.000000000000000000, 0.000000000000000000 ) ) ;
#6228 = LINE ( 'NONE', #4508, #901 ) ;
#6229 = ORIENTED_EDGE ( 'NONE', *, *, #1352, .F. ) ;
#6230 = DIRECTION ( 'NONE',  ( -0.000000000000000000, 1.000000000000000000, 0.000000000000000000 ) ) ;
#6231 = VERTEX_POINT ( 'NONE', #1313 ) ;
#6232 = VECTOR ( 'NONE', #974, 39.37007874015748143 ) ;
#6233 = EDGE_CURVE ( 'NONE', #7414, #8316, #3154, .T. ) ;
#6234 = VECTOR ( 'NONE', #436, 39.37007874015748143 ) ;
#6235 = LINE ( 'NONE', #298, #7316 ) ;
#6236 = FACE_OUTER_BOUND ( 'NONE', #3501, .T. ) ;
#6237 = ORIENTED_EDGE ( 'NONE', *, *, #2842, .F. ) ;
#6238 = CARTESIAN_POINT ( 'NONE',  ( -0.6814960629921259505, 0.1968503937007874127, 0.03149606299212598381 ) ) ;
#6239 = CARTESIAN_POINT ( 'NONE',  ( -0.7303149606299212948, 0.1850393700787401619, 0.01968503937007873988 ) ) ;
#6240 = VECTOR ( 'NONE', #4611, 39.37007874015748143 ) ;
#6241 = AXIS2_PLACEMENT_3D ( 'NONE', #4232, #8237, #2153 ) ;
#6242 = FACE_OUTER_BOUND ( 'NONE', #4861, .T. ) ;
#6243 = DIRECTION ( 'NONE',  ( 0.000000000000000000, -1.000000000000000000, 0.000000000000000000 ) ) ;
#6244 = VERTEX_POINT ( 'NONE', #2503 ) ;
#6245 = ORIENTED_EDGE ( 'NONE', *, *, #5892, .F. ) ;
#6246 = VECTOR ( 'NONE', #3742, 39.37007874015748143 ) ;
#6247 = AXIS2_PLACEMENT_3D ( 'NONE', #4217, #4901, #6825 ) ;
#6248 = CARTESIAN_POINT ( 'NONE',  ( -0.7204724409448819422, 0.1574803149606299191, 0.02952755905511811330 ) ) ;
#6249 = LINE ( 'NONE', #995, #3795 ) ;
#6250 = PLANE ( 'NONE',  #6350 ) ;
#6251 = DIRECTION ( 'NONE',  ( 1.000000000000000000, 0.000000000000000000, 0.000000000000000000 ) ) ;
#6252 = EDGE_CURVE ( 'NONE', #6367, #6657, #2597, .T. ) ;
#6253 = VECTOR ( 'NONE', #7781, 39.37007874015748143 ) ;
#6254 = VECTOR ( 'NONE', #6541, 39.37007874015748143 ) ;
#6255 = VECTOR ( 'NONE', #4889, 39.37007874015748143 ) ;
#6256 = ORIENTED_EDGE ( 'NONE', *, *, #3697, .T. ) ;
#6257 = LINE ( 'NONE', #5013, #2001 ) ;
#6258 = LINE ( 'NONE', #3536, #4180 ) ;
#6259 = AXIS2_PLACEMENT_3D ( 'NONE', #7517, #7433, #907 ) ;
#6260 = EDGE_CURVE ( 'NONE', #7378, #2502, #6481, .T. ) ;
#6261 = EDGE_CURVE ( 'NONE', #6043, #4962, #3916, .T. ) ;
#6262 = EDGE_LOOP ( 'NONE', ( #3619, #7268, #8172, #7707 ) ) ;
#6263 = LINE ( 'NONE', #317, #3197 ) ;
#6264 = DIRECTION ( 'NONE',  ( 1.000000000000000000, 0.000000000000000000, 0.000000000000000000 ) ) ;
#6265 = ADVANCED_FACE ( 'NONE', ( #5759 ), #3289, .F. ) ;
#6266 = CARTESIAN_POINT ( 'NONE',  ( -0.7785433070866142335, 0.01181102362204724393, -0.02854330708661417110 ) ) ;
#6267 = ORIENTED_EDGE ( 'NONE', *, *, #5593, .F. ) ;
#6268 = ORIENTED_EDGE ( 'NONE', *, *, #7628, .T. ) ;
#6269 = AXIS2_PLACEMENT_3D ( 'NONE', #7997, #335, #1588 ) ;
#6270 = ORIENTED_EDGE ( 'NONE', *, *, #2821, .T. ) ;
#6271 = EDGE_CURVE ( 'NONE', #2172, #5633, #5846, .T. ) ;
#6272 = CARTESIAN_POINT ( 'NONE',  ( -0.4785433070866141336, 0.01181102362204724393, 0.02854330708661417110 ) ) ;
#6273 = ORIENTED_EDGE ( 'NONE', *, *, #1004, .F. ) ;
#6274 = CARTESIAN_POINT ( 'NONE',  ( -0.6696850393700788384, 0.000000000000000000, 0.000000000000000000 ) ) ;
#6275 = DIRECTION ( 'NONE',  ( -0.000000000000000000, 1.000000000000000000, 0.000000000000000000 ) ) ;
#6276 = ORIENTED_EDGE ( 'NONE', *, *, #3818, .T. ) ;
#6277 = DIRECTION ( 'NONE',  ( 0.000000000000000000, 0.000000000000000000, 1.000000000000000000 ) ) ;
#6278 = EDGE_CURVE ( 'NONE', #3443, #7293, #3242, .T. ) ;
#6279 = ORIENTED_EDGE ( 'NONE', *, *, #2925, .F. ) ;
#6280 = PLANE ( 'NONE',  #4864 ) ;
#6281 = CARTESIAN_POINT ( 'NONE',  ( -0.6303149606299213170, 0.1850393700787401619, 0.01968503937007873988 ) ) ;
#6282 = VERTEX_POINT ( 'NONE', #582 ) ;
#6283 = DIRECTION ( 'NONE',  ( -1.000000000000000000, 0.000000000000000000, 0.000000000000000000 ) ) ;
#6284 = PLANE ( 'NONE',  #1347 ) ;
#6285 = EDGE_CURVE ( 'NONE', #6352, #4133, #3872, .T. ) ;
#6286 = ADVANCED_FACE ( 'NONE', ( #1863 ), #5887, .T. ) ;
#6287 = CARTESIAN_POINT ( 'NONE',  ( -0.2687007874015748254, 0.1574803149606299191, -0.01870078740157480462 ) ) ;
#6288 = LINE ( 'NONE', #8246, #6349 ) ;
#6289 = ORIENTED_EDGE ( 'NONE', *, *, #6730, .F. ) ;
#6290 = ORIENTED_EDGE ( 'NONE', *, *, #504, .F. ) ;
#6291 = CARTESIAN_POINT ( 'NONE',  ( -0.7303149606299212948, 0.1850393700787401619, -0.01968503937007873988 ) ) ;
#6292 = CARTESIAN_POINT ( 'NONE',  ( -0.7687007874015748810, 0.02165354330708661734, 0.01870078740157480462 ) ) ;
#6293 = FACE_OUTER_BOUND ( 'NONE', #1853, .T. ) ;
#6294 = CARTESIAN_POINT ( 'NONE',  ( -0.7657480314960629642, 0.01181102362204724393, 0.01279527559055118092 ) ) ;
#6295 = DIRECTION ( 'NONE',  ( 0.000000000000000000, 0.000000000000000000, -1.000000000000000000 ) ) ;
#6296 = EDGE_LOOP ( 'NONE', ( #7289, #5394, #6001, #6438 ) ) ;
#6297 = CARTESIAN_POINT ( 'NONE',  ( -0.4303149606299213059, 0.1850393700787401619, -0.01968503937007873988 ) ) ;
#6298 = LINE ( 'NONE', #3092, #7857 ) ;
#6299 = ORIENTED_EDGE ( 'NONE', *, *, #4378, .F. ) ;
#6300 = DIRECTION ( 'NONE',  ( 0.000000000000000000, 0.000000000000000000, -1.000000000000000000 ) ) ;
#6301 = CARTESIAN_POINT ( 'NONE',  ( -0.4696850393700787163, 0.1574803149606299191, 0.01968503937007873988 ) ) ;
#6302 = LINE ( 'NONE', #3616, #6540 ) ;
#6303 = ORIENTED_EDGE ( 'NONE', *, *, #420, .T. ) ;
#6304 = CARTESIAN_POINT ( 'NONE',  ( -0.2657480314960630197, 0.01181102362204724393, 0.004921259842519684971 ) ) ;
#6305 = ORIENTED_EDGE ( 'NONE', *, *, #2202, .T. ) ;
#6306 = EDGE_CURVE ( 'NONE', #5290, #924, #4518, .T. ) ;
#6307 = VERTEX_POINT ( 'NONE', #1265 ) ;
#6308 = EDGE_CURVE ( 'NONE', #6151, #6482, #5162, .T. ) ;
#6309 = CARTESIAN_POINT ( 'NONE',  ( -0.8893700787401574992, 0.01181102362204724393, 0.03937007874015747977 ) ) ;
#6310 = VERTEX_POINT ( 'NONE', #8361 ) ;
#6311 = CARTESIAN_POINT ( 'NONE',  ( -0.3696850393700787940, 0.1850393700787401619, 0.01968503937007873988 ) ) ;
#6312 = ORIENTED_EDGE ( 'NONE', *, *, #5384, .T. ) ;
#6313 = PLANE ( 'NONE',  #512 ) ;
#6314 = EDGE_CURVE ( 'NONE', #6043, #2272, #2637, .T. ) ;
#6315 = ORIENTED_EDGE ( 'NONE', *, *, #6351, .T. ) ;
#6316 = FACE_OUTER_BOUND ( 'NONE', #4980, .T. ) ;
#6317 = DIRECTION ( 'NONE',  ( 0.000000000000000000, -1.000000000000000000, 0.000000000000000000 ) ) ;
#6318 = ORIENTED_EDGE ( 'NONE', *, *, #1522, .T. ) ;
#6319 = CARTESIAN_POINT ( 'NONE',  ( -0.4303149606299213059, 0.1850393700787401619, 0.01968503937007873988 ) ) ;
#6320 = ADVANCED_FACE ( 'NONE', ( #7081 ), #7842, .T. ) ;
#6321 = DIRECTION ( 'NONE',  ( 0.000000000000000000, 1.000000000000000000, 0.000000000000000000 ) ) ;
#6322 = CARTESIAN_POINT ( 'NONE',  ( -0.4721456692913386100, 0.01181102362204724393, -0.01279527559055118092 ) ) ;
#6323 = ORIENTED_EDGE ( 'NONE', *, *, #654, .T. ) ;
#6324 = ORIENTED_EDGE ( 'NONE', *, *, #7185, .F. ) ;
#6325 = EDGE_CURVE ( 'NONE', #4638, #5677, #2547, .T. ) ;
#6326 = CARTESIAN_POINT ( 'NONE',  ( -0.9303149606299213614, 0.1574803149606299191, -0.01968503937007873988 ) ) ;
#6327 = DIRECTION ( 'NONE',  ( 0.7071067811865475727, 0.7071067811865475727, 0.000000000000000000 ) ) ;
#6328 = LINE ( 'NONE', #1879, #4768 ) ;
#6329 = CARTESIAN_POINT ( 'NONE',  ( -0.5312992125984251635, 0.02165354330708661734, 0.01870078740157480462 ) ) ;
#6330 = LINE ( 'NONE', #6375, #3120 ) ;
#6331 = ORIENTED_EDGE ( 'NONE', *, *, #8000, .T. ) ;
#6332 = DIRECTION ( 'NONE',  ( 0.000000000000000000, 1.000000000000000000, 0.000000000000000000 ) ) ;
#6333 = CARTESIAN_POINT ( 'NONE',  ( -0.6696850393700788384, 0.1850393700787401619, -0.01968503937007873988 ) ) ;
#6334 = DIRECTION ( 'NONE',  ( 0.000000000000000000, -1.000000000000000000, 0.000000000000000000 ) ) ;
#6335 = VECTOR ( 'NONE', #4818, 39.37007874015748143 ) ;
#6336 = ORIENTED_EDGE ( 'NONE', *, *, #3337, .T. ) ;
#6337 = LINE ( 'NONE', #4334, #7980 ) ;
#6338 = DIRECTION ( 'NONE',  ( 0.000000000000000000, 1.000000000000000000, 0.000000000000000000 ) ) ;
#6339 = CARTESIAN_POINT ( 'NONE',  ( -0.9795275590551181244, 0.01181102362204724393, -0.02952755905511811330 ) ) ;
#6340 = ORIENTED_EDGE ( 'NONE', *, *, #1152, .T. ) ;
#6341 = CARTESIAN_POINT ( 'NONE',  ( -1.009842519685039353, 0.1968503937007874127, 0.04921259842519685318 ) ) ;
#6342 = ORIENTED_EDGE ( 'NONE', *, *, #1134, .F. ) ;
#6343 = ORIENTED_EDGE ( 'NONE', *, *, #3229, .F. ) ;
#6344 = DIRECTION ( 'NONE',  ( 0.000000000000000000, 1.000000000000000000, 0.000000000000000000 ) ) ;
#6345 = ORIENTED_EDGE ( 'NONE', *, *, #802, .F. ) ;
#6346 = CARTESIAN_POINT ( 'NONE',  ( -0.2785433070866141780, 0.1574803149606299191, 0.02854330708661417110 ) ) ;
#6347 = CARTESIAN_POINT ( 'NONE',  ( -0.8785433070866142113, 0.01181102362204724393, 0.02854330708661417110 ) ) ;
#6348 = EDGE_CURVE ( 'NONE', #5872, #6175, #7002, .T. ) ;
#6349 = VECTOR ( 'NONE', #6243, 39.37007874015748143 ) ;
#6350 = AXIS2_PLACEMENT_3D ( 'NONE', #4204, #2922, #3010 ) ;
#6351 = EDGE_CURVE ( 'NONE', #6282, #4208, #8402, .T. ) ;
#6352 = VERTEX_POINT ( 'NONE', #160 ) ;
#6353 = FACE_OUTER_BOUND ( 'NONE', #8277, .T. ) ;
#6354 = ORIENTED_EDGE ( 'NONE', *, *, #6056, .T. ) ;
#6355 = AXIS2_PLACEMENT_3D ( 'NONE', #7291, #5471, #7210 ) ;
#6356 = VECTOR ( 'NONE', #7375, 39.37007874015748143 ) ;
#6357 = VECTOR ( 'NONE', #6081, 39.37007874015748143 ) ;
#6358 = CARTESIAN_POINT ( 'NONE',  ( -0.5578740157480315265, -0.1181102362204724532, 0.004921259842519684971 ) ) ;
#6359 =( LENGTH_UNIT ( ) NAMED_UNIT ( * ) SI_UNIT ( $, .METRE. ) );
#6360 = ORIENTED_EDGE ( 'NONE', *, *, #7134, .T. ) ;
#6361 = CARTESIAN_POINT ( 'NONE',  ( -0.5421259842519684513, -0.1181102362204724532, -0.01279527559055118092 ) ) ;
#6362 = ADVANCED_FACE ( 'NONE', ( #2822 ), #4142, .F. ) ;
#6363 = EDGE_CURVE ( 'NONE', #5036, #7193, #6612, .T. ) ;
#6364 = VECTOR ( 'NONE', #7151, 39.37007874015748143 ) ;
#6365 = VECTOR ( 'NONE', #645, 39.37007874015748143 ) ;
#6366 = CARTESIAN_POINT ( 'NONE',  ( -0.8342519685039370136, -0.08858267716535432601, -0.01279527559055118092 ) ) ;
#6367 = VERTEX_POINT ( 'NONE', #2868 ) ;
#6368 = EDGE_LOOP ( 'NONE', ( #5376, #4661, #8430, #5392 ) ) ;
#6369 = EDGE_CURVE ( 'NONE', #7419, #817, #203, .T. ) ;
#6370 = CARTESIAN_POINT ( 'NONE',  ( -0.5785433070866141669, 0.1574803149606299191, 0.02854330708661417110 ) ) ;
#6371 = VECTOR ( 'NONE', #6283, 39.37007874015748143 ) ;
#6372 = CARTESIAN_POINT ( 'NONE',  ( -0.9696850393700787718, 0.1850393700787401619, -0.01968503937007873988 ) ) ;
#6373 = LINE ( 'NONE', #7011, #2168 ) ;
#6374 = CARTESIAN_POINT ( 'NONE',  ( -0.5303149606299212282, 0.1850393700787401619, -0.01968503937007873988 ) ) ;
#6375 = CARTESIAN_POINT ( 'NONE',  ( -0.7303149606299212948, 0.1850393700787401619, -0.01968503937007873988 ) ) ;
#6376 = VERTEX_POINT ( 'NONE', #2780 ) ;
#6377 = PLANE ( 'NONE',  #3521 ) ;
#6379 = CARTESIAN_POINT ( 'NONE',  ( -0.8342519685039370136, -0.08858267716535432601, 0.004921259842519684971 ) ) ;
#6378 = VECTOR ( 'NONE', #553, 39.37007874015748143 ) ;
#6380 = DIRECTION ( 'NONE',  ( 0.000000000000000000, 1.000000000000000000, 0.000000000000000000 ) ) ;
#6381 = VECTOR ( 'NONE', #4336, 39.37007874015748143 ) ;
#6382 = VECTOR ( 'NONE', #3431, 39.37007874015748143 ) ;
#6383 = VECTOR ( 'NONE', #6900, 39.37007874015748143 ) ;
#6384 = CARTESIAN_POINT ( 'NONE',  ( -0.9204724409448820088, 0.01181102362204724393, -0.02952755905511811330 ) ) ;
#6385 = DIRECTION ( 'NONE',  ( -0.000000000000000000, 1.000000000000000000, 0.000000000000000000 ) ) ;
#6386 = EDGE_CURVE ( 'NONE', #2959, #6107, #3428, .T. ) ;
#6387 = PRODUCT_DEFINITION ( 'UNKNOWN', '', #4079, #4920 ) ;
#6388 = FACE_OUTER_BOUND ( 'NONE', #1915, .T. ) ;
#6389 = VERTEX_POINT ( 'NONE', #6067 ) ;
#6390 = FACE_OUTER_BOUND ( 'NONE', #1116, .T. ) ;
#6391 = VERTEX_POINT ( 'NONE', #7981 ) ;
#6392 = VECTOR ( 'NONE', #2157, 39.37007874015748143 ) ;
#6393 = EDGE_LOOP ( 'NONE', ( #7458, #5913, #6750, #1053 ) ) ;
#6394 = VECTOR ( 'NONE', #6761, 39.37007874015748143 ) ;
#6395 = AXIS2_PLACEMENT_3D ( 'NONE', #3734, #4456, #1212 ) ;
#6396 = FACE_OUTER_BOUND ( 'NONE', #8257, .T. ) ;
#6397 = VERTEX_POINT ( 'NONE', #3377 ) ;
#6398 = DIRECTION ( 'NONE',  ( -0.5773502691896257311, 0.5773502691896257311, 0.5773502691896257311 ) ) ;
#6399 = VECTOR ( 'NONE', #2315, 39.37007874015748143 ) ;
#6400 = ORIENTED_EDGE ( 'NONE', *, *, #1246, .T. ) ;
#6401 = DIRECTION ( 'NONE',  ( 0.000000000000000000, 1.000000000000000000, 0.000000000000000000 ) ) ;
#6402 = ORIENTED_EDGE ( 'NONE', *, *, #7102, .T. ) ;
#6403 = VECTOR ( 'NONE', #5871, 39.37007874015748143 ) ;
#6404 = DIRECTION ( 'NONE',  ( 1.000000000000000000, 0.000000000000000000, 0.000000000000000000 ) ) ;
#6405 = CARTESIAN_POINT ( 'NONE',  ( -0.8185039370078740495, 0.1968503937007874127, 0.03149606299212598381 ) ) ;
#6406 = ORIENTED_EDGE ( 'NONE', *, *, #6950, .F. ) ;
#6407 = PLANE ( 'NONE',  #4879 ) ;
#6408 = LINE ( 'NONE', #3040, #3081 ) ;
#6409 = ORIENTED_EDGE ( 'NONE', *, *, #272, .T. ) ;
#6410 = ORIENTED_EDGE ( 'NONE', *, *, #3961, .F. ) ;
#6411 = EDGE_CURVE ( 'NONE', #4796, #5602, #116, .T. ) ;
#6412 = ADVANCED_FACE ( 'NONE', ( #7942 ), #4789, .F. ) ;
#6413 = ADVANCED_FACE ( 'NONE', ( #6712 ), #5387, .T. ) ;
#6414 = DIRECTION ( 'NONE',  ( 0.000000000000000000, 0.000000000000000000, 1.000000000000000000 ) ) ;
#6415 = DIRECTION ( 'NONE',  ( 0.000000000000000000, 0.000000000000000000, -1.000000000000000000 ) ) ;
#6416 = LINE ( 'NONE', #6492, #2033 ) ;
#6417 = CARTESIAN_POINT ( 'NONE',  ( -0.7893700787401574104, 0.01181102362204724393, 0.03937007874015747977 ) ) ;
#6418 = CARTESIAN_POINT ( 'NONE',  ( -0.5106299212598425230, 0.000000000000000000, -0.03937007874015747977 ) ) ;
#6419 = ORIENTED_EDGE ( 'NONE', *, *, #5890, .F. ) ;
#6420 = LINE ( 'NONE', #560, #8149 ) ;
#6421 = CARTESIAN_POINT ( 'NONE',  ( -0.7785433070866142335, 0.01181102362204724393, -0.02854330708661417110 ) ) ;
#6422 = EDGE_CURVE ( 'NONE', #1872, #6597, #3965, .T. ) ;
#6423 = DIRECTION ( 'NONE',  ( 0.000000000000000000, -1.000000000000000000, 0.000000000000000000 ) ) ;
#6424 = DIRECTION ( 'NONE',  ( 0.000000000000000000, 0.000000000000000000, -1.000000000000000000 ) ) ;
#6425 = PLANE ( 'NONE',  #6395 ) ;
#6426 = EDGE_CURVE ( 'NONE', #7299, #6142, #4738, .T. ) ;
#6427 = LINE ( 'NONE', #1215, #4910 ) ;
#6428 = ORIENTED_EDGE ( 'NONE', *, *, #6701, .F. ) ;
#6429 = LINE ( 'NONE', #6304, #4593 ) ;
#6430 = VERTEX_POINT ( 'NONE', #6662 ) ;
#6431 = FACE_OUTER_BOUND ( 'NONE', #6991, .T. ) ;
#6432 = EDGE_LOOP ( 'NONE', ( #2258, #8151, #479, #946 ) ) ;
#6433 = EDGE_CURVE ( 'NONE', #2652, #6391, #7387, .T. ) ;
#6434 = CARTESIAN_POINT ( 'NONE',  ( -0.8795275590551180356, 0.1574803149606299191, -0.02952755905511811330 ) ) ;
#6435 = ORIENTED_EDGE ( 'NONE', *, *, #2147, .T. ) ;
#6436 = CARTESIAN_POINT ( 'NONE',  ( -0.5312992125984251635, 0.000000000000000000, 0.000000000000000000 ) ) ;
#6437 = CARTESIAN_POINT ( 'NONE',  ( -0.5785433070866141669, 0.01181102362204724393, 0.02854330708661417110 ) ) ;
#6438 = ORIENTED_EDGE ( 'NONE', *, *, #4192, .F. ) ;
#6439 = CARTESIAN_POINT ( 'NONE',  ( -0.5893700787401575658, 0.000000000000000000, -0.03937007874015747977 ) ) ;
#6440 = ORIENTED_EDGE ( 'NONE', *, *, #6885, .F. ) ;
#6441 = DIRECTION ( 'NONE',  ( 0.000000000000000000, 0.000000000000000000, 1.000000000000000000 ) ) ;
#6442 = CARTESIAN_POINT ( 'NONE',  ( -0.6106299212598425008, 0.01181102362204724393, 0.03937007874015747977 ) ) ;
#6443 = EDGE_LOOP ( 'NONE', ( #6435, #7072, #3858, #2588 ) ) ;
#6444 = LINE ( 'NONE', #6573, #5558 ) ;
#6445 = CARTESIAN_POINT ( 'NONE',  ( -0.9657480314960630308, 0.000000000000000000, 0.000000000000000000 ) ) ;
#6446 = VERTEX_POINT ( 'NONE', #6112 ) ;
#6447 = ORIENTED_EDGE ( 'NONE', *, *, #4418, .F. ) ;
#6448 = CARTESIAN_POINT ( 'NONE',  ( -0.5214566929133858109, 0.1574803149606299191, 0.02854330708661417110 ) ) ;
#6449 = CARTESIAN_POINT ( 'NONE',  ( -0.5214566929133858109, 0.1574803149606299191, 0.02854330708661417110 ) ) ;
#6450 = CARTESIAN_POINT ( 'NONE',  ( -0.4893700787401574770, 0.01181102362204724393, 0.03937007874015747977 ) ) ;
#6451 = PLANE ( 'NONE',  #3213 ) ;
#6452 = CARTESIAN_POINT ( 'NONE',  ( -0.5696850393700787496, 0.1574803149606299191, 0.01968503937007873988 ) ) ;
#6453 = EDGE_CURVE ( 'NONE', #5872, #7768, #8031, .T. ) ;
#6454 = LINE ( 'NONE', #6971, #5531 ) ;
#6455 = ADVANCED_FACE ( 'NONE', ( #2182 ), #1536, .F. ) ;
#6456 = DIRECTION ( 'NONE',  ( 0.000000000000000000, 1.000000000000000000, 0.000000000000000000 ) ) ;
#6457 = CARTESIAN_POINT ( 'NONE',  ( -1.009842519685039353, 0.000000000000000000, -0.03937007874015747977 ) ) ;
#6458 = DIRECTION ( 'NONE',  ( 1.000000000000000000, 0.000000000000000000, 0.000000000000000000 ) ) ;
#6459 = CARTESIAN_POINT ( 'NONE',  ( -0.8696850393700786830, 0.000000000000000000, 0.000000000000000000 ) ) ;
#6460 = LINE ( 'NONE', #603, #4080 ) ;
#6461 = ADVANCED_FACE ( 'NONE', ( #1363 ), #3329, .F. ) ;
#6462 = CARTESIAN_POINT ( 'NONE',  ( -0.8814960629921260171, 0.1968503937007874127, -0.03149606299212598381 ) ) ;
#6463 = ORIENTED_EDGE ( 'NONE', *, *, #306, .T. ) ;
#6464 = ORIENTED_EDGE ( 'NONE', *, *, #4470, .T. ) ;
#6465 = ORIENTED_EDGE ( 'NONE', *, *, #2063, .T. ) ;
#6466 = PLANE ( 'NONE',  #5688 ) ;
#6467 = CARTESIAN_POINT ( 'NONE',  ( -0.5421259842519684513, -0.1181102362204724532, 0.01279527559055118092 ) ) ;
#6468 = ORIENTED_EDGE ( 'NONE', *, *, #4427, .T. ) ;
#6469 = EDGE_CURVE ( 'NONE', #5252, #4313, #7898, .T. ) ;
#6470 = VECTOR ( 'NONE', #284, 39.37007874015748143 ) ;
#6471 = ORIENTED_EDGE ( 'NONE', *, *, #7714, .F. ) ;
#6472 = CARTESIAN_POINT ( 'NONE',  ( -0.4244094488188976388, 0.1909448818897638012, 0.000000000000000000 ) ) ;
#6473 = CARTESIAN_POINT ( 'NONE',  ( -0.3785433070866142113, 0.01181102362204724393, 0.02854330708661417110 ) ) ;
#6474 = CARTESIAN_POINT ( 'NONE',  ( -0.3214566929133858553, 0.1574803149606299191, -0.02854330708661417110 ) ) ;
#6475 = EDGE_CURVE ( 'NONE', #7378, #5842, #1402, .T. ) ;
#6476 = VECTOR ( 'NONE', #7400, 39.37007874015748143 ) ;
#6477 = EDGE_CURVE ( 'NONE', #5533, #7209, #5344, .T. ) ;
#6478 = EDGE_LOOP ( 'NONE', ( #1634, #142, #588, #2639 ) ) ;
#6479 = CARTESIAN_POINT ( 'NONE',  ( -0.3106299212598425119, 0.01181102362204724393, 0.03937007874015747977 ) ) ;
#6480 = VERTEX_POINT ( 'NONE', #4825 ) ;
#6481 = LINE ( 'NONE', #4557, #5420 ) ;
#6482 = VERTEX_POINT ( 'NONE', #935 ) ;
#6483 = VECTOR ( 'NONE', #6772, 39.37007874015748143 ) ;
#6484 = CARTESIAN_POINT ( 'NONE',  ( -0.4303149606299213059, 0.000000000000000000, 0.000000000000000000 ) ) ;
#6485 = ADVANCED_FACE ( 'NONE', ( #4909, #7503 ), #4297, .F. ) ;
#6486 = FACE_OUTER_BOUND ( 'NONE', #8456, .T. ) ;
#6487 = ORIENTED_EDGE ( 'NONE', *, *, #33, .T. ) ;
#6488 = VERTEX_POINT ( 'NONE', #5627 ) ;
#6489 = VERTEX_POINT ( 'NONE', #6829 ) ;
#6490 = CARTESIAN_POINT ( 'NONE',  ( -0.1901575223667417436, 0.000000000000000000, 0.03937007874015747977 ) ) ;
#6491 = CARTESIAN_POINT ( 'NONE',  ( -0.3893700787401574437, 0.01181102362204724393, 0.03937007874015747977 ) ) ;
#6492 = CARTESIAN_POINT ( 'NONE',  ( -0.5687007874015748143, 0.02165354330708661734, 0.01870078740157480462 ) ) ;
#6493 = VECTOR ( 'NONE', #5797, 39.37007874015748143 ) ;
#6494 = VECTOR ( 'NONE', #3306, 39.37007874015748143 ) ;
#6495 = CARTESIAN_POINT ( 'NONE',  ( -0.5795275590551181022, 0.1574803149606299191, -0.02952755905511811330 ) ) ;
#6496 = CARTESIAN_POINT ( 'NONE',  ( -0.7312992125984252301, 0.1574803149606299191, 0.01870078740157480462 ) ) ;
#6497 = ORIENTED_EDGE ( 'NONE', *, *, #3648, .T. ) ;
#6498 = DIRECTION ( 'NONE',  ( 1.000000000000000000, 0.000000000000000000, 0.000000000000000000 ) ) ;
#6499 = CARTESIAN_POINT ( 'NONE',  ( -0.7696850393700788162, 0.1574803149606299191, 0.01968503937007873988 ) ) ;
#6500 = VECTOR ( 'NONE', #148, 39.37007874015748143 ) ;
#6501 = EDGE_CURVE ( 'NONE', #4617, #3418, #8107, .T. ) ;
#6502 = CARTESIAN_POINT ( 'NONE',  ( -0.9421259842519684735, -0.1181102362204724532, -0.004921259842519684971 ) ) ;
#6503 = CARTESIAN_POINT ( 'NONE',  ( -0.2657480314960630197, -0.1181102362204724532, -0.01279527559055118092 ) ) ;
#6504 = DIRECTION ( 'NONE',  ( 0.000000000000000000, 0.000000000000000000, -1.000000000000000000 ) ) ;
#6505 = AXIS2_PLACEMENT_3D ( 'NONE', #2697, #2061, #4666 ) ;
#6506 = CARTESIAN_POINT ( 'NONE',  ( -0.7421259842519685179, -0.1181102362204724532, 0.01279527559055118092 ) ) ;
#6507 = ORIENTED_EDGE ( 'NONE', *, *, #6634, .T. ) ;
#6508 = EDGE_LOOP ( 'NONE', ( #5584, #1354, #722, #7527 ) ) ;
#6509 = EDGE_LOOP ( 'NONE', ( #1058, #568, #1723, #8281, #5667, #4928 ) ) ;
#6510 = FACE_OUTER_BOUND ( 'NONE', #6152, .T. ) ;
#6511 = CARTESIAN_POINT ( 'NONE',  ( -0.2381889763779527491, -0.1033464566929133965, 0.000000000000000000 ) ) ;
#6512 = ORIENTED_EDGE ( 'NONE', *, *, #4775, .T. ) ;
#6513 = EDGE_CURVE ( 'NONE', #5975, #7629, #8229, .T. ) ;
#6514 = EDGE_CURVE ( 'NONE', #4296, #7613, #7421, .T. ) ;
#6515 = VECTOR ( 'NONE', #7505, 39.37007874015748143 ) ;
#6516 = VECTOR ( 'NONE', #6569, 39.37007874015748143 ) ;
#6517 = ADVANCED_FACE ( 'NONE', ( #367 ), #7462, .F. ) ;
#6518 = FILL_AREA_STYLE ('',( #4549 ) ) ;
#6519 = ORIENTED_EDGE ( 'NONE', *, *, #3601, .T. ) ;
#6520 = LINE ( 'NONE', #3234, #807 ) ;
#6521 = FACE_OUTER_BOUND ( 'NONE', #1442, .T. ) ;
#6522 = CARTESIAN_POINT ( 'NONE',  ( -0.7687007874015748810, 0.02165354330708661734, -0.01870078740157480462 ) ) ;
#6523 = VECTOR ( 'NONE', #2887, 39.37007874015748143 ) ;
#6524 = AXIS2_PLACEMENT_3D ( 'NONE', #8175, #2357, #6204 ) ;
#6525 = VECTOR ( 'NONE', #1340, 39.37007874015748143 ) ;
#6526 = ORIENTED_EDGE ( 'NONE', *, *, #660, .T. ) ;
#6527 = DIRECTION ( 'NONE',  ( 1.000000000000000000, 0.000000000000000000, 0.000000000000000000 ) ) ;
#6528 = ORIENTED_EDGE ( 'NONE', *, *, #6885, .T. ) ;
#6529 = DIRECTION ( 'NONE',  ( 0.000000000000000000, 1.000000000000000000, 0.000000000000000000 ) ) ;
#6530 = VECTOR ( 'NONE', #2836, 39.37007874015748143 ) ;
#6531 = DIRECTION ( 'NONE',  ( 0.000000000000000000, 0.000000000000000000, -1.000000000000000000 ) ) ;
#6532 = VECTOR ( 'NONE', #7956, 39.37007874015748143 ) ;
#6533 = EDGE_LOOP ( 'NONE', ( #8368, #4140, #2234, #1787 ) ) ;
#6534 = LINE ( 'NONE', #5802, #4457 ) ;
#6535 = EDGE_CURVE ( 'NONE', #6480, #4656, #4260, .T. ) ;
#6536 = PLANE ( 'NONE',  #1709 ) ;
#6537 = ORIENTED_EDGE ( 'NONE', *, *, #4355, .T. ) ;
#6538 = VERTEX_POINT ( 'NONE', #5666 ) ;
#6539 = ORIENTED_EDGE ( 'NONE', *, *, #7271, .F. ) ;
#6540 = VECTOR ( 'NONE', #3659, 39.37007874015748143 ) ;
#6541 = DIRECTION ( 'NONE',  ( 0.000000000000000000, 0.000000000000000000, -1.000000000000000000 ) ) ;
#6542 = ADVANCED_FACE ( 'NONE', ( #6908 ), #2940, .T. ) ;
#6543 = DIRECTION ( 'NONE',  ( 0.000000000000000000, 0.000000000000000000, -1.000000000000000000 ) ) ;
#6544 = DIRECTION ( 'NONE',  ( 0.000000000000000000, 1.000000000000000000, 0.000000000000000000 ) ) ;
#6545 = DIRECTION ( 'NONE',  ( 0.000000000000000000, 0.000000000000000000, -1.000000000000000000 ) ) ;
#6546 = DIRECTION ( 'NONE',  ( 0.000000000000000000, 0.000000000000000000, 1.000000000000000000 ) ) ;
#6547 = EDGE_LOOP ( 'NONE', ( #4974, #6798, #756, #6617 ) ) ;
#6548 = DIRECTION ( 'NONE',  ( 0.000000000000000000, 0.000000000000000000, 1.000000000000000000 ) ) ;
#6549 = DIRECTION ( 'NONE',  ( 0.000000000000000000, -1.000000000000000000, 0.000000000000000000 ) ) ;
#6550 = CARTESIAN_POINT ( 'NONE',  ( -0.3657480314960629975, 0.01181102362204724393, 0.004921259842519684971 ) ) ;
#6551 = LINE ( 'NONE', #695, #4841 ) ;
#6552 = LINE ( 'NONE', #4028, #4213 ) ;
#6553 = LINE ( 'NONE', #4085, #7759 ) ;
#6554 = ORIENTED_EDGE ( 'NONE', *, *, #1065, .T. ) ;
#6555 = EDGE_LOOP ( 'NONE', ( #6299, #5958, #5645, #2505 ) ) ;
#6556 = ORIENTED_EDGE ( 'NONE', *, *, #1925, .F. ) ;
#6557 = DIRECTION ( 'NONE',  ( 0.000000000000000000, 1.000000000000000000, 0.000000000000000000 ) ) ;
#6558 = DIRECTION ( 'NONE',  ( 0.000000000000000000, 0.000000000000000000, -1.000000000000000000 ) ) ;
#6559 = ORIENTED_EDGE ( 'NONE', *, *, #7977, .T. ) ;
#6560 = DIRECTION ( 'NONE',  ( 0.000000000000000000, 1.000000000000000000, 0.000000000000000000 ) ) ;
#6561 = EDGE_LOOP ( 'NONE', ( #491, #1435, #3379, #1670 ) ) ;
#6562 = CARTESIAN_POINT ( 'NONE',  ( -0.7795275590551181688, 0.01181102362204724393, 0.02952755905511811330 ) ) ;
#6563 = LINE ( 'NONE', #7972, #8291 ) ;
#6564 = DIRECTION ( 'NONE',  ( 0.000000000000000000, 1.000000000000000000, 0.000000000000000000 ) ) ;
#6565 = ADVANCED_FACE ( 'NONE', ( #3549 ), #323, .F. ) ;
#6566 = ORIENTED_EDGE ( 'NONE', *, *, #5541, .T. ) ;
#6567 = ORIENTED_EDGE ( 'NONE', *, *, #1052, .T. ) ;
#6568 = ADVANCED_FACE ( 'NONE', ( #2337, #3025 ), #2297, .T. ) ;
#6569 = DIRECTION ( 'NONE',  ( -1.000000000000000000, 0.000000000000000000, 0.000000000000000000 ) ) ;
#6570 = ORIENTED_EDGE ( 'NONE', *, *, #3841, .F. ) ;
#6571 = DIRECTION ( 'NONE',  ( -0.5773502691896257311, 0.5773502691896257311, -0.5773502691896257311 ) ) ;
#6572 = ORIENTED_EDGE ( 'NONE', *, *, #7614, .F. ) ;
#6573 = CARTESIAN_POINT ( 'NONE',  ( -0.3721456692913386322, 0.01181102362204724393, 0.01279527559055118092 ) ) ;
#6574 = EDGE_CURVE ( 'NONE', #936, #3978, #6153, .T. ) ;
#6575 = DIRECTION ( 'NONE',  ( 0.000000000000000000, 0.000000000000000000, 1.000000000000000000 ) ) ;
#6576 = ORIENTED_EDGE ( 'NONE', *, *, #4285, .T. ) ;
#6577 = EDGE_LOOP ( 'NONE', ( #2874, #4181, #5404, #7206 ) ) ;
#6578 = ORIENTED_EDGE ( 'NONE', *, *, #719, .F. ) ;
#6579 = CARTESIAN_POINT ( 'NONE',  ( -0.2204724409448818867, 0.1574803149606299191, 0.02952755905511811330 ) ) ;
#6580 = ADVANCED_FACE ( 'NONE', ( #2987 ), #4944, .F. ) ;
#6581 = LINE ( 'NONE', #6491, #3381 ) ;
#6582 = CARTESIAN_POINT ( 'NONE',  ( -0.8721456692913385211, 0.01181102362204724393, -0.01279527559055118092 ) ) ;
#6583 = DIRECTION ( 'NONE',  ( 0.000000000000000000, 1.000000000000000000, 0.000000000000000000 ) ) ;
#6584 = LINE ( 'NONE', #2700, #5719 ) ;
#6585 = VERTEX_POINT ( 'NONE', #412 ) ;
#6586 = EDGE_CURVE ( 'NONE', #2993, #30, #4983, .T. ) ;
#6587 = EDGE_LOOP ( 'NONE', ( #7, #6120, #5117, #7797 ) ) ;
#6588 = CARTESIAN_POINT ( 'NONE',  ( -1.009842519685039353, 0.000000000000000000, -0.03937007874015747977 ) ) ;
#6589 = FACE_OUTER_BOUND ( 'NONE', #634, .T. ) ;
#6590 = ADVANCED_FACE ( 'NONE', ( #1101 ), #3707, .F. ) ;
#6591 = LINE ( 'NONE', #6729, #5985 ) ;
#6592 = DIRECTION ( 'NONE',  ( 0.000000000000000000, 0.000000000000000000, -1.000000000000000000 ) ) ;
#6593 = LINE ( 'NONE', #1971, #5578 ) ;
#6594 = DIRECTION ( 'NONE',  ( 1.000000000000000000, 0.000000000000000000, 0.000000000000000000 ) ) ;
#6595 = ORIENTED_EDGE ( 'NONE', *, *, #4689, .T. ) ;
#6596 = VERTEX_POINT ( 'NONE', #2219 ) ;
#6597 = VERTEX_POINT ( 'NONE', #537 ) ;
#6598 = CARTESIAN_POINT ( 'NONE',  ( -0.1901575223667417436, 0.01181102362204724393, -0.03937007874015747977 ) ) ;
#6599 = LINE ( 'NONE', #7881, #7448 ) ;
#6600 = ORIENTED_EDGE ( 'NONE', *, *, #6163, .T. ) ;
#6601 = CARTESIAN_POINT ( 'NONE',  ( -0.2204724409448818867, 0.000000000000000000, 0.000000000000000000 ) ) ;
#6602 = EDGE_LOOP ( 'NONE', ( #7203, #1830, #3702, #7756 ) ) ;
#6603 = CARTESIAN_POINT ( 'NONE',  ( -0.9696850393700787718, 0.1574803149606299191, 0.01968503937007873988 ) ) ;
#6604 = LINE ( 'NONE', #7284, #5442 ) ;
#6605 = DIRECTION ( 'NONE',  ( 0.000000000000000000, 0.000000000000000000, -1.000000000000000000 ) ) ;
#6606 = VERTEX_POINT ( 'NONE', #7699 ) ;
#6607 = VERTEX_POINT ( 'NONE', #1851 ) ;
#6608 = DIRECTION ( 'NONE',  ( 0.000000000000000000, 0.000000000000000000, -1.000000000000000000 ) ) ;
#6609 = VERTEX_POINT ( 'NONE', #3183 ) ;
#6610 = VECTOR ( 'NONE', #2040, 39.37007874015748143 ) ;
#6611 = EDGE_CURVE ( 'NONE', #4431, #1272, #5031, .T. ) ;
#6612 = LINE ( 'NONE', #857, #4998 ) ;
#6613 = ORIENTED_EDGE ( 'NONE', *, *, #6308, .T. ) ;
#6614 = DIRECTION ( 'NONE',  ( 1.000000000000000000, 0.000000000000000000, 0.000000000000000000 ) ) ;
#6615 = EDGE_CURVE ( 'NONE', #4188, #1848, #3863, .T. ) ;
#6616 = FACE_OUTER_BOUND ( 'NONE', #1025, .T. ) ;
#6617 = ORIENTED_EDGE ( 'NONE', *, *, #2488, .T. ) ;
#6618 = ORIENTED_EDGE ( 'NONE', *, *, #4267, .F. ) ;
#6619 = ORIENTED_EDGE ( 'NONE', *, *, #2973, .T. ) ;
#6620 = VECTOR ( 'NONE', #5893, 39.37007874015748143 ) ;
#6621 = EDGE_CURVE ( 'NONE', #3960, #7106, #3784, .T. ) ;
#6622 = DIRECTION ( 'NONE',  ( 0.000000000000000000, 0.000000000000000000, 1.000000000000000000 ) ) ;
#6623 = FACE_BOUND ( 'NONE', #2208, .T. ) ;
#6624 = EDGE_CURVE ( 'NONE', #5910, #3418, #2587, .T. ) ;
#6625 = DIRECTION ( 'NONE',  ( 1.000000000000000000, 0.000000000000000000, 0.000000000000000000 ) ) ;
#6626 = DIRECTION ( 'NONE',  ( 0.000000000000000000, 1.000000000000000000, 0.000000000000000000 ) ) ;
#6627 = LINE ( 'NONE', #7913, #759 ) ;
#6628 = CARTESIAN_POINT ( 'NONE',  ( -0.2696850393700787607, 0.1968503937007874127, 0.01968503937007873988 ) ) ;
#6629 = VECTOR ( 'NONE', #3588, 39.37007874015748143 ) ;
#6630 = ORIENTED_EDGE ( 'NONE', *, *, #604, .F. ) ;
#6631 = ORIENTED_EDGE ( 'NONE', *, *, #4440, .T. ) ;
#6632 = LINE ( 'NONE', #3169, #8154 ) ;
#6633 = CARTESIAN_POINT ( 'NONE',  ( -0.2696850393700787607, 0.1850393700787401619, -0.01968503937007873988 ) ) ;
#6634 = EDGE_CURVE ( 'NONE', #6482, #6911, #2494, .T. ) ;
#6635 = AXIS2_PLACEMENT_3D ( 'NONE', #3559, #6919, #1066 ) ;
#6636 = VECTOR ( 'NONE', #3737, 39.37007874015748143 ) ;
#6637 = DIRECTION ( 'NONE',  ( 0.000000000000000000, 0.000000000000000000, -1.000000000000000000 ) ) ;
#6638 = DIRECTION ( 'NONE',  ( 0.000000000000000000, 1.000000000000000000, 0.000000000000000000 ) ) ;
#6639 = DIRECTION ( 'NONE',  ( 0.000000000000000000, -1.000000000000000000, 0.000000000000000000 ) ) ;
#6640 = CARTESIAN_POINT ( 'NONE',  ( -0.4687007874015748365, 0.02165354330708661734, 0.01870078740157480462 ) ) ;
#6641 = VERTEX_POINT ( 'NONE', #5714 ) ;
#6642 = VERTEX_POINT ( 'NONE', #1780 ) ;
#6643 = VERTEX_POINT ( 'NONE', #5194 ) ;
#6644 = EDGE_CURVE ( 'NONE', #3251, #6898, #5788, .T. ) ;
#6645 = CARTESIAN_POINT ( 'NONE',  ( -0.6795275590551181910, 0.01181102362204724393, -0.02952755905511811330 ) ) ;
#6647 = CARTESIAN_POINT ( 'NONE',  ( -0.2795275590551181133, 0.1574803149606299191, -0.02952755905511811330 ) ) ;
#6646 = VECTOR ( 'NONE', #3148, 39.37007874015748143 ) ;
#6648 = VECTOR ( 'NONE', #4640, 39.37007874015748143 ) ;
#6649 = DIRECTION ( 'NONE',  ( 0.000000000000000000, 0.000000000000000000, -1.000000000000000000 ) ) ;
#6650 = EDGE_CURVE ( 'NONE', #5276, #5766, #1899, .T. ) ;
#6651 = AXIS2_PLACEMENT_3D ( 'NONE', #2835, #3681, #6878 ) ;
#6652 = ORIENTED_EDGE ( 'NONE', *, *, #4249, .T. ) ;
#6653 = DIRECTION ( 'NONE',  ( 1.000000000000000000, 0.000000000000000000, 0.000000000000000000 ) ) ;
#6654 = LINE ( 'NONE', #152, #5302 ) ;
#6655 = LINE ( 'NONE', #7334, #8054 ) ;
#6656 = EDGE_LOOP ( 'NONE', ( #5424, #4884, #1322, #109 ) ) ;
#6657 = VERTEX_POINT ( 'NONE', #489 ) ;
#6658 = FACE_OUTER_BOUND ( 'NONE', #8211, .T. ) ;
#6659 = EDGE_LOOP ( 'NONE', ( #1785, #887, #4746, #1839 ) ) ;
#6660 = VECTOR ( 'NONE', #2832, 39.37007874015748143 ) ;
#6661 = VECTOR ( 'NONE', #7054, 39.37007874015748143 ) ;
#6662 = CARTESIAN_POINT ( 'NONE',  ( -0.6185039370078739829, 0.1968503937007874127, -0.03149606299212598381 ) ) ;
#6663 =( NAMED_UNIT ( * ) PLANE_ANGLE_UNIT ( ) SI_UNIT ( $, .RADIAN. ) );
#6664 = ORIENTED_EDGE ( 'NONE', *, *, #4766, .F. ) ;
#6665 = CARTESIAN_POINT ( 'NONE',  ( -0.5687007874015748143, 0.1574803149606299191, 0.01870078740157480462 ) ) ;
#6666 = VECTOR ( 'NONE', #2070, 39.37007874015748143 ) ;
#6667 = VECTOR ( 'NONE', #4317, 39.37007874015748143 ) ;
#6668 = VECTOR ( 'NONE', #2083, 39.37007874015748143 ) ;
#6669 = DIRECTION ( 'NONE',  ( 0.000000000000000000, 1.000000000000000000, 0.000000000000000000 ) ) ;
#6670 = ORIENTED_EDGE ( 'NONE', *, *, #208, .T. ) ;
#6671 = ORIENTED_EDGE ( 'NONE', *, *, #2340, .T. ) ;
#6672 = ORIENTED_EDGE ( 'NONE', *, *, #6271, .T. ) ;
#6673 = VECTOR ( 'NONE', #3163, 39.37007874015748143 ) ;
#6674 = AXIS2_PLACEMENT_3D ( 'NONE', #5345, #4790, #204 ) ;
#6675 = AXIS2_PLACEMENT_3D ( 'NONE', #5186, #5705, #7740 ) ;
#6676 = LINE ( 'NONE', #2143, #7339 ) ;
#6677 = PLANE ( 'NONE',  #4619 ) ;
#6678 = DIRECTION ( 'NONE',  ( 1.000000000000000000, 0.000000000000000000, 0.000000000000000000 ) ) ;
#6679 = LINE ( 'NONE', #5399, #2176 ) ;
#6680 = LINE ( 'NONE', #3440, #8271 ) ;
#6681 = PLANE ( 'NONE',  #5315 ) ;
#6682 = PLANE ( 'NONE',  #4566 ) ;
#6683 = ORIENTED_EDGE ( 'NONE', *, *, #2408, .F. ) ;
#6684 = ADVANCED_FACE ( 'NONE', ( #6396 ), #7663, .T. ) ;
#6685 = EDGE_CURVE ( 'NONE', #3586, #709, #4384, .T. ) ;
#6686 = LINE ( 'NONE', #1623, #8020 ) ;
#6687 = LINE ( 'NONE', #1468, #2682 ) ;
#6688 = EDGE_CURVE ( 'NONE', #4547, #5317, #1939, .T. ) ;
#6689 = VECTOR ( 'NONE', #605, 39.37007874015748143 ) ;
#6690 = CARTESIAN_POINT ( 'NONE',  ( -0.1901575223667417436, 0.06102362081525827819, 0.03937007874015747977 ) ) ;
#6691 = LINE ( 'NONE', #7920, #7017 ) ;
#6692 = CARTESIAN_POINT ( 'NONE',  ( -0.2303149606299212671, 0.1850393700787401619, -0.01968503937007873988 ) ) ;
#6693 = MANIFOLD_SOLID_BREP ( 'K\X\F6rper1', #5109 ) ;
#6694 = PLANE ( 'NONE',  #4494 ) ;
#6695 = ORIENTED_EDGE ( 'NONE', *, *, #6070, .T. ) ;
#6696 = ORIENTED_EDGE ( 'NONE', *, *, #3174, .T. ) ;
#6697 = ADVANCED_FACE ( 'NONE', ( #1173 ), #3903, .F. ) ;
#6698 = FACE_OUTER_BOUND ( 'NONE', #7664, .T. ) ;
#6699 = LINE ( 'NONE', #3950, #1033 ) ;
#6700 = CARTESIAN_POINT ( 'NONE',  ( -0.4657480314960630308, 0.000000000000000000, 0.000000000000000000 ) ) ;
#6701 = EDGE_CURVE ( 'NONE', #4296, #2873, #3416, .T. ) ;
#6702 = ORIENTED_EDGE ( 'NONE', *, *, #1608, .T. ) ;
#6703 = CARTESIAN_POINT ( 'NONE',  ( -0.4696850393700787163, 0.1850393700787401619, 0.01968503937007873988 ) ) ;
#6704 = CARTESIAN_POINT ( 'NONE',  ( -0.2795275590551181133, 0.1574803149606299191, 0.02952755905511811330 ) ) ;
#6705 = CARTESIAN_POINT ( 'NONE',  ( -0.5500000000000000444, 0.1909448818897638012, -0.02559055118110236185 ) ) ;
#6706 = ORIENTED_EDGE ( 'NONE', *, *, #4698, .F. ) ;
#6707 = ORIENTED_EDGE ( 'NONE', *, *, #564, .T. ) ;
#6708 = ORIENTED_EDGE ( 'NONE', *, *, #1214, .F. ) ;
#6709 = CARTESIAN_POINT ( 'NONE',  ( -0.7204724409448819422, 0.1574803149606299191, 0.02952755905511811330 ) ) ;
#6710 = ORIENTED_EDGE ( 'NONE', *, *, #155, .T. ) ;
#6711 = EDGE_CURVE ( 'NONE', #8358, #7168, #5283, .T. ) ;
#6712 = FACE_OUTER_BOUND ( 'NONE', #2480, .T. ) ;
#6713 =( NAMED_UNIT ( * ) SI_UNIT ( $, .STERADIAN. ) SOLID_ANGLE_UNIT ( ) );
#6714 = ORIENTED_EDGE ( 'NONE', *, *, #999, .F. ) ;
#6715 = DIRECTION ( 'NONE',  ( 0.000000000000000000, 0.000000000000000000, -1.000000000000000000 ) ) ;
#6716 = DIRECTION ( 'NONE',  ( 1.000000000000000000, 0.000000000000000000, 0.000000000000000000 ) ) ;
#6717 = VERTEX_POINT ( 'NONE', #7886 ) ;
#6718 = ORIENTED_EDGE ( 'NONE', *, *, #7652, .F. ) ;
#6719 = VERTEX_POINT ( 'NONE', #4684 ) ;
#6720 = CARTESIAN_POINT ( 'NONE',  ( -0.8696850393700786830, 0.1574803149606299191, -0.01968503937007873988 ) ) ;
#6721 = DIRECTION ( 'NONE',  ( 0.000000000000000000, 0.7071067811865475727, -0.7071067811865475727 ) ) ;
#6722 = FACE_OUTER_BOUND ( 'NONE', #8275, .T. ) ;
#6723 = CARTESIAN_POINT ( 'NONE',  ( -0.4342519685039369914, -0.08858267716535432601, -0.01279527559055118092 ) ) ;
#6724 = CARTESIAN_POINT ( 'NONE',  ( -0.6687007874015747921, 0.02165354330708661734, 0.01870078740157480462 ) ) ;
#6725 = CARTESIAN_POINT ( 'NONE',  ( -0.3214566929133858553, 0.1574803149606299191, 0.02854330708661417110 ) ) ;
#6726 = PLANE ( 'NONE',  #4424 ) ;
#6727 = ORIENTED_EDGE ( 'NONE', *, *, #7090, .F. ) ;
#6728 = ADVANCED_FACE ( 'NONE', ( #5333 ), #2727, .F. ) ;
#6729 = CARTESIAN_POINT ( 'NONE',  ( -0.2696850393700787607, 0.1850393700787401619, -0.01968503937007873988 ) ) ;
#6730 = EDGE_CURVE ( 'NONE', #8072, #5602, #1981, .T. ) ;
#6731 = CARTESIAN_POINT ( 'NONE',  ( -0.4785433070866141336, 0.01181102362204724393, -0.02854330708661417110 ) ) ;
#6732 = DIRECTION ( 'NONE',  ( 0.000000000000000000, 0.000000000000000000, 1.000000000000000000 ) ) ;
#6733 = EDGE_CURVE ( 'NONE', #2092, #7613, #52, .T. ) ;
#6734 = DIRECTION ( 'NONE',  ( 1.000000000000000000, 0.000000000000000000, 0.000000000000000000 ) ) ;
#6735 = EDGE_LOOP ( 'NONE', ( #7648, #2690, #5340, #3006 ) ) ;
#6736 = ORIENTED_EDGE ( 'NONE', *, *, #2948, .T. ) ;
#6737 = PLANE ( 'NONE',  #7589 ) ;
#6738 = CARTESIAN_POINT ( 'NONE',  ( -0.8303149606299212726, 0.1850393700787401619, -0.01968503937007873988 ) ) ;
#6739 = ADVANCED_FACE ( 'NONE', ( #3954 ), #1434, .F. ) ;
#6740 = CARTESIAN_POINT ( 'NONE',  ( -0.4814960629921259949, 0.1968503937007874127, -0.03149606299212598381 ) ) ;
#6741 = ADVANCED_FACE ( 'NONE', ( #2769 ), #5375, .F. ) ;
#6742 = EDGE_LOOP ( 'NONE', ( #4859, #4045, #7312, #6025 ) ) ;
#6743 = DIRECTION ( 'NONE',  ( 0.000000000000000000, 0.000000000000000000, -1.000000000000000000 ) ) ;
#6744 = CARTESIAN_POINT ( 'NONE',  ( -0.8696850393700786830, 0.1850393700787401619, 0.01968503937007873988 ) ) ;
#6745 = FACE_OUTER_BOUND ( 'NONE', #4019, .T. ) ;
#6746 = ORIENTED_EDGE ( 'NONE', *, *, #7376, .T. ) ;
#6747 = ORIENTED_EDGE ( 'NONE', *, *, #6176, .T. ) ;
#6748 = DIRECTION ( 'NONE',  ( 0.000000000000000000, 0.000000000000000000, -1.000000000000000000 ) ) ;
#6749 = EDGE_CURVE ( 'NONE', #6837, #7392, #11, .T. ) ;
#6750 = ORIENTED_EDGE ( 'NONE', *, *, #3332, .T. ) ;
#6751 = CARTESIAN_POINT ( 'NONE',  ( -0.4106299212598425452, 0.000000000000000000, 0.03937007874015747977 ) ) ;
#6752 =( NAMED_UNIT ( * ) SI_UNIT ( $, .STERADIAN. ) SOLID_ANGLE_UNIT ( ) );
#6753 = VERTEX_POINT ( 'NONE', #4779 ) ;
#6754 = DIRECTION ( 'NONE',  ( -1.000000000000000000, 0.000000000000000000, 0.000000000000000000 ) ) ;
#6755 = EDGE_CURVE ( 'NONE', #1935, #5511, #5416, .T. ) ;
#6756 = LINE ( 'NONE', #3472, #4986 ) ;
#6757 = EDGE_LOOP ( 'NONE', ( #4914, #7684, #5476, #3424 ) ) ;
#6758 = ORIENTED_EDGE ( 'NONE', *, *, #8406, .F. ) ;
#6759 = EDGE_LOOP ( 'NONE', ( #2728, #7948, #549, #5111 ) ) ;
#6760 = CARTESIAN_POINT ( 'NONE',  ( -0.2312992125984252023, 0.02165354330708661734, -0.01870078740157480462 ) ) ;
#6761 = DIRECTION ( 'NONE',  ( 1.000000000000000000, 0.000000000000000000, 0.000000000000000000 ) ) ;
#6762 = VECTOR ( 'NONE', #7283, 39.37007874015748143 ) ;
#6763 = CARTESIAN_POINT ( 'NONE',  ( -0.8312992125984252079, 0.02165354330708661734, 0.01870078740157480462 ) ) ;
#6764 = FACE_BOUND ( 'NONE', #1453, .T. ) ;
#6765 = EDGE_CURVE ( 'NONE', #8180, #1397, #1353, .T. ) ;
#6766 = DIRECTION ( 'NONE',  ( 0.000000000000000000, -1.000000000000000000, 0.000000000000000000 ) ) ;
#6767 = PLANE ( 'NONE',  #6138 ) ;
#6768 = DIRECTION ( 'NONE',  ( 0.000000000000000000, -1.000000000000000000, 0.000000000000000000 ) ) ;
#6769 = VERTEX_POINT ( 'NONE', #7242 ) ;
#6770 = VECTOR ( 'NONE', #1465, 39.37007874015748143 ) ;
#6771 = CARTESIAN_POINT ( 'NONE',  ( -0.5578740157480315265, -0.1181102362204724532, -0.01279527559055118092 ) ) ;
#6772 = DIRECTION ( 'NONE',  ( 0.000000000000000000, 0.000000000000000000, -1.000000000000000000 ) ) ;
#6773 = DIRECTION ( 'NONE',  ( 1.000000000000000000, 0.000000000000000000, 0.000000000000000000 ) ) ;
#6774 = CARTESIAN_POINT ( 'NONE',  ( -0.2795275590551181133, 0.1574803149606299191, -0.02952755905511811330 ) ) ;
#6775 = ORIENTED_EDGE ( 'NONE', *, *, #7596, .T. ) ;
#6776 = CARTESIAN_POINT ( 'NONE',  ( -0.4657480314960630308, 0.01181102362204724393, 0.01279527559055118092 ) ) ;
#6777 = CARTESIAN_POINT ( 'NONE',  ( -0.3785433070866142113, 0.1574803149606299191, 0.02854330708661417110 ) ) ;
#6778 = AXIS2_PLACEMENT_3D ( 'NONE', #175, #3480, #3392 ) ;
#6779 = PLANE ( 'NONE',  #497 ) ;
#6780 = ORIENTED_EDGE ( 'NONE', *, *, #7296, .F. ) ;
#6781 = CARTESIAN_POINT ( 'NONE',  ( -0.7893700787401574104, 0.000000000000000000, -0.03937007874015747977 ) ) ;
#6782 = DIRECTION ( 'NONE',  ( 0.000000000000000000, 0.000000000000000000, -1.000000000000000000 ) ) ;
#6783 = VECTOR ( 'NONE', #6571, 39.37007874015748854 ) ;
#6784 = CARTESIAN_POINT ( 'NONE',  ( -0.9795275590551181244, 0.01181102362204724393, 0.02952755905511811330 ) ) ;
#6785 = VERTEX_POINT ( 'NONE', #1391 ) ;
#6786 = ADVANCED_FACE ( 'NONE', ( #7281 ), #7196, .F. ) ;
#6787 = ADVANCED_FACE ( 'NONE', ( #2171 ), #882, .F. ) ;
#6788 = EDGE_LOOP ( 'NONE', ( #3067, #8367, #1831, #7864 ) ) ;
#6789 = EDGE_CURVE ( 'NONE', #5477, #8312, #4132, .T. ) ;
#6790 = AXIS2_PLACEMENT_3D ( 'NONE', #8018, #2670, #7969 ) ;
#6791 = DIRECTION ( 'NONE',  ( 1.000000000000000000, 0.000000000000000000, 0.000000000000000000 ) ) ;
#6792 = ORIENTED_EDGE ( 'NONE', *, *, #2495, .T. ) ;
#6793 = DIRECTION ( 'NONE',  ( 0.000000000000000000, 0.000000000000000000, 1.000000000000000000 ) ) ;
#6794 = AXIS2_PLACEMENT_3D ( 'NONE', #1920, #4492, #3843 ) ;
#6795 = LINE ( 'NONE', #209, #1162 ) ;
#6796 = ORIENTED_EDGE ( 'NONE', *, *, #2252, .T. ) ;
#6797 = ORIENTED_EDGE ( 'NONE', *, *, #5844, .F. ) ;
#6798 = ORIENTED_EDGE ( 'NONE', *, *, #3695, .T. ) ;
#6799 = CARTESIAN_POINT ( 'NONE',  ( -0.9185039370078740273, 0.1968503937007874127, -0.03149606299212598381 ) ) ;
#6800 = LINE ( 'NONE', #950, #1069 ) ;
#6801 = VECTOR ( 'NONE', #5507, 39.37007874015748143 ) ;
#6802 = VECTOR ( 'NONE', #970, 39.37007874015748143 ) ;
#6803 = FACE_OUTER_BOUND ( 'NONE', #7799, .T. ) ;
#6804 = CARTESIAN_POINT ( 'NONE',  ( -0.4578740157480314932, -0.1181102362204724532, 0.01279527559055118092 ) ) ;
#6805 = EDGE_CURVE ( 'NONE', #1790, #6717, #2628, .T. ) ;
#6806 = CARTESIAN_POINT ( 'NONE',  ( -0.8618110236220473119, -0.1033464566929133965, 0.000000000000000000 ) ) ;
#6807 = CARTESIAN_POINT ( 'NONE',  ( -0.2303149606299212671, 0.1574803149606299191, 0.01968503937007873988 ) ) ;
#6808 = EDGE_LOOP ( 'NONE', ( #7670, #7035, #7587, #143, #4314, #8270 ) ) ;
#6809 = ORIENTED_EDGE ( 'NONE', *, *, #4060, .F. ) ;
#6810 = VECTOR ( 'NONE', #1137, 39.37007874015748143 ) ;
#6811 = VECTOR ( 'NONE', #73, 39.37007874015748143 ) ;
#6812 = VECTOR ( 'NONE', #4809, 39.37007874015748143 ) ;
#6813 = ADVANCED_FACE ( 'NONE', ( #7377 ), #847, .T. ) ;
#6814 = DIRECTION ( 'NONE',  ( 0.000000000000000000, 0.000000000000000000, -1.000000000000000000 ) ) ;
#6815 = AXIS2_PLACEMENT_3D ( 'NONE', #5217, #7813, #4623 ) ;
#6816 = VECTOR ( 'NONE', #5447, 39.37007874015748143 ) ;
#6817 = CARTESIAN_POINT ( 'NONE',  ( -0.5893700787401575658, 0.01181102362204724393, 0.03937007874015747977 ) ) ;
#6818 = CARTESIAN_POINT ( 'NONE',  ( -0.6785433070866142558, 0.01181102362204724393, 0.02854330708661417110 ) ) ;
#6819 = ORIENTED_EDGE ( 'NONE', *, *, #2716, .F. ) ;
#6820 = PLANE ( 'NONE',  #1048 ) ;
#6821 = LINE ( 'NONE', #3491, #4865 ) ;
#6822 = AXIS2_PLACEMENT_3D ( 'NONE', #2580, #5187, #1128 ) ;
#6823 = ORIENTED_EDGE ( 'NONE', *, *, #1820, .F. ) ;
#6824 = DIRECTION ( 'NONE',  ( 1.000000000000000000, 0.000000000000000000, 0.000000000000000000 ) ) ;
#6825 = DIRECTION ( 'NONE',  ( 0.000000000000000000, -1.000000000000000000, 0.000000000000000000 ) ) ;
#6826 = CARTESIAN_POINT ( 'NONE',  ( -0.3214566929133858553, 0.01181102362204724393, -0.02854330708661417110 ) ) ;
#6827 = EDGE_LOOP ( 'NONE', ( #1294, #3617, #6907, #3907 ) ) ;
#6828 = EDGE_LOOP ( 'NONE', ( #2549, #2820, #3874, #3220 ) ) ;
#6829 = CARTESIAN_POINT ( 'NONE',  ( -0.8696850393700786830, 0.1574803149606299191, 0.01968503937007873988 ) ) ;
#6830 = VERTEX_POINT ( 'NONE', #7049 ) ;
#6831 = DIRECTION ( 'NONE',  ( 1.000000000000000000, 0.000000000000000000, 0.000000000000000000 ) ) ;
#6832 = ADVANCED_FACE ( 'NONE', ( #7606 ), #282, .F. ) ;
#6833 = ADVANCED_FACE ( 'NONE', ( #4401 ), #8332, .T. ) ;
#6834 = DIRECTION ( 'NONE',  ( 0.000000000000000000, -1.000000000000000000, 0.000000000000000000 ) ) ;
#6835 = ORIENTED_EDGE ( 'NONE', *, *, #1712, .F. ) ;
#6836 = FACE_OUTER_BOUND ( 'NONE', #8028, .T. ) ;
#6837 = VERTEX_POINT ( 'NONE', #3045 ) ;
#6838 = EDGE_CURVE ( 'NONE', #4587, #2466, #431, .T. ) ;
#6839 = DIRECTION ( 'NONE',  ( -0.5773502691896257311, 0.5773502691896257311, -0.5773502691896257311 ) ) ;
#6840 = DIRECTION ( 'NONE',  ( 0.000000000000000000, -1.000000000000000000, 0.000000000000000000 ) ) ;
#6841 = PLANE ( 'NONE',  #2687 ) ;
#6842 = CARTESIAN_POINT ( 'NONE',  ( -0.7618110236220472231, -0.1033464566929133965, 0.000000000000000000 ) ) ;
#6843 = EDGE_CURVE ( 'NONE', #709, #2355, #2441, .T. ) ;
#6844 = CARTESIAN_POINT ( 'NONE',  ( -0.8303149606299212726, 0.1574803149606299191, -0.01968503937007873988 ) ) ;
#6845 = CARTESIAN_POINT ( 'NONE',  ( -0.6214566929133858997, 0.1574803149606299191, 0.02854330708661417110 ) ) ;
#6846 = EDGE_LOOP ( 'NONE', ( #1624, #5519, #3879, #1221 ) ) ;
#6847 = VERTEX_POINT ( 'NONE', #3724 ) ;
#6848 = EDGE_CURVE ( 'NONE', #4220, #7825, #2857, .T. ) ;
#6849 = LINE ( 'NONE', #3008, #7055 ) ;
#6850 = DIRECTION ( 'NONE',  ( 1.000000000000000000, 0.000000000000000000, 0.000000000000000000 ) ) ;
#6851 = DIRECTION ( 'NONE',  ( 0.000000000000000000, 1.000000000000000000, 0.000000000000000000 ) ) ;
#6852 = EDGE_CURVE ( 'NONE', #3785, #1218, #5689, .T. ) ;
#6853 = CARTESIAN_POINT ( 'NONE',  ( -0.4814960629921259949, 0.1968503937007874127, 0.03149606299212598381 ) ) ;
#6854 = ADVANCED_FACE ( 'NONE', ( #4214, #3688 ), #2476, .F. ) ;
#6855 = EDGE_LOOP ( 'NONE', ( #6290, #1297, #6464, #1938 ) ) ;
#6856 = ADVANCED_FACE ( 'NONE', ( #5048 ), #6779, .F. ) ;
#6857 = DIRECTION ( 'NONE',  ( 1.000000000000000000, 0.000000000000000000, 0.000000000000000000 ) ) ;
#6858 = CARTESIAN_POINT ( 'NONE',  ( -0.3687007874015748032, 0.02165354330708661734, -0.01870078740157480462 ) ) ;
#6859 = EDGE_LOOP ( 'NONE', ( #3717, #348, #5158, #723 ) ) ;
#6860 = DIRECTION ( 'NONE',  ( 0.000000000000000000, -1.000000000000000000, 0.000000000000000000 ) ) ;
#6861 = DIRECTION ( 'NONE',  ( 1.000000000000000000, 0.000000000000000000, 0.000000000000000000 ) ) ;
#6862 = ADVANCED_FACE ( 'NONE', ( #5086 ), #8252, .T. ) ;
#6863 = LINE ( 'NONE', #5583, #535 ) ;
#6864 = ORIENTED_EDGE ( 'NONE', *, *, #5694, .T. ) ;
#6865 = ORIENTED_EDGE ( 'NONE', *, *, #8466, .T. ) ;
#6866 = ORIENTED_EDGE ( 'NONE', *, *, #466, .T. ) ;
#6867 = CARTESIAN_POINT ( 'NONE',  ( -0.4687007874015748365, 0.1574803149606299191, 0.01870078740157480462 ) ) ;
#6868 = ORIENTED_EDGE ( 'NONE', *, *, #4167, .T. ) ;
#6869 = PLANE ( 'NONE',  #7474 ) ;
#6870 = LINE ( 'NONE', #7584, #3500 ) ;
#6871 = ORIENTED_EDGE ( 'NONE', *, *, #5268, .T. ) ;
#6872 = CARTESIAN_POINT ( 'NONE',  ( -0.6303149606299213170, 0.1574803149606299191, 0.01968503937007873988 ) ) ;
#6873 = ORIENTED_EDGE ( 'NONE', *, *, #4270, .F. ) ;
#6874 = ADVANCED_FACE ( 'NONE', ( #2244 ), #4853, .T. ) ;
#6875 = PLANE ( 'NONE',  #6635 ) ;
#6876 = PLANE ( 'NONE',  #649 ) ;
#6877 = VERTEX_POINT ( 'NONE', #1834 ) ;
#6878 = DIRECTION ( 'NONE',  ( 0.000000000000000000, -1.000000000000000000, 0.000000000000000000 ) ) ;
#6879 = PLANE ( 'NONE',  #3405 ) ;
#6880 = CARTESIAN_POINT ( 'NONE',  ( -0.6696850393700788384, 0.1574803149606299191, 0.01968503937007873988 ) ) ;
#6881 = DIRECTION ( 'NONE',  ( 1.000000000000000000, 0.000000000000000000, 0.000000000000000000 ) ) ;
#6882 = ORIENTED_EDGE ( 'NONE', *, *, #2656, .T. ) ;
#6883 = ORIENTED_EDGE ( 'NONE', *, *, #7410, .F. ) ;
#6884 = EDGE_CURVE ( 'NONE', #7729, #5036, #7010, .T. ) ;
#6885 = EDGE_CURVE ( 'NONE', #2664, #4388, #5008, .T. ) ;
#6886 = VECTOR ( 'NONE', #7888, 39.37007874015748143 ) ;
#6887 = ADVANCED_FACE ( 'NONE', ( #4366 ), #3762, .F. ) ;
#6888 = DIRECTION ( 'NONE',  ( 0.000000000000000000, 0.000000000000000000, 1.000000000000000000 ) ) ;
#6889 = DIRECTION ( 'NONE',  ( 0.000000000000000000, 0.000000000000000000, 1.000000000000000000 ) ) ;
#6890 = CARTESIAN_POINT ( 'NONE',  ( -0.3795275590551180911, 0.01181102362204724393, -0.02952755905511811330 ) ) ;
#6891 = DIRECTION ( 'NONE',  ( 1.000000000000000000, 0.000000000000000000, 0.000000000000000000 ) ) ;
#6892 = EDGE_CURVE ( 'NONE', #5438, #7482, #1563, .T. ) ;
#6893 = VERTEX_POINT ( 'NONE', #6372 ) ;
#6894 = PLANE ( 'NONE',  #1191 ) ;
#6895 = CARTESIAN_POINT ( 'NONE',  ( -0.9214566929133858331, 0.1574803149606299191, 0.02854330708661417110 ) ) ;
#6896 = VECTOR ( 'NONE', #5988, 39.37007874015748143 ) ;
#6897 = VECTOR ( 'NONE', #1763, 39.37007874015748143 ) ;
#6898 = VERTEX_POINT ( 'NONE', #515 ) ;
#6899 = CARTESIAN_POINT ( 'NONE',  ( -0.4687007874015748365, 0.02165354330708661734, 0.01870078740157480462 ) ) ;
#6900 = DIRECTION ( 'NONE',  ( 0.000000000000000000, 1.000000000000000000, 0.000000000000000000 ) ) ;
#6901 = EDGE_CURVE ( 'NONE', #5684, #821, #7854, .T. ) ;
#6902 = LINE ( 'NONE', #441, #3550 ) ;
#6903 = ORIENTED_EDGE ( 'NONE', *, *, #6982, .T. ) ;
#6904 = ORIENTED_EDGE ( 'NONE', *, *, #1198, .F. ) ;
#6905 = AXIS2_PLACEMENT_3D ( 'NONE', #6777, #7530, #281 ) ;
#6906 = VECTOR ( 'NONE', #5862, 39.37007874015748143 ) ;
#6907 = ORIENTED_EDGE ( 'NONE', *, *, #999, .T. ) ;
#6908 = FACE_OUTER_BOUND ( 'NONE', #6587, .T. ) ;
#6909 = VECTOR ( 'NONE', #3794, 39.37007874015748143 ) ;
#6910 = VECTOR ( 'NONE', #474, 39.37007874015748143 ) ;
#6911 = VERTEX_POINT ( 'NONE', #1326 ) ;
#6912 = CARTESIAN_POINT ( 'NONE',  ( -0.8106299212598425674, 0.000000000000000000, 0.03937007874015747977 ) ) ;
#6913 = CARTESIAN_POINT ( 'NONE',  ( -0.5204724409448819866, 0.01181102362204724393, 0.02952755905511811330 ) ) ;
#6914 = ORIENTED_EDGE ( 'NONE', *, *, #6644, .F. ) ;
#6915 = FACE_OUTER_BOUND ( 'NONE', #6759, .T. ) ;
#6916 = ORIENTED_EDGE ( 'NONE', *, *, #7765, .F. ) ;
#6917 =( GEOMETRIC_REPRESENTATION_CONTEXT ( 3 ) GLOBAL_UNCERTAINTY_ASSIGNED_CONTEXT ( ( #904 ) ) GLOBAL_UNIT_ASSIGNED_CONTEXT ( ( #2535, #5068, #3230 ) ) REPRESENTATION_CONTEXT ( 'NONE', 'WORKASPACE' ) );
#6918 = AXIS2_PLACEMENT_3D ( 'NONE', #1731, #4338, #6953 ) ;
#6919 = DIRECTION ( 'NONE',  ( 0.000000000000000000, 0.000000000000000000, 1.000000000000000000 ) ) ;
#6920 = CARTESIAN_POINT ( 'NONE',  ( -0.5106299212598425230, 0.01181102362204724393, 0.03937007874015747977 ) ) ;
#6921 = VERTEX_POINT ( 'NONE', #2609 ) ;
#6922 = DIRECTION ( 'NONE',  ( 0.000000000000000000, 1.000000000000000000, 0.000000000000000000 ) ) ;
#6923 = PLANE ( 'NONE',  #6259 ) ;
#6924 = VECTOR ( 'NONE', #2792, 39.37007874015748143 ) ;
#6925 = VECTOR ( 'NONE', #6456, 39.37007874015748143 ) ;
#6926 = PLANE ( 'NONE',  #393 ) ;
#6927 = DIRECTION ( 'NONE',  ( 0.000000000000000000, 0.000000000000000000, 1.000000000000000000 ) ) ;
#6928 = EDGE_LOOP ( 'NONE', ( #8066, #3430, #8374, #2179 ) ) ;
#6929 = EDGE_LOOP ( 'NONE', ( #4333, #5211, #2778, #7167 ) ) ;
#6930 = AXIS2_PLACEMENT_3D ( 'NONE', #3027, #1103, #3709 ) ;
#6931 = VECTOR ( 'NONE', #4172, 39.37007874015748143 ) ;
#6932 = CARTESIAN_POINT ( 'NONE',  ( -0.9312992125984251857, 0.1574803149606299191, 0.01870078740157480462 ) ) ;
#6933 = DIRECTION ( 'NONE',  ( 0.000000000000000000, -1.000000000000000000, 0.000000000000000000 ) ) ;
#6934 = LINE ( 'NONE', #3642, #6523 ) ;
#6935 = LINE ( 'NONE', #3047, #5669 ) ;
#6936 = CARTESIAN_POINT ( 'NONE',  ( -0.8795275590551180356, 0.01181102362204724393, 0.02952755905511811330 ) ) ;
#6937 = ADVANCED_FACE ( 'NONE', ( #3882 ), #7725, .T. ) ;
#6938 = AXIS2_PLACEMENT_3D ( 'NONE', #5754, #1224, #8354 ) ;
#6939 = VECTOR ( 'NONE', #2060, 39.37007874015748143 ) ;
#6940 = VECTOR ( 'NONE', #8297, 39.37007874015748143 ) ;
#6941 = ORIENTED_EDGE ( 'NONE', *, *, #3098, .F. ) ;
#6942 = EDGE_CURVE ( 'NONE', #3925, #6003, #3974, .T. ) ;
#6943 = CARTESIAN_POINT ( 'NONE',  ( -0.9795275590551181244, 0.000000000000000000, 0.000000000000000000 ) ) ;
#6944 = LINE ( 'NONE', #1089, #3225 ) ;
#6945 = VECTOR ( 'NONE', #2610, 39.37007874015748143 ) ;
#6946 = VECTOR ( 'NONE', #5516, 39.37007874015748143 ) ;
#6947 = EDGE_LOOP ( 'NONE', ( #8398, #7788, #5172, #1262 ) ) ;
#6948 = CARTESIAN_POINT ( 'NONE',  ( -0.2687007874015748254, 0.02165354330708661734, 0.01870078740157480462 ) ) ;
#6949 = CARTESIAN_POINT ( 'NONE',  ( -0.3696850393700787940, 0.1850393700787401619, 0.01968503937007873988 ) ) ;
#6950 = EDGE_CURVE ( 'NONE', #1429, #2787, #7129, .T. ) ;
#6951 = DIRECTION ( 'NONE',  ( 0.000000000000000000, 1.000000000000000000, 0.000000000000000000 ) ) ;
#6952 = ORIENTED_EDGE ( 'NONE', *, *, #189, .F. ) ;
#6953 = DIRECTION ( 'NONE',  ( -0.2576626505603140105, 0.9662349396012511749, 0.000000000000000000 ) ) ;
#6954 = ORIENTED_EDGE ( 'NONE', *, *, #7450, .F. ) ;
#6955 = VECTOR ( 'NONE', #1260, 39.37007874015748143 ) ;
#6956 = ORIENTED_EDGE ( 'NONE', *, *, #1907, .F. ) ;
#6957 = EDGE_CURVE ( 'NONE', #1020, #1935, #7812, .T. ) ;
#6958 = DIRECTION ( 'NONE',  ( 1.000000000000000000, 0.000000000000000000, 0.000000000000000000 ) ) ;
#6959 = ORIENTED_EDGE ( 'NONE', *, *, #4724, .F. ) ;
#6960 = FACE_BOUND ( 'NONE', #3952, .T. ) ;
#6961 = FACE_BOUND ( 'NONE', #159, .T. ) ;
#6962 = EDGE_CURVE ( 'NONE', #6282, #1403, #725, .T. ) ;
#6963 = ORIENTED_EDGE ( 'NONE', *, *, #7984, .F. ) ;
#6964 = DIRECTION ( 'NONE',  ( 0.000000000000000000, 1.000000000000000000, 0.000000000000000000 ) ) ;
#6965 = VERTEX_POINT ( 'NONE', #5860 ) ;
#6966 = CARTESIAN_POINT ( 'NONE',  ( -0.7785433070866142335, 0.1574803149606299191, -0.02854330708661417110 ) ) ;
#6967 = DIRECTION ( 'NONE',  ( 0.000000000000000000, 1.000000000000000000, 0.000000000000000000 ) ) ;
#6968 = ORIENTED_EDGE ( 'NONE', *, *, #4645, .T. ) ;
#6969 = FACE_OUTER_BOUND ( 'NONE', #61, .T. ) ;
#6970 = CARTESIAN_POINT ( 'NONE',  ( -0.4893700787401574770, 0.000000000000000000, 0.03937007874015747977 ) ) ;
#6971 = CARTESIAN_POINT ( 'NONE',  ( -0.6785433070866142558, 0.1574803149606299191, -0.02854330708661417110 ) ) ;
#6972 = ORIENTED_EDGE ( 'NONE', *, *, #2465, .T. ) ;
#6973 = ORIENTED_EDGE ( 'NONE', *, *, #1711, .T. ) ;
#6974 = PLANE ( 'NONE',  #5028 ) ;
#6975 = CARTESIAN_POINT ( 'NONE',  ( -0.4696850393700787163, 0.01181102362204724393, -0.01968503937007873988 ) ) ;
#6976 = DIRECTION ( 'NONE',  ( 0.000000000000000000, -1.000000000000000000, 0.000000000000000000 ) ) ;
#6977 = LINE ( 'NONE', #6294, #4176 ) ;
#6978 = DIRECTION ( 'NONE',  ( 0.000000000000000000, -1.000000000000000000, 0.000000000000000000 ) ) ;
#6979 = ORIENTED_EDGE ( 'NONE', *, *, #1814, .T. ) ;
#6980 = CARTESIAN_POINT ( 'NONE',  ( -0.3795275590551180911, 0.1574803149606299191, -0.02952755905511811330 ) ) ;
#6981 = LINE ( 'NONE', #4372, #6910 ) ;
#6982 = EDGE_CURVE ( 'NONE', #8286, #817, #6581, .T. ) ;
#6983 = EDGE_CURVE ( 'NONE', #2355, #4903, #3300, .T. ) ;
#6984 = EDGE_CURVE ( 'NONE', #6310, #7535, #3342, .T. ) ;
#6985 = ORIENTED_EDGE ( 'NONE', *, *, #2938, .F. ) ;
#6986 = LINE ( 'NONE', #969, #2803 ) ;
#6987 = CARTESIAN_POINT ( 'NONE',  ( -0.4795275590551181244, 0.1574803149606299191, -0.02952755905511811330 ) ) ;
#6988 = LINE ( 'NONE', #3778, #6403 ) ;
#6989 = VERTEX_POINT ( 'NONE', #3162 ) ;
#6990 = DIRECTION ( 'NONE',  ( 1.000000000000000000, 0.000000000000000000, 0.000000000000000000 ) ) ;
#6991 = EDGE_LOOP ( 'NONE', ( #1733, #4463, #7452, #8121 ) ) ;
#6992 = ORIENTED_EDGE ( 'NONE', *, *, #3666, .T. ) ;
#6993 = EDGE_CURVE ( 'NONE', #3443, #1635, #5940, .T. ) ;
#6994 = ADVANCED_FACE ( 'NONE', ( #74 ), #1957, .T. ) ;
#6995 = CARTESIAN_POINT ( 'NONE',  ( -0.2795275590551181133, 0.1574803149606299191, -0.02952755905511811330 ) ) ;
#6996 = ORIENTED_EDGE ( 'NONE', *, *, #6805, .T. ) ;
#6997 = CARTESIAN_POINT ( 'NONE',  ( -0.7687007874015748810, 0.02165354330708661734, 0.01870078740157480462 ) ) ;
#6998 = PLANE ( 'NONE',  #5710 ) ;
#6999 = VERTEX_POINT ( 'NONE', #687 ) ;
#7000 = CARTESIAN_POINT ( 'NONE',  ( -0.2795275590551181133, 0.1574803149606299191, 0.02952755905511811330 ) ) ;
#7001 = ORIENTED_EDGE ( 'NONE', *, *, #277, .T. ) ;
#7002 = LINE ( 'NONE', #2468, #3900 ) ;
#7003 = CARTESIAN_POINT ( 'NONE',  ( -0.6687007874015747921, 0.02165354330708661734, -0.01870078740157480462 ) ) ;
#7004 = ORIENTED_EDGE ( 'NONE', *, *, #5452, .F. ) ;
#7005 = LINE ( 'NONE', #3000, #7874 ) ;
#7006 = DIRECTION ( 'NONE',  ( 0.000000000000000000, 1.000000000000000000, 0.000000000000000000 ) ) ;
#7007 = ORIENTED_EDGE ( 'NONE', *, *, #3673, .F. ) ;
#7008 = ORIENTED_EDGE ( 'NONE', *, *, #3128, .T. ) ;
#7009 = LINE ( 'NONE', #635, #7737 ) ;
#7010 = LINE ( 'NONE', #2212, #233 ) ;
#7011 = CARTESIAN_POINT ( 'NONE',  ( -0.5185039370078740051, 0.1968503937007874127, 0.03149606299212598381 ) ) ;
#7012 = FACE_OUTER_BOUND ( 'NONE', #1512, .T. ) ;
#7013 = LINE ( 'NONE', #434, #2178 ) ;
#7014 = VERTEX_POINT ( 'NONE', #5898 ) ;
#7015 = CARTESIAN_POINT ( 'NONE',  ( -0.4687007874015748365, 0.02165354330708661734, -0.01870078740157480462 ) ) ;
#7016 = DIRECTION ( 'NONE',  ( 0.000000000000000000, 0.000000000000000000, 1.000000000000000000 ) ) ;
#7017 = VECTOR ( 'NONE', #7404, 39.37007874015748143 ) ;
#7018 = LINE ( 'NONE', #3816, #7202 ) ;
#7019 = DIRECTION ( 'NONE',  ( 0.000000000000000000, 1.000000000000000000, 0.000000000000000000 ) ) ;
#7020 = DIRECTION ( 'NONE',  ( 1.000000000000000000, 0.000000000000000000, 0.000000000000000000 ) ) ;
#7021 = CARTESIAN_POINT ( 'NONE',  ( -0.7214566929133858775, 0.1574803149606299191, 0.02854330708661417110 ) ) ;
#7022 = EDGE_LOOP ( 'NONE', ( #2607, #3149, #6024, #6526 ) ) ;
#7023 = LINE ( 'NONE', #1168, #4043 ) ;
#7024 = ORIENTED_EDGE ( 'NONE', *, *, #7853, .F. ) ;
#7025 = ORIENTED_EDGE ( 'NONE', *, *, #1614, .F. ) ;
#7026 = EDGE_LOOP ( 'NONE', ( #579, #2191, #6519, #3911 ) ) ;
#7027 = CARTESIAN_POINT ( 'NONE',  ( -0.9214566929133858331, 0.01181102362204724393, -0.02854330708661417110 ) ) ;
#7028 = PLANE ( 'NONE',  #3117 ) ;
#7029 = AXIS2_PLACEMENT_3D ( 'NONE', #4246, #394, #7525 ) ;
#7030 = ADVANCED_FACE ( 'NONE', ( #34 ), #2648, .T. ) ;
#7031 = EDGE_CURVE ( 'NONE', #4796, #4991, #5257, .T. ) ;
#7032 = EDGE_LOOP ( 'NONE', ( #7213, #4520, #7712, #1417 ) ) ;
#7033 = EDGE_CURVE ( 'NONE', #3551, #5371, #5768, .T. ) ;
#7034 = DIRECTION ( 'NONE',  ( 0.000000000000000000, 1.000000000000000000, 0.000000000000000000 ) ) ;
#7035 = ORIENTED_EDGE ( 'NONE', *, *, #2767, .T. ) ;
#7036 = VECTOR ( 'NONE', #949, 39.37007874015748143 ) ;
#7037 = DIRECTION ( 'NONE',  ( 1.000000000000000000, 0.000000000000000000, 0.000000000000000000 ) ) ;
#7038 = DIRECTION ( 'NONE',  ( 0.000000000000000000, 1.000000000000000000, 0.000000000000000000 ) ) ;
#7039 = ORIENTED_EDGE ( 'NONE', *, *, #941, .T. ) ;
#7040 = LINE ( 'NONE', #1365, #7883 ) ;
#7041 = AXIS2_PLACEMENT_3D ( 'NONE', #6309, #447, #3061 ) ;
#7042 = DIRECTION ( 'NONE',  ( 0.000000000000000000, -1.000000000000000000, 0.000000000000000000 ) ) ;
#7043 = ORIENTED_EDGE ( 'NONE', *, *, #6942, .T. ) ;
#7044 = ORIENTED_EDGE ( 'NONE', *, *, #8044, .F. ) ;
#7045 = CARTESIAN_POINT ( 'NONE',  ( -0.8578740157480315709, -0.1181102362204724532, 0.01279527559055118092 ) ) ;
#7046 = ADVANCED_FACE ( 'NONE', ( #8370, #2513 ), #5127, .T. ) ;
#7047 = VECTOR ( 'NONE', #1827, 39.37007874015748143 ) ;
#7048 = VECTOR ( 'NONE', #844, 39.37007874015748143 ) ;
#7049 = CARTESIAN_POINT ( 'NONE',  ( -0.9785433070866141891, 0.01181102362204724393, 0.02854330708661417110 ) ) ;
#7050 = LINE ( 'NONE', #7774, #5718 ) ;
#7051 = DIRECTION ( 'NONE',  ( -1.000000000000000000, 0.000000000000000000, 0.000000000000000000 ) ) ;
#7052 = CARTESIAN_POINT ( 'NONE',  ( -0.8106299212598425674, 0.000000000000000000, 0.03937007874015747977 ) ) ;
#7053 = ORIENTED_EDGE ( 'NONE', *, *, #5432, .T. ) ;
#7054 = DIRECTION ( 'NONE',  ( 1.000000000000000000, 0.000000000000000000, 0.000000000000000000 ) ) ;
#7056 = CARTESIAN_POINT ( 'NONE',  ( -0.6303149606299213170, 0.1850393700787401619, -0.01968503937007873988 ) ) ;
#7055 = VECTOR ( 'NONE', #993, 39.37007874015748143 ) ;
#7057 = EDGE_CURVE ( 'NONE', #6965, #7806, #7773, .T. ) ;
#7058 = LINE ( 'NONE', #2522, #4341 ) ;
#7059 = VECTOR ( 'NONE', #4674, 39.37007874015748143 ) ;
#7060 = VECTOR ( 'NONE', #3630, 39.37007874015748143 ) ;
#7061 = VECTOR ( 'NONE', #7705, 39.37007874015748854 ) ;
#7062 = LINE ( 'NONE', #3309, #1967 ) ;
#7063 = PLANE ( 'NONE',  #6675 ) ;
#7064 = CARTESIAN_POINT ( 'NONE',  ( -0.7687007874015748810, 0.1574803149606299191, 0.01870078740157480462 ) ) ;
#7065 = ORIENTED_EDGE ( 'NONE', *, *, #149, .F. ) ;
#7066 = CARTESIAN_POINT ( 'NONE',  ( -0.8303149606299212726, 0.1850393700787401619, 0.01968503937007873988 ) ) ;
#7067 = VERTEX_POINT ( 'NONE', #2565 ) ;
#7068 = VECTOR ( 'NONE', #3562, 39.37007874015748143 ) ;
#7069 = ORIENTED_EDGE ( 'NONE', *, *, #1557, .F. ) ;
#7070 = AXIS2_PLACEMENT_3D ( 'NONE', #1772, #7020, #3856 ) ;
#7071 = LENGTH_MEASURE_WITH_UNIT ( LENGTH_MEASURE( 0.02539999999999999897 ), #7111 );
#7072 = ORIENTED_EDGE ( 'NONE', *, *, #3553, .T. ) ;
#7073 = LINE ( 'NONE', #577, #7431 ) ;
#7074 = LINE ( 'NONE', #5071, #6955 ) ;
#7075 = VECTOR ( 'NONE', #8118, 39.37007874015748143 ) ;
#7076 = EDGE_LOOP ( 'NONE', ( #2435, #4094, #4733, #4337, #4056, #4791 ) ) ;
#7077 = LINE ( 'NONE', #1263, #1325 ) ;
#7078 = VERTEX_POINT ( 'NONE', #6079 ) ;
#7079 = VECTOR ( 'NONE', #1568, 39.37007874015748854 ) ;
#7080 = EDGE_CURVE ( 'NONE', #6719, #6607, #7432, .T. ) ;
#7081 = FACE_OUTER_BOUND ( 'NONE', #446, .T. ) ;
#7082 = FACE_OUTER_BOUND ( 'NONE', #6368, .T. ) ;
#7083 = ORIENTED_EDGE ( 'NONE', *, *, #7952, .F. ) ;
#7084 = DIRECTION ( 'NONE',  ( 0.000000000000000000, -1.000000000000000000, 0.000000000000000000 ) ) ;
#7085 = EDGE_CURVE ( 'NONE', #7696, #8393, #867, .T. ) ;
#7086 = PLANE ( 'NONE',  #6087 ) ;
#7087 = ORIENTED_EDGE ( 'NONE', *, *, #6586, .T. ) ;
#7088 = ORIENTED_EDGE ( 'NONE', *, *, #8233, .F. ) ;
#7089 = CARTESIAN_POINT ( 'NONE',  ( -0.6687007874015747921, 0.02165354330708661734, -0.01870078740157480462 ) ) ;
#7090 = EDGE_CURVE ( 'NONE', #361, #7438, #127, .T. ) ;
#7091 = DIRECTION ( 'NONE',  ( 1.000000000000000000, 0.000000000000000000, 0.000000000000000000 ) ) ;
#7092 = FACE_OUTER_BOUND ( 'NONE', #7076, .T. ) ;
#7093 = CARTESIAN_POINT ( 'NONE',  ( -0.8657480314960629419, 0.01181102362204724393, 0.01279527559055118092 ) ) ;
#7094 = CARTESIAN_POINT ( 'NONE',  ( -0.8687007874015748587, 0.1574803149606299191, 0.01870078740157480462 ) ) ;
#7095 = ORIENTED_EDGE ( 'NONE', *, *, #1458, .F. ) ;
#7096 = EDGE_CURVE ( 'NONE', #3374, #361, #826, .T. ) ;
#7097 = DIRECTION ( 'NONE',  ( -0.000000000000000000, 0.7071067811865475727, 0.7071067811865475727 ) ) ;
#7098 = DIRECTION ( 'NONE',  ( -1.000000000000000000, 0.000000000000000000, 0.000000000000000000 ) ) ;
#7099 = EDGE_CURVE ( 'NONE', #7014, #2518, #3561, .T. ) ;
#7100 = CARTESIAN_POINT ( 'NONE',  ( -0.9696850393700787718, 0.1850393700787401619, 0.01968503937007873988 ) ) ;
#7101 = DIRECTION ( 'NONE',  ( 1.000000000000000000, 0.000000000000000000, 0.000000000000000000 ) ) ;
#7102 = EDGE_CURVE ( 'NONE', #1702, #1730, #7953, .T. ) ;
#7103 = DIRECTION ( 'NONE',  ( -0.000000000000000000, 1.000000000000000000, 0.000000000000000000 ) ) ;
#7104 = ADVANCED_FACE ( 'NONE', ( #952 ), #4799, .T. ) ;
#7105 = FACE_OUTER_BOUND ( 'NONE', #387, .T. ) ;
#7106 = VERTEX_POINT ( 'NONE', #6763 ) ;
#7107 = CARTESIAN_POINT ( 'NONE',  ( -0.2312992125984252023, 0.1574803149606299191, -0.01870078740157480462 ) ) ;
#7108 = DIRECTION ( 'NONE',  ( 1.000000000000000000, 0.000000000000000000, 0.000000000000000000 ) ) ;
#7109 = FACE_OUTER_BOUND ( 'NONE', #3202, .T. ) ;
#7110 = EDGE_LOOP ( 'NONE', ( #3090, #5824, #363, #4642 ) ) ;
#7111 =( LENGTH_UNIT ( ) NAMED_UNIT ( * ) SI_UNIT ( $, .METRE. ) );
#7112 = ORIENTED_EDGE ( 'NONE', *, *, #5968, .F. ) ;
#7113 = LINE ( 'NONE', #13, #464 ) ;
#7114 = CARTESIAN_POINT ( 'NONE',  ( -0.7500000000000001110, 0.1909448818897638012, 0.02559055118110236185 ) ) ;
#7115 = LINE ( 'NONE', #1753, #1888 ) ;
#7116 = EDGE_LOOP ( 'NONE', ( #3567, #3557, #2770, #3578 ) ) ;
#7117 = LINE ( 'NONE', #5037, #3112 ) ;
#7118 = EDGE_LOOP ( 'NONE', ( #2958, #5509, #6147, #6952 ) ) ;
#7119 = CARTESIAN_POINT ( 'NONE',  ( -0.3204724409448818645, 0.1574803149606299191, -0.02952755905511811330 ) ) ;
#7120 = DIRECTION ( 'NONE',  ( 0.000000000000000000, -1.000000000000000000, 0.000000000000000000 ) ) ;
#7121 = ORIENTED_EDGE ( 'NONE', *, *, #4031, .F. ) ;
#7122 = DIRECTION ( 'NONE',  ( 1.000000000000000000, 0.000000000000000000, 0.000000000000000000 ) ) ;
#7123 = LINE ( 'NONE', #5853, #2668 ) ;
#7124 = ORIENTED_EDGE ( 'NONE', *, *, #7861, .T. ) ;
#7125 = EDGE_LOOP ( 'NONE', ( #4564, #2720, #29, #6 ) ) ;
#7126 = ORIENTED_EDGE ( 'NONE', *, *, #453, .F. ) ;
#7127 = ADVANCED_FACE ( 'NONE', ( #2228 ), #3438, .F. ) ;
#7128 = DIRECTION ( 'NONE',  ( -0.2576626505603140105, 0.9662349396012511749, 0.000000000000000000 ) ) ;
#7129 = LINE ( 'NONE', #6449, #7724 ) ;
#7130 = DIRECTION ( 'NONE',  ( 0.9662349396012511749, -0.2576626505603140105, 0.000000000000000000 ) ) ;
#7131 = CARTESIAN_POINT ( 'NONE',  ( -0.9303149606299213614, 0.1574803149606299191, -0.01968503937007873988 ) ) ;
#7132 = DIRECTION ( 'NONE',  ( 0.000000000000000000, 0.000000000000000000, -1.000000000000000000 ) ) ;
#7133 = DIRECTION ( 'NONE',  ( 1.000000000000000000, 0.000000000000000000, 0.000000000000000000 ) ) ;
#7134 = EDGE_CURVE ( 'NONE', #3756, #2917, #5514, .T. ) ;
#7135 = ADVANCED_FACE ( 'NONE', ( #6722 ), #4194, .T. ) ;
#7136 = FACE_OUTER_BOUND ( 'NONE', #7925, .T. ) ;
#7137 = CARTESIAN_POINT ( 'NONE',  ( -0.8657480314960629419, -0.1181102362204724532, 0.004921259842519684971 ) ) ;
#7138 = ADVANCED_FACE ( 'NONE', ( #6803 ), #2101, .F. ) ;
#7139 = CARTESIAN_POINT ( 'NONE',  ( -0.4312992125984251857, 0.02165354330708661734, -0.01870078740157480462 ) ) ;
#7140 = EDGE_CURVE ( 'NONE', #5170, #1575, #2145, .T. ) ;
#7141 = LINE ( 'NONE', #3892, #3611 ) ;
#7142 = FACE_BOUND ( 'NONE', #2941, .T. ) ;
#7143 = LINE ( 'NONE', #1809, #2316 ) ;
#7144 = ORIENTED_EDGE ( 'NONE', *, *, #7031, .T. ) ;
#7145 = ORIENTED_EDGE ( 'NONE', *, *, #5221, .F. ) ;
#7146 = ORIENTED_EDGE ( 'NONE', *, *, #6055, .T. ) ;
#7147 = DIRECTION ( 'NONE',  ( 0.000000000000000000, 0.000000000000000000, -1.000000000000000000 ) ) ;
#7148 = PLANE ( 'NONE',  #4579 ) ;
#7149 = ORIENTED_EDGE ( 'NONE', *, *, #6306, .T. ) ;
#7150 = VECTOR ( 'NONE', #8440, 39.37007874015748143 ) ;
#7151 = DIRECTION ( 'NONE',  ( 1.000000000000000000, 0.000000000000000000, 0.000000000000000000 ) ) ;
#7152 = EDGE_CURVE ( 'NONE', #4208, #6003, #2265, .T. ) ;
#7153 = ORIENTED_EDGE ( 'NONE', *, *, #8191, .F. ) ;
#7154 = DIRECTION ( 'NONE',  ( -0.7071067811865475727, 0.7071067811865475727, 0.000000000000000000 ) ) ;
#7155 = PLANE ( 'NONE',  #6938 ) ;
#7156 = DIRECTION ( 'NONE',  ( -0.5773502691896257311, 0.5773502691896257311, -0.5773502691896257311 ) ) ;
#7157 = ORIENTED_EDGE ( 'NONE', *, *, #6838, .T. ) ;
#7158 = LINE ( 'NONE', #4734, #6516 ) ;
#7159 = ORIENTED_EDGE ( 'NONE', *, *, #7401, .T. ) ;
#7160 = EDGE_CURVE ( 'NONE', #606, #1102, #4834, .T. ) ;
#7161 = DIRECTION ( 'NONE',  ( 0.000000000000000000, 1.000000000000000000, 0.000000000000000000 ) ) ;
#7162 = DIRECTION ( 'NONE',  ( 1.000000000000000000, 0.000000000000000000, 0.000000000000000000 ) ) ;
#7163 = VECTOR ( 'NONE', #3624, 39.37007874015748143 ) ;
#7164 = EDGE_LOOP ( 'NONE', ( #1292, #3473, #5545, #2662 ) ) ;
#7165 = PLANE ( 'NONE',  #2545 ) ;
#7166 = CARTESIAN_POINT ( 'NONE',  ( -0.4687007874015748365, 0.02165354330708661734, -0.01870078740157480462 ) ) ;
#7167 = ORIENTED_EDGE ( 'NONE', *, *, #82, .T. ) ;
#7168 = VERTEX_POINT ( 'NONE', #7263 ) ;
#7169 = VERTEX_POINT ( 'NONE', #7305 ) ;
#7170 = LINE ( 'NONE', #6448, #1483 ) ;
#7171 = DIRECTION ( 'NONE',  ( 0.000000000000000000, -1.000000000000000000, 0.000000000000000000 ) ) ;
#7172 = CARTESIAN_POINT ( 'NONE',  ( -0.5312992125984251635, 0.02165354330708661734, -0.01870078740157480462 ) ) ;
#7173 = VECTOR ( 'NONE', #3694, 39.37007874015748143 ) ;
#7174 = DIRECTION ( 'NONE',  ( 0.000000000000000000, 1.000000000000000000, 0.000000000000000000 ) ) ;
#7175 = CARTESIAN_POINT ( 'NONE',  ( -0.6893700787401575436, 0.01181102362204724393, 0.03937007874015747977 ) ) ;
#7176 = ORIENTED_EDGE ( 'NONE', *, *, #6848, .F. ) ;
#7177 = CARTESIAN_POINT ( 'NONE',  ( -0.9499999999999999556, 0.1909448818897638012, -0.02559055118110236185 ) ) ;
#7178 = DIRECTION ( 'NONE',  ( 0.000000000000000000, 0.000000000000000000, 1.000000000000000000 ) ) ;
#7179 = AXIS2_PLACEMENT_3D ( 'NONE', #6272, #5542, #3667 ) ;
#7180 = VECTOR ( 'NONE', #6857, 39.37007874015748143 ) ;
#7181 = DIRECTION ( 'NONE',  ( 0.000000000000000000, 0.000000000000000000, -1.000000000000000000 ) ) ;
#7182 = EDGE_CURVE ( 'NONE', #4351, #924, #5483, .T. ) ;
#7183 = CARTESIAN_POINT ( 'NONE',  ( -0.8696850393700786830, 0.1574803149606299191, 0.01968503937007873988 ) ) ;
#7184 = LINE ( 'NONE', #4635, #3539 ) ;
#7185 = EDGE_CURVE ( 'NONE', #4735, #2959, #7994, .T. ) ;
#7186 = VECTOR ( 'NONE', #5398, 39.37007874015748143 ) ;
#7187 = DIRECTION ( 'NONE',  ( 1.000000000000000000, 0.000000000000000000, 0.000000000000000000 ) ) ;
#7188 = ORIENTED_EDGE ( 'NONE', *, *, #5390, .F. ) ;
#7189 = ORIENTED_EDGE ( 'NONE', *, *, #1918, .F. ) ;
#7190 = ORIENTED_EDGE ( 'NONE', *, *, #4285, .F. ) ;
#7191 = CARTESIAN_POINT ( 'NONE',  ( -0.4785433070866141336, 0.1574803149606299191, -0.02854330708661417110 ) ) ;
#7192 = LINE ( 'NONE', #3455, #5808 ) ;
#7193 = VERTEX_POINT ( 'NONE', #7396 ) ;
#7194 = AXIS2_PLACEMENT_3D ( 'NONE', #4703, #5439, #6622 ) ;
#7195 = AXIS2_PLACEMENT_3D ( 'NONE', #673, #18, #5244 ) ;
#7196 = PLANE ( 'NONE',  #6110 ) ;
#7197 = ADVANCED_FACE ( 'NONE', ( #3478 ), #216, .F. ) ;
#7198 = ORIENTED_EDGE ( 'NONE', *, *, #1562, .F. ) ;
#7199 = CARTESIAN_POINT ( 'NONE',  ( -0.8303149606299212726, 0.1850393700787401619, 0.01968503937007873988 ) ) ;
#7200 = CARTESIAN_POINT ( 'NONE',  ( -0.2687007874015748254, 0.1574803149606299191, 0.01870078740157480462 ) ) ;
#7201 = DIRECTION ( 'NONE',  ( 0.000000000000000000, -1.000000000000000000, 0.000000000000000000 ) ) ;
#7202 = VECTOR ( 'NONE', #3268, 39.37007874015748143 ) ;
#7203 = ORIENTED_EDGE ( 'NONE', *, *, #2821, .F. ) ;
#7204 = VECTOR ( 'NONE', #6317, 39.37007874015748143 ) ;
#7205 = VECTOR ( 'NONE', #5524, 39.37007874015748143 ) ;
#7206 = ORIENTED_EDGE ( 'NONE', *, *, #5679, .T. ) ;
#7207 = LINE ( 'NONE', #6064, #5833 ) ;
#7208 = EDGE_CURVE ( 'NONE', #3514, #3862, #3074, .T. ) ;
#7209 = VERTEX_POINT ( 'NONE', #7639 ) ;
#7210 = DIRECTION ( 'NONE',  ( 0.000000000000000000, -1.000000000000000000, 0.000000000000000000 ) ) ;
#7211 = VECTOR ( 'NONE', #3908, 39.37007874015748143 ) ;
#7212 = VECTOR ( 'NONE', #708, 39.37007874015748143 ) ;
#7213 = ORIENTED_EDGE ( 'NONE', *, *, #931, .F. ) ;
#7214 = CARTESIAN_POINT ( 'NONE',  ( -0.4106299212598425452, 0.000000000000000000, 0.03937007874015747977 ) ) ;
#7215 = EDGE_CURVE ( 'NONE', #5465, #3443, #7516, .T. ) ;
#7216 = FACE_OUTER_BOUND ( 'NONE', #2581, .T. ) ;
#7217 = ORIENTED_EDGE ( 'NONE', *, *, #5386, .F. ) ;
#7218 = ORIENTED_EDGE ( 'NONE', *, *, #7160, .F. ) ;
#7219 = ORIENTED_EDGE ( 'NONE', *, *, #5334, .F. ) ;
#7220 = AXIS2_PLACEMENT_3D ( 'NONE', #4173, #1438, #6104 ) ;
#7221 = FACE_BOUND ( 'NONE', #5063, .T. ) ;
#7222 = DIRECTION ( 'NONE',  ( 1.000000000000000000, 0.000000000000000000, 0.000000000000000000 ) ) ;
#7223 = LINE ( 'NONE', #5997, #7745 ) ;
#7224 = DIRECTION ( 'NONE',  ( 0.9662349396012511749, -0.2576626505603140105, 0.000000000000000000 ) ) ;
#7225 = CARTESIAN_POINT ( 'NONE',  ( -0.9106299212598425452, 0.000000000000000000, -0.03937007874015747977 ) ) ;
#7226 = ORIENTED_EDGE ( 'NONE', *, *, #3417, .T. ) ;
#7227 = ORIENTED_EDGE ( 'NONE', *, *, #7974, .F. ) ;
#7228 = LINE ( 'NONE', #8420, #5698 ) ;
#7229 = LINE ( 'NONE', #5406, #3773 ) ;
#7230 = PLANE ( 'NONE',  #8298 ) ;
#7231 = CARTESIAN_POINT ( 'NONE',  ( -0.7106299212598425896, 0.000000000000000000, -0.03937007874015747977 ) ) ;
#7232 = CARTESIAN_POINT ( 'NONE',  ( -0.5214566929133858109, 0.1574803149606299191, -0.02854330708661417110 ) ) ;
#7233 = FACE_OUTER_BOUND ( 'NONE', #4144, .T. ) ;
#7234 = ORIENTED_EDGE ( 'NONE', *, *, #6176, .F. ) ;
#7235 = ORIENTED_EDGE ( 'NONE', *, *, #1086, .F. ) ;
#7236 = VERTEX_POINT ( 'NONE', #459 ) ;
#7237 = FACE_OUTER_BOUND ( 'NONE', #38, .T. ) ;
#7238 = DIRECTION ( 'NONE',  ( 0.000000000000000000, 0.000000000000000000, -1.000000000000000000 ) ) ;
#7239 = EDGE_CURVE ( 'NONE', #3625, #168, #7005, .T. ) ;
#7240 = ORIENTED_EDGE ( 'NONE', *, *, #1672, .T. ) ;
#7241 = ADVANCED_FACE ( 'NONE', ( #333 ), #2313, .T. ) ;
#7242 = CARTESIAN_POINT ( 'NONE',  ( -0.8204724409448819200, 0.01181102362204724393, -0.02952755905511811330 ) ) ;
#7243 = VERTEX_POINT ( 'NONE', #1664 ) ;
#7244 = DIRECTION ( 'NONE',  ( 0.5773502691896257311, 0.5773502691896257311, -0.5773502691896257311 ) ) ;
#7245 = CARTESIAN_POINT ( 'NONE',  ( -0.3342519685039370136, -0.08858267716535432601, -0.01279527559055118092 ) ) ;
#7246 = DIRECTION ( 'NONE',  ( 1.000000000000000000, 0.000000000000000000, 0.000000000000000000 ) ) ;
#7247 = ORIENTED_EDGE ( 'NONE', *, *, #6501, .F. ) ;
#7248 = EDGE_LOOP ( 'NONE', ( #4032, #2863, #703, #3296 ) ) ;
#7249 = EDGE_CURVE ( 'NONE', #3685, #6641, #8166, .T. ) ;
#7250 = CARTESIAN_POINT ( 'NONE',  ( -0.8578740157480315709, -0.1181102362204724532, -0.01279527559055118092 ) ) ;
#7251 = ADVANCED_FACE ( 'NONE', ( #1145 ), #1703, .F. ) ;
#7252 = ORIENTED_EDGE ( 'NONE', *, *, #5322, .F. ) ;
#7253 = DIRECTION ( 'NONE',  ( 1.000000000000000000, 0.000000000000000000, 0.000000000000000000 ) ) ;
#7254 = VERTEX_POINT ( 'NONE', #1791 ) ;
#7255 = CARTESIAN_POINT ( 'NONE',  ( -0.3814960629921260171, 0.1968503937007874127, -0.03149606299212598381 ) ) ;
#7256 = EDGE_CURVE ( 'NONE', #7331, #8312, #5603, .T. ) ;
#7257 = DIRECTION ( 'NONE',  ( 0.000000000000000000, 1.000000000000000000, 0.000000000000000000 ) ) ;
#7258 = ORIENTED_EDGE ( 'NONE', *, *, #6386, .T. ) ;
#7259 = ORIENTED_EDGE ( 'NONE', *, *, #3602, .T. ) ;
#7260 = EDGE_LOOP ( 'NONE', ( #7667, #6572, #6710, #1092 ) ) ;
#7261 = CARTESIAN_POINT ( 'NONE',  ( -0.9785433070866141891, 0.01181102362204724393, -0.02854330708661417110 ) ) ;
#7262 = FACE_BOUND ( 'NONE', #2734, .T. ) ;
#7263 = CARTESIAN_POINT ( 'NONE',  ( -0.4204724409448818978, 0.1574803149606299191, -0.02952755905511811330 ) ) ;
#7264 = DIRECTION ( 'NONE',  ( -0.2576626505603140105, 0.9662349396012511749, 0.000000000000000000 ) ) ;
#7265 = CARTESIAN_POINT ( 'NONE',  ( -0.9421259842519684735, -0.1181102362204724532, 0.01279527559055118092 ) ) ;
#7266 = LINE ( 'NONE', #1416, #1349 ) ;
#7267 = ORIENTED_EDGE ( 'NONE', *, *, #2919, .F. ) ;
#7268 = ORIENTED_EDGE ( 'NONE', *, *, #2026, .T. ) ;
#7269 = CARTESIAN_POINT ( 'NONE',  ( -0.2785433070866141780, 0.01181102362204724393, 0.02854330708661417110 ) ) ;
#7270 = PLANE ( 'NONE',  #8272 ) ;
#7271 = EDGE_CURVE ( 'NONE', #6643, #2224, #5678, .T. ) ;
#7272 = CARTESIAN_POINT ( 'NONE',  ( -0.9342519685039371025, 0.01181102362204724393, 0.01673228346456692717 ) ) ;
#7273 = LINE ( 'NONE', #274, #5520 ) ;
#7274 = LINE ( 'NONE', #652, #4620 ) ;
#7275 = FACE_OUTER_BOUND ( 'NONE', #2704, .T. ) ;
#7276 = ORIENTED_EDGE ( 'NONE', *, *, #8044, .T. ) ;
#7277 = EDGE_LOOP ( 'NONE', ( #5761, #1230, #7095, #3757 ) ) ;
#7278 = ORIENTED_EDGE ( 'NONE', *, *, #7755, .F. ) ;
#7279 = FACE_OUTER_BOUND ( 'NONE', #8104, .T. ) ;
#7280 = FACE_OUTER_BOUND ( 'NONE', #444, .T. ) ;
#7281 = FACE_OUTER_BOUND ( 'NONE', #6393, .T. ) ;
#7282 = ORIENTED_EDGE ( 'NONE', *, *, #929, .T. ) ;
#7283 = DIRECTION ( 'NONE',  ( 0.000000000000000000, 0.000000000000000000, -1.000000000000000000 ) ) ;
#7284 = CARTESIAN_POINT ( 'NONE',  ( -0.9303149606299213614, 0.1850393700787401619, 0.01968503937007873988 ) ) ;
#7285 = FACE_OUTER_BOUND ( 'NONE', #4629, .T. ) ;
#7286 = ORIENTED_EDGE ( 'NONE', *, *, #3466, .F. ) ;
#7287 = ORIENTED_EDGE ( 'NONE', *, *, #1963, .T. ) ;
#7288 = CARTESIAN_POINT ( 'NONE',  ( -0.3785433070866142113, 0.01181102362204724393, 0.02854330708661417110 ) ) ;
#7289 = ORIENTED_EDGE ( 'NONE', *, *, #2575, .T. ) ;
#7290 = VECTOR ( 'NONE', #6300, 39.37007874015748143 ) ;
#7291 = CARTESIAN_POINT ( 'NONE',  ( -0.9696850393700787718, 0.01181102362204724393, -0.01968503937007873988 ) ) ;
#7292 = CARTESIAN_POINT ( 'NONE',  ( 0.000000000000000000, 0.000000000000000000, 0.000000000000000000 ) ) ;
#7293 = VERTEX_POINT ( 'NONE', #3036 ) ;
#7294 = CARTESIAN_POINT ( 'NONE',  ( -0.2204724409448818867, 0.01181102362204724393, -0.02952755905511811330 ) ) ;
#7295 = EDGE_CURVE ( 'NONE', #3639, #541, #2351, .T. ) ;
#7296 = EDGE_CURVE ( 'NONE', #1064, #745, #7550, .T. ) ;
#7297 = EDGE_CURVE ( 'NONE', #6753, #936, #1752, .T. ) ;
#7298 = PLANE ( 'NONE',  #3886 ) ;
#7299 = VERTEX_POINT ( 'NONE', #2431 ) ;
#7300 = VERTEX_POINT ( 'NONE', #4996 ) ;
#7301 = VERTEX_POINT ( 'NONE', #6361 ) ;
#7302 = AXIS2_PLACEMENT_3D ( 'NONE', #1896, #7541, #1656 ) ;
#7303 = DIRECTION ( 'NONE',  ( 1.000000000000000000, 0.000000000000000000, 0.000000000000000000 ) ) ;
#7304 = FACE_OUTER_BOUND ( 'NONE', #58, .T. ) ;
#7305 = CARTESIAN_POINT ( 'NONE',  ( -0.5657480314960630086, 0.01181102362204724393, 0.01279527559055118092 ) ) ;
#7306 = FACE_OUTER_BOUND ( 'NONE', #131, .T. ) ;
#7307 = EDGE_CURVE ( 'NONE', #438, #1343, #4360, .T. ) ;
#7308 = CARTESIAN_POINT ( 'NONE',  ( -0.2687007874015748254, 0.02165354330708661734, -0.01870078740157480462 ) ) ;
#7309 = FACE_OUTER_BOUND ( 'NONE', #1308, .T. ) ;
#7310 = AXIS2_PLACEMENT_3D ( 'NONE', #6457, #8376, #5774 ) ;
#7311 = DIRECTION ( 'NONE',  ( 0.000000000000000000, 0.000000000000000000, 1.000000000000000000 ) ) ;
#7312 = ORIENTED_EDGE ( 'NONE', *, *, #5686, .T. ) ;
#7313 = CARTESIAN_POINT ( 'NONE',  ( -0.2696850393700787607, 0.1850393700787401619, 0.01968503937007873988 ) ) ;
#7314 = CARTESIAN_POINT ( 'NONE',  ( -0.5342519685039370803, -0.08858267716535432601, 0.01279527559055118092 ) ) ;
#7315 = ADVANCED_FACE ( 'NONE', ( #6969 ), #1111, .T. ) ;
#7316 = VECTOR ( 'NONE', #377, 39.37007874015748143 ) ;
#7317 = VECTOR ( 'NONE', #4407, 39.37007874015748143 ) ;
#7318 = DIRECTION ( 'NONE',  ( 1.000000000000000000, 0.000000000000000000, 0.000000000000000000 ) ) ;
#7319 = DIRECTION ( 'NONE',  ( 0.000000000000000000, 1.000000000000000000, 0.000000000000000000 ) ) ;
#7320 = CARTESIAN_POINT ( 'NONE',  ( -0.7578740157480314821, -0.1181102362204724532, 0.01279527559055118092 ) ) ;
#7321 = CARTESIAN_POINT ( 'NONE',  ( -0.5785433070866141669, 0.1574803149606299191, 0.02854330708661417110 ) ) ;
#7322 = EDGE_LOOP ( 'NONE', ( #5102, #958, #3372, #957 ) ) ;
#7323 = EDGE_CURVE ( 'NONE', #1107, #6488, #4922, .T. ) ;
#7324 = EDGE_LOOP ( 'NONE', ( #2909, #4421, #3160, #4399 ) ) ;
#7325 = DIRECTION ( 'NONE',  ( 1.000000000000000000, 0.000000000000000000, 0.000000000000000000 ) ) ;
#7327 = LINE ( 'NONE', #4089, #1986 ) ;
#7326 = VECTOR ( 'NONE', #6097, 39.37007874015748143 ) ;
#7328 = CARTESIAN_POINT ( 'NONE',  ( -0.8657480314960629419, 0.01181102362204724393, 0.004921259842519684971 ) ) ;
#7329 = AXIS2_PLACEMENT_3D ( 'NONE', #4707, #300, #3390 ) ;
#7330 = AXIS2_PLACEMENT_3D ( 'NONE', #979, #4951, #1467 ) ;
#7331 = VERTEX_POINT ( 'NONE', #4237 ) ;
#7332 = CARTESIAN_POINT ( 'NONE',  ( -0.4893700787401574770, 0.01181102362204724393, 0.03937007874015747977 ) ) ;
#7333 = CARTESIAN_POINT ( 'NONE',  ( -0.9312992125984251857, 0.02165354330708661734, 0.01870078740157480462 ) ) ;
#7334 = CARTESIAN_POINT ( 'NONE',  ( -0.3312992125984252079, 0.02165354330708661734, -0.01870078740157480462 ) ) ;
#7335 = EDGE_LOOP ( 'NONE', ( #2719, #3079, #6471, #5615 ) ) ;
#7336 = ORIENTED_EDGE ( 'NONE', *, *, #2432, .F. ) ;
#7337 = CARTESIAN_POINT ( 'NONE',  ( -0.6421259842519685401, -0.1181102362204724532, 0.01279527559055118092 ) ) ;
#7338 = ORIENTED_EDGE ( 'NONE', *, *, #1152, .F. ) ;
#7339 = VECTOR ( 'NONE', #865, 39.37007874015748143 ) ;
#7340 = VECTOR ( 'NONE', #4653, 39.37007874015748143 ) ;
#7341 = DIRECTION ( 'NONE',  ( 1.000000000000000000, 0.000000000000000000, 0.000000000000000000 ) ) ;
#7342 = ORIENTED_EDGE ( 'NONE', *, *, #3227, .F. ) ;
#7343 = LINE ( 'NONE', #1576, #4752 ) ;
#7344 = VECTOR ( 'NONE', #5151, 39.37007874015748143 ) ;
#7345 = AXIS2_PLACEMENT_3D ( 'NONE', #5767, #3298, #3930 ) ;
#7346 = VECTOR ( 'NONE', #566, 39.37007874015748143 ) ;
#7347 = DIRECTION ( 'NONE',  ( 1.000000000000000000, 0.000000000000000000, 0.000000000000000000 ) ) ;
#7348 = ORIENTED_EDGE ( 'NONE', *, *, #7628, .F. ) ;
#7349 = VERTEX_POINT ( 'NONE', #2952 ) ;
#7350 = ORIENTED_EDGE ( 'NONE', *, *, #6426, .T. ) ;
#7351 = ADVANCED_FACE ( 'NONE', ( #5556 ), #6841, .F. ) ;
#7352 = VECTOR ( 'NONE', #3763, 39.37007874015748143 ) ;
#7353 = VECTOR ( 'NONE', #8256, 39.37007874015748143 ) ;
#7354 = ADVANCED_FACE ( 'NONE', ( #5119 ), #7713, .T. ) ;
#7355 = LINE ( 'NONE', #5938, #5700 ) ;
#7356 = CARTESIAN_POINT ( 'NONE',  ( -0.3500000000000000333, 0.1909448818897638012, 0.02559055118110236185 ) ) ;
#7357 = CARTESIAN_POINT ( 'NONE',  ( -0.8696850393700786830, 0.1574803149606299191, -0.01968503937007873988 ) ) ;
#7358 = LINE ( 'NONE', #5357, #5847 ) ;
#7359 = DIRECTION ( 'NONE',  ( 1.000000000000000000, 0.000000000000000000, 0.000000000000000000 ) ) ;
#7360 = CARTESIAN_POINT ( 'NONE',  ( -0.5657480314960630086, 0.01181102362204724393, 0.004921259842519684971 ) ) ;
#7361 = AXIS2_PLACEMENT_3D ( 'NONE', #2718, #4636, #5326 ) ;
#7362 = LINE ( 'NONE', #5361, #207 ) ;
#7363 = ORIENTED_EDGE ( 'NONE', *, *, #8365, .T. ) ;
#7364 = DIRECTION ( 'NONE',  ( 0.000000000000000000, 0.000000000000000000, -1.000000000000000000 ) ) ;
#7365 = FACE_OUTER_BOUND ( 'NONE', #1707, .T. ) ;
#7366 = ADVANCED_FACE ( 'NONE', ( #7763 ), #6407, .T. ) ;
#7367 = CARTESIAN_POINT ( 'NONE',  ( -1.009842534703531580, 0.000000000000000000, 0.03937007874015747977 ) ) ;
#7368 = LINE ( 'NONE', #3448, #3363 ) ;
#7369 = LINE ( 'NONE', #2159, #7748 ) ;
#7370 = EDGE_CURVE ( 'NONE', #7878, #7847, #3919, .T. ) ;
#7371 = FACE_OUTER_BOUND ( 'NONE', #1998, .T. ) ;
#7372 = EDGE_LOOP ( 'NONE', ( #1696, #243, #462, #1570 ) ) ;
#7373 = ORIENTED_EDGE ( 'NONE', *, *, #7523, .F. ) ;
#7374 = DIRECTION ( 'NONE',  ( 0.000000000000000000, 0.000000000000000000, 1.000000000000000000 ) ) ;
#7375 = DIRECTION ( 'NONE',  ( 0.000000000000000000, 0.000000000000000000, -1.000000000000000000 ) ) ;
#7376 = EDGE_CURVE ( 'NONE', #5772, #1858, #1231, .T. ) ;
#7377 = FACE_OUTER_BOUND ( 'NONE', #5000, .T. ) ;
#7378 = VERTEX_POINT ( 'NONE', #4560 ) ;
#7379 = DIRECTION ( 'NONE',  ( 0.000000000000000000, 0.000000000000000000, 1.000000000000000000 ) ) ;
#7380 = CARTESIAN_POINT ( 'NONE',  ( -0.8106299212598425674, 0.000000000000000000, -0.03937007874015747977 ) ) ;
#7381 = LINE ( 'NONE', #1395, #4356 ) ;
#7382 = ORIENTED_EDGE ( 'NONE', *, *, #6010, .T. ) ;
#7383 = VERTEX_POINT ( 'NONE', #627 ) ;
#7384 = CARTESIAN_POINT ( 'NONE',  ( -0.8106299212598425674, 0.01181102362204724393, 0.03937007874015747977 ) ) ;
#7385 = ORIENTED_EDGE ( 'NONE', *, *, #4948, .T. ) ;
#7386 = EDGE_CURVE ( 'NONE', #2250, #715, #2640, .T. ) ;
#7387 = LINE ( 'NONE', #4608, #7447 ) ;
#7388 = VERTEX_POINT ( 'NONE', #1911 ) ;
#7389 = CARTESIAN_POINT ( 'NONE',  ( -0.5312992125984251635, 0.1574803149606299191, 0.01870078740157480462 ) ) ;
#7390 = DIRECTION ( 'NONE',  ( 1.000000000000000000, 0.000000000000000000, 0.000000000000000000 ) ) ;
#7391 = ORIENTED_EDGE ( 'NONE', *, *, #5968, .T. ) ;
#7392 = VERTEX_POINT ( 'NONE', #1999 ) ;
#7393 = EDGE_LOOP ( 'NONE', ( #7719, #2776, #2304, #3317 ) ) ;
#7394 = CARTESIAN_POINT ( 'NONE',  ( -0.2185039370078740439, 0.1968503937007874127, 0.03149606299212598381 ) ) ;
#7395 = FACE_BOUND ( 'NONE', #7975, .T. ) ;
#7396 = CARTESIAN_POINT ( 'NONE',  ( -0.7204724409448819422, 0.01181102362204724393, 0.02952755905511811330 ) ) ;
#7397 = CARTESIAN_POINT ( 'NONE',  ( -0.4106299212598425452, 0.000000000000000000, 0.03937007874015747977 ) ) ;
#7398 = LINE ( 'NONE', #4801, #3088 ) ;
#7399 = FACE_OUTER_BOUND ( 'NONE', #6855, .T. ) ;
#7400 = DIRECTION ( 'NONE',  ( 0.000000000000000000, -1.000000000000000000, 0.000000000000000000 ) ) ;
#7401 = EDGE_CURVE ( 'NONE', #6753, #5298, #6534, .T. ) ;
#7402 = ORIENTED_EDGE ( 'NONE', *, *, #2387, .T. ) ;
#7403 = FACE_OUTER_BOUND ( 'NONE', #6113, .T. ) ;
#7404 = DIRECTION ( 'NONE',  ( 0.000000000000000000, 1.000000000000000000, 0.000000000000000000 ) ) ;
#7405 = LINE ( 'NONE', #2923, #810 ) ;
#7406 = EDGE_CURVE ( 'NONE', #7254, #1858, #1866, .T. ) ;
#7407 = EDGE_CURVE ( 'NONE', #2980, #541, #6444, .T. ) ;
#7408 = FACE_OUTER_BOUND ( 'NONE', #7511, .T. ) ;
#7409 = EDGE_LOOP ( 'NONE', ( #7039, #1689, #4685, #5084, #6187, #8184 ) ) ;
#7410 = EDGE_CURVE ( 'NONE', #1730, #5916, #1268, .T. ) ;
#7411 = DIRECTION ( 'NONE',  ( 1.000000000000000000, 0.000000000000000000, 0.000000000000000000 ) ) ;
#7412 = DIRECTION ( 'NONE',  ( 1.000000000000000000, 0.000000000000000000, 0.000000000000000000 ) ) ;
#7413 = DIRECTION ( 'NONE',  ( -1.000000000000000000, 0.000000000000000000, 0.000000000000000000 ) ) ;
#7414 = VERTEX_POINT ( 'NONE', #8364 ) ;
#7415 = LINE ( 'NONE', #1566, #326 ) ;
#7416 = CARTESIAN_POINT ( 'NONE',  ( -0.4687007874015748365, 0.1574803149606299191, 0.01870078740157480462 ) ) ;
#7417 = LINE ( 'NONE', #4731, #955 ) ;
#7418 = ORIENTED_EDGE ( 'NONE', *, *, #1554, .T. ) ;
#7419 = VERTEX_POINT ( 'NONE', #7214 ) ;
#7420 = ADVANCED_FACE ( 'NONE', ( #585 ), #8405, .F. ) ;
#7421 = LINE ( 'NONE', #8194, #8407 ) ;
#7422 = ORIENTED_EDGE ( 'NONE', *, *, #7057, .T. ) ;
#7423 = DIRECTION ( 'NONE',  ( 1.000000000000000000, 0.000000000000000000, 0.000000000000000000 ) ) ;
#7424 = CARTESIAN_POINT ( 'NONE',  ( -0.9106299212598425452, 0.000000000000000000, 0.03937007874015747977 ) ) ;
#7425 = EDGE_CURVE ( 'NONE', #7834, #3993, #25, .T. ) ;
#7426 = ORIENTED_EDGE ( 'NONE', *, *, #1587, .F. ) ;
#7427 = ORIENTED_EDGE ( 'NONE', *, *, #2938, .T. ) ;
#7428 = ORIENTED_EDGE ( 'NONE', *, *, #7977, .F. ) ;
#7429 = CARTESIAN_POINT ( 'NONE',  ( -0.4795275590551181244, 0.01181102362204724393, -0.02952755905511811330 ) ) ;
#7430 = DIRECTION ( 'NONE',  ( 1.000000000000000000, 0.000000000000000000, 0.000000000000000000 ) ) ;
#7431 = VECTOR ( 'NONE', #7244, 39.37007874015748854 ) ;
#7432 = LINE ( 'NONE', #8082, #7594 ) ;
#7433 = DIRECTION ( 'NONE',  ( -0.000000000000000000, 0.7071067811865475727, 0.7071067811865475727 ) ) ;
#7434 = LINE ( 'NONE', #2883, #8133 ) ;
#7435 = DIRECTION ( 'NONE',  ( 0.000000000000000000, 0.000000000000000000, -1.000000000000000000 ) ) ;
#7436 = PLANE ( 'NONE',  #746 ) ;
#7437 = ORIENTED_EDGE ( 'NONE', *, *, #1052, .F. ) ;
#7438 = VERTEX_POINT ( 'NONE', #7803 ) ;
#7439 = AXIS2_PLACEMENT_3D ( 'NONE', #4926, #6927, #2389 ) ;
#7440 = PLANE ( 'NONE',  #1067 ) ;
#7441 = VECTOR ( 'NONE', #2433, 39.37007874015748143 ) ;
#7442 = FACE_OUTER_BOUND ( 'NONE', #1520, .T. ) ;
#7443 = CARTESIAN_POINT ( 'NONE',  ( -0.7657480314960629642, -0.1181102362204724532, -0.01279527559055118092 ) ) ;
#7444 = ORIENTED_EDGE ( 'NONE', *, *, #7545, .T. ) ;
#7445 = CARTESIAN_POINT ( 'NONE',  ( -1.009842519685039353, 0.000000000000000000, 0.04921259842519685318 ) ) ;
#7446 = LINE ( 'NONE', #6858, #3765 ) ;
#7447 = VECTOR ( 'NONE', #7253, 39.37007874015748143 ) ;
#7448 = VECTOR ( 'NONE', #5280, 39.37007874015748143 ) ;
#7449 = ADVANCED_FACE ( 'NONE', ( #1950 ), #7165, .F. ) ;
#7450 = EDGE_CURVE ( 'NONE', #212, #5879, #7040, .T. ) ;
#7451 = CARTESIAN_POINT ( 'NONE',  ( -0.8755905511811024056, 0.1909448818897638012, 0.000000000000000000 ) ) ;
#7452 = ORIENTED_EDGE ( 'NONE', *, *, #2508, .T. ) ;
#7453 = DIRECTION ( 'NONE',  ( 1.000000000000000000, 0.000000000000000000, 0.000000000000000000 ) ) ;
#7454 = FACE_OUTER_BOUND ( 'NONE', #6508, .T. ) ;
#7455 = VECTOR ( 'NONE', #7567, 39.37007874015748143 ) ;
#7456 = DIRECTION ( 'NONE',  ( 1.000000000000000000, 0.000000000000000000, 0.000000000000000000 ) ) ;
#7457 = ORIENTED_EDGE ( 'NONE', *, *, #4816, .F. ) ;
#7458 = ORIENTED_EDGE ( 'NONE', *, *, #6314, .T. ) ;
#7459 = ADVANCED_FACE ( 'NONE', ( #3331 ), #2471, .F. ) ;
#7460 = VECTOR ( 'NONE', #2009, 39.37007874015748143 ) ;
#7461 = VECTOR ( 'NONE', #187, 39.37007874015748854 ) ;
#7462 = PLANE ( 'NONE',  #5961 ) ;
#7463 = ORIENTED_EDGE ( 'NONE', *, *, #5479, .T. ) ;
#7464 = CARTESIAN_POINT ( 'NONE',  ( -0.6214566929133858997, 0.000000000000000000, 0.000000000000000000 ) ) ;
#7465 = ADVANCED_FACE ( 'NONE', ( #4433, #1187 ), #3800, .T. ) ;
#7466 = VECTOR ( 'NONE', #6888, 39.37007874015748143 ) ;
#7467 = DIRECTION ( 'NONE',  ( 0.000000000000000000, 0.000000000000000000, -1.000000000000000000 ) ) ;
#7468 = ORIENTED_EDGE ( 'NONE', *, *, #988, .F. ) ;
#7469 = EDGE_LOOP ( 'NONE', ( #6098, #6200, #2279, #2030 ) ) ;
#7470 = EDGE_CURVE ( 'NONE', #7696, #1692, #1539, .T. ) ;
#7471 = LINE ( 'NONE', #8160, #2529 ) ;
#7472 = VECTOR ( 'NONE', #3311, 39.37007874015748143 ) ;
#7473 = PLANE ( 'NONE',  #5986 ) ;
#7474 = AXIS2_PLACEMENT_3D ( 'NONE', #8274, #325, #2905 ) ;
#7475 = AXIS2_PLACEMENT_3D ( 'NONE', #7836, #5972, #106 ) ;
#7476 = ADVANCED_FACE ( 'NONE', ( #2741 ), #4697, .T. ) ;
#7477 = DIRECTION ( 'NONE',  ( 0.2576626505603140105, 0.9662349396012511749, 0.000000000000000000 ) ) ;
#7478 = LINE ( 'NONE', #1547, #3545 ) ;
#7479 = FACE_OUTER_BOUND ( 'NONE', #2744, .T. ) ;
#7480 = DIRECTION ( 'NONE',  ( 0.000000000000000000, 0.000000000000000000, -1.000000000000000000 ) ) ;
#7481 = ORIENTED_EDGE ( 'NONE', *, *, #4715, .F. ) ;
#7482 = VERTEX_POINT ( 'NONE', #5347 ) ;
#7483 = VECTOR ( 'NONE', #6850, 39.37007874015748143 ) ;
#7484 = VECTOR ( 'NONE', #5047, 39.37007874015748143 ) ;
#7485 = VECTOR ( 'NONE', #3207, 39.37007874015748854 ) ;
#7486 = FACE_OUTER_BOUND ( 'NONE', #2685, .T. ) ;
#7487 = EDGE_CURVE ( 'NONE', #8360, #5166, #2052, .T. ) ;
#7488 = LINE ( 'NONE', #4203, #3662 ) ;
#7489 = VECTOR ( 'NONE', #3282, 39.37007874015748143 ) ;
#7490 = CARTESIAN_POINT ( 'NONE',  ( -0.8106299212598425674, 0.01181102362204724393, 0.03937007874015747977 ) ) ;
#7491 = PLANE ( 'NONE',  #4344 ) ;
#7492 = ORIENTED_EDGE ( 'NONE', *, *, #5965, .T. ) ;
#7493 = DIRECTION ( 'NONE',  ( 0.000000000000000000, 0.000000000000000000, 1.000000000000000000 ) ) ;
#7494 = CARTESIAN_POINT ( 'NONE',  ( -0.9312992125984251857, 0.1574803149606299191, -0.01870078740157480462 ) ) ;
#7495 = AXIS2_PLACEMENT_3D ( 'NONE', #5289, #3370, #5973 ) ;
#7496 = ORIENTED_EDGE ( 'NONE', *, *, #3283, .T. ) ;
#7497 = CARTESIAN_POINT ( 'NONE',  ( -0.8657480314960629419, -0.08858267716535432601, 0.01279527559055118092 ) ) ;
#7498 = DIRECTION ( 'NONE',  ( 0.000000000000000000, 0.000000000000000000, -1.000000000000000000 ) ) ;
#7499 = LINE ( 'NONE', #6150, #4632 ) ;
#7500 = VERTEX_POINT ( 'NONE', #2134 ) ;
#7501 = ADVANCED_FACE ( 'NONE', ( #937 ), #7983, .T. ) ;
#7502 = ORIENTED_EDGE ( 'NONE', *, *, #8249, .F. ) ;
#7503 = FACE_OUTER_BOUND ( 'NONE', #3987, .T. ) ;
#7504 = VERTEX_POINT ( 'NONE', #761 ) ;
#7505 = DIRECTION ( 'NONE',  ( 0.000000000000000000, 0.000000000000000000, -1.000000000000000000 ) ) ;
#7506 = EDGE_CURVE ( 'NONE', #4105, #5286, #119, .T. ) ;
#7507 = ADVANCED_FACE ( 'NONE', ( #2686 ), #5389, .F. ) ;
#7508 = FACE_OUTER_BOUND ( 'NONE', #3474, .T. ) ;
#7509 = ORIENTED_EDGE ( 'NONE', *, *, #4244, .T. ) ;
#7510 = LINE ( 'NONE', #7586, #1471 ) ;
#7511 = EDGE_LOOP ( 'NONE', ( #7826, #7916, #7599, #2051 ) ) ;
#7512 = DIRECTION ( 'NONE',  ( 0.000000000000000000, 0.000000000000000000, 1.000000000000000000 ) ) ;
#7513 = CARTESIAN_POINT ( 'NONE',  ( -0.6687007874015747921, 0.1574803149606299191, 0.01870078740157480462 ) ) ;
#7514 = ADVANCED_FACE ( 'NONE', ( #163 ), #6031, .F. ) ;
#7515 = ORIENTED_EDGE ( 'NONE', *, *, #5744, .F. ) ;
#7516 = LINE ( 'NONE', #424, #3106 ) ;
#7517 = CARTESIAN_POINT ( 'NONE',  ( -0.2500000000000000000, 0.1909448818897638012, -0.02559055118110236185 ) ) ;
#7518 = DIRECTION ( 'NONE',  ( 0.000000000000000000, 0.000000000000000000, -1.000000000000000000 ) ) ;
#7519 = FACE_OUTER_BOUND ( 'NONE', #699, .T. ) ;
#7520 = ORIENTED_EDGE ( 'NONE', *, *, #4076, .T. ) ;
#7521 = ORIENTED_EDGE ( 'NONE', *, *, #3745, .F. ) ;
#7522 = FACE_OUTER_BOUND ( 'NONE', #3738, .T. ) ;
#7523 = EDGE_CURVE ( 'NONE', #2029, #6877, #7343, .T. ) ;
#7524 = LINE ( 'NONE', #5612, #797 ) ;
#7525 = DIRECTION ( 'NONE',  ( 0.000000000000000000, -1.000000000000000000, 0.000000000000000000 ) ) ;
#7526 = FACE_OUTER_BOUND ( 'NONE', #2599, .T. ) ;
#7527 = ORIENTED_EDGE ( 'NONE', *, *, #7401, .F. ) ;
#7528 = EDGE_CURVE ( 'NONE', #4917, #6488, #2186, .T. ) ;
#7529 = CARTESIAN_POINT ( 'NONE',  ( -0.7204724409448819422, 0.000000000000000000, 0.000000000000000000 ) ) ;
#7530 = DIRECTION ( 'NONE',  ( 0.000000000000000000, 0.000000000000000000, 1.000000000000000000 ) ) ;
#7531 = ORIENTED_EDGE ( 'NONE', *, *, #6852, .T. ) ;
#7532 = CARTESIAN_POINT ( 'NONE',  ( -0.8785433070866142113, 0.01181102362204724393, -0.02854330708661417110 ) ) ;
#7533 = LINE ( 'NONE', #4335, #4753 ) ;
#7534 = CARTESIAN_POINT ( 'NONE',  ( -0.7696850393700788162, 0.1850393700787401619, 0.01968503937007873988 ) ) ;
#7535 = VERTEX_POINT ( 'NONE', #6069 ) ;
#7536 = ORIENTED_EDGE ( 'NONE', *, *, #3648, .F. ) ;
#7537 = ORIENTED_EDGE ( 'NONE', *, *, #6278, .T. ) ;
#7538 = CARTESIAN_POINT ( 'NONE',  ( -0.1901575223667417436, 0.1102362180084692916, 0.000000000000000000 ) ) ;
#7539 = ORIENTED_EDGE ( 'NONE', *, *, #2447, .F. ) ;
#7540 = FACE_OUTER_BOUND ( 'NONE', #4002, .T. ) ;
#7541 = DIRECTION ( 'NONE',  ( 0.000000000000000000, 0.7071067811865475727, -0.7071067811865475727 ) ) ;
#7542 = EDGE_LOOP ( 'NONE', ( #7198, #8189, #2663, #5212 ) ) ;
#7543 = DIRECTION ( 'NONE',  ( 0.5773502691896257311, 0.5773502691896257311, -0.5773502691896257311 ) ) ;
#7544 = ORIENTED_EDGE ( 'NONE', *, *, #296, .F. ) ;
#7545 = EDGE_CURVE ( 'NONE', #3284, #7878, #4657, .T. ) ;
#7546 = CARTESIAN_POINT ( 'NONE',  ( -0.9106299212598425452, 0.000000000000000000, -0.03937007874015747977 ) ) ;
#7547 = LINE ( 'NONE', #6920, #7204 ) ;
#7548 = ADVANCED_FACE ( 'NONE', ( #8033 ), #4792, .T. ) ;
#7549 = ORIENTED_EDGE ( 'NONE', *, *, #5631, .F. ) ;
#7550 = LINE ( 'NONE', #5641, #506 ) ;
#7551 = LINE ( 'NONE', #5604, #2300 ) ;
#7552 = EDGE_CURVE ( 'NONE', #4264, #1650, #4052, .T. ) ;
#7553 = CARTESIAN_POINT ( 'NONE',  ( -0.4696850393700787163, 0.1574803149606299191, 0.01968503937007873988 ) ) ;
#7554 = CARTESIAN_POINT ( 'NONE',  ( -0.6312992125984252523, 0.1574803149606299191, 0.01870078740157480462 ) ) ;
#7555 = ORIENTED_EDGE ( 'NONE', *, *, #5731, .T. ) ;
#7556 = ORIENTED_EDGE ( 'NONE', *, *, #3127, .T. ) ;
#7557 = VECTOR ( 'NONE', #2578, 39.37007874015748143 ) ;
#7558 = CARTESIAN_POINT ( 'NONE',  ( -0.6785433070866142558, 0.1574803149606299191, 0.02854330708661417110 ) ) ;
#7559 = EDGE_CURVE ( 'NONE', #362, #3508, #6114, .T. ) ;
#7560 = CARTESIAN_POINT ( 'NONE',  ( -0.7657480314960629642, 0.01181102362204724393, 0.01279527559055118092 ) ) ;
#7561 = DIRECTION ( 'NONE',  ( 0.000000000000000000, 1.000000000000000000, 0.000000000000000000 ) ) ;
#7562 = CARTESIAN_POINT ( 'NONE',  ( -0.9657480314960630308, 0.01181102362204724393, -0.01279527559055118092 ) ) ;
#7563 = AXIS2_PLACEMENT_3D ( 'NONE', #3524, #3598, #6768 ) ;
#7564 = VERTEX_POINT ( 'NONE', #2871 ) ;
#7565 = ADVANCED_FACE ( 'NONE', ( #5473 ), #8075, .F. ) ;
#7566 = LINE ( 'NONE', #1720, #87 ) ;
#7567 = DIRECTION ( 'NONE',  ( 1.000000000000000000, 0.000000000000000000, 0.000000000000000000 ) ) ;
#7568 = VECTOR ( 'NONE', #5169, 39.37007874015748143 ) ;
#7569 = ORIENTED_EDGE ( 'NONE', *, *, #5284, .F. ) ;
#7570 = DIRECTION ( 'NONE',  ( 0.000000000000000000, 0.000000000000000000, 1.000000000000000000 ) ) ;
#7571 = EDGE_CURVE ( 'NONE', #2870, #6893, #1404, .T. ) ;
#7572 = PLANE ( 'NONE',  #8423 ) ;
#7573 = CARTESIAN_POINT ( 'NONE',  ( -0.3106299212598425119, 0.000000000000000000, 0.03937007874015747977 ) ) ;
#7574 = VERTEX_POINT ( 'NONE', #2420 ) ;
#7575 = PLANE ( 'NONE',  #6918 ) ;
#7576 = VERTEX_POINT ( 'NONE', #5033 ) ;
#7577 = VECTOR ( 'NONE', #7238, 39.37007874015748143 ) ;
#7578 = ORIENTED_EDGE ( 'NONE', *, *, #6615, .T. ) ;
#7579 = CARTESIAN_POINT ( 'NONE',  ( -0.7106299212598425896, 0.000000000000000000, 0.03937007874015747977 ) ) ;
#7580 = VECTOR ( 'NONE', #7671, 39.37007874015748143 ) ;
#7581 = VECTOR ( 'NONE', #693, 39.37007874015748143 ) ;
#7582 = VERTEX_POINT ( 'NONE', #8152 ) ;
#7583 = CARTESIAN_POINT ( 'NONE',  ( -0.7214566929133858775, 0.01181102362204724393, 0.02854330708661417110 ) ) ;
#7584 = CARTESIAN_POINT ( 'NONE',  ( -0.7342519685039370358, -0.08858267716535432601, -0.01279527559055118092 ) ) ;
#7585 = ORIENTED_EDGE ( 'NONE', *, *, #2241, .F. ) ;
#7586 = CARTESIAN_POINT ( 'NONE',  ( -0.6893700787401575436, 0.01181102362204724393, 0.03937007874015747977 ) ) ;
#7587 = ORIENTED_EDGE ( 'NONE', *, *, #1779, .T. ) ;
#7588 = VECTOR ( 'NONE', #3585, 39.37007874015748143 ) ;
#7589 = AXIS2_PLACEMENT_3D ( 'NONE', #920, #6093, #1560 ) ;
#7590 = DIRECTION ( 'NONE',  ( -0.2576626505603140105, 0.9662349396012511749, 0.000000000000000000 ) ) ;
#7591 = DIRECTION ( 'NONE',  ( 0.000000000000000000, 0.000000000000000000, 1.000000000000000000 ) ) ;
#7592 = ORIENTED_EDGE ( 'NONE', *, *, #5203, .T. ) ;
#7593 = DIRECTION ( 'NONE',  ( 1.000000000000000000, 0.000000000000000000, 0.000000000000000000 ) ) ;
#7594 = VECTOR ( 'NONE', #5356, 39.37007874015748143 ) ;
#7595 = VECTOR ( 'NONE', #7543, 39.37007874015748854 ) ;
#7596 = EDGE_CURVE ( 'NONE', #7419, #7661, #1693, .T. ) ;
#7597 = CARTESIAN_POINT ( 'NONE',  ( -1.009842519685039353, 0.1968503937007874127, -0.04921259842519685318 ) ) ;
#7598 = CARTESIAN_POINT ( 'NONE',  ( -0.2893700787401574659, 0.01181102362204724393, -0.03937007874015747977 ) ) ;
#7599 = ORIENTED_EDGE ( 'NONE', *, *, #2335, .T. ) ;
#7600 = ORIENTED_EDGE ( 'NONE', *, *, #8089, .T. ) ;
#7601 = EDGE_CURVE ( 'NONE', #7662, #7067, #1739, .T. ) ;
#7602 = EDGE_CURVE ( 'NONE', #3423, #7243, #4912, .T. ) ;
#7603 = VECTOR ( 'NONE', #3669, 39.37007874015748143 ) ;
#7604 = VECTOR ( 'NONE', #5341, 39.37007874015748143 ) ;
#7605 = CARTESIAN_POINT ( 'NONE',  ( -0.5106299212598425230, 0.01181102362204724393, -0.03937007874015747977 ) ) ;
#7606 = FACE_OUTER_BOUND ( 'NONE', #5888, .T. ) ;
#7607 = CARTESIAN_POINT ( 'NONE',  ( -0.2893700787401574659, 0.000000000000000000, -0.03937007874015747977 ) ) ;
#7608 = LINE ( 'NONE', #3605, #6897 ) ;
#7609 = DIRECTION ( 'NONE',  ( 0.000000000000000000, 0.000000000000000000, -1.000000000000000000 ) ) ;
#7610 = VECTOR ( 'NONE', #1286, 39.37007874015748143 ) ;
#7611 = VECTOR ( 'NONE', #513, 39.37007874015748143 ) ;
#7612 = AXIS2_PLACEMENT_3D ( 'NONE', #3486, #6891, #2361 ) ;
#7613 = VERTEX_POINT ( 'NONE', #8196 ) ;
#7614 = EDGE_CURVE ( 'NONE', #1778, #2875, #5546, .T. ) ;
#7615 = PLANE ( 'NONE',  #2148 ) ;
#7616 = LINE ( 'NONE', #596, #6225 ) ;
#7617 = VECTOR ( 'NONE', #2442, 39.37007874015748143 ) ;
#7618 = AXIS2_PLACEMENT_3D ( 'NONE', #220, #4116, #5560 ) ;
#7619 = ADVANCED_FACE ( 'NONE', ( #8231 ), #6869, .T. ) ;
#7620 = ORIENTED_EDGE ( 'NONE', *, *, #994, .F. ) ;
#7621 = CARTESIAN_POINT ( 'NONE',  ( -0.9106299212598425452, 0.000000000000000000, 0.03937007874015747977 ) ) ;
#7622 = CARTESIAN_POINT ( 'NONE',  ( -1.009842519685039353, 0.01181102362204724393, 0.04921259842519685318 ) ) ;
#7623 = CARTESIAN_POINT ( 'NONE',  ( -0.3657480314960629975, -0.08858267716535432601, -0.01279527559055118092 ) ) ;
#7624 = ORIENTED_EDGE ( 'NONE', *, *, #8200, .T. ) ;
#7625 = FACE_OUTER_BOUND ( 'NONE', #3840, .T. ) ;
#7626 = VERTEX_POINT ( 'NONE', #8109 ) ;
#7627 = AXIS2_PLACEMENT_3D ( 'NONE', #851, #7246, #4044 ) ;
#7628 = EDGE_CURVE ( 'NONE', #4128, #3201, #7632, .T. ) ;
#7629 = VERTEX_POINT ( 'NONE', #1782 ) ;
#7630 = DIRECTION ( 'NONE',  ( 0.000000000000000000, 0.000000000000000000, -1.000000000000000000 ) ) ;
#7631 = EDGE_LOOP ( 'NONE', ( #8248, #1486, #7642, #4342 ) ) ;
#7632 = LINE ( 'NONE', #6311, #2707 ) ;
#7633 = ORIENTED_EDGE ( 'NONE', *, *, #6363, .F. ) ;
#7634 = CARTESIAN_POINT ( 'NONE',  ( -0.7687007874015748810, 0.02165354330708661734, 0.01870078740157480462 ) ) ;
#7635 = ORIENTED_EDGE ( 'NONE', *, *, #2047, .F. ) ;
#7636 = DIRECTION ( 'NONE',  ( 0.000000000000000000, 1.000000000000000000, 0.000000000000000000 ) ) ;
#7637 = LINE ( 'NONE', #625, #5451 ) ;
#7638 = ORIENTED_EDGE ( 'NONE', *, *, #717, .T. ) ;
#7639 = CARTESIAN_POINT ( 'NONE',  ( -0.6214566929133858997, 0.01181102362204724393, -0.02854330708661417110 ) ) ;
#7640 = DIRECTION ( 'NONE',  ( 0.000000000000000000, 0.000000000000000000, -1.000000000000000000 ) ) ;
#7641 = ORIENTED_EDGE ( 'NONE', *, *, #4842, .T. ) ;
#7642 = ORIENTED_EDGE ( 'NONE', *, *, #6252, .T. ) ;
#7643 = CARTESIAN_POINT ( 'NONE',  ( -0.3696850393700787940, 0.000000000000000000, 0.000000000000000000 ) ) ;
#7644 = DIRECTION ( 'NONE',  ( 1.000000000000000000, 0.000000000000000000, 0.000000000000000000 ) ) ;
#7645 = CARTESIAN_POINT ( 'NONE',  ( -0.4204724409448818978, 0.1574803149606299191, 0.02952755905511811330 ) ) ;
#7646 = DIRECTION ( 'NONE',  ( 0.000000000000000000, -1.000000000000000000, 0.000000000000000000 ) ) ;
#7647 = DIRECTION ( 'NONE',  ( 1.000000000000000000, 0.000000000000000000, 0.000000000000000000 ) ) ;
#7648 = ORIENTED_EDGE ( 'NONE', *, *, #3075, .T. ) ;
#7649 = DIRECTION ( 'NONE',  ( 0.000000000000000000, 1.000000000000000000, 0.000000000000000000 ) ) ;
#7650 = DIRECTION ( 'NONE',  ( 0.000000000000000000, 0.000000000000000000, 1.000000000000000000 ) ) ;
#7651 = PLANE ( 'NONE',  #99 ) ;
#7652 = EDGE_CURVE ( 'NONE', #7843, #4617, #4985, .T. ) ;
#7653 = EDGE_CURVE ( 'NONE', #6217, #6190, #3587, .T. ) ;
#7654 = VERTEX_POINT ( 'NONE', #369 ) ;
#7655 = PLANE ( 'NONE',  #5250 ) ;
#7656 = FACE_OUTER_BOUND ( 'NONE', #6947, .T. ) ;
#7657 = EDGE_CURVE ( 'NONE', #5231, #8061, #6188, .T. ) ;
#7658 = DIRECTION ( 'NONE',  ( 1.000000000000000000, 0.000000000000000000, 0.000000000000000000 ) ) ;
#7659 = ORIENTED_EDGE ( 'NONE', *, *, #1189, .F. ) ;
#7660 = CARTESIAN_POINT ( 'NONE',  ( -0.6106299212598425008, 0.000000000000000000, -0.03937007874015747977 ) ) ;
#7661 = VERTEX_POINT ( 'NONE', #5591 ) ;
#7662 = VERTEX_POINT ( 'NONE', #4386 ) ;
#7663 = PLANE ( 'NONE',  #1728 ) ;
#7664 = EDGE_LOOP ( 'NONE', ( #7217, #3469, #3736, #4804 ) ) ;
#7665 = LINE ( 'NONE', #5716, #6124 ) ;
#7666 = LINE ( 'NONE', #4552, #6133 ) ;
#7667 = ORIENTED_EDGE ( 'NONE', *, *, #1209, .F. ) ;
#7668 = PLANE ( 'NONE',  #7884 ) ;
#7669 = ADVANCED_FACE ( 'NONE', ( #5629 ), #1653, .T. ) ;
#7670 = ORIENTED_EDGE ( 'NONE', *, *, #4396, .T. ) ;
#7671 = DIRECTION ( 'NONE',  ( 0.000000000000000000, -1.000000000000000000, 0.000000000000000000 ) ) ;
#7672 = LINE ( 'NONE', #3835, #380 ) ;
#7673 = EDGE_LOOP ( 'NONE', ( #2667, #5902, #4346, #7145 ) ) ;
#7674 = DIRECTION ( 'NONE',  ( 0.000000000000000000, 0.000000000000000000, 1.000000000000000000 ) ) ;
#7675 = ADVANCED_FACE ( 'NONE', ( #4227 ), #4347, .T. ) ;
#7676 = LINE ( 'NONE', #4276, #7441 ) ;
#7677 = EDGE_LOOP ( 'NONE', ( #2005, #2557, #4840, #6400 ) ) ;
#7678 = EDGE_LOOP ( 'NONE', ( #5964, #5628, #7531, #3599 ) ) ;
#7679 = FACE_OUTER_BOUND ( 'NONE', #4086, .T. ) ;
#7680 = DIRECTION ( 'NONE',  ( -0.9662349396012511749, -0.2576626505603140105, 0.000000000000000000 ) ) ;
#7681 = CARTESIAN_POINT ( 'NONE',  ( -0.9342519685039371025, -0.08858267716535432601, -0.01279527559055118092 ) ) ;
#7682 = LINE ( 'NONE', #8372, #6906 ) ;
#7683 = PLANE ( 'NONE',  #2170 ) ;
#7684 = ORIENTED_EDGE ( 'NONE', *, *, #5541, .F. ) ;
#7685 = FACE_OUTER_BOUND ( 'NONE', #5877, .T. ) ;
#7686 = CARTESIAN_POINT ( 'NONE',  ( -0.9657480314960630308, 0.01181102362204724393, 0.004921259842519684971 ) ) ;
#7687 = AXIS2_PLACEMENT_3D ( 'NONE', #4781, #2897, #6653 ) ;
#7688 = CARTESIAN_POINT ( 'NONE',  ( -0.6106299212598425008, 0.000000000000000000, -0.03937007874015747977 ) ) ;
#7689 = DIRECTION ( 'NONE',  ( 0.000000000000000000, 1.000000000000000000, 0.000000000000000000 ) ) ;
#7690 = DIRECTION ( 'NONE',  ( 1.000000000000000000, 0.000000000000000000, 0.000000000000000000 ) ) ;
#7691 = LINE ( 'NONE', #1845, #3132 ) ;
#7692 = EDGE_LOOP ( 'NONE', ( #1817, #6835, #5504, #5873 ) ) ;
#7693 = CARTESIAN_POINT ( 'NONE',  ( -0.8795275590551180356, 0.01181102362204724393, 0.02952755905511811330 ) ) ;
#7694 = EDGE_LOOP ( 'NONE', ( #8436, #396, #7620, #1766 ) ) ;
#7695 = EDGE_CURVE ( 'NONE', #2067, #621, #2942, .T. ) ;
#7696 = VERTEX_POINT ( 'NONE', #5668 ) ;
#7697 = VECTOR ( 'NONE', #4007, 39.37007874015748143 ) ;
#7698 = ADVANCED_FACE ( 'NONE', ( #6960, #7540 ), #414, .T. ) ;
#7699 = CARTESIAN_POINT ( 'NONE',  ( -0.9421259842519684735, -0.1181102362204724532, 0.01279527559055118092 ) ) ;
#7700 = ORIENTED_EDGE ( 'NONE', *, *, #3293, .F. ) ;
#7701 = CARTESIAN_POINT ( 'NONE',  ( -0.6214566929133858997, 0.01181102362204724393, 0.02854330708661417110 ) ) ;
#7702 = CARTESIAN_POINT ( 'NONE',  ( -0.4785433070866141336, 0.1574803149606299191, -0.02854330708661417110 ) ) ;
#7703 = VECTOR ( 'NONE', #3014, 39.37007874015748854 ) ;
#7704 = VERTEX_POINT ( 'NONE', #6997 ) ;
#7705 = DIRECTION ( 'NONE',  ( 0.5773502691896257311, 0.5773502691896257311, -0.5773502691896257311 ) ) ;
#7706 = ADVANCED_FACE ( 'NONE', ( #6155 ), #4868, .T. ) ;
#7707 = ORIENTED_EDGE ( 'NONE', *, *, #6789, .F. ) ;
#7708 = VECTOR ( 'NONE', #7710, 39.37007874015748854 ) ;
#7709 = VECTOR ( 'NONE', #484, 39.37007874015748143 ) ;
#7710 = DIRECTION ( 'NONE',  ( 0.5773502691896257311, 0.5773502691896257311, 0.5773502691896257311 ) ) ;
#7711 = PLANE ( 'NONE',  #7893 ) ;
#7712 = ORIENTED_EDGE ( 'NONE', *, *, #2508, .F. ) ;
#7713 = PLANE ( 'NONE',  #5294 ) ;
#7714 = EDGE_CURVE ( 'NONE', #541, #2642, #7665, .T. ) ;
#7715 = VECTOR ( 'NONE', #7932, 39.37007874015748143 ) ;
#7716 = VECTOR ( 'NONE', #7789, 39.37007874015748143 ) ;
#7717 = CARTESIAN_POINT ( 'NONE',  ( -0.6893700787401575436, 0.01181102362204724393, -0.03937007874015747977 ) ) ;
#7718 = EDGE_LOOP ( 'NONE', ( #1543, #3184, #7227, #607 ) ) ;
#7719 = ORIENTED_EDGE ( 'NONE', *, *, #6733, .T. ) ;
#7720 = EDGE_CURVE ( 'NONE', #3621, #1360, #8319, .T. ) ;
#7721 = EDGE_CURVE ( 'NONE', #7535, #337, #4422, .T. ) ;
#7722 = EDGE_CURVE ( 'NONE', #8360, #1575, #2461, .T. ) ;
#7723 = DIRECTION ( 'NONE',  ( 0.000000000000000000, 1.000000000000000000, 0.000000000000000000 ) ) ;
#7724 = VECTOR ( 'NONE', #6415, 39.37007874015748143 ) ;
#7725 = PLANE ( 'NONE',  #3915 ) ;
#7726 = CARTESIAN_POINT ( 'NONE',  ( -0.8185039370078740495, 0.1968503937007874127, -0.03149606299212598381 ) ) ;
#7727 = FACE_OUTER_BOUND ( 'NONE', #4907, .T. ) ;
#7728 = DIRECTION ( 'NONE',  ( 0.000000000000000000, 1.000000000000000000, 0.000000000000000000 ) ) ;
#7729 = VERTEX_POINT ( 'NONE', #1505 ) ;
#7730 = PLANE ( 'NONE',  #7733 ) ;
#7732 = DIRECTION ( 'NONE',  ( 0.000000000000000000, 0.000000000000000000, 1.000000000000000000 ) ) ;
#7731 = VECTOR ( 'NONE', #308, 39.37007874015748143 ) ;
#7733 = AXIS2_PLACEMENT_3D ( 'NONE', #39, #7865, #2068 ) ;
#7734 = EDGE_CURVE ( 'NONE', #4523, #2004, #3476, .T. ) ;
#7735 = CARTESIAN_POINT ( 'NONE',  ( -0.4696850393700787163, 0.1574803149606299191, -0.01968503937007873988 ) ) ;
#7736 = AXIS2_PLACEMENT_3D ( 'NONE', #1155, #1835, #1797 ) ;
#7737 = VECTOR ( 'NONE', #3255, 39.37007874015748143 ) ;
#7738 = VECTOR ( 'NONE', #4101, 39.37007874015748143 ) ;
#7739 = LINE ( 'NONE', #6384, #4162 ) ;
#7740 = DIRECTION ( 'NONE',  ( 0.000000000000000000, 0.000000000000000000, -1.000000000000000000 ) ) ;
#7741 = DIRECTION ( 'NONE',  ( 0.000000000000000000, 1.000000000000000000, 0.000000000000000000 ) ) ;
#7742 = ORIENTED_EDGE ( 'NONE', *, *, #7810, .F. ) ;
#7743 = DIRECTION ( 'NONE',  ( 0.000000000000000000, 1.000000000000000000, 0.000000000000000000 ) ) ;
#7744 = CARTESIAN_POINT ( 'NONE',  ( -0.9785433070866141891, 0.01181102362204724393, 0.02854330708661417110 ) ) ;
#7745 = VECTOR ( 'NONE', #3343, 39.37007874015748143 ) ;
#7746 = ORIENTED_EDGE ( 'NONE', *, *, #7215, .T. ) ;
#7747 = PRODUCT_DEFINITION_FORMATION_WITH_SPECIFIED_SOURCE ( 'ANY', '', #4683, .NOT_KNOWN. ) ;
#7748 = VECTOR ( 'NONE', #3984, 39.37007874015748143 ) ;
#7749 = DIRECTION ( 'NONE',  ( 1.000000000000000000, 0.000000000000000000, 0.000000000000000000 ) ) ;
#7750 = ORIENTED_EDGE ( 'NONE', *, *, #6212, .T. ) ;
#7751 = DIRECTION ( 'NONE',  ( 0.000000000000000000, 0.000000000000000000, 1.000000000000000000 ) ) ;
#7752 = LINE ( 'NONE', #1902, #1482 ) ;
#7753 = VECTOR ( 'NONE', #8443, 39.37007874015748143 ) ;
#7754 = PLANE ( 'NONE',  #8437 ) ;
#7755 = EDGE_CURVE ( 'NONE', #5381, #68, #4832, .T. ) ;
#7756 = ORIENTED_EDGE ( 'NONE', *, *, #2408, .T. ) ;
#7757 = LINE ( 'NONE', #7634, #1060 ) ;
#7758 = ORIENTED_EDGE ( 'NONE', *, *, #7902, .T. ) ;
#7759 = VECTOR ( 'NONE', #5274, 39.37007874015748143 ) ;
#7760 = CARTESIAN_POINT ( 'NONE',  ( -0.4785433070866141336, 0.1574803149606299191, 0.02854330708661417110 ) ) ;
#7761 = CARTESIAN_POINT ( 'NONE',  ( -0.3106299212598425119, 0.000000000000000000, 0.03937007874015747977 ) ) ;
#7762 = EDGE_LOOP ( 'NONE', ( #6758, #5922, #672, #1135 ) ) ;
#7763 = FACE_OUTER_BOUND ( 'NONE', #4295, .T. ) ;
#7764 = ADVANCED_FACE ( 'NONE', ( #824 ), #4061, .F. ) ;
#7765 = EDGE_CURVE ( 'NONE', #2224, #5042, #6676, .T. ) ;
#7766 = EDGE_CURVE ( 'NONE', #114, #3947, #4749, .T. ) ;
#7767 = FACE_OUTER_BOUND ( 'NONE', #790, .T. ) ;
#7768 = VERTEX_POINT ( 'NONE', #4797 ) ;
#7769 = EDGE_LOOP ( 'NONE', ( #320, #1532, #4448, #6360 ) ) ;
#7770 = ORIENTED_EDGE ( 'NONE', *, *, #5536, .T. ) ;
#7771 = ADVANCED_FACE ( 'NONE', ( #902 ), #769, .T. ) ;
#7772 = LINE ( 'NONE', #1917, #2984 ) ;
#7773 = LINE ( 'NONE', #8415, #8148 ) ;
#7774 = CARTESIAN_POINT ( 'NONE',  ( -0.5696850393700787496, 0.1574803149606299191, -0.01968503937007873988 ) ) ;
#7775 = DIRECTION ( 'NONE',  ( -0.5773502691896257311, 0.5773502691896257311, 0.5773502691896257311 ) ) ;
#7776 = DIRECTION ( 'NONE',  ( 0.000000000000000000, 0.000000000000000000, -1.000000000000000000 ) ) ;
#7777 = EDGE_LOOP ( 'NONE', ( #7252, #2362, #5245, #5132 ) ) ;
#7778 = PLANE ( 'NONE',  #507 ) ;
#7779 = CARTESIAN_POINT ( 'NONE',  ( -0.7657480314960629642, -0.08858267716535432601, -0.01279527559055118092 ) ) ;
#7780 = EDGE_CURVE ( 'NONE', #1009, #3918, #2746, .T. ) ;
#7781 = DIRECTION ( 'NONE',  ( 1.000000000000000000, 0.000000000000000000, 0.000000000000000000 ) ) ;
#7782 = CARTESIAN_POINT ( 'NONE',  ( -0.2657480314960630197, 0.01181102362204724393, -0.01279527559055118092 ) ) ;
#7783 = LINE ( 'NONE', #3054, #8300 ) ;
#7784 = DIRECTION ( 'NONE',  ( 0.000000000000000000, 1.000000000000000000, 0.000000000000000000 ) ) ;
#7785 = ORIENTED_EDGE ( 'NONE', *, *, #4184, .T. ) ;
#7786 = EDGE_CURVE ( 'NONE', #68, #8198, #7909, .T. ) ;
#7787 = ORIENTED_EDGE ( 'NONE', *, *, #5168, .F. ) ;
#7788 = ORIENTED_EDGE ( 'NONE', *, *, #529, .F. ) ;
#7789 = DIRECTION ( 'NONE',  ( 0.000000000000000000, 0.000000000000000000, -1.000000000000000000 ) ) ;
#7790 = CARTESIAN_POINT ( 'NONE',  ( -1.009842519685039353, 0.1968503937007874127, -0.04921259842519685318 ) ) ;
#7791 = ORIENTED_EDGE ( 'NONE', *, *, #6261, .T. ) ;
#7792 = DIRECTION ( 'NONE',  ( 1.000000000000000000, 0.000000000000000000, 0.000000000000000000 ) ) ;
#7793 = VERTEX_POINT ( 'NONE', #7261 ) ;
#7794 = FACE_OUTER_BOUND ( 'NONE', #3041, .T. ) ;
#7795 = LINE ( 'NONE', #3867, #2021 ) ;
#7796 = CARTESIAN_POINT ( 'NONE',  ( -0.4696850393700787163, 0.1574803149606299191, -0.01968503937007873988 ) ) ;
#7797 = ORIENTED_EDGE ( 'NONE', *, *, #1859, .T. ) ;
#7798 = CARTESIAN_POINT ( 'NONE',  ( -0.4214566929133858331, 0.000000000000000000, 0.000000000000000000 ) ) ;
#7799 = EDGE_LOOP ( 'NONE', ( #3032, #4701, #2775, #7190 ) ) ;
#7800 = CARTESIAN_POINT ( 'NONE',  ( -0.3303149606299212726, 0.1850393700787401619, 0.01968503937007873988 ) ) ;
#7801 = DIRECTION ( 'NONE',  ( 0.000000000000000000, 1.000000000000000000, 0.000000000000000000 ) ) ;
#7802 = ORIENTED_EDGE ( 'NONE', *, *, #1112, .F. ) ;
#7803 = CARTESIAN_POINT ( 'NONE',  ( -0.5303149606299212282, 0.1574803149606299191, 0.01968503937007873988 ) ) ;
#7804 = DIRECTION ( 'NONE',  ( 0.000000000000000000, 1.000000000000000000, 0.000000000000000000 ) ) ;
#7805 = VERTEX_POINT ( 'NONE', #5481 ) ;
#7806 = VERTEX_POINT ( 'NONE', #1544 ) ;
#7807 = ORIENTED_EDGE ( 'NONE', *, *, #3024, .F. ) ;
#7808 = EDGE_CURVE ( 'NONE', #791, #3374, #2877, .T. ) ;
#7809 = DIMENSIONAL_EXPONENTS ( 1.000000000000000000, 0.000000000000000000, 0.000000000000000000, 0.000000000000000000, 0.000000000000000000, 0.000000000000000000, 0.000000000000000000 ) ;
#7810 = EDGE_CURVE ( 'NONE', #4735, #3233, #72, .T. ) ;
#7811 = DIRECTION ( 'NONE',  ( 0.000000000000000000, 0.000000000000000000, 1.000000000000000000 ) ) ;
#7812 = LINE ( 'NONE', #5311, #5822 ) ;
#7813 = DIRECTION ( 'NONE',  ( 1.000000000000000000, 0.000000000000000000, 0.000000000000000000 ) ) ;
#7814 = DIRECTION ( 'NONE',  ( 0.5773502691896257311, 0.5773502691896257311, -0.5773502691896257311 ) ) ;
#7815 = CARTESIAN_POINT ( 'NONE',  ( -0.4785433070866141336, 0.1574803149606299191, 0.02854330708661417110 ) ) ;
#7816 = VERTEX_POINT ( 'NONE', #2693 ) ;
#7817 = LINE ( 'NONE', #1420, #2975 ) ;
#7818 = DIRECTION ( 'NONE',  ( 0.000000000000000000, -1.000000000000000000, 0.000000000000000000 ) ) ;
#7819 = EDGE_CURVE ( 'NONE', #7078, #4258, #1410, .T. ) ;
#7820 = DIRECTION ( 'NONE',  ( 0.000000000000000000, -1.000000000000000000, 0.000000000000000000 ) ) ;
#7821 = CARTESIAN_POINT ( 'NONE',  ( -0.6795275590551181910, 0.01181102362204724393, 0.02952755905511811330 ) ) ;
#7822 = LINE ( 'NONE', #3, #8174 ) ;
#7823 = EDGE_CURVE ( 'NONE', #2369, #4647, #4190, .T. ) ;
#7824 = DIRECTION ( 'NONE',  ( 0.000000000000000000, 0.000000000000000000, -1.000000000000000000 ) ) ;
#7825 = VERTEX_POINT ( 'NONE', #2194 ) ;
#7826 = ORIENTED_EDGE ( 'NONE', *, *, #3228, .F. ) ;
#7827 = VERTEX_POINT ( 'NONE', #2099 ) ;
#7828 = CARTESIAN_POINT ( 'NONE',  ( -0.7785433070866142335, 0.01181102362204724393, 0.02854330708661417110 ) ) ;
#7829 = DIRECTION ( 'NONE',  ( 0.000000000000000000, 0.000000000000000000, 1.000000000000000000 ) ) ;
#7830 = VERTEX_POINT ( 'NONE', #2226 ) ;
#7831 = VECTOR ( 'NONE', #355, 39.37007874015748143 ) ;
#7832 = ADVANCED_FACE ( 'NONE', ( #3515 ), #1456, .F. ) ;
#7833 = DIRECTION ( 'NONE',  ( 0.000000000000000000, 0.000000000000000000, -1.000000000000000000 ) ) ;
#7834 = VERTEX_POINT ( 'NONE', #5395 ) ;
#7835 = CARTESIAN_POINT ( 'NONE',  ( -0.2657480314960630197, -0.08858267716535432601, -0.01279527559055118092 ) ) ;
#7836 = CARTESIAN_POINT ( 'NONE',  ( -0.3342519685039370136, 0.000000000000000000, 0.000000000000000000 ) ) ;
#7837 = CARTESIAN_POINT ( 'NONE',  ( -0.2657480314960630197, -0.08858267716535432601, -0.004921259842519684971 ) ) ;
#7838 = VERTEX_POINT ( 'NONE', #6799 ) ;
#7839 = ORIENTED_EDGE ( 'NONE', *, *, #6711, .F. ) ;
#7840 = LINE ( 'NONE', #755, #7738 ) ;
#7841 = VERTEX_POINT ( 'NONE', #6760 ) ;
#7842 = PLANE ( 'NONE',  #1994 ) ;
#7843 = VERTEX_POINT ( 'NONE', #2059 ) ;
#7844 = VECTOR ( 'NONE', #6638, 39.37007874015748143 ) ;
#7845 = CARTESIAN_POINT ( 'NONE',  ( -0.2421259842519685179, -0.1181102362204724532, 0.01279527559055118092 ) ) ;
#7846 = DIRECTION ( 'NONE',  ( 0.000000000000000000, 0.000000000000000000, -1.000000000000000000 ) ) ;
#7847 = VERTEX_POINT ( 'NONE', #3338 ) ;
#7848 = ORIENTED_EDGE ( 'NONE', *, *, #3601, .F. ) ;
#7849 = EDGE_LOOP ( 'NONE', ( #4030, #7988, #6819, #5807 ) ) ;
#7850 = VECTOR ( 'NONE', #4251, 39.37007874015748143 ) ;
#7851 = VECTOR ( 'NONE', #3810, 39.37007874015748143 ) ;
#7852 = DIRECTION ( 'NONE',  ( 0.000000000000000000, 1.000000000000000000, 0.000000000000000000 ) ) ;
#7853 = EDGE_CURVE ( 'NONE', #3792, #6538, #7355, .T. ) ;
#7854 = LINE ( 'NONE', #1373, #2844 ) ;
#7855 = DIRECTION ( 'NONE',  ( 0.000000000000000000, 1.000000000000000000, 0.000000000000000000 ) ) ;
#7856 = VECTOR ( 'NONE', #4050, 39.37007874015748143 ) ;
#7857 = VECTOR ( 'NONE', #4972, 39.37007874015748143 ) ;
#7858 = LINE ( 'NONE', #1548, #4867 ) ;
#7859 = VECTOR ( 'NONE', #4668, 39.37007874015748143 ) ;
#7860 = DIRECTION ( 'NONE',  ( 0.000000000000000000, -1.000000000000000000, 0.000000000000000000 ) ) ;
#7861 = EDGE_CURVE ( 'NONE', #7838, #8146, #125, .T. ) ;
#7862 = VERTEX_POINT ( 'NONE', #6291 ) ;
#7863 = ADVANCED_FACE ( 'NONE', ( #7522 ), #4243, .F. ) ;
#7864 = ORIENTED_EDGE ( 'NONE', *, *, #4847, .T. ) ;
#7865 = DIRECTION ( 'NONE',  ( 0.000000000000000000, 0.000000000000000000, -1.000000000000000000 ) ) ;
#7866 = LINE ( 'NONE', #7960, #4873 ) ;
#7867 = VECTOR ( 'NONE', #8098, 39.37007874015748143 ) ;
#7868 = VECTOR ( 'NONE', #5914, 39.37007874015748143 ) ;
#7869 = DIRECTION ( 'NONE',  ( 0.000000000000000000, 0.7071067811865475727, -0.7071067811865475727 ) ) ;
#7870 = CARTESIAN_POINT ( 'NONE',  ( -0.8795275590551180356, 0.000000000000000000, 0.000000000000000000 ) ) ;
#7871 = LINE ( 'NONE', #3943, #6525 ) ;
#7872 = EDGE_CURVE ( 'NONE', #7582, #7392, #1031, .T. ) ;
#7873 = EDGE_CURVE ( 'NONE', #2172, #4587, #5566, .T. ) ;
#7874 = VECTOR ( 'NONE', #7477, 39.37007874015748854 ) ;
#7875 = AXIS2_PLACEMENT_3D ( 'NONE', #1379, #692, #3265 ) ;
#7876 = PLANE ( 'NONE',  #7361 ) ;
#7877 = EDGE_LOOP ( 'NONE', ( #3753, #1542, #5757, #6279 ) ) ;
#7878 = VERTEX_POINT ( 'NONE', #8123 ) ;
#7879 = ORIENTED_EDGE ( 'NONE', *, *, #20, .T. ) ;
#7880 = DIRECTION ( 'NONE',  ( 0.000000000000000000, -1.000000000000000000, 0.000000000000000000 ) ) ;
#7881 = CARTESIAN_POINT ( 'NONE',  ( -0.9696850393700787718, 0.1574803149606299191, -0.01968503937007873988 ) ) ;
#7882 = ORIENTED_EDGE ( 'NONE', *, *, #881, .F. ) ;
#7883 = VECTOR ( 'NONE', #3157, 39.37007874015748143 ) ;
#7884 = AXIS2_PLACEMENT_3D ( 'NONE', #7000, #1105, #8276 ) ;
#7885 = EDGE_CURVE ( 'NONE', #4656, #1397, #5005, .T. ) ;
#7886 = CARTESIAN_POINT ( 'NONE',  ( -0.7814960629921260393, 0.1968503937007874127, -0.03149606299212598381 ) ) ;
#7887 = ORIENTED_EDGE ( 'NONE', *, *, #2501, .F. ) ;
#7888 = DIRECTION ( 'NONE',  ( 0.000000000000000000, -1.000000000000000000, 0.000000000000000000 ) ) ;
#7889 = LINE ( 'NONE', #2041, #5147 ) ;
#7890 = LINE ( 'NONE', #806, #663 ) ;
#7891 = VECTOR ( 'NONE', #6423, 39.37007874015748143 ) ;
#7892 = VERTEX_POINT ( 'NONE', #7605 ) ;
#7893 = AXIS2_PLACEMENT_3D ( 'NONE', #1948, #7162, #3243 ) ;
#7894 = VECTOR ( 'NONE', #3846, 39.37007874015748143 ) ;
#7895 = ORIENTED_EDGE ( 'NONE', *, *, #1030, .F. ) ;
#7896 = PLANE ( 'NONE',  #371 ) ;
#7897 = ORIENTED_EDGE ( 'NONE', *, *, #7080, .F. ) ;
#7898 = LINE ( 'NONE', #2049, #3764 ) ;
#7899 = VECTOR ( 'NONE', #1987, 39.37007874015748143 ) ;
#7900 = ORIENTED_EDGE ( 'NONE', *, *, #7182, .T. ) ;
#7901 = CARTESIAN_POINT ( 'NONE',  ( -0.7785433070866142335, 0.01181102362204724393, -0.02854330708661417110 ) ) ;
#7902 = EDGE_CURVE ( 'NONE', #2140, #7193, #3083, .T. ) ;
#7903 = PRODUCT_RELATED_PRODUCT_CATEGORY ( 'part', '', ( #4683 ) ) ;
#7904 = CARTESIAN_POINT ( 'NONE',  ( -0.2657480314960630197, 0.000000000000000000, 0.000000000000000000 ) ) ;
#7905 = ORIENTED_EDGE ( 'NONE', *, *, #6611, .T. ) ;
#7906 = ORIENTED_EDGE ( 'NONE', *, *, #7614, .T. ) ;
#7907 = VERTEX_POINT ( 'NONE', #4279 ) ;
#7908 = VECTOR ( 'NONE', #1530, 39.37007874015748143 ) ;
#7909 = LINE ( 'NONE', #6075, #3531 ) ;
#7910 = LINE ( 'NONE', #4191, #6134 ) ;
#7911 = DIRECTION ( 'NONE',  ( 0.000000000000000000, 0.000000000000000000, -1.000000000000000000 ) ) ;
#7912 = DIRECTION ( 'NONE',  ( 0.000000000000000000, 0.000000000000000000, -1.000000000000000000 ) ) ;
#7913 = CARTESIAN_POINT ( 'NONE',  ( -0.6696850393700788384, 0.1574803149606299191, -0.01968503937007873988 ) ) ;
#7914 = FACE_OUTER_BOUND ( 'NONE', #5510, .T. ) ;
#7915 = ORIENTED_EDGE ( 'NONE', *, *, #6369, .T. ) ;
#7916 = ORIENTED_EDGE ( 'NONE', *, *, #3553, .F. ) ;
#7917 = DIRECTION ( 'NONE',  ( 0.000000000000000000, 0.000000000000000000, 1.000000000000000000 ) ) ;
#7918 = CARTESIAN_POINT ( 'NONE',  ( -0.9303149606299213614, 0.1574803149606299191, 0.01968503937007873988 ) ) ;
#7919 = CARTESIAN_POINT ( 'NONE',  ( -0.3795275590551180911, 0.1574803149606299191, 0.02952755905511811330 ) ) ;
#7920 = CARTESIAN_POINT ( 'NONE',  ( -0.5303149606299212282, 0.1574803149606299191, -0.01968503937007873988 ) ) ;
#7921 = DIRECTION ( 'NONE',  ( 0.000000000000000000, 0.000000000000000000, -1.000000000000000000 ) ) ;
#7922 = FACE_OUTER_BOUND ( 'NONE', #2223, .T. ) ;
#7923 = VERTEX_POINT ( 'NONE', #2920 ) ;
#7924 = EDGE_LOOP ( 'NONE', ( #6618, #8323, #3023, #8021 ) ) ;
#7925 = EDGE_LOOP ( 'NONE', ( #8412, #1531, #6775, #3279 ) ) ;
#7926 = CARTESIAN_POINT ( 'NONE',  ( -0.5214566929133858109, 0.1574803149606299191, 0.02854330708661417110 ) ) ;
#7927 = FACE_OUTER_BOUND ( 'NONE', #330, .T. ) ;
#7928 = EDGE_LOOP ( 'NONE', ( #7363, #6652, #7373, #963 ) ) ;
#7929 = EDGE_CURVE ( 'NONE', #6142, #5290, #1714, .T. ) ;
#7930 = EDGE_CURVE ( 'NONE', #1635, #4565, #6849, .T. ) ;
#7931 = ADVANCED_FACE ( 'NONE', ( #7486 ), #1759, .T. ) ;
#7932 = DIRECTION ( 'NONE',  ( 0.000000000000000000, 0.000000000000000000, -1.000000000000000000 ) ) ;
#7933 = ORIENTED_EDGE ( 'NONE', *, *, #6957, .F. ) ;
#7934 = CARTESIAN_POINT ( 'NONE',  ( -0.7303149606299212948, 0.1574803149606299191, -0.01968503937007873988 ) ) ;
#7935 = CARTESIAN_POINT ( 'NONE',  ( -0.8342519685039370136, 0.01181102362204724393, 0.01279527559055118092 ) ) ;
#7936 = PLANE ( 'NONE',  #5463 ) ;
#7937 = ORIENTED_EDGE ( 'NONE', *, *, #881, .T. ) ;
#7938 = ORIENTED_EDGE ( 'NONE', *, *, #6984, .T. ) ;
#7939 = DIRECTION ( 'NONE',  ( 0.000000000000000000, 1.000000000000000000, 0.000000000000000000 ) ) ;
#7940 = EDGE_LOOP ( 'NONE', ( #5726, #4542, #1775, #6797 ) ) ;
#7941 = ADVANCED_FACE ( 'NONE', ( #3723 ), #8213, .F. ) ;
#7942 = FACE_OUTER_BOUND ( 'NONE', #7118, .T. ) ;
#7943 = ORIENTED_EDGE ( 'NONE', *, *, #3450, .T. ) ;
#7944 = DIRECTION ( 'NONE',  ( 0.000000000000000000, -1.000000000000000000, 0.000000000000000000 ) ) ;
#7945 = ADVANCED_FACE ( 'NONE', ( #3603 ), #4886, .F. ) ;
#7946 = CARTESIAN_POINT ( 'NONE',  ( -0.9312992125984251857, 0.000000000000000000, 0.000000000000000000 ) ) ;
#7947 = ORIENTED_EDGE ( 'NONE', *, *, #8004, .T. ) ;
#7948 = ORIENTED_EDGE ( 'NONE', *, *, #3554, .F. ) ;
#7949 = ORIENTED_EDGE ( 'NONE', *, *, #685, .F. ) ;
#7950 = CARTESIAN_POINT ( 'NONE',  ( -0.3893700787401574437, 0.000000000000000000, -0.03937007874015747977 ) ) ;
#7951 = CARTESIAN_POINT ( 'NONE',  ( -0.9185039370078740273, 0.1968503937007874127, 0.03149606299212598381 ) ) ;
#7952 = EDGE_CURVE ( 'NONE', #1800, #6027, #4930, .T. ) ;
#7953 = LINE ( 'NONE', #2196, #86 ) ;
#7954 = CARTESIAN_POINT ( 'NONE',  ( -0.7687007874015748810, 0.02165354330708661734, 0.01870078740157480462 ) ) ;
#7955 = PLANE ( 'NONE',  #914 ) ;
#7956 = DIRECTION ( 'NONE',  ( 0.000000000000000000, 0.000000000000000000, -1.000000000000000000 ) ) ;
#7957 = DIRECTION ( 'NONE',  ( 1.000000000000000000, 0.000000000000000000, 0.000000000000000000 ) ) ;
#7958 = ORIENTED_EDGE ( 'NONE', *, *, #349, .F. ) ;
#7959 = FACE_BOUND ( 'NONE', #5793, .T. ) ;
#7960 = CARTESIAN_POINT ( 'NONE',  ( -0.7687007874015748810, 0.02165354330708661734, -0.01870078740157480462 ) ) ;
#7961 = CARTESIAN_POINT ( 'NONE',  ( -0.8795275590551180356, 0.1574803149606299191, -0.02952755905511811330 ) ) ;
#7962 = DIRECTION ( 'NONE',  ( -0.5773502691896257311, 0.5773502691896257311, 0.5773502691896257311 ) ) ;
#7963 = DIRECTION ( 'NONE',  ( 0.000000000000000000, 0.000000000000000000, 1.000000000000000000 ) ) ;
#7964 = CARTESIAN_POINT ( 'NONE',  ( -0.4785433070866141336, 0.01181102362204724393, 0.02854330708661417110 ) ) ;
#7965 = VERTEX_POINT ( 'NONE', #3687 ) ;
#7966 = ORIENTED_EDGE ( 'NONE', *, *, #3076, .F. ) ;
#7967 = LINE ( 'NONE', #5496, #235 ) ;
#7968 = FACE_OUTER_BOUND ( 'NONE', #3178, .T. ) ;
#7969 = DIRECTION ( 'NONE',  ( 0.000000000000000000, -1.000000000000000000, 0.000000000000000000 ) ) ;
#7970 = ORIENTED_EDGE ( 'NONE', *, *, #5829, .T. ) ;
#7971 = CARTESIAN_POINT ( 'NONE',  ( -0.9785433070866141891, 0.1574803149606299191, -0.02854330708661417110 ) ) ;
#7972 = CARTESIAN_POINT ( 'NONE',  ( -0.5106299212598425230, 0.000000000000000000, -0.03937007874015747977 ) ) ;
#7973 = DIRECTION ( 'NONE',  ( 0.000000000000000000, 0.000000000000000000, -1.000000000000000000 ) ) ;
#7974 = EDGE_CURVE ( 'NONE', #3534, #2058, #1673, .T. ) ;
#7975 = EDGE_LOOP ( 'NONE', ( #3991, #1002, #4575, #8419 ) ) ;
#7976 = VERTEX_POINT ( 'NONE', #3044 ) ;
#7977 = EDGE_CURVE ( 'NONE', #5886, #3512, #5647, .T. ) ;
#7978 = LINE ( 'NONE', #4555, #799 ) ;
#7979 = ORIENTED_EDGE ( 'NONE', *, *, #5605, .F. ) ;
#7980 = VECTOR ( 'NONE', #3053, 39.37007874015748143 ) ;
#7981 = CARTESIAN_POINT ( 'NONE',  ( -0.9342519685039371025, 0.01181102362204724393, 0.01279527559055118092 ) ) ;
#7982 = ORIENTED_EDGE ( 'NONE', *, *, #3615, .T. ) ;
#7983 = PLANE ( 'NONE',  #2160 ) ;
#7984 = EDGE_CURVE ( 'NONE', #1064, #5977, #2440, .T. ) ;
#7985 = LINE ( 'NONE', #120, #63 ) ;
#7986 = ORIENTED_EDGE ( 'NONE', *, *, #7993, .F. ) ;
#7987 = ORIENTED_EDGE ( 'NONE', *, *, #8051, .T. ) ;
#7988 = ORIENTED_EDGE ( 'NONE', *, *, #3327, .T. ) ;
#7989 = AXIS2_PLACEMENT_3D ( 'NONE', #4522, #6575, #3877 ) ;
#7990 = ADVANCED_FACE ( 'NONE', ( #4365 ), #6974, .T. ) ;
#7991 = CARTESIAN_POINT ( 'NONE',  ( -0.9185039370078740273, 0.1968503937007874127, -0.03149606299212598381 ) ) ;
#7992 = PLANE ( 'NONE',  #1337 ) ;
#7993 = EDGE_CURVE ( 'NONE', #7414, #6043, #6171, .T. ) ;
#7994 = LINE ( 'NONE', #7357, #5140 ) ;
#7995 = CARTESIAN_POINT ( 'NONE',  ( -0.3696850393700787940, 0.1850393700787401619, 0.01968503937007873988 ) ) ;
#7996 = LINE ( 'NONE', #7265, #5539 ) ;
#7997 = CARTESIAN_POINT ( 'NONE',  ( -0.5214566929133858109, 0.000000000000000000, 0.000000000000000000 ) ) ;
#7998 = VECTOR ( 'NONE', #2808, 39.37007874015748143 ) ;
#7999 = LINE ( 'NONE', #336, #3072 ) ;
#8000 = EDGE_CURVE ( 'NONE', #1429, #4647, #7170, .T. ) ;
#8001 = ORIENTED_EDGE ( 'NONE', *, *, #3299, .T. ) ;
#8002 = FACE_OUTER_BOUND ( 'NONE', #3824, .T. ) ;
#8003 = FACE_BOUND ( 'NONE', #8120, .T. ) ;
#8004 = EDGE_CURVE ( 'NONE', #3862, #1181, #1273, .T. ) ;
#8005 = EDGE_CURVE ( 'NONE', #8224, #3125, #8369, .T. ) ;
#8006 = AXIS2_PLACEMENT_3D ( 'NONE', #1700, #3751, #7161 ) ;
#8007 = VECTOR ( 'NONE', #7016, 39.37007874015748143 ) ;
#8008 = CARTESIAN_POINT ( 'NONE',  ( -0.8312992125984252079, 0.1574803149606299191, 0.01870078740157480462 ) ) ;
#8009 = FACE_OUTER_BOUND ( 'NONE', #3361, .T. ) ;
#8010 = DIRECTION ( 'NONE',  ( 1.000000000000000000, 0.000000000000000000, 0.000000000000000000 ) ) ;
#8011 = CARTESIAN_POINT ( 'NONE',  ( -0.7785433070866142335, 0.1574803149606299191, 0.02854330708661417110 ) ) ;
#8012 = ORIENTED_EDGE ( 'NONE', *, *, #4470, .F. ) ;
#8013 = ORIENTED_EDGE ( 'NONE', *, *, #4236, .F. ) ;
#8014 = DIRECTION ( 'NONE',  ( 0.000000000000000000, 0.000000000000000000, -1.000000000000000000 ) ) ;
#8016 = LINE ( 'NONE', #5462, #4036 ) ;
#8015 = AXIS2_PLACEMENT_3D ( 'NONE', #1525, #5878, #236 ) ;
#8017 = AXIS2_PLACEMENT_3D ( 'NONE', #7445, #4813, #3576 ) ;
#8018 = CARTESIAN_POINT ( 'NONE',  ( -0.8795275590551180356, 0.01181102362204724393, -0.02952755905511811330 ) ) ;
#8019 = AXIS2_PLACEMENT_3D ( 'NONE', #3122, #5727, #8327 ) ;
#8020 = VECTOR ( 'NONE', #2754, 39.37007874015748143 ) ;
#8021 = ORIENTED_EDGE ( 'NONE', *, *, #8390, .F. ) ;
#8022 = LINE ( 'NONE', #6603, #2114 ) ;
#8023 = CARTESIAN_POINT ( 'NONE',  ( -0.7795275590551181688, 0.1574803149606299191, 0.02952755905511811330 ) ) ;
#8024 = PLANE ( 'NONE',  #7495 ) ;
#8025 = VERTEX_POINT ( 'NONE', #7089 ) ;
#8026 = ORIENTED_EDGE ( 'NONE', *, *, #4576, .F. ) ;
#8027 = CARTESIAN_POINT ( 'NONE',  ( -0.5303149606299212282, 0.1850393700787401619, 0.01968503937007873988 ) ) ;
#8028 = EDGE_LOOP ( 'NONE', ( #2081, #7468, #2817, #3600 ) ) ;
#8029 = AXIS2_PLACEMENT_3D ( 'NONE', #7464, #6831, #976 ) ;
#8030 = AXIS2_PLACEMENT_3D ( 'NONE', #7798, #3712, #6401 ) ;
#8031 = LINE ( 'NONE', #815, #5269 ) ;
#8032 = ORIENTED_EDGE ( 'NONE', *, *, #4644, .T. ) ;
#8033 = FACE_OUTER_BOUND ( 'NONE', #4000, .T. ) ;
#8034 = ADVANCED_FACE ( 'NONE', ( #3842 ), #3881, .F. ) ;
#8035 = VECTOR ( 'NONE', #5041, 39.37007874015748854 ) ;
#8036 = VECTOR ( 'NONE', #2331, 39.37007874015748143 ) ;
#8037 = LINE ( 'NONE', #2256, #4300 ) ;
#8038 = VERTEX_POINT ( 'NONE', #3203 ) ;
#8039 = ORIENTED_EDGE ( 'NONE', *, *, #4724, .T. ) ;
#8040 = ORIENTED_EDGE ( 'NONE', *, *, #5625, .F. ) ;
#8041 = VECTOR ( 'NONE', #6626, 39.37007874015748143 ) ;
#8042 = VECTOR ( 'NONE', #1314, 39.37007874015748143 ) ;
#8043 = AXIS2_PLACEMENT_3D ( 'NONE', #5198, #4997, #6321 ) ;
#8044 = EDGE_CURVE ( 'NONE', #6999, #3384, #2512, .T. ) ;
#8045 = ADVANCED_FACE ( 'NONE', ( #589 ), #5809, .F. ) ;
#8046 = CARTESIAN_POINT ( 'NONE',  ( -0.9657480314960630308, 0.01181102362204724393, 0.01279527559055118092 ) ) ;
#8047 = DIRECTION ( 'NONE',  ( 0.000000000000000000, -1.000000000000000000, 0.000000000000000000 ) ) ;
#8048 = EDGE_CURVE ( 'NONE', #1439, #4927, #1876, .T. ) ;
#8049 = CARTESIAN_POINT ( 'NONE',  ( -0.4214566929133858331, 0.1574803149606299191, 0.02854330708661417110 ) ) ;
#8050 = PLANE ( 'NONE',  #260 ) ;
#8051 = EDGE_CURVE ( 'NONE', #8301, #7500, #686, .T. ) ;
#8052 = CARTESIAN_POINT ( 'NONE',  ( -0.6893700787401575436, 0.000000000000000000, -0.03937007874015747977 ) ) ;
#8053 = PLANE ( 'NONE',  #6269 ) ;
#8054 = VECTOR ( 'NONE', #4688, 39.37007874015748143 ) ;
#8055 = CARTESIAN_POINT ( 'NONE',  ( -0.7106299212598425896, 0.000000000000000000, -0.03937007874015747977 ) ) ;
#8056 = ORIENTED_EDGE ( 'NONE', *, *, #5528, .T. ) ;
#8057 = LINE ( 'NONE', #2710, #4618 ) ;
#8058 = DIRECTION ( 'NONE',  ( 1.000000000000000000, 0.000000000000000000, 0.000000000000000000 ) ) ;
#8059 = DIRECTION ( 'NONE',  ( 0.000000000000000000, -1.000000000000000000, 0.000000000000000000 ) ) ;
#8060 = PLANE ( 'NONE',  #3004 ) ;
#8061 = VERTEX_POINT ( 'NONE', #4567 ) ;
#8062 = EDGE_CURVE ( 'NONE', #1935, #5772, #7772, .T. ) ;
#8063 = FACE_OUTER_BOUND ( 'NONE', #7677, .T. ) ;
#8064 = DIRECTION ( 'NONE',  ( 0.000000000000000000, 0.000000000000000000, 1.000000000000000000 ) ) ;
#8065 = DIRECTION ( 'NONE',  ( -0.000000000000000000, 1.000000000000000000, 0.000000000000000000 ) ) ;
#8066 = ORIENTED_EDGE ( 'NONE', *, *, #994, .T. ) ;
#8067 = FACE_OUTER_BOUND ( 'NONE', #6074, .T. ) ;
#8068 = EDGE_CURVE ( 'NONE', #5231, #6785, #1323, .T. ) ;
#8069 = LINE ( 'NONE', #5620, #6802 ) ;
#8070 = DIRECTION ( 'NONE',  ( 0.000000000000000000, 0.000000000000000000, -1.000000000000000000 ) ) ;
#8071 = ORIENTED_EDGE ( 'NONE', *, *, #6805, .F. ) ;
#8072 = VERTEX_POINT ( 'NONE', #6370 ) ;
#8073 = CARTESIAN_POINT ( 'NONE',  ( -0.2696850393700787607, 0.000000000000000000, 0.000000000000000000 ) ) ;
#8074 = ORIENTED_EDGE ( 'NONE', *, *, #2053, .F. ) ;
#8075 = PLANE ( 'NONE',  #8153 ) ;
#8076 = CARTESIAN_POINT ( 'NONE',  ( -0.3785433070866142113, 0.000000000000000000, 0.000000000000000000 ) ) ;
#8077 = ORIENTED_EDGE ( 'NONE', *, *, #2321, .F. ) ;
#8078 = ORIENTED_EDGE ( 'NONE', *, *, #149, .T. ) ;
#8079 = VERTEX_POINT ( 'NONE', #6490 ) ;
#8080 = CARTESIAN_POINT ( 'NONE',  ( -0.9204724409448820088, 0.1574803149606299191, 0.02952755905511811330 ) ) ;
#8081 = CARTESIAN_POINT ( 'NONE',  ( -0.1901575223667417436, 0.1535433058546283314, 0.04921259842519685318 ) ) ;
#8082 = CARTESIAN_POINT ( 'NONE',  ( -0.2657480314960630197, 0.01181102362204724393, 0.01279527559055118092 ) ) ;
#8083 = DIRECTION ( 'NONE',  ( 0.000000000000000000, -1.000000000000000000, 0.000000000000000000 ) ) ;
#8084 = DIRECTION ( 'NONE',  ( 0.9662349396012511749, -0.2576626505603140105, 0.000000000000000000 ) ) ;
#8085 = LINE ( 'NONE', #7360, #6946 ) ;
#8086 = FACE_OUTER_BOUND ( 'NONE', #6013, .T. ) ;
#8087 = ORIENTED_EDGE ( 'NONE', *, *, #4118, .T. ) ;
#8088 = ORIENTED_EDGE ( 'NONE', *, *, #4005, .F. ) ;
#8089 = EDGE_CURVE ( 'NONE', #3625, #2456, #7009, .T. ) ;
#8090 = ADVANCED_FACE ( 'NONE', ( #3161 ), #5859, .F. ) ;
#8091 = CARTESIAN_POINT ( 'NONE',  ( -0.5795275590551181022, 0.01181102362204724393, 0.02952755905511811330 ) ) ;
#8092 = DIRECTION ( 'NONE',  ( 0.000000000000000000, 0.000000000000000000, -1.000000000000000000 ) ) ;
#8093 = CARTESIAN_POINT ( 'NONE',  ( -0.2106299212598425064, 0.01181102362204724393, -0.03937007874015747977 ) ) ;
#8094 = VERTEX_POINT ( 'NONE', #7045 ) ;
#8095 = EDGE_CURVE ( 'NONE', #6785, #4033, #8331, .T. ) ;
#8096 = CARTESIAN_POINT ( 'NONE',  ( -0.3303149606299212726, 0.1574803149606299191, 0.01968503937007873988 ) ) ;
#8097 = CARTESIAN_POINT ( 'NONE',  ( -0.4342519685039369914, 0.000000000000000000, 0.000000000000000000 ) ) ;
#8098 = DIRECTION ( 'NONE',  ( 0.000000000000000000, -1.000000000000000000, 0.000000000000000000 ) ) ;
#8099 = ADVANCED_FACE ( 'NONE', ( #32 ), #5897, .F. ) ;
#8100 = ORIENTED_EDGE ( 'NONE', *, *, #6730, .T. ) ;
#8101 = CARTESIAN_POINT ( 'NONE',  ( -0.1901575223667417436, 0.01181102362204724393, 0.03937007874015747977 ) ) ;
#8102 = DIRECTION ( 'NONE',  ( -1.000000000000000000, 0.000000000000000000, 0.000000000000000000 ) ) ;
#8103 = LINE ( 'NONE', #2249, #4225 ) ;
#8104 = EDGE_LOOP ( 'NONE', ( #777, #8383, #4559, #1934 ) ) ;
#8105 = ORIENTED_EDGE ( 'NONE', *, *, #197, .T. ) ;
#8106 = EDGE_CURVE ( 'NONE', #6989, #5488, #5085, .T. ) ;
#8107 = LINE ( 'NONE', #1057, #4451 ) ;
#8108 = ORIENTED_EDGE ( 'NONE', *, *, #7596, .F. ) ;
#8109 = CARTESIAN_POINT ( 'NONE',  ( -0.7814960629921260393, 0.1968503937007874127, 0.03149606299212598381 ) ) ;
#8110 = VECTOR ( 'NONE', #2757, 39.37007874015748143 ) ;
#8111 = CARTESIAN_POINT ( 'NONE',  ( -0.6106299212598425008, 0.000000000000000000, 0.03937007874015747977 ) ) ;
#8112 = EDGE_LOOP ( 'NONE', ( #244, #2419, #5912, #5608 ) ) ;
#8113 = ORIENTED_EDGE ( 'NONE', *, *, #7208, .F. ) ;
#8114 = CARTESIAN_POINT ( 'NONE',  ( -0.3204724409448818645, 0.01181102362204724393, -0.02952755905511811330 ) ) ;
#8115 = DIRECTION ( 'NONE',  ( 1.000000000000000000, 0.000000000000000000, 0.000000000000000000 ) ) ;
#8116 = DIRECTION ( 'NONE',  ( 0.000000000000000000, 0.000000000000000000, -1.000000000000000000 ) ) ;
#8117 = DIRECTION ( 'NONE',  ( 0.000000000000000000, 1.000000000000000000, 0.000000000000000000 ) ) ;
#8118 = DIRECTION ( 'NONE',  ( 0.000000000000000000, 0.000000000000000000, -1.000000000000000000 ) ) ;
#8119 = CARTESIAN_POINT ( 'NONE',  ( -0.2893700787401574659, 0.000000000000000000, -0.03937007874015747977 ) ) ;
#8120 = EDGE_LOOP ( 'NONE', ( #6702, #4662, #4654, #2254 ) ) ;
#8121 = ORIENTED_EDGE ( 'NONE', *, *, #3793, .T. ) ;
#8122 = VECTOR ( 'NONE', #8285, 39.37007874015748143 ) ;
#8123 = CARTESIAN_POINT ( 'NONE',  ( -0.5342519685039370803, 0.01181102362204724393, -0.01279527559055118092 ) ) ;
#8124 = DIRECTION ( 'NONE',  ( 0.000000000000000000, 0.000000000000000000, 1.000000000000000000 ) ) ;
#8125 = ADVANCED_FACE ( 'NONE', ( #7679 ), #1833, .T. ) ;
#8126 = VECTOR ( 'NONE', #2794, 39.37007874015748143 ) ;
#8127 = PLANE ( 'NONE',  #7029 ) ;
#8128 = DIRECTION ( 'NONE',  ( -0.000000000000000000, 1.000000000000000000, 0.000000000000000000 ) ) ;
#8129 = ADVANCED_FACE ( 'NONE', ( #4798, #7262, #3973, #7221, #2790, #7395, #6623, #2747, #4704, #4012, #263, #3388, #3339, #4152, #1371, #5396 ), #1545, .F. ) ;
#8130 = ORIENTED_EDGE ( 'NONE', *, *, #3038, .F. ) ;
#8131 = LINE ( 'NONE', #1523, #5818 ) ;
#8132 = CARTESIAN_POINT ( 'NONE',  ( -0.7657480314960629642, 0.01181102362204724393, 0.004921259842519684971 ) ) ;
#8133 = VECTOR ( 'NONE', #6766, 39.37007874015748143 ) ;
#8134 = VECTOR ( 'NONE', #6834, 39.37007874015748143 ) ;
#8135 = AXIS2_PLACEMENT_3D ( 'NONE', #3933, #1277, #2515 ) ;
#8136 = EDGE_CURVE ( 'NONE', #3828, #1129, #2195, .T. ) ;
#8137 = EDGE_CURVE ( 'NONE', #3221, #7838, #866, .T. ) ;
#8138 = ORIENTED_EDGE ( 'NONE', *, *, #4390, .F. ) ;
#8139 = DIRECTION ( 'NONE',  ( 0.000000000000000000, 1.000000000000000000, 0.000000000000000000 ) ) ;
#8140 = CARTESIAN_POINT ( 'NONE',  ( -0.1901575223667417436, 0.01181102362204724393, -0.01968503937007873988 ) ) ;
#8141 = PRESENTATION_LAYER_ASSIGNMENT (  '', '', ( #4597 ) ) ;
#8142 = VECTOR ( 'NONE', #2364, 39.37007874015748143 ) ;
#8143 = DIRECTION ( 'NONE',  ( 0.000000000000000000, 0.000000000000000000, -1.000000000000000000 ) ) ;
#8144 = AXIS2_PLACEMENT_3D ( 'NONE', #2198, #7224, #6545 ) ;
#8145 = ORIENTED_EDGE ( 'NONE', *, *, #4434, .F. ) ;
#8146 = VERTEX_POINT ( 'NONE', #7951 ) ;
#8147 = EDGE_CURVE ( 'NONE', #2937, #8180, #1506, .T. ) ;
#8148 = VECTOR ( 'NONE', #7091, 39.37007874015748143 ) ;
#8149 = VECTOR ( 'NONE', #2449, 39.37007874015748854 ) ;
#8150 = CARTESIAN_POINT ( 'NONE',  ( -0.7204724409448819422, 0.01181102362204724393, -0.02952755905511811330 ) ) ;
#8151 = ORIENTED_EDGE ( 'NONE', *, *, #3299, .F. ) ;
#8152 = CARTESIAN_POINT ( 'NONE',  ( -0.5696850393700787496, 0.1850393700787401619, -0.01968503937007873988 ) ) ;
#8153 = AXIS2_PLACEMENT_3D ( 'NONE', #6665, #2221, #7423 ) ;
#8154 = VECTOR ( 'NONE', #5266, 39.37007874015748143 ) ;
#8155 = DIRECTION ( 'NONE',  ( 0.000000000000000000, -1.000000000000000000, 0.000000000000000000 ) ) ;
#8156 = ORIENTED_EDGE ( 'NONE', *, *, #115, .F. ) ;
#8157 = DIRECTION ( 'NONE',  ( 0.000000000000000000, 0.000000000000000000, -1.000000000000000000 ) ) ;
#8158 = ADVANCED_FACE ( 'NONE', ( #7304 ), #1457, .T. ) ;
#8159 = ORIENTED_EDGE ( 'NONE', *, *, #4645, .F. ) ;
#8160 = CARTESIAN_POINT ( 'NONE',  ( -0.4696850393700787163, 0.1850393700787401619, -0.01968503937007873988 ) ) ;
#8161 = AXIS2_PLACEMENT_3D ( 'NONE', #342, #8124, #2276 ) ;
#8162 = DIRECTION ( 'NONE',  ( -1.000000000000000000, 0.000000000000000000, 0.000000000000000000 ) ) ;
#8163 = AXIS2_PLACEMENT_3D ( 'NONE', #1956, #3129, #8458 ) ;
#8164 = AXIS2_PLACEMENT_3D ( 'NONE', #2464, #3749, #1905 ) ;
#8165 = ORIENTED_EDGE ( 'NONE', *, *, #3945, .F. ) ;
#8166 = LINE ( 'NONE', #1072, #3526 ) ;
#8167 = CARTESIAN_POINT ( 'NONE',  ( -0.5214566929133858109, 0.01181102362204724393, -0.02854330708661417110 ) ) ;
#8168 = ADVANCED_FACE ( 'NONE', ( #4062 ), #6677, .F. ) ;
#8169 = CARTESIAN_POINT ( 'NONE',  ( -0.9687007874015747255, 0.02165354330708661734, 0.01870078740157480462 ) ) ;
#8170 = DIRECTION ( 'NONE',  ( 1.000000000000000000, 0.000000000000000000, 0.000000000000000000 ) ) ;
#8171 = ORIENTED_EDGE ( 'NONE', *, *, #1672, .F. ) ;
#8172 = ORIENTED_EDGE ( 'NONE', *, *, #660, .F. ) ;
#8173 = VECTOR ( 'NONE', #6544, 39.37007874015748143 ) ;
#8174 = VECTOR ( 'NONE', #6639, 39.37007874015748143 ) ;
#8175 = CARTESIAN_POINT ( 'NONE',  ( -0.9687007874015747255, 0.1574803149606299191, 0.01870078740157480462 ) ) ;
#8176 = FACE_OUTER_BOUND ( 'NONE', #2583, .T. ) ;
#8177 = VECTOR ( 'NONE', #8284, 39.37007874015748143 ) ;
#8178 = LINE ( 'NONE', #6173, #1980 ) ;
#8179 = DIRECTION ( 'NONE',  ( 0.000000000000000000, 0.000000000000000000, -1.000000000000000000 ) ) ;
#8180 = VERTEX_POINT ( 'NONE', #5482 ) ;
#8181 = CARTESIAN_POINT ( 'NONE',  ( -0.5185039370078740051, 0.1968503937007874127, -0.03149606299212598381 ) ) ;
#8182 = LINE ( 'NONE', #1561, #3086 ) ;
#8183 = AXIS2_PLACEMENT_3D ( 'NONE', #840, #2073, #7187 ) ;
#8184 = ORIENTED_EDGE ( 'NONE', *, *, #4766, .T. ) ;
#8185 = LINE ( 'NONE', #4938, #2655 ) ;
#8186 = CARTESIAN_POINT ( 'NONE',  ( -0.4312992125984251857, 0.1574803149606299191, 0.01870078740157480462 ) ) ;
#8187 = LINE ( 'NONE', #7534, #124 ) ;
#8188 = ORIENTED_EDGE ( 'NONE', *, *, #3706, .T. ) ;
#8189 = ORIENTED_EDGE ( 'NONE', *, *, #4091, .F. ) ;
#8190 = EDGE_CURVE ( 'NONE', #7300, #200, #6037, .T. ) ;
#8191 = EDGE_CURVE ( 'NONE', #3828, #485, #5310, .T. ) ;
#8192 = VERTEX_POINT ( 'NONE', #6579 ) ;
#8193 = ADVANCED_FACE ( 'NONE', ( #5440 ), #7992, .T. ) ;
#8194 = CARTESIAN_POINT ( 'NONE',  ( -0.8657480314960629419, 0.01181102362204724393, 0.01279527559055118092 ) ) ;
#8195 = ORIENTED_EDGE ( 'NONE', *, *, #8310, .F. ) ;
#8196 = CARTESIAN_POINT ( 'NONE',  ( -0.8657480314960629419, -0.08858267716535432601, 0.01279527559055118092 ) ) ;
#8197 = PLANE ( 'NONE',  #7302 ) ;
#8198 = VERTEX_POINT ( 'NONE', #4664 ) ;
#8199 = CARTESIAN_POINT ( 'NONE',  ( -0.2342519685039370358, 0.01181102362204724393, -0.01279527559055118092 ) ) ;
#8200 = EDGE_CURVE ( 'NONE', #4984, #4652, #4112, .T. ) ;
#8201 = VERTEX_POINT ( 'NONE', #6076 ) ;
#8202 = CARTESIAN_POINT ( 'NONE',  ( -0.7214566929133858775, 0.01181102362204724393, 0.02854330708661417110 ) ) ;
#8203 = PLANE ( 'NONE',  #2294 ) ;
#8204 = ORIENTED_EDGE ( 'NONE', *, *, #6892, .T. ) ;
#8205 = DIRECTION ( 'NONE',  ( 0.000000000000000000, 0.000000000000000000, -1.000000000000000000 ) ) ;
#8206 = DIRECTION ( 'NONE',  ( 0.000000000000000000, 0.000000000000000000, -1.000000000000000000 ) ) ;
#8207 = EDGE_CURVE ( 'NONE', #2499, #3721, #5939, .T. ) ;
#8208 = DIRECTION ( 'NONE',  ( 0.000000000000000000, 0.000000000000000000, 1.000000000000000000 ) ) ;
#8209 = DIRECTION ( 'NONE',  ( -1.000000000000000000, 0.000000000000000000, 0.000000000000000000 ) ) ;
#8210 = ORIENTED_EDGE ( 'NONE', *, *, #6181, .F. ) ;
#8211 = EDGE_LOOP ( 'NONE', ( #3015, #5180, #4680, #7157 ) ) ;
#8212 = EDGE_CURVE ( 'NONE', #8286, #3918, #7910, .T. ) ;
#8213 = PLANE ( 'NONE',  #6524 ) ;
#8214 = CARTESIAN_POINT ( 'NONE',  ( -0.2795275590551181133, 0.01181102362204724393, 0.02952755905511811330 ) ) ;
#8215 = LINE ( 'NONE', #8254, #4860 ) ;
#8216 = LINE ( 'NONE', #6818, #4481 ) ;
#8217 = ORIENTED_EDGE ( 'NONE', *, *, #2137, .T. ) ;
#8218 = CARTESIAN_POINT ( 'NONE',  ( -0.9303149606299213614, 0.1850393700787401619, -0.01968503937007873988 ) ) ;
#8219 = CARTESIAN_POINT ( 'NONE',  ( -0.8204724409448819200, 0.01181102362204724393, 0.02952755905511811330 ) ) ;
#8220 = EDGE_LOOP ( 'NONE', ( #2762, #154, #6706, #5586 ) ) ;
#8221 = LINE ( 'NONE', #2366, #2376 ) ;
#8222 = LINE ( 'NONE', #6949, #1613 ) ;
#8223 = DIRECTION ( 'NONE',  ( 0.000000000000000000, 1.000000000000000000, 0.000000000000000000 ) ) ;
#8224 = VERTEX_POINT ( 'NONE', #1662 ) ;
#8225 = CARTESIAN_POINT ( 'NONE',  ( -0.5785433070866141669, 0.1574803149606299191, -0.02854330708661417110 ) ) ;
#8226 = ORIENTED_EDGE ( 'NONE', *, *, #7810, .T. ) ;
#8227 = ORIENTED_EDGE ( 'NONE', *, *, #8000, .F. ) ;
#8228 = EDGE_CURVE ( 'NONE', #4289, #3189, #4306, .T. ) ;
#8229 = LINE ( 'NONE', #2253, #7588 ) ;
#8230 = ORIENTED_EDGE ( 'NONE', *, *, #5342, .T. ) ;
#8231 = FACE_OUTER_BOUND ( 'NONE', #1598, .T. ) ;
#8232 = ADVANCED_FACE ( 'NONE', ( #2383 ), #6876, .T. ) ;
#8233 = EDGE_CURVE ( 'NONE', #3007, #3434, #4235, .T. ) ;
#8234 = ADVANCED_FACE ( 'NONE', ( #1748 ), #8203, .F. ) ;
#8235 = CARTESIAN_POINT ( 'NONE',  ( -1.009842519685039353, 0.1968503937007874127, -0.04921259842519685318 ) ) ;
#8236 = ORIENTED_EDGE ( 'NONE', *, *, #166, .F. ) ;
#8237 = DIRECTION ( 'NONE',  ( 0.000000000000000000, 0.000000000000000000, 1.000000000000000000 ) ) ;
#8238 = ORIENTED_EDGE ( 'NONE', *, *, #2164, .F. ) ;
#8239 = EDGE_CURVE ( 'NONE', #6159, #2014, #5638, .T. ) ;
#8240 = DIRECTION ( 'NONE',  ( 1.000000000000000000, 0.000000000000000000, 0.000000000000000000 ) ) ;
#8241 = DIRECTION ( 'NONE',  ( 0.000000000000000000, 0.000000000000000000, -1.000000000000000000 ) ) ;
#8242 = ORIENTED_EDGE ( 'NONE', *, *, #5264, .T. ) ;
#8243 = DIRECTION ( 'NONE',  ( 1.000000000000000000, 0.000000000000000000, 0.000000000000000000 ) ) ;
#8244 = ADVANCED_FACE ( 'NONE', ( #6236 ), #3071, .T. ) ;
#8245 = LINE ( 'NONE', #3958, #8177 ) ;
#8246 = CARTESIAN_POINT ( 'NONE',  ( -0.6657480314960630974, 0.01181102362204724393, 0.01279527559055118092 ) ) ;
#8247 = ORIENTED_EDGE ( 'NONE', *, *, #7657, .F. ) ;
#8248 = ORIENTED_EDGE ( 'NONE', *, *, #5831, .F. ) ;
#8249 = EDGE_CURVE ( 'NONE', #7576, #278, #1109, .T. ) ;
#8250 = VECTOR ( 'NONE', #2123, 39.37007874015748143 ) ;
#8251 = DIRECTION ( 'NONE',  ( 0.000000000000000000, -1.000000000000000000, 0.000000000000000000 ) ) ;
#8252 = PLANE ( 'NONE',  #76 ) ;
#8253 = DIRECTION ( 'NONE',  ( -1.000000000000000000, 0.000000000000000000, 0.000000000000000000 ) ) ;
#8254 = CARTESIAN_POINT ( 'NONE',  ( -0.3342519685039370136, -0.08858267716535432601, 0.004921259842519684971 ) ) ;
#8255 = EDGE_CURVE ( 'NONE', #7976, #3833, #3716, .T. ) ;
#8256 = DIRECTION ( 'NONE',  ( -1.000000000000000000, 0.000000000000000000, 0.000000000000000000 ) ) ;
#8257 = EDGE_LOOP ( 'NONE', ( #186, #178, #1144, #8074 ) ) ;
#8258 = CARTESIAN_POINT ( 'NONE',  ( -0.9893700787401574770, 0.000000000000000000, 0.03937007874015747977 ) ) ;
#8259 = DIRECTION ( 'NONE',  ( 1.000000000000000000, 0.000000000000000000, 0.000000000000000000 ) ) ;
#8260 = AXIS2_PLACEMENT_3D ( 'NONE', #7904, #5764, #7804 ) ;
#8261 = EDGE_LOOP ( 'NONE', ( #1603, #655, #1652, #1708 ) ) ;
#8262 = LINE ( 'NONE', #3016, #3487 ) ;
#8263 = LINE ( 'NONE', #8309, #7346 ) ;
#8264 = EDGE_CURVE ( 'NONE', #1444, #6231, #6194, .T. ) ;
#8265 = DIRECTION ( 'NONE',  ( 0.000000000000000000, 0.000000000000000000, 1.000000000000000000 ) ) ;
#8266 = ORIENTED_EDGE ( 'NONE', *, *, #6002, .F. ) ;
#8267 = DIRECTION ( 'NONE',  ( -0.000000000000000000, 1.000000000000000000, 0.000000000000000000 ) ) ;
#8268 = EDGE_LOOP ( 'NONE', ( #6033, #483, #8349, #5113 ) ) ;
#8269 = AXIS2_PLACEMENT_3D ( 'NONE', #4531, #3087, #5691 ) ;
#8270 = ORIENTED_EDGE ( 'NONE', *, *, #5639, .T. ) ;
#8271 = VECTOR ( 'NONE', #6040, 39.37007874015748143 ) ;
#8272 = AXIS2_PLACEMENT_3D ( 'NONE', #7137, #6549, #2574 ) ;
#8273 = ORIENTED_EDGE ( 'NONE', *, *, #7601, .T. ) ;
#8274 = CARTESIAN_POINT ( 'NONE',  ( -0.3381889763779527547, -0.1033464566929133965, 0.000000000000000000 ) ) ;
#8275 = EDGE_LOOP ( 'NONE', ( #2733, #5933, #1690, #2851 ) ) ;
#8276 = DIRECTION ( 'NONE',  ( 1.000000000000000000, 0.000000000000000000, 0.000000000000000000 ) ) ;
#8277 = EDGE_LOOP ( 'NONE', ( #912, #6780, #6619, #2470 ) ) ;
#8278 = VECTOR ( 'NONE', #7630, 39.37007874015748143 ) ;
#8279 = AXIS2_PLACEMENT_3D ( 'NONE', #6943, #3050, #397 ) ;
#8280 = DIRECTION ( 'NONE',  ( 1.000000000000000000, 0.000000000000000000, 0.000000000000000000 ) ) ;
#8281 = ORIENTED_EDGE ( 'NONE', *, *, #8062, .T. ) ;
#8282 = DIRECTION ( 'NONE',  ( 1.000000000000000000, 0.000000000000000000, 0.000000000000000000 ) ) ;
#8283 = VECTOR ( 'NONE', #3837, 39.37007874015748143 ) ;
#8284 = DIRECTION ( 'NONE',  ( 1.000000000000000000, 0.000000000000000000, 0.000000000000000000 ) ) ;
#8285 = DIRECTION ( 'NONE',  ( 0.000000000000000000, 1.000000000000000000, 0.000000000000000000 ) ) ;
#8286 = VERTEX_POINT ( 'NONE', #4833 ) ;
#8287 = ORIENTED_EDGE ( 'NONE', *, *, #4229, .T. ) ;
#8288 = EDGE_CURVE ( 'NONE', #3095, #6596, #7547, .T. ) ;
#8289 = EDGE_CURVE ( 'NONE', #6785, #6965, #6800, .T. ) ;
#8290 = VECTOR ( 'NONE', #5354, 39.37007874015748143 ) ;
#8291 = VECTOR ( 'NONE', #3957, 39.37007874015748143 ) ;
#8292 = ADVANCED_FACE ( 'NONE', ( #984 ), #6162, .F. ) ;
#8293 = DIRECTION ( 'NONE',  ( 0.000000000000000000, 1.000000000000000000, 0.000000000000000000 ) ) ;
#8294 = CARTESIAN_POINT ( 'NONE',  ( -0.3687007874015748032, 0.1574803149606299191, 0.01870078740157480462 ) ) ;
#8295 = DIRECTION ( 'NONE',  ( -1.000000000000000000, 0.000000000000000000, 0.000000000000000000 ) ) ;
#8296 = CARTESIAN_POINT ( 'NONE',  ( -0.5204724409448819866, 0.01181102362204724393, -0.02952755905511811330 ) ) ;
#8297 = DIRECTION ( 'NONE',  ( 0.000000000000000000, -1.000000000000000000, 0.000000000000000000 ) ) ;
#8298 = AXIS2_PLACEMENT_3D ( 'NONE', #3982, #734, #694 ) ;
#8299 = VECTOR ( 'NONE', #5685, 39.37007874015748143 ) ;
#8300 = VECTOR ( 'NONE', #1844, 39.37007874015748143 ) ;
#8301 = VERTEX_POINT ( 'NONE', #1068 ) ;
#8302 = LINE ( 'NONE', #3769, #4607 ) ;
#8303 = FACE_OUTER_BOUND ( 'NONE', #2013, .T. ) ;
#8304 = AXIS2_PLACEMENT_3D ( 'NONE', #128, #7912, #1508 ) ;
#8305 = VECTOR ( 'NONE', #2651, 39.37007874015748143 ) ;
#8306 = CARTESIAN_POINT ( 'NONE',  ( -0.3578740157480315154, -0.1181102362204724532, -0.01279527559055118092 ) ) ;
#8307 = ORIENTED_EDGE ( 'NONE', *, *, #1803, .F. ) ;
#8308 = CARTESIAN_POINT ( 'NONE',  ( -0.7893700787401574104, 0.000000000000000000, -0.03937007874015747977 ) ) ;
#8309 = CARTESIAN_POINT ( 'NONE',  ( -0.3687007874015748032, 0.02165354330708661734, 0.01870078740157480462 ) ) ;
#8310 = EDGE_CURVE ( 'NONE', #3201, #1635, #4919, .T. ) ;
#8311 = DIRECTION ( 'NONE',  ( 0.000000000000000000, 0.000000000000000000, 1.000000000000000000 ) ) ;
#8312 = VERTEX_POINT ( 'NONE', #2263 ) ;
#8313 = PLANE ( 'NONE',  #4730 ) ;
#8314 = ORIENTED_EDGE ( 'NONE', *, *, #7552, .T. ) ;
#8315 = AXIS2_PLACEMENT_3D ( 'NONE', #531, #3735, #7741 ) ;
#8316 = VERTEX_POINT ( 'NONE', #2951 ) ;
#8317 = ADVANCED_FACE ( 'NONE', ( #3594 ), #7473, .T. ) ;
#8318 = ORIENTED_EDGE ( 'NONE', *, *, #5829, .F. ) ;
#8319 = LINE ( 'NONE', #492, #4331 ) ;
#8320 = DIRECTION ( 'NONE',  ( 0.000000000000000000, 0.000000000000000000, -1.000000000000000000 ) ) ;
#8321 = ORIENTED_EDGE ( 'NONE', *, *, #7885, .T. ) ;
#8322 = DIRECTION ( 'NONE',  ( 1.000000000000000000, 0.000000000000000000, 0.000000000000000000 ) ) ;
#8323 = ORIENTED_EDGE ( 'NONE', *, *, #5052, .T. ) ;
#8324 = CARTESIAN_POINT ( 'NONE',  ( -0.8185039370078740495, 0.1968503937007874127, -0.03149606299212598381 ) ) ;
#8325 = LINE ( 'NONE', #7003, #3253 ) ;
#8326 = ORIENTED_EDGE ( 'NONE', *, *, #5536, .F. ) ;
#8327 = DIRECTION ( 'NONE',  ( 0.000000000000000000, 1.000000000000000000, 0.000000000000000000 ) ) ;
#8328 = FACE_OUTER_BOUND ( 'NONE', #3264, .T. ) ;
#8329 = ORIENTED_EDGE ( 'NONE', *, *, #6501, .T. ) ;
#8330 = EDGE_LOOP ( 'NONE', ( #5305, #4462, #494, #5429 ) ) ;
#8331 = LINE ( 'NONE', #2608, #2169 ) ;
#8332 = PLANE ( 'NONE',  #5687 ) ;
#8333 = CARTESIAN_POINT ( 'NONE',  ( -0.5214566929133858109, 0.01181102362204724393, 0.02854330708661417110 ) ) ;
#8334 = LINE ( 'NONE', #6374, #4037 ) ;
#8335 = LINE ( 'NONE', #690, #4769 ) ;
#8336 = EDGE_CURVE ( 'NONE', #8301, #5066, #2310, .T. ) ;
#8337 = VERTEX_POINT ( 'NONE', #422 ) ;
#8338 = ADVANCED_FACE ( 'NONE', ( #379 ), #1185, .T. ) ;
#8339 = CARTESIAN_POINT ( 'NONE',  ( -0.2696850393700787607, 0.1574803149606299191, -0.01968503937007873988 ) ) ;
#8340 = LINE ( 'NONE', #4450, #4453 ) ;
#8341 = CARTESIAN_POINT ( 'NONE',  ( -0.8795275590551180356, 0.01181102362204724393, 0.02952755905511811330 ) ) ;
#8342 = DIRECTION ( 'NONE',  ( 0.000000000000000000, -1.000000000000000000, 0.000000000000000000 ) ) ;
#8343 = DIRECTION ( 'NONE',  ( -0.2576626505603140105, 0.9662349396012511749, 0.000000000000000000 ) ) ;
#8344 = EDGE_CURVE ( 'NONE', #5602, #2787, #5725, .T. ) ;
#8345 = LINE ( 'NONE', #3857, #6689 ) ;
#8346 = ORIENTED_EDGE ( 'NONE', *, *, #2252, .F. ) ;
#8347 = CARTESIAN_POINT ( 'NONE',  ( -0.9342519685039371025, 0.01181102362204724393, 0.01279527559055118092 ) ) ;
#8348 = EDGE_LOOP ( 'NONE', ( #7937, #5001, #5989, #6218 ) ) ;
#8349 = ORIENTED_EDGE ( 'NONE', *, *, #800, .T. ) ;
#8350 = ADVANCED_FACE ( 'NONE', ( #7082 ), #1143, .T. ) ;
#8351 = DIRECTION ( 'NONE',  ( 0.000000000000000000, -1.000000000000000000, 0.000000000000000000 ) ) ;
#8352 = ORIENTED_EDGE ( 'NONE', *, *, #4192, .T. ) ;
#8353 = DIRECTION ( 'NONE',  ( 1.000000000000000000, 0.000000000000000000, 0.000000000000000000 ) ) ;
#8354 = DIRECTION ( 'NONE',  ( 0.000000000000000000, 1.000000000000000000, 0.000000000000000000 ) ) ;
#8355 = EDGE_CURVE ( 'NONE', #8025, #5066, #8325, .T. ) ;
#8356 = ADVANCED_FACE ( 'NONE', ( #4430 ), #7711, .F. ) ;
#8357 = DIMENSIONAL_EXPONENTS ( 1.000000000000000000, 0.000000000000000000, 0.000000000000000000, 0.000000000000000000, 0.000000000000000000, 0.000000000000000000, 0.000000000000000000 ) ;
#8358 = VERTEX_POINT ( 'NONE', #1864 ) ;
#8359 = FACE_OUTER_BOUND ( 'NONE', #1234, .T. ) ;
#8360 = VERTEX_POINT ( 'NONE', #4479 ) ;
#8361 = CARTESIAN_POINT ( 'NONE',  ( -0.9214566929133858331, 0.01181102362204724393, 0.02854330708661417110 ) ) ;
#8362 = DIRECTION ( 'NONE',  ( 1.000000000000000000, 0.000000000000000000, 0.000000000000000000 ) ) ;
#8363 = EDGE_LOOP ( 'NONE', ( #3887, #6014, #3583, #4524 ) ) ;
#8364 = CARTESIAN_POINT ( 'NONE',  ( -0.5578740157480315265, -0.1181102362204724532, -0.01279527559055118092 ) ) ;
#8365 = EDGE_CURVE ( 'NONE', #5438, #6119, #7672, .T. ) ;
#8366 = DIRECTION ( 'NONE',  ( 1.000000000000000000, 0.000000000000000000, 0.000000000000000000 ) ) ;
#8367 = ORIENTED_EDGE ( 'NONE', *, *, #5740, .F. ) ;
#8368 = ORIENTED_EDGE ( 'NONE', *, *, #5358, .F. ) ;
#8369 = LINE ( 'NONE', #3760, #7611 ) ;
#8370 = FACE_BOUND ( 'NONE', #7718, .T. ) ;
#8371 = CARTESIAN_POINT ( 'NONE',  ( -0.4893700787401574770, 0.000000000000000000, -0.03937007874015747977 ) ) ;
#8372 = CARTESIAN_POINT ( 'NONE',  ( -0.8687007874015748587, 0.1574803149606299191, 0.01870078740157480462 ) ) ;
#8373 = LINE ( 'NONE', #2516, #2561 ) ;
#8374 = ORIENTED_EDGE ( 'NONE', *, *, #7256, .F. ) ;
#8375 = DIRECTION ( 'NONE',  ( 0.000000000000000000, 0.000000000000000000, 1.000000000000000000 ) ) ;
#8376 = DIRECTION ( 'NONE',  ( 0.000000000000000000, 0.000000000000000000, 1.000000000000000000 ) ) ;
#8377 = AXIS2_PLACEMENT_3D ( 'NONE', #6503, #6424, #8342 ) ;
#8378 = EDGE_CURVE ( 'NONE', #6893, #3221, #3752, .T. ) ;
#8379 = DIRECTION ( 'NONE',  ( 0.000000000000000000, -1.000000000000000000, 0.000000000000000000 ) ) ;
#8380 = DIRECTION ( 'NONE',  ( 0.000000000000000000, 0.000000000000000000, -1.000000000000000000 ) ) ;
#8381 = PLANE ( 'NONE',  #1484 ) ;
#8382 = FACE_OUTER_BOUND ( 'NONE', #5709, .T. ) ;
#8383 = ORIENTED_EDGE ( 'NONE', *, *, #6513, .T. ) ;
#8384 = DIRECTION ( 'NONE',  ( 0.000000000000000000, -1.000000000000000000, 0.000000000000000000 ) ) ;
#8385 = ORIENTED_EDGE ( 'NONE', *, *, #8336, .T. ) ;
#8386 = FACE_BOUND ( 'NONE', #7022, .T. ) ;
#8387 = EDGE_LOOP ( 'NONE', ( #7007, #4700, #458, #1419 ) ) ;
#8388 = VECTOR ( 'NONE', #8366, 39.37007874015748143 ) ;
#8389 = VECTOR ( 'NONE', #7561, 39.37007874015748143 ) ;
#8390 = EDGE_CURVE ( 'NONE', #853, #6310, #4558, .T. ) ;
#8391 = EDGE_CURVE ( 'NONE', #2251, #6606, #7637, .T. ) ;
#8392 = PRESENTATION_STYLE_ASSIGNMENT (( #4420 ) ) ;
#8393 = VERTEX_POINT ( 'NONE', #2598 ) ;
#8394 = PLANE ( 'NONE',  #737 ) ;
#8395 = DIRECTION ( 'NONE',  ( 0.000000000000000000, -1.000000000000000000, 0.000000000000000000 ) ) ;
#8396 = VECTOR ( 'NONE', #7829, 39.37007874015748143 ) ;
#8397 = EDGE_CURVE ( 'NONE', #7816, #2761, #501, .T. ) ;
#8398 = ORIENTED_EDGE ( 'NONE', *, *, #7323, .F. ) ;
#8399 = LINE ( 'NONE', #3870, #646 ) ;
#8400 = ORIENTED_EDGE ( 'NONE', *, *, #6201, .F. ) ;
#8401 = VECTOR ( 'NONE', #7732, 39.37007874015748143 ) ;
#8402 = LINE ( 'NONE', #7760, #5681 ) ;
#8403 = CARTESIAN_POINT ( 'NONE',  ( -0.3795275590551180911, 0.1574803149606299191, -0.02952755905511811330 ) ) ;
#8404 = ORIENTED_EDGE ( 'NONE', *, *, #3666, .F. ) ;
#8405 = PLANE ( 'NONE',  #1470 ) ;
#8406 = EDGE_CURVE ( 'NONE', #5677, #1949, #1229, .T. ) ;
#8407 = VECTOR ( 'NONE', #4863, 39.37007874015748143 ) ;
#8408 = VECTOR ( 'NONE', #1431, 39.37007874015748143 ) ;
#8409 = DIRECTION ( 'NONE',  ( 0.000000000000000000, 0.000000000000000000, -1.000000000000000000 ) ) ;
#8410 = VERTEX_POINT ( 'NONE', #2427 ) ;
#8411 = ORIENTED_EDGE ( 'NONE', *, *, #2202, .F. ) ;
#8412 = ORIENTED_EDGE ( 'NONE', *, *, #4004, .F. ) ;
#8413 = CARTESIAN_POINT ( 'NONE',  ( -0.5687007874015748143, 0.1574803149606299191, 0.01870078740157480462 ) ) ;
#8414 = AXIS2_PLACEMENT_3D ( 'NONE', #4272, #3632, #2386 ) ;
#8415 = CARTESIAN_POINT ( 'NONE',  ( -1.000000000000000000, 0.000000000000000000, -0.03937007874015747977 ) ) ;
#8416 = CARTESIAN_POINT ( 'NONE',  ( -0.3106299212598425119, 0.01181102362204724393, -0.03937007874015747977 ) ) ;
#8417 = DIRECTION ( 'NONE',  ( 1.000000000000000000, 0.000000000000000000, 0.000000000000000000 ) ) ;
#8418 = DIRECTION ( 'NONE',  ( 0.000000000000000000, 0.000000000000000000, -1.000000000000000000 ) ) ;
#8419 = ORIENTED_EDGE ( 'NONE', *, *, #7297, .F. ) ;
#8420 = CARTESIAN_POINT ( 'NONE',  ( -0.7421259842519685179, -0.1181102362204724532, 0.01279527559055118092 ) ) ;
#8422 = LINE ( 'NONE', #7779, #4311 ) ;
#8421 = AXIS2_PLACEMENT_3D ( 'NONE', #2506, #5299, #6715 ) ;
#8423 = AXIS2_PLACEMENT_3D ( 'NONE', #318, #6782, #5535 ) ;
#8424 = CARTESIAN_POINT ( 'NONE',  ( -0.9785433070866141891, 0.1574803149606299191, -0.02854330708661417110 ) ) ;
#8425 = VECTOR ( 'NONE', #3446, 39.37007874015748143 ) ;
#8426 = VECTOR ( 'NONE', #3437, 39.37007874015748143 ) ;
#8427 = CARTESIAN_POINT ( 'NONE',  ( -0.7312992125984252301, 0.1574803149606299191, 0.01870078740157480462 ) ) ;
#8428 = DIRECTION ( 'NONE',  ( -0.9662349396012511749, -0.2576626505603140105, 0.000000000000000000 ) ) ;
#8429 = DIRECTION ( 'NONE',  ( 1.000000000000000000, 0.000000000000000000, 0.000000000000000000 ) ) ;
#8430 = ORIENTED_EDGE ( 'NONE', *, *, #2432, .T. ) ;
#8431 = ORIENTED_EDGE ( 'NONE', *, *, #6843, .F. ) ;
#8432 = ORIENTED_EDGE ( 'NONE', *, *, #7872, .T. ) ;
#8433 = CARTESIAN_POINT ( 'NONE',  ( -0.6721456692913386766, 0.01181102362204724393, 0.01279527559055118092 ) ) ;
#8434 = FACE_BOUND ( 'NONE', #2510, .T. ) ;
#8435 = VECTOR ( 'NONE', #1414, 39.37007874015748143 ) ;
#8436 = ORIENTED_EDGE ( 'NONE', *, *, #3293, .T. ) ;
#8437 = AXIS2_PLACEMENT_3D ( 'NONE', #3868, #1358, #1903 ) ;
#8438 = CARTESIAN_POINT ( 'NONE',  ( -0.8687007874015748587, 0.02165354330708661734, 0.01870078740157480462 ) ) ;
#8439 = EDGE_LOOP ( 'NONE', ( #4415, #889, #2582, #5412 ) ) ;
#8440 = DIRECTION ( 'NONE',  ( 0.000000000000000000, 1.000000000000000000, 0.000000000000000000 ) ) ;
#8441 = FACE_BOUND ( 'NONE', #502, .T. ) ;
#8442 = AXIS2_PLACEMENT_3D ( 'NONE', #3488, #5458, #4126 ) ;
#8443 = DIRECTION ( 'NONE',  ( 0.000000000000000000, 0.000000000000000000, -1.000000000000000000 ) ) ;
#8444 = EDGE_CURVE ( 'NONE', #3680, #2067, #4393, .T. ) ;
#8445 = EDGE_LOOP ( 'NONE', ( #877, #5918, #2511, #5786 ) ) ;
#8446 = EDGE_CURVE ( 'NONE', #6159, #1893, #583, .T. ) ;
#8447 = DIRECTION ( 'NONE',  ( 0.000000000000000000, 0.000000000000000000, -1.000000000000000000 ) ) ;
#8448 = ORIENTED_EDGE ( 'NONE', *, *, #4418, .T. ) ;
#8449 = DIRECTION ( 'NONE',  ( 0.000000000000000000, 0.000000000000000000, 1.000000000000000000 ) ) ;
#8450 = CARTESIAN_POINT ( 'NONE',  ( -0.4687007874015748365, 0.000000000000000000, 0.000000000000000000 ) ) ;
#8451 = EDGE_LOOP ( 'NONE', ( #7746, #7537, #978, #3192 ) ) ;
#8452 = DIRECTION ( 'NONE',  ( 1.000000000000000000, 0.000000000000000000, 0.000000000000000000 ) ) ;
#8453 = ADVANCED_FACE ( 'NONE', ( #3917 ), #677, .T. ) ;
#8454 = FACE_OUTER_BOUND ( 'NONE', #8261, .T. ) ;
#8455 = ORIENTED_EDGE ( 'NONE', *, *, #2047, .T. ) ;
#8456 = EDGE_LOOP ( 'NONE', ( #2473, #1983, #6696, #6866 ) ) ;
#8457 = VERTEX_POINT ( 'NONE', #8403 ) ;
#8458 = DIRECTION ( 'NONE',  ( 0.000000000000000000, -1.000000000000000000, 0.000000000000000000 ) ) ;
#8459 = EDGE_CURVE ( 'NONE', #4133, #1478, #3873, .T. ) ;
#8460 = DIRECTION ( 'NONE',  ( 0.000000000000000000, 0.000000000000000000, -1.000000000000000000 ) ) ;
#8461 = CARTESIAN_POINT ( 'NONE',  ( -0.2657480314960630197, 0.01181102362204724393, 0.01279527559055118092 ) ) ;
#8462 = DIRECTION ( 'NONE',  ( 0.000000000000000000, -1.000000000000000000, 0.000000000000000000 ) ) ;
#8463 = LINE ( 'NONE', #7175, #8305 ) ;
#8464 = ORIENTED_EDGE ( 'NONE', *, *, #4658, .F. ) ;
#8465 = CARTESIAN_POINT ( 'NONE',  ( -0.6696850393700788384, 0.01181102362204724393, -0.01968503937007873988 ) ) ;
#8466 = EDGE_CURVE ( 'NONE', #1216, #2141, #3290, .T. ) ;
#8467 = NEXT_ASSEMBLY_USAGE_OCCURRENCE ( 'NAUO1', ' ', ' ', #967, #6387, $ ) ;
ENDSEC;
END-ISO-10303-21;
