ISO-10303-21;
HEADER;
FILE_DESCRIPTION (( 'STEP AP214' ),
    '1' );
FILE_NAME ('JST XH 6 S6B-XH-A1 shrouded header connector.STEP',
    '2026-04-06T17:19:58',
    ( '' ),
    ( '' ),
    'SwSTEP 2.0',
    'SolidWorks 2024',
    '' );
FILE_SCHEMA (( 'AUTOMOTIVE_DESIGN' ));
ENDSEC;

DATA;
#2 = ORIENTED_EDGE ( 'NONE', *, *, #409, .T. ) ;
#1 = CARTESIAN_POINT ( 'NONE',  ( 6.770000000000004903, 7.000000000000000000, 2.074999999999999289 ) ) ;
#3 = EDGE_LOOP ( 'NONE', ( #1603, #57, #3519, #3057, #1071, #2825, #1045, #2062 ) ) ;
#4 = FACE_OUTER_BOUND ( 'NONE', #2773, .T. ) ;
#5 = VECTOR ( 'NONE', #3112, 1000.000000000000114 ) ;
#6 = EDGE_CURVE ( 'NONE', #2707, #1989, #2545, .T. ) ;
#7 = VECTOR ( 'NONE', #3213, 1000.000000000000000 ) ;
#8 = VECTOR ( 'NONE', #58, 1000.000000000000000 ) ;
#9 = ORIENTED_EDGE ( 'NONE', *, *, #1660, .T. ) ;
#10 = VECTOR ( 'NONE', #870, 1000.000000000000000 ) ;
#11 = VECTOR ( 'NONE', #221, 1000.000000000000000 ) ;
#12 = ORIENTED_EDGE ( 'NONE', *, *, #2503, .F. ) ;
#13 = LINE ( 'NONE', #1136, #2342 ) ;
#14 = VECTOR ( 'NONE', #293, 1000.000000000000000 ) ;
#15 = AXIS2_PLACEMENT_3D ( 'NONE', #802, #2893, #1708 ) ;
#16 = LINE ( 'NONE', #2997, #1888 ) ;
#17 = ORIENTED_EDGE ( 'NONE', *, *, #2737, .F. ) ;
#18 = PLANE ( 'NONE',  #1840 ) ;
#19 = DIRECTION ( 'NONE',  ( 0.000000000000000000, 0.000000000000000000, 1.000000000000000000 ) ) ;
#21 = ORIENTED_EDGE ( 'NONE', *, *, #1302, .F. ) ;
#20 = DIRECTION ( 'NONE',  ( 0.000000000000000000, 1.000000000000000000, 0.000000000000000000 ) ) ;
#22 = VECTOR ( 'NONE', #301, 1000.000000000000000 ) ;
#23 = LINE ( 'NONE', #3666, #1777 ) ;
#24 = PLANE ( 'NONE',  #3036 ) ;
#25 = LINE ( 'NONE', #2385, #3658 ) ;
#26 = EDGE_CURVE ( 'NONE', #2494, #3108, #661, .T. ) ;
#28 = EDGE_LOOP ( 'NONE', ( #1097, #629, #2513, #3625 ) ) ;
#27 = FACE_OUTER_BOUND ( 'NONE', #2315, .T. ) ;
#29 = EDGE_CURVE ( 'NONE', #2744, #2184, #1268, .T. ) ;
#30 = ORIENTED_EDGE ( 'NONE', *, *, #1500, .T. ) ;
#31 = PLANE ( 'NONE',  #3046 ) ;
#32 = EDGE_CURVE ( 'NONE', #1261, #937, #1735, .T. ) ;
#33 = VERTEX_POINT ( 'NONE', #3785 ) ;
#34 = ORIENTED_EDGE ( 'NONE', *, *, #2610, .F. ) ;
#35 = PLANE ( 'NONE',  #1465 ) ;
#36 = VERTEX_POINT ( 'NONE', #773 ) ;
#37 = DIRECTION ( 'NONE',  ( 0.000000000000000000, 0.000000000000000000, 1.000000000000000000 ) ) ;
#38 = CARTESIAN_POINT ( 'NONE',  ( -6.439999999999995062, -3.450000000000000178, 0.000000000000000000 ) ) ;
#39 = DIRECTION ( 'NONE',  ( 0.000000000000000000, 0.000000000000000000, -1.000000000000000000 ) ) ;
#40 = CARTESIAN_POINT ( 'NONE',  ( 3.520000000000006679, 6.550000000000000711, 0.2049999999999990163 ) ) ;
#42 = VERTEX_POINT ( 'NONE', #2005 ) ;
#41 = DIRECTION ( 'NONE',  ( 1.000000000000000000, 0.000000000000000000, 0.000000000000000000 ) ) ;
#43 = ORIENTED_EDGE ( 'NONE', *, *, #3463, .F. ) ;
#44 = CARTESIAN_POINT ( 'NONE',  ( -1.559999999999993614, 0.8000000000000000444, 0.2049999999999990163 ) ) ;
#45 = ORIENTED_EDGE ( 'NONE', *, *, #1944, .T. ) ;
#46 = EDGE_CURVE ( 'NONE', #3480, #2744, #1987, .T. ) ;
#47 = EDGE_CURVE ( 'NONE', #2758, #920, #830, .T. ) ;
#48 = ORIENTED_EDGE ( 'NONE', *, *, #3208, .F. ) ;
#49 = PLANE ( 'NONE',  #582 ) ;
#50 = ORIENTED_EDGE ( 'NONE', *, *, #209, .T. ) ;
#51 = ADVANCED_FACE ( 'NONE', ( #790 ), #3493, .T. ) ;
#52 = DIRECTION ( 'NONE',  ( -1.000000000000000000, 0.000000000000000000, 0.000000000000000000 ) ) ;
#53 = PLANE ( 'NONE',  #1698 ) ;
#54 = DIRECTION ( 'NONE',  ( -1.000000000000000000, 0.000000000000000000, -0.000000000000000000 ) ) ;
#55 = FACE_OUTER_BOUND ( 'NONE', #3348, .T. ) ;
#57 = ORIENTED_EDGE ( 'NONE', *, *, #2364, .T. ) ;
#56 = DIRECTION ( 'NONE',  ( 0.000000000000000000, 0.000000000000000000, 1.000000000000000000 ) ) ;
#58 = DIRECTION ( 'NONE',  ( 0.000000000000000000, 0.000000000000000000, 1.000000000000000000 ) ) ;
#59 = CARTESIAN_POINT ( 'NONE',  ( 4.160000000000006359, -3.249999999999996891, 0.2049999999999990163 ) ) ;
#60 = ORIENTED_EDGE ( 'NONE', *, *, #178, .T. ) ;
#61 = ORIENTED_EDGE ( 'NONE', *, *, #409, .F. ) ;
#62 = VECTOR ( 'NONE', #3122, 1000.000000000000000 ) ;
#63 = ORIENTED_EDGE ( 'NONE', *, *, #611, .T. ) ;
#64 = EDGE_CURVE ( 'NONE', #3531, #3031, #3215, .T. ) ;
#65 = EDGE_CURVE ( 'NONE', #1976, #2696, #2324, .T. ) ;
#66 = VECTOR ( 'NONE', #3649, 1000.000000000000227 ) ;
#67 = FACE_OUTER_BOUND ( 'NONE', #2295, .T. ) ;
#68 = ORIENTED_EDGE ( 'NONE', *, *, #344, .F. ) ;
#69 = CARTESIAN_POINT ( 'NONE',  ( -3.659999999999996145, -3.450000000000000178, 0.8449999999999990852 ) ) ;
#70 = VECTOR ( 'NONE', #1259, 1000.000000000000000 ) ;
#71 = EDGE_CURVE ( 'NONE', #3031, #2174, #1106, .T. ) ;
#72 = LINE ( 'NONE', #1263, #1220 ) ;
#73 = DIRECTION ( 'NONE',  ( 2.760352463845663710E-15, 1.000000000000000000, 0.000000000000000000 ) ) ;
#74 = LINE ( 'NONE', #949, #2971 ) ;
#75 = AXIS2_PLACEMENT_3D ( 'NONE', #1667, #1055, #2316 ) ;
#77 = ORIENTED_EDGE ( 'NONE', *, *, #2575, .T. ) ;
#76 = DIRECTION ( 'NONE',  ( -0.7071067811865497932, -0.7071067811865452413, 0.000000000000000000 ) ) ;
#78 = AXIS2_PLACEMENT_3D ( 'NONE', #3593, #621, #3575 ) ;
#79 = ORIENTED_EDGE ( 'NONE', *, *, #970, .T. ) ;
#80 = DIRECTION ( 'NONE',  ( 0.000000000000000000, 0.000000000000000000, -1.000000000000000000 ) ) ;
#81 = ORIENTED_EDGE ( 'NONE', *, *, #237, .T. ) ;
#82 = DIRECTION ( 'NONE',  ( 1.000000000000000000, 0.000000000000000000, 0.000000000000000000 ) ) ;
#83 = VERTEX_POINT ( 'NONE', #1380 ) ;
#84 = ORIENTED_EDGE ( 'NONE', *, *, #3587, .T. ) ;
#85 = CARTESIAN_POINT ( 'NONE',  ( 7.970000000000005080, 0.8000000000000000444, 2.074999999999999289 ) ) ;
#86 = ORIENTED_EDGE ( 'NONE', *, *, #3639, .T. ) ;
#87 = EDGE_CURVE ( 'NONE', #1222, #431, #2900, .T. ) ;
#88 = EDGE_CURVE ( 'NONE', #792, #2038, #2606, .T. ) ;
#89 = DIRECTION ( 'NONE',  ( 1.000000000000000000, 0.000000000000000000, 0.000000000000000000 ) ) ;
#90 = CARTESIAN_POINT ( 'NONE',  ( 7.970000000000005080, 0.8000000000000000444, -2.075000000000001066 ) ) ;
#91 = DIRECTION ( 'NONE',  ( -1.000000000000000000, 0.000000000000000000, 0.000000000000000000 ) ) ;
#92 = LINE ( 'NONE', #2764, #3788 ) ;
#93 = EDGE_CURVE ( 'NONE', #1508, #3109, #3529, .T. ) ;
#94 = ADVANCED_FACE ( 'NONE', ( #1362 ), #2927, .F. ) ;
#96 = EDGE_LOOP ( 'NONE', ( #2436, #1144, #1734, #1955 ) ) ;
#95 = CARTESIAN_POINT ( 'NONE',  ( 4.160000000000006359, 0.000000000000000000, 0.8449999999999990852 ) ) ;
#97 = ORIENTED_EDGE ( 'NONE', *, *, #1034, .T. ) ;
#98 = CARTESIAN_POINT ( 'NONE',  ( -5.903768110025848337, 7.000000000000000000, 2.874999999999999112 ) ) ;
#99 = ORIENTED_EDGE ( 'NONE', *, *, #2308, .T. ) ;
#100 = CARTESIAN_POINT ( 'NONE',  ( 1.620000000000005880, 6.750000000000000000, 0.8449999999999990852 ) ) ;
#101 = VERTEX_POINT ( 'NONE', #2945 ) ;
#102 = ORIENTED_EDGE ( 'NONE', *, *, #2851, .F. ) ;
#103 = DIRECTION ( 'NONE',  ( 1.000000000000000000, 0.000000000000000000, 0.000000000000000000 ) ) ;
#104 = ORIENTED_EDGE ( 'NONE', *, *, #3182, .F. ) ;
#105 = PLANE ( 'NONE',  #519 ) ;
#106 = CARTESIAN_POINT ( 'NONE',  ( 5.903768110025858107, 6.999999999999991118, 2.874999999999999112 ) ) ;
#107 = CARTESIAN_POINT ( 'NONE',  ( -4.099999999999994316, 6.750000000000000000, 0.8449999999999990852 ) ) ;
#108 = DIRECTION ( 'NONE',  ( 1.000000000000000000, 0.000000000000000000, 0.000000000000000000 ) ) ;
#110 = ORIENTED_EDGE ( 'NONE', *, *, #1422, .T. ) ;
#109 = LINE ( 'NONE', #674, #457 ) ;
#111 = EDGE_CURVE ( 'NONE', #1048, #3657, #3808, .T. ) ;
#112 = EDGE_CURVE ( 'NONE', #2549, #3562, #1718, .T. ) ;
#113 = EDGE_LOOP ( 'NONE', ( #1360, #77, #2809, #2226 ) ) ;
#114 = LINE ( 'NONE', #2841, #3280 ) ;
#115 = EDGE_LOOP ( 'NONE', ( #1641, #1995, #1979, #3159 ) ) ;
#116 = CARTESIAN_POINT ( 'NONE',  ( 6.500000000000006217, 6.750000000000000000, 0.4049999999999995270 ) ) ;
#117 = ADVANCED_FACE ( 'NONE', ( #1424 ), #2623, .T. ) ;
#118 = ORIENTED_EDGE ( 'NONE', *, *, #3350, .T. ) ;
#119 = CARTESIAN_POINT ( 'NONE',  ( 0.000000000000000000, 7.000000000000000000, 0.000000000000000000 ) ) ;
#120 = ORIENTED_EDGE ( 'NONE', *, *, #2575, .F. ) ;
#121 = AXIS2_PLACEMENT_3D ( 'NONE', #2932, #2950, #521 ) ;
#122 = DIRECTION ( 'NONE',  ( -1.000000000000000000, 0.000000000000000000, 0.000000000000000000 ) ) ;
#123 = VECTOR ( 'NONE', #2643, 1000.000000000000000 ) ;
#124 = VECTOR ( 'NONE', #2349, 1000.000000000000000 ) ;
#125 = DIRECTION ( 'NONE',  ( -0.000000000000000000, -0.7071067811865452413, -0.7071067811865497932 ) ) ;
#126 = CARTESIAN_POINT ( 'NONE',  ( -5.999999999999993783, 6.750000000000000000, 0.2049999999999990163 ) ) ;
#127 = DIRECTION ( 'NONE',  ( 0.000000000000000000, 0.000000000000000000, -1.000000000000000000 ) ) ;
#128 = AXIS2_PLACEMENT_3D ( 'NONE', #273, #1811, #2341 ) ;
#129 = AXIS2_PLACEMENT_3D ( 'NONE', #107, #1869, #3076 ) ;
#130 = DIRECTION ( 'NONE',  ( -0.000000000000000000, 1.000000000000000000, 0.000000000000000000 ) ) ;
#132 = ORIENTED_EDGE ( 'NONE', *, *, #1591, .T. ) ;
#131 = DIRECTION ( 'NONE',  ( 0.000000000000000000, 0.000000000000000000, -1.000000000000000000 ) ) ;
#133 = AXIS2_PLACEMENT_3D ( 'NONE', #1745, #2953, #2361 ) ;
#134 = VERTEX_POINT ( 'NONE', #1441 ) ;
#135 = LINE ( 'NONE', #375, #954 ) ;
#136 = ORIENTED_EDGE ( 'NONE', *, *, #2920, .F. ) ;
#137 = EDGE_CURVE ( 'NONE', #367, #1134, #2863, .T. ) ;
#138 = VECTOR ( 'NONE', #873, 1000.000000000000000 ) ;
#139 = EDGE_CURVE ( 'NONE', #83, #3012, #2261, .T. ) ;
#140 = CARTESIAN_POINT ( 'NONE',  ( -8.769999999999994245, 0.000000000000000000, 2.874999999999999112 ) ) ;
#141 = VECTOR ( 'NONE', #1066, 1000.000000000000000 ) ;
#142 = EDGE_LOOP ( 'NONE', ( #420, #2760, #2381, #1241 ) ) ;
#143 = EDGE_CURVE ( 'NONE', #936, #2868, #3178, .T. ) ;
#144 = CARTESIAN_POINT ( 'NONE',  ( -8.769999999999994245, 7.000000000000000000, 1.946917228565423263 ) ) ;
#145 = EDGE_LOOP ( 'NONE', ( #2926, #2076, #3834, #2152 ) ) ;
#146 = LINE ( 'NONE', #3773, #1467 ) ;
#147 = DIRECTION ( 'NONE',  ( 1.000000000000000000, 0.000000000000000000, 0.000000000000000000 ) ) ;
#148 = CARTESIAN_POINT ( 'NONE',  ( -8.769999999999994245, 0.8000000000000003775, 2.074999999999999289 ) ) ;
#149 = DIRECTION ( 'NONE',  ( 1.000000000000000000, 0.000000000000000000, 0.000000000000000000 ) ) ;
#150 = CARTESIAN_POINT ( 'NONE',  ( 0.000000000000000000, -3.450000000000000178, 0.6450000000000002398 ) ) ;
#152 = VERTEX_POINT ( 'NONE', #869 ) ;
#151 = DIRECTION ( 'NONE',  ( 0.000000000000000000, 0.000000000000000000, -1.000000000000000000 ) ) ;
#153 = ORIENTED_EDGE ( 'NONE', *, *, #1898, .F. ) ;
#154 = CARTESIAN_POINT ( 'NONE',  ( -6.617135548828085412, 6.576058164080762047, 2.874999999999999112 ) ) ;
#155 = DIRECTION ( 'NONE',  ( 0.000000000000000000, 0.000000000000000000, -1.000000000000000000 ) ) ;
#156 = ORIENTED_EDGE ( 'NONE', *, *, #1008, .F. ) ;
#157 = DIRECTION ( 'NONE',  ( -1.000000000000000000, 0.000000000000000000, 0.000000000000000000 ) ) ;
#158 = FACE_OUTER_BOUND ( 'NONE', #3080, .T. ) ;
#159 = ORIENTED_EDGE ( 'NONE', *, *, #3281, .F. ) ;
#160 = EDGE_CURVE ( 'NONE', #1971, #1191, #2227, .T. ) ;
#161 = DIRECTION ( 'NONE',  ( 0.000000000000000000, 0.000000000000000000, -1.000000000000000000 ) ) ;
#162 = EDGE_CURVE ( 'NONE', #152, #2048, #3870, .T. ) ;
#163 = ORIENTED_EDGE ( 'NONE', *, *, #2991, .T. ) ;
#164 = CARTESIAN_POINT ( 'NONE',  ( 0.000000000000000000, 0.8000000000000000444, 0.8449999999999990852 ) ) ;
#165 = DIRECTION ( 'NONE',  ( -0.000000000000000000, -0.000000000000000000, -1.000000000000000000 ) ) ;
#166 = DIRECTION ( 'NONE',  ( 1.000000000000000000, 0.000000000000000000, 0.000000000000000000 ) ) ;
#167 = DIRECTION ( 'NONE',  ( 1.000000000000000000, 0.000000000000000000, 0.000000000000000000 ) ) ;
#169 = ORIENTED_EDGE ( 'NONE', *, *, #2311, .F. ) ;
#168 = DIRECTION ( 'NONE',  ( 0.000000000000000000, -1.000000000000000000, 0.000000000000000000 ) ) ;
#170 = VERTEX_POINT ( 'NONE', #2368 ) ;
#171 = CARTESIAN_POINT ( 'NONE',  ( -1.559999999999993614, 6.550000000000000711, 0.8449999999999990852 ) ) ;
#172 = CARTESIAN_POINT ( 'NONE',  ( -1.559999999999993614, 6.750000000000000000, 0.8449999999999990852 ) ) ;
#173 = VERTEX_POINT ( 'NONE', #1752 ) ;
#174 = LINE ( 'NONE', #3513, #2155 ) ;
#175 = PLANE ( 'NONE',  #2784 ) ;
#176 = CARTESIAN_POINT ( 'NONE',  ( -6.199999999999993072, -3.450000000000000178, 0.000000000000000000 ) ) ;
#177 = EDGE_LOOP ( 'NONE', ( #2842, #3797, #2422, #480 ) ) ;
#178 = EDGE_CURVE ( 'NONE', #3579, #1191, #3591, .T. ) ;
#179 = ADVANCED_FACE ( 'NONE', ( #2669 ), #24, .T. ) ;
#180 = LINE ( 'NONE', #3206, #2154 ) ;
#181 = AXIS2_PLACEMENT_3D ( 'NONE', #1226, #943, #2377 ) ;
#182 = FACE_OUTER_BOUND ( 'NONE', #2195, .T. ) ;
#183 = DIRECTION ( 'NONE',  ( -1.000000000000000000, 0.000000000000000000, -0.000000000000000000 ) ) ;
#184 = VECTOR ( 'NONE', #512, 1000.000000000000000 ) ;
#185 = EDGE_CURVE ( 'NONE', #2260, #383, #3272, .T. ) ;
#186 = FACE_OUTER_BOUND ( 'NONE', #921, .T. ) ;
#188 = ORIENTED_EDGE ( 'NONE', *, *, #2191, .T. ) ;
#187 = CARTESIAN_POINT ( 'NONE',  ( 4.160000000000006359, 6.550000000000000711, 0.8449999999999990852 ) ) ;
#189 = DIRECTION ( 'NONE',  ( -0.5773502691896273964, 0.5773502691896224004, 0.5773502691896273964 ) ) ;
#190 = ORIENTED_EDGE ( 'NONE', *, *, #1479, .F. ) ;
#191 = DIRECTION ( 'NONE',  ( 0.000000000000000000, 0.000000000000000000, -1.000000000000000000 ) ) ;
#192 = LINE ( 'NONE', #1658, #256 ) ;
#193 = ORIENTED_EDGE ( 'NONE', *, *, #2887, .F. ) ;
#194 = AXIS2_PLACEMENT_3D ( 'NONE', #3494, #2305, #1425 ) ;
#195 = VECTOR ( 'NONE', #3245, 1000.000000000000000 ) ;
#196 = CARTESIAN_POINT ( 'NONE',  ( -3.459999999999993747, 6.550000000000000711, 0.2049999999999990163 ) ) ;
#197 = AXIS2_PLACEMENT_3D ( 'NONE', #2257, #2859, #3449 ) ;
#198 = VECTOR ( 'NONE', #165, 1000.000000000000000 ) ;
#199 = CARTESIAN_POINT ( 'NONE',  ( 6.770000000000004903, 6.423193712908841668, 2.074999999999997957 ) ) ;
#200 = VECTOR ( 'NONE', #861, 1000.000000000000000 ) ;
#201 = VECTOR ( 'NONE', #459, 1000.000000000000227 ) ;
#202 = FACE_OUTER_BOUND ( 'NONE', #895, .T. ) ;
#203 = ORIENTED_EDGE ( 'NONE', *, *, #2504, .F. ) ;
#204 = AXIS2_PLACEMENT_3D ( 'NONE', #2001, #1713, #1946 ) ;
#205 = DIRECTION ( 'NONE',  ( 0.000000000000000000, -0.000000000000000000, 1.000000000000000000 ) ) ;
#206 = CARTESIAN_POINT ( 'NONE',  ( -0.9199999999999937117, -3.249999999999996891, 0.2049999999999990163 ) ) ;
#207 = DIRECTION ( 'NONE',  ( 0.000000000000000000, -1.000000000000000000, 0.000000000000000000 ) ) ;
#208 = EDGE_CURVE ( 'NONE', #679, #1018, #2088, .T. ) ;
#209 = EDGE_CURVE ( 'NONE', #1011, #1404, #1233, .T. ) ;
#210 = CARTESIAN_POINT ( 'NONE',  ( -1.559999999999993614, 6.550000000000000711, 0.2049999999999990163 ) ) ;
#212 = ORIENTED_EDGE ( 'NONE', *, *, #3589, .F. ) ;
#211 = PLANE ( 'NONE',  #776 ) ;
#213 = CARTESIAN_POINT ( 'NONE',  ( -6.213333333333328490, 6.763333333333335418, 0.4183333333333335569 ) ) ;
#214 = VERTEX_POINT ( 'NONE', #3572 ) ;
#215 = DIRECTION ( 'NONE',  ( 1.000000000000000000, 0.000000000000000000, 0.000000000000000000 ) ) ;
#216 = CARTESIAN_POINT ( 'NONE',  ( 0.9800000000000060885, 6.550000000000000711, 0.8449999999999990852 ) ) ;
#217 = ORIENTED_EDGE ( 'NONE', *, *, #347, .T. ) ;
#218 = EDGE_CURVE ( 'NONE', #513, #1976, #3255, .T. ) ;
#219 = ADVANCED_FACE ( 'NONE', ( #2066 ), #3320, .T. ) ;
#220 = DIRECTION ( 'NONE',  ( 0.000000000000000000, -0.000000000000000000, 1.000000000000000000 ) ) ;
#221 = DIRECTION ( 'NONE',  ( -1.000000000000000000, 0.000000000000000000, 0.000000000000000000 ) ) ;
#222 = LINE ( 'NONE', #3203, #3344 ) ;
#223 = CARTESIAN_POINT ( 'NONE',  ( -7.969999999999994422, 7.000000000000000000, 1.946917228565423041 ) ) ;
#224 = ORIENTED_EDGE ( 'NONE', *, *, #2552, .F. ) ;
#225 = DIRECTION ( 'NONE',  ( -1.000000000000000000, -0.000000000000000000, 0.000000000000000000 ) ) ;
#226 = CARTESIAN_POINT ( 'NONE',  ( -3.459999999999993747, -3.249999999999996891, 0.2049999999999990163 ) ) ;
#227 = LINE ( 'NONE', #846, #764 ) ;
#228 = LINE ( 'NONE', #2402, #3166 ) ;
#230 = ORIENTED_EDGE ( 'NONE', *, *, #605, .T. ) ;
#229 = LINE ( 'NONE', #1400, #838 ) ;
#231 = CARTESIAN_POINT ( 'NONE',  ( -6.769999999999995133, 6.728922615252671768, 2.874999999999999112 ) ) ;
#232 = EDGE_LOOP ( 'NONE', ( #2602, #3747, #2119, #523 ) ) ;
#233 = DIRECTION ( 'NONE',  ( -1.000000000000000000, 0.000000000000000000, -0.000000000000000000 ) ) ;
#234 = DIRECTION ( 'NONE',  ( -0.000000000000000000, -0.000000000000000000, 1.000000000000000000 ) ) ;
#235 = EDGE_CURVE ( 'NONE', #1571, #601, #1505, .T. ) ;
#236 = DIRECTION ( 'NONE',  ( -1.000000000000000000, 0.000000000000000000, -0.000000000000000000 ) ) ;
#237 = EDGE_CURVE ( 'NONE', #881, #1908, #3633, .T. ) ;
#238 = CARTESIAN_POINT ( 'NONE',  ( 8.770000000000004903, 7.000000000000000000, 1.193012820497851401 ) ) ;
#239 = LINE ( 'NONE', #2650, #2518 ) ;
#240 = CARTESIAN_POINT ( 'NONE',  ( 0.000000000000000000, 0.8000000000000000444, 0.2049999999999990163 ) ) ;
#241 = ORIENTED_EDGE ( 'NONE', *, *, #1756, .T. ) ;
#242 = ORIENTED_EDGE ( 'NONE', *, *, #2755, .F. ) ;
#243 = LINE ( 'NONE', #3581, #2593 ) ;
#244 = DIRECTION ( 'NONE',  ( 1.000000000000000000, 0.000000000000000000, 0.000000000000000000 ) ) ;
#245 = DIRECTION ( 'NONE',  ( -0.000000000000000000, 0.000000000000000000, 1.000000000000000000 ) ) ;
#246 = CARTESIAN_POINT ( 'NONE',  ( 6.700000000000007283, 0.000000000000000000, 0.8449999999999990852 ) ) ;
#248 = ORIENTED_EDGE ( 'NONE', *, *, #3830, .T. ) ;
#247 = DIRECTION ( 'NONE',  ( 1.000000000000000000, 0.000000000000000000, 0.000000000000000000 ) ) ;
#249 = PLANE ( 'NONE',  #324 ) ;
#250 = EDGE_LOOP ( 'NONE', ( #1659, #2505, #2605, #705, #1842, #2535 ) ) ;
#251 = CARTESIAN_POINT ( 'NONE',  ( 0.000000000000000000, 0.000000000000000000, 0.000000000000000000 ) ) ;
#252 = PLANE ( 'NONE',  #897 ) ;
#253 = AXIS2_PLACEMENT_3D ( 'NONE', #1691, #2687, #2347 ) ;
#254 = VECTOR ( 'NONE', #1600, 1000.000000000000000 ) ;
#255 = DIRECTION ( 'NONE',  ( 0.000000000000000000, 0.000000000000000000, -1.000000000000000000 ) ) ;
#256 = VECTOR ( 'NONE', #234, 1000.000000000000000 ) ;
#257 = VECTOR ( 'NONE', #2462, 1000.000000000000000 ) ;
#258 = EDGE_LOOP ( 'NONE', ( #451, #874, #2734, #2393 ) ) ;
#259 = DIRECTION ( 'NONE',  ( 0.000000000000000000, 0.000000000000000000, -1.000000000000000000 ) ) ;
#260 = ADVANCED_FACE ( 'NONE', ( #2708, #3906, #1208, #1486, #636, #1833, #2959 ), #2689, .F. ) ;
#261 = EDGE_CURVE ( 'NONE', #3384, #547, #3043, .T. ) ;
#262 = AXIS2_PLACEMENT_3D ( 'NONE', #2877, #3174, #1965 ) ;
#263 = VECTOR ( 'NONE', #947, 1000.000000000000000 ) ;
#264 = VECTOR ( 'NONE', #2802, 1000.000000000000000 ) ;
#265 = LINE ( 'NONE', #3875, #2905 ) ;
#266 = LINE ( 'NONE', #2373, #2849 ) ;
#267 = ORIENTED_EDGE ( 'NONE', *, *, #2387, .F. ) ;
#268 = EDGE_CURVE ( 'NONE', #2868, #2202, #2128, .T. ) ;
#269 = ORIENTED_EDGE ( 'NONE', *, *, #3757, .T. ) ;
#270 = VECTOR ( 'NONE', #537, 1000.000000000000114 ) ;
#271 = LINE ( 'NONE', #1790, #1592 ) ;
#272 = DIRECTION ( 'NONE',  ( -1.000000000000000000, 0.000000000000000000, 0.000000000000000000 ) ) ;
#273 = CARTESIAN_POINT ( 'NONE',  ( 0.000000000000000000, 6.750000000000000000, 0.000000000000000000 ) ) ;
#274 = VECTOR ( 'NONE', #507, 1000.000000000000114 ) ;
#275 = DIRECTION ( 'NONE',  ( 0.000000000000000000, 0.000000000000000000, -1.000000000000000000 ) ) ;
#277 = ORIENTED_EDGE ( 'NONE', *, *, #2411, .T. ) ;
#276 = FACE_OUTER_BOUND ( 'NONE', #3037, .T. ) ;
#278 = FACE_OUTER_BOUND ( 'NONE', #2056, .T. ) ;
#279 = VERTEX_POINT ( 'NONE', #2111 ) ;
#280 = CARTESIAN_POINT ( 'NONE',  ( -5.999999999999993783, 6.550000000000002487, 0.8449999999999990852 ) ) ;
#281 = LINE ( 'NONE', #2129, #2723 ) ;
#282 = CARTESIAN_POINT ( 'NONE',  ( -6.769999999999995133, 6.423193712908852326, 2.074999999999999734 ) ) ;
#283 = VERTEX_POINT ( 'NONE', #317 ) ;
#284 = CARTESIAN_POINT ( 'NONE',  ( 1.180000000000008376, -3.450000000000000178, 0.000000000000000000 ) ) ;
#285 = DIRECTION ( 'NONE',  ( -0.7071067811865455743, 0.7071067811865495711, 0.000000000000000000 ) ) ;
#286 = ORIENTED_EDGE ( 'NONE', *, *, #1058, .F. ) ;
#287 = ORIENTED_EDGE ( 'NONE', *, *, #638, .F. ) ;
#288 = LINE ( 'NONE', #3563, #3293 ) ;
#289 = EDGE_CURVE ( 'NONE', #3528, #569, #339, .T. ) ;
#290 = ADVANCED_FACE ( 'NONE', ( #2748 ), #3555, .F. ) ;
#291 = DIRECTION ( 'NONE',  ( 1.000000000000000000, 0.000000000000000000, 0.000000000000000000 ) ) ;
#292 = ORIENTED_EDGE ( 'NONE', *, *, #2140, .F. ) ;
#293 = DIRECTION ( 'NONE',  ( 0.000000000000000000, 0.000000000000000000, -1.000000000000000000 ) ) ;
#294 = DIRECTION ( 'NONE',  ( 0.5773502691896245098, 0.5773502691896281735, 0.5773502691896245098 ) ) ;
#296 = ORIENTED_EDGE ( 'NONE', *, *, #3442, .T. ) ;
#295 = LINE ( 'NONE', #2045, #1229 ) ;
#297 = FACE_OUTER_BOUND ( 'NONE', #732, .T. ) ;
#298 = ORIENTED_EDGE ( 'NONE', *, *, #3448, .T. ) ;
#299 = DIRECTION ( 'NONE',  ( 0.000000000000000000, -0.7071067811865452413, 0.7071067811865497932 ) ) ;
#300 = CARTESIAN_POINT ( 'NONE',  ( -8.769999999999994245, 7.000000000000000000, 1.193012820497851401 ) ) ;
#302 = EDGE_LOOP ( 'NONE', ( #1683, #1014, #1498, #1749 ) ) ;
#301 = DIRECTION ( 'NONE',  ( -1.000000000000000000, 0.000000000000000000, 0.000000000000000000 ) ) ;
#303 = ORIENTED_EDGE ( 'NONE', *, *, #1058, .T. ) ;
#304 = CARTESIAN_POINT ( 'NONE',  ( -8.769999999999994245, 7.000000000000000000, -2.875000000000000888 ) ) ;
#305 = ORIENTED_EDGE ( 'NONE', *, *, #3394, .T. ) ;
#306 = EDGE_LOOP ( 'NONE', ( #348, #3345, #1185, #1127 ) ) ;
#307 = PLANE ( 'NONE',  #3853 ) ;
#308 = LINE ( 'NONE', #2774, #3665 ) ;
#309 = VERTEX_POINT ( 'NONE', #1299 ) ;
#310 = FACE_OUTER_BOUND ( 'NONE', #3125, .T. ) ;
#311 = EDGE_CURVE ( 'NONE', #2211, #1971, #1886, .T. ) ;
#312 = ADVANCED_FACE ( 'NONE', ( #425 ), #2804, .T. ) ;
#313 = LINE ( 'NONE', #3611, #447 ) ;
#315 = EDGE_LOOP ( 'NONE', ( #2952, #756, #885, #1212 ) ) ;
#314 = CARTESIAN_POINT ( 'NONE',  ( 0.000000000000000000, 6.750000000000000000, 0.000000000000000000 ) ) ;
#316 = CARTESIAN_POINT ( 'NONE',  ( 4.160000000000006359, 6.550000000000000711, 0.8449999999999990852 ) ) ;
#317 = CARTESIAN_POINT ( 'NONE',  ( 8.770000000000004903, 7.000000000000000000, 1.946917228565423263 ) ) ;
#318 = DIRECTION ( 'NONE',  ( 0.000000000000000000, -1.000000000000000000, 0.000000000000000000 ) ) ;
#319 = ADVANCED_FACE ( 'NONE', ( #3700 ), #1285, .F. ) ;
#321 = ORIENTED_EDGE ( 'NONE', *, *, #3856, .T. ) ;
#320 = PLANE ( 'NONE',  #1721 ) ;
#322 = ORIENTED_EDGE ( 'NONE', *, *, #1397, .T. ) ;
#323 = PLANE ( 'NONE',  #2272 ) ;
#324 = AXIS2_PLACEMENT_3D ( 'NONE', #2367, #3887, #532 ) ;
#325 = VECTOR ( 'NONE', #1447, 1000.000000000000000 ) ;
#326 = ORIENTED_EDGE ( 'NONE', *, *, #1109, .F. ) ;
#327 = AXIS2_PLACEMENT_3D ( 'NONE', #503, #2876, #166 ) ;
#328 = VECTOR ( 'NONE', #3578, 1000.000000000000000 ) ;
#329 = EDGE_LOOP ( 'NONE', ( #2579, #1050, #3113, #169 ) ) ;
#330 = AXIS2_PLACEMENT_3D ( 'NONE', #2576, #3193, #2281 ) ;
#331 = CARTESIAN_POINT ( 'NONE',  ( 6.700000000000007283, 6.750000000000000000, 0.8449999999999990852 ) ) ;
#332 = ORIENTED_EDGE ( 'NONE', *, *, #46, .F. ) ;
#333 = PLANE ( 'NONE',  #1901 ) ;
#334 = VECTOR ( 'NONE', #3074, 1000.000000000000000 ) ;
#335 = LINE ( 'NONE', #1283, #3794 ) ;
#336 = CARTESIAN_POINT ( 'NONE',  ( 0.000000000000000000, 0.000000000000000000, 0.000000000000000000 ) ) ;
#337 = VECTOR ( 'NONE', #1418, 1000.000000000000000 ) ;
#338 = LINE ( 'NONE', #1284, #1082 ) ;
#339 = LINE ( 'NONE', #1522, #2967 ) ;
#340 = DIRECTION ( 'NONE',  ( 0.000000000000000000, 0.000000000000000000, 1.000000000000000000 ) ) ;
#342 = ORIENTED_EDGE ( 'NONE', *, *, #1092, .T. ) ;
#341 = CARTESIAN_POINT ( 'NONE',  ( -3.899999999999993694, 6.750000000000000000, 0.6449999999999985745 ) ) ;
#343 = EDGE_CURVE ( 'NONE', #2169, #374, #2516, .T. ) ;
#344 = EDGE_CURVE ( 'NONE', #3165, #1176, #2835, .T. ) ;
#345 = ORIENTED_EDGE ( 'NONE', *, *, #2392, .T. ) ;
#346 = CARTESIAN_POINT ( 'NONE',  ( 1.180000000000008376, -3.450000000000000178, 0.6449999999999967981 ) ) ;
#347 = EDGE_CURVE ( 'NONE', #1404, #1915, #3407, .T. ) ;
#348 = ORIENTED_EDGE ( 'NONE', *, *, #3111, .T. ) ;
#349 = VERTEX_POINT ( 'NONE', #1249 ) ;
#350 = DIRECTION ( 'NONE',  ( 1.000000000000000000, 0.000000000000000000, 0.000000000000000000 ) ) ;
#351 = ORIENTED_EDGE ( 'NONE', *, *, #1682, .F. ) ;
#352 = DIRECTION ( 'NONE',  ( 1.000000000000000000, 0.000000000000000000, 0.000000000000000000 ) ) ;
#353 = DIRECTION ( 'NONE',  ( 1.000000000000000000, 0.000000000000000000, 0.000000000000000000 ) ) ;
#354 = CARTESIAN_POINT ( 'NONE',  ( 3.520000000000006679, 6.750000000000000000, 0.8449999999999990852 ) ) ;
#355 = CARTESIAN_POINT ( 'NONE',  ( -8.769999999999994245, 7.000000000000000000, 2.874999999999999112 ) ) ;
#357 = ORIENTED_EDGE ( 'NONE', *, *, #3047, .T. ) ;
#356 = PLANE ( 'NONE',  #1538 ) ;
#358 = ORIENTED_EDGE ( 'NONE', *, *, #3711, .T. ) ;
#359 = CARTESIAN_POINT ( 'NONE',  ( 6.060000000000007603, 0.8000000000000000444, 0.2049999999999990163 ) ) ;
#360 = ORIENTED_EDGE ( 'NONE', *, *, #2599, .T. ) ;
#361 = EDGE_CURVE ( 'NONE', #309, #1918, #729, .T. ) ;
#362 = EDGE_CURVE ( 'NONE', #1183, #3434, #2144, .T. ) ;
#363 = EDGE_LOOP ( 'NONE', ( #2839, #1638, #488, #1569, #1379, #2156, #748, #3867 ) ) ;
#364 = ADVANCED_FACE ( 'NONE', ( #3117 ), #1316, .T. ) ;
#365 = ORIENTED_EDGE ( 'NONE', *, *, #681, .F. ) ;
#366 = FACE_OUTER_BOUND ( 'NONE', #1578, .T. ) ;
#367 = VERTEX_POINT ( 'NONE', #1264 ) ;
#368 = CARTESIAN_POINT ( 'NONE',  ( -8.769999999999994245, 7.000000000000000000, 2.874999999999999112 ) ) ;
#369 = LINE ( 'NONE', #617, #3599 ) ;
#370 = LINE ( 'NONE', #3387, #388 ) ;
#371 = LINE ( 'NONE', #3355, #2908 ) ;
#373 = ORIENTED_EDGE ( 'NONE', *, *, #1501, .F. ) ;
#372 = CARTESIAN_POINT ( 'NONE',  ( -5.903768110025848337, 4.300076335521239912, -2.876000000000000778 ) ) ;
#374 = VERTEX_POINT ( 'NONE', #2819 ) ;
#375 = CARTESIAN_POINT ( 'NONE',  ( 0.000000000000000000, 0.000000000000000000, 0.2049999999999990163 ) ) ;
#376 = ORIENTED_EDGE ( 'NONE', *, *, #3069, .F. ) ;
#377 = DIRECTION ( 'NONE',  ( -1.000000000000000000, -0.000000000000000000, 0.000000000000000000 ) ) ;
#378 = AXIS2_PLACEMENT_3D ( 'NONE', #3016, #1555, #291 ) ;
#379 = ADVANCED_FACE ( 'NONE', ( #1559 ), #671, .T. ) ;
#380 = ORIENTED_EDGE ( 'NONE', *, *, #1369, .F. ) ;
#381 = VECTOR ( 'NONE', #3362, 1000.000000000000000 ) ;
#382 = VECTOR ( 'NONE', #215, 1000.000000000000000 ) ;
#383 = VERTEX_POINT ( 'NONE', #1927 ) ;
#384 = ADVANCED_FACE ( 'NONE', ( #3721 ), #1022, .T. ) ;
#385 = VECTOR ( 'NONE', #2023, 1000.000000000000114 ) ;
#386 = LINE ( 'NONE', #3679, #2200 ) ;
#387 = EDGE_CURVE ( 'NONE', #978, #2766, #370, .T. ) ;
#388 = VECTOR ( 'NONE', #2445, 1000.000000000000000 ) ;
#389 = ORIENTED_EDGE ( 'NONE', *, *, #1807, .T. ) ;
#390 = VECTOR ( 'NONE', #2980, 1000.000000000000000 ) ;
#391 = LINE ( 'NONE', #3091, #2979 ) ;
#392 = VECTOR ( 'NONE', #3487, 1000.000000000000227 ) ;
#393 = CARTESIAN_POINT ( 'NONE',  ( -4.099999999999994316, 0.000000000000000000, 0.2049999999999990163 ) ) ;
#394 = DIRECTION ( 'NONE',  ( -0.000000000000000000, -0.7071067811865505703, -0.7071067811865444641 ) ) ;
#395 = FACE_OUTER_BOUND ( 'NONE', #3495, .T. ) ;
#396 = VECTOR ( 'NONE', #844, 1000.000000000000000 ) ;
#398 = ORIENTED_EDGE ( 'NONE', *, *, #3711, .F. ) ;
#397 = CARTESIAN_POINT ( 'NONE',  ( 6.260000000000009557, -3.450000000000000178, 0.000000000000000000 ) ) ;
#399 = VECTOR ( 'NONE', #2611, 1000.000000000000000 ) ;
#400 = ORIENTED_EDGE ( 'NONE', *, *, #3422, .T. ) ;
#401 = FACE_OUTER_BOUND ( 'NONE', #258, .T. ) ;
#402 = VERTEX_POINT ( 'NONE', #3648 ) ;
#403 = CARTESIAN_POINT ( 'NONE',  ( 5.903768110025858107, 7.000000000000000000, 2.074999999999999289 ) ) ;
#404 = VERTEX_POINT ( 'NONE', #948 ) ;
#405 = EDGE_LOOP ( 'NONE', ( #118, #3671, #2913, #2218 ) ) ;
#406 = LINE ( 'NONE', #1035, #2206 ) ;
#407 = ORIENTED_EDGE ( 'NONE', *, *, #2998, .F. ) ;
#408 = EDGE_CURVE ( 'NONE', #989, #1367, #3354, .T. ) ;
#409 = EDGE_CURVE ( 'NONE', #1732, #2752, #1574, .T. ) ;
#410 = PLANE ( 'NONE',  #3481 ) ;
#411 = FACE_OUTER_BOUND ( 'NONE', #1587, .T. ) ;
#412 = DIRECTION ( 'NONE',  ( 0.000000000000000000, 0.000000000000000000, -1.000000000000000000 ) ) ;
#413 = PLANE ( 'NONE',  #702 ) ;
#415 = EDGE_LOOP ( 'NONE', ( #86, #916, #1948, #2123 ) ) ;
#414 = CARTESIAN_POINT ( 'NONE',  ( 8.770000000000004903, 7.000000000000000000, -2.875000000000000888 ) ) ;
#416 = ORIENTED_EDGE ( 'NONE', *, *, #2965, .F. ) ;
#417 = FACE_BOUND ( 'NONE', #1270, .T. ) ;
#418 = ORIENTED_EDGE ( 'NONE', *, *, #2964, .F. ) ;
#419 = PLANE ( 'NONE',  #961 ) ;
#420 = ORIENTED_EDGE ( 'NONE', *, *, #699, .F. ) ;
#421 = DIRECTION ( 'NONE',  ( 0.000000000000000000, 0.000000000000000000, -1.000000000000000000 ) ) ;
#422 = ORIENTED_EDGE ( 'NONE', *, *, #311, .F. ) ;
#423 = LINE ( 'NONE', #2277, #1844 ) ;
#424 = CARTESIAN_POINT ( 'NONE',  ( -7.969999999999994422, 7.000000000000000000, 1.946917228565423041 ) ) ;
#425 = FACE_OUTER_BOUND ( 'NONE', #3858, .T. ) ;
#426 = DIRECTION ( 'NONE',  ( 1.000000000000000000, -0.000000000000000000, 0.000000000000000000 ) ) ;
#427 = EDGE_CURVE ( 'NONE', #3079, #83, #688, .T. ) ;
#428 = EDGE_CURVE ( 'NONE', #2766, #714, #2539, .T. ) ;
#430 = ORIENTED_EDGE ( 'NONE', *, *, #2214, .T. ) ;
#429 = CARTESIAN_POINT ( 'NONE',  ( 1.420000000000003704, -3.450000000000000178, 0.8449999999999990852 ) ) ;
#431 = VERTEX_POINT ( 'NONE', #1448 ) ;
#432 = CARTESIAN_POINT ( 'NONE',  ( -1.559999999999993614, 6.550000000000000711, 0.8449999999999990852 ) ) ;
#433 = ORIENTED_EDGE ( 'NONE', *, *, #3065, .F. ) ;
#434 = EDGE_CURVE ( 'NONE', #1822, #2345, #2013, .T. ) ;
#435 = LINE ( 'NONE', #100, #1024 ) ;
#436 = ORIENTED_EDGE ( 'NONE', *, *, #3574, .F. ) ;
#437 = CARTESIAN_POINT ( 'NONE',  ( 6.770000000000004903, 6.728922615252661110, -2.876000000000000778 ) ) ;
#438 = ORIENTED_EDGE ( 'NONE', *, *, #481, .T. ) ;
#439 = VECTOR ( 'NONE', #1295, 1000.000000000000000 ) ;
#440 = AXIS2_PLACEMENT_3D ( 'NONE', #251, #917, #3025 ) ;
#441 = CARTESIAN_POINT ( 'NONE',  ( 8.770000000000004903, 7.000000000000000000, -2.875000000000000888 ) ) ;
#442 = VECTOR ( 'NONE', #571, 1000.000000000000000 ) ;
#443 = VECTOR ( 'NONE', #1169, 1000.000000000000000 ) ;
#444 = DIRECTION ( 'NONE',  ( 0.000000000000000000, 0.000000000000000000, -1.000000000000000000 ) ) ;
#445 = FACE_OUTER_BOUND ( 'NONE', #692, .T. ) ;
#446 = CARTESIAN_POINT ( 'NONE',  ( -4.099999999999994316, 0.8000000000000000444, 0.8449999999999990852 ) ) ;
#447 = VECTOR ( 'NONE', #1141, 1000.000000000000000 ) ;
#448 = VECTOR ( 'NONE', #1678, 1000.000000000000114 ) ;
#449 = CARTESIAN_POINT ( 'NONE',  ( -4.099999999999994316, -3.249999999999996891, 0.8449999999999990852 ) ) ;
#451 = ORIENTED_EDGE ( 'NONE', *, *, #657, .T. ) ;
#450 = DIRECTION ( 'NONE',  ( -1.000000000000000000, 0.000000000000000000, 0.000000000000000000 ) ) ;
#452 = VECTOR ( 'NONE', #377, 1000.000000000000000 ) ;
#453 = VERTEX_POINT ( 'NONE', #3262 ) ;
#454 = CARTESIAN_POINT ( 'NONE',  ( -3.459999999999993747, -3.249999999999996891, 0.8449999999999990852 ) ) ;
#455 = LINE ( 'NONE', #172, #891 ) ;
#456 = ORIENTED_EDGE ( 'NONE', *, *, #632, .F. ) ;
#457 = VECTOR ( 'NONE', #971, 1000.000000000000000 ) ;
#458 = EDGE_CURVE ( 'NONE', #3472, #36, #1725, .T. ) ;
#459 = DIRECTION ( 'NONE',  ( 0.5773502691896245098, -0.5773502691896281735, 0.5773502691896245098 ) ) ;
#460 = EDGE_CURVE ( 'NONE', #1971, #1223, #1133, .T. ) ;
#461 = ORIENTED_EDGE ( 'NONE', *, *, #3566, .F. ) ;
#462 = DIRECTION ( 'NONE',  ( -1.000000000000000000, 0.000000000000000000, 0.000000000000000000 ) ) ;
#463 = ORIENTED_EDGE ( 'NONE', *, *, #2806, .T. ) ;
#464 = DIRECTION ( 'NONE',  ( -0.000000000000000000, -0.7071067811865505703, -0.7071067811865444641 ) ) ;
#465 = DIRECTION ( 'NONE',  ( 0.000000000000000000, 0.000000000000000000, -1.000000000000000000 ) ) ;
#466 = CARTESIAN_POINT ( 'NONE',  ( 6.060000000000007603, -3.450000000000000178, 0.6449999999999967981 ) ) ;
#467 = LINE ( 'NONE', #1376, #2409 ) ;
#469 = EDGE_LOOP ( 'NONE', ( #737, #616, #977, #3843 ) ) ;
#468 = CARTESIAN_POINT ( 'NONE',  ( -7.969999999999994422, 7.000000000000000000, -2.075000000000001066 ) ) ;
#470 = ORIENTED_EDGE ( 'NONE', *, *, #3181, .T. ) ;
#471 = DIRECTION ( 'NONE',  ( 0.7071067811865444641, -0.7071067811865505703, 0.000000000000000000 ) ) ;
#472 = DIRECTION ( 'NONE',  ( 1.000000000000000000, -0.000000000000000000, -0.000000000000000000 ) ) ;
#473 = ORIENTED_EDGE ( 'NONE', *, *, #528, .T. ) ;
#474 = CARTESIAN_POINT ( 'NONE',  ( 1.420000000000005480, 6.750000000000000000, 0.000000000000000000 ) ) ;
#475 = DIRECTION ( 'NONE',  ( -0.000000000000000000, 1.000000000000000000, -0.000000000000000000 ) ) ;
#476 = ORIENTED_EDGE ( 'NONE', *, *, #3856, .F. ) ;
#477 = EDGE_CURVE ( 'NONE', #1198, #1261, #3518, .T. ) ;
#478 = EDGE_CURVE ( 'NONE', #2868, #2549, #876, .T. ) ;
#479 = FACE_OUTER_BOUND ( 'NONE', #405, .T. ) ;
#480 = ORIENTED_EDGE ( 'NONE', *, *, #3464, .F. ) ;
#481 = EDGE_CURVE ( 'NONE', #3579, #1223, #584, .T. ) ;
#482 = DIRECTION ( 'NONE',  ( 1.000000000000000000, 0.000000000000000000, 0.000000000000000000 ) ) ;
#483 = CARTESIAN_POINT ( 'NONE',  ( 6.060000000000007603, 6.750000000000000000, 0.2049999999999990163 ) ) ;
#484 = PLANE ( 'NONE',  #3222 ) ;
#485 = LINE ( 'NONE', #2895, #1081 ) ;
#487 = ORIENTED_EDGE ( 'NONE', *, *, #3883, .F. ) ;
#486 = CARTESIAN_POINT ( 'NONE',  ( -7.969999999999994422, 7.000000000000000000, -2.075000000000001066 ) ) ;
#488 = ORIENTED_EDGE ( 'NONE', *, *, #896, .F. ) ;
#489 = CARTESIAN_POINT ( 'NONE',  ( -6.769999999999995133, 7.000000000000000000, 2.874999999999999112 ) ) ;
#490 = LINE ( 'NONE', #2901, #2585 ) ;
#491 = ORIENTED_EDGE ( 'NONE', *, *, #611, .F. ) ;
#492 = DIRECTION ( 'NONE',  ( 1.000000000000000000, 0.000000000000000000, 0.000000000000000000 ) ) ;
#493 = LINE ( 'NONE', #856, #1530 ) ;
#494 = EDGE_CURVE ( 'NONE', #3363, #1726, #1356, .T. ) ;
#495 = EDGE_CURVE ( 'NONE', #775, #1873, #3225, .T. ) ;
#496 = FACE_OUTER_BOUND ( 'NONE', #2772, .T. ) ;
#497 = ORIENTED_EDGE ( 'NONE', *, *, #2806, .F. ) ;
#498 = LINE ( 'NONE', #164, #3610 ) ;
#499 = ADVANCED_FACE ( 'NONE', ( #445 ), #2072, .F. ) ;
#500 = ADVANCED_FACE ( 'NONE', ( #2356 ), #558, .T. ) ;
#501 = AXIS2_PLACEMENT_3D ( 'NONE', #2573, #3699, #3758 ) ;
#502 = CARTESIAN_POINT ( 'NONE',  ( 6.700000000000007283, -3.249999999999996891, 0.2049999999999990163 ) ) ;
#503 = CARTESIAN_POINT ( 'NONE',  ( -4.099999999999994316, 6.750000000000000000, 0.8449999999999990852 ) ) ;
#504 = AXIS2_PLACEMENT_3D ( 'NONE', #3416, #1933, #2546 ) ;
#505 = CARTESIAN_POINT ( 'NONE',  ( 4.160000000000006359, -3.249999999999996891, 0.8449999999999990852 ) ) ;
#506 = VECTOR ( 'NONE', #2288, 1000.000000000000000 ) ;
#508 = ORIENTED_EDGE ( 'NONE', *, *, #2919, .T. ) ;
#507 = DIRECTION ( 'NONE',  ( 0.7071067811865495711, 0.7071067811865455743, 0.000000000000000000 ) ) ;
#509 = DIRECTION ( 'NONE',  ( 1.000000000000000000, 0.000000000000000000, 0.000000000000000000 ) ) ;
#510 = EDGE_LOOP ( 'NONE', ( #2872, #1364, #2973, #3654 ) ) ;
#511 = DIRECTION ( 'NONE',  ( 0.000000000000000000, -1.000000000000000000, 0.000000000000000000 ) ) ;
#512 = DIRECTION ( 'NONE',  ( -1.000000000000000000, -0.000000000000000000, -0.000000000000000000 ) ) ;
#513 = VERTEX_POINT ( 'NONE', #3540 ) ;
#514 = VECTOR ( 'NONE', #183, 1000.000000000000000 ) ;
#515 = VECTOR ( 'NONE', #3024, 1000.000000000000000 ) ;
#516 = FACE_OUTER_BOUND ( 'NONE', #3708, .T. ) ;
#517 = VECTOR ( 'NONE', #3000, 1000.000000000000227 ) ;
#518 = LINE ( 'NONE', #1723, #2659 ) ;
#519 = AXIS2_PLACEMENT_3D ( 'NONE', #686, #2761, #52 ) ;
#520 = AXIS2_PLACEMENT_3D ( 'NONE', #1383, #2352, #3828 ) ;
#521 = DIRECTION ( 'NONE',  ( 0.000000000000000000, -0.000000000000000000, 1.000000000000000000 ) ) ;
#522 = LINE ( 'NONE', #126, #3851 ) ;
#523 = ORIENTED_EDGE ( 'NONE', *, *, #1664, .F. ) ;
#524 = PLANE ( 'NONE',  #133 ) ;
#525 = DIRECTION ( 'NONE',  ( 0.000000000000000000, 0.7071067811865452413, -0.7071067811865497932 ) ) ;
#526 = CARTESIAN_POINT ( 'NONE',  ( 4.160000000000006359, -3.450000000000000178, 0.4050000000000013034 ) ) ;
#527 = EDGE_CURVE ( 'NONE', #101, #1258, #522, .T. ) ;
#528 = EDGE_CURVE ( 'NONE', #2188, #2405, #840, .T. ) ;
#529 = CARTESIAN_POINT ( 'NONE',  ( 0.000000000000000000, 6.750000000000000000, 0.000000000000000000 ) ) ;
#531 = EDGE_LOOP ( 'NONE', ( #3751, #3137, #3597, #2247 ) ) ;
#530 = LINE ( 'NONE', #3211, #2475 ) ;
#532 = DIRECTION ( 'NONE',  ( 1.000000000000000000, 0.000000000000000000, 0.000000000000000000 ) ) ;
#533 = ORIENTED_EDGE ( 'NONE', *, *, #2292, .T. ) ;
#534 = CARTESIAN_POINT ( 'NONE',  ( 6.700000000000007283, 6.750000000000000000, 0.8449999999999990852 ) ) ;
#535 = DIRECTION ( 'NONE',  ( -0.5773502691896245098, 0.5773502691896281735, 0.5773502691896245098 ) ) ;
#536 = EDGE_CURVE ( 'NONE', #683, #2169, #1650, .T. ) ;
#537 = DIRECTION ( 'NONE',  ( -0.5773502691896273964, 0.5773502691896224004, 0.5773502691896273964 ) ) ;
#538 = DIRECTION ( 'NONE',  ( -0.000000000000000000, 1.000000000000000000, 0.000000000000000000 ) ) ;
#539 = LINE ( 'NONE', #1978, #3219 ) ;
#540 = DIRECTION ( 'NONE',  ( -1.000000000000000000, 0.000000000000000000, -0.000000000000000000 ) ) ;
#541 = VERTEX_POINT ( 'NONE', #223 ) ;
#542 = FACE_OUTER_BOUND ( 'NONE', #1714, .T. ) ;
#543 = CARTESIAN_POINT ( 'NONE',  ( 3.960000000000004405, -3.450000000000000178, 0.8449999999999990852 ) ) ;
#544 = CARTESIAN_POINT ( 'NONE',  ( 6.770000000000001350, 5.166308225495376938, 2.074999999999999734 ) ) ;
#545 = CARTESIAN_POINT ( 'NONE',  ( -6.769999999999995133, 5.166308225495386708, 2.874999999999999112 ) ) ;
#547 = VERTEX_POINT ( 'NONE', #3759 ) ;
#546 = DIRECTION ( 'NONE',  ( -1.000000000000000000, 0.000000000000000000, -0.000000000000000000 ) ) ;
#548 = PRODUCT_RELATED_PRODUCT_CATEGORY ( 'part', '', ( #606 ) ) ;
#549 = DIRECTION ( 'NONE',  ( -0.5773502691896245098, 0.5773502691896281735, 0.5773502691896245098 ) ) ;
#550 = ADVANCED_FACE ( 'NONE', ( #1431 ), #1115, .T. ) ;
#551 = DIRECTION ( 'NONE',  ( -0.5773502691896273964, 0.5773502691896224004, -0.5773502691896273964 ) ) ;
#552 = DIRECTION ( 'NONE',  ( 0.000000000000000000, 0.000000000000000000, -1.000000000000000000 ) ) ;
#553 = DIRECTION ( 'NONE',  ( -0.000000000000000000, 1.000000000000000000, 0.000000000000000000 ) ) ;
#554 = EDGE_CURVE ( 'NONE', #431, #2100, #3876, .T. ) ;
#555 = LINE ( 'NONE', #3535, #448 ) ;
#556 = DIRECTION ( 'NONE',  ( -1.000000000000000000, 0.000000000000000000, 0.000000000000000000 ) ) ;
#557 = CARTESIAN_POINT ( 'NONE',  ( -1.559999999999993614, 6.750000000000000000, 0.8449999999999990852 ) ) ;
#558 = PLANE ( 'NONE',  #576 ) ;
#559 = ORIENTED_EDGE ( 'NONE', *, *, #2480, .F. ) ;
#560 = ORIENTED_EDGE ( 'NONE', *, *, #1858, .F. ) ;
#561 = DIRECTION ( 'NONE',  ( -1.000000000000000000, 0.000000000000000000, 0.000000000000000000 ) ) ;
#562 = CARTESIAN_POINT ( 'NONE',  ( 6.700000000000007283, -3.450000000000000178, 0.4050000000000013034 ) ) ;
#563 =( NAMED_UNIT ( * ) SI_UNIT ( $, .STERADIAN. ) SOLID_ANGLE_UNIT ( ) );
#564 = PLANE ( 'NONE',  #3039 ) ;
#566 = ORIENTED_EDGE ( 'NONE', *, *, #1034, .F. ) ;
#565 = DIRECTION ( 'NONE',  ( -1.000000000000000000, 0.000000000000000000, -0.000000000000000000 ) ) ;
#567 = AXIS2_PLACEMENT_3D ( 'NONE', #3799, #845, #2954 ) ;
#568 = FACE_OUTER_BOUND ( 'NONE', #302, .T. ) ;
#569 = VERTEX_POINT ( 'NONE', #3833 ) ;
#570 = CARTESIAN_POINT ( 'NONE',  ( -5.903768110025848337, 4.300076335521239912, -2.876000000000000778 ) ) ;
#571 = DIRECTION ( 'NONE',  ( 1.000000000000000000, 0.000000000000000000, 0.000000000000000000 ) ) ;
#572 = VECTOR ( 'NONE', #2003, 1000.000000000000000 ) ;
#573 = VECTOR ( 'NONE', #3197, 1000.000000000000114 ) ;
#574 = FACE_OUTER_BOUND ( 'NONE', #1772, .T. ) ;
#575 = AXIS2_PLACEMENT_3D ( 'NONE', #3241, #3845, #1363 ) ;
#576 = AXIS2_PLACEMENT_3D ( 'NONE', #2556, #1941, #540 ) ;
#577 = ORIENTED_EDGE ( 'NONE', *, *, #1368, .F. ) ;
#578 = LINE ( 'NONE', #3305, #2732 ) ;
#579 = EDGE_CURVE ( 'NONE', #3531, #3205, #266, .T. ) ;
#580 = AXIS2_PLACEMENT_3D ( 'NONE', #2541, #1417, #2618 ) ;
#581 = ADVANCED_FACE ( 'NONE', ( #3895 ), #2695, .F. ) ;
#582 = AXIS2_PLACEMENT_3D ( 'NONE', #2159, #3367, #667 ) ;
#583 = AXIS2_PLACEMENT_3D ( 'NONE', #3816, #1980, #2833 ) ;
#584 = LINE ( 'NONE', #742, #2021 ) ;
#585 = ORIENTED_EDGE ( 'NONE', *, *, #2801, .F. ) ;
#586 = EDGE_CURVE ( 'NONE', #2543, #2283, #1491, .T. ) ;
#587 = ORIENTED_EDGE ( 'NONE', *, *, #3420, .T. ) ;
#588 = AXIS2_PLACEMENT_3D ( 'NONE', #372, #2167, #131 ) ;
#589 = LINE ( 'NONE', #1196, #3669 ) ;
#590 = LINE ( 'NONE', #2104, #2583 ) ;
#591 = EDGE_LOOP ( 'NONE', ( #3873, #3423, #153, #739 ) ) ;
#592 = PLANE ( 'NONE',  #823 ) ;
#593 = FACE_OUTER_BOUND ( 'NONE', #2672, .T. ) ;
#595 = ORIENTED_EDGE ( 'NONE', *, *, #794, .T. ) ;
#594 = DIRECTION ( 'NONE',  ( -0.000000000000000000, 0.000000000000000000, 1.000000000000000000 ) ) ;
#596 = DIRECTION ( 'NONE',  ( 0.000000000000000000, 0.000000000000000000, 1.000000000000000000 ) ) ;
#597 = EDGE_LOOP ( 'NONE', ( #50, #3286, #682, #1932 ) ) ;
#598 = CARTESIAN_POINT ( 'NONE',  ( -6.769999999999995133, 7.000000000000000000, -2.876000000000000778 ) ) ;
#599 = DIRECTION ( 'NONE',  ( -1.000000000000000000, 0.000000000000000000, 0.000000000000000000 ) ) ;
#601 = VERTEX_POINT ( 'NONE', #1991 ) ;
#600 = CARTESIAN_POINT ( 'NONE',  ( -4.099999999999994316, 6.750000000000000000, 0.8449999999999990852 ) ) ;
#602 = ORIENTED_EDGE ( 'NONE', *, *, #1161, .F. ) ;
#603 = DIRECTION ( 'NONE',  ( 0.000000000000000000, 0.000000000000000000, -1.000000000000000000 ) ) ;
#604 = ADVANCED_FACE ( 'NONE', ( #158 ), #1112, .T. ) ;
#605 = EDGE_CURVE ( 'NONE', #3031, #2260, #493, .T. ) ;
#606 = PRODUCT ( 'JST XH 6 S6B-XH-A1 shrouded header connector', 'JST XH 6 S6B-XH-A1 shrouded header connector', '', ( #1201 ) ) ;
#607 = ORIENTED_EDGE ( 'NONE', *, *, #1924, .F. ) ;
#608 = ORIENTED_EDGE ( 'NONE', *, *, #3545, .F. ) ;
#609 = LINE ( 'NONE', #3750, #452 ) ;
#610 = CARTESIAN_POINT ( 'NONE',  ( 1.180000000000006599, 6.750000000000000000, 0.4049999999999995270 ) ) ;
#611 = EDGE_CURVE ( 'NONE', #888, #2543, #3201, .T. ) ;
#612 = ORIENTED_EDGE ( 'NONE', *, *, #2330, .T. ) ;
#613 = CARTESIAN_POINT ( 'NONE',  ( -6.769999999999995133, 7.000000000000000000, -2.876000000000000778 ) ) ;
#614 = PLANE ( 'NONE',  #3536 ) ;
#616 = ORIENTED_EDGE ( 'NONE', *, *, #3685, .T. ) ;
#615 = LINE ( 'NONE', #2427, #2603 ) ;
#617 = CARTESIAN_POINT ( 'NONE',  ( -4.099999999999994316, 6.550000000000000711, 0.2049999999999990163 ) ) ;
#618 = VERTEX_POINT ( 'NONE', #2612 ) ;
#619 = CARTESIAN_POINT ( 'NONE',  ( 0.000000000000000000, -3.450000000000000178, 0.6449999999999967981 ) ) ;
#620 = CARTESIAN_POINT ( 'NONE',  ( -3.459999999999993747, 0.000000000000000000, 0.2049999999999990163 ) ) ;
#622 = ORIENTED_EDGE ( 'NONE', *, *, #2801, .T. ) ;
#621 = DIRECTION ( 'NONE',  ( -0.000000000000000000, 1.000000000000000000, 0.000000000000000000 ) ) ;
#623 = ORIENTED_EDGE ( 'NONE', *, *, #1495, .F. ) ;
#624 = FACE_OUTER_BOUND ( 'NONE', #2705, .T. ) ;
#625 = ORIENTED_EDGE ( 'NONE', *, *, #209, .F. ) ;
#626 = ORIENTED_EDGE ( 'NONE', *, *, #3709, .F. ) ;
#627 = EDGE_CURVE ( 'NONE', #547, #3441, #2310, .T. ) ;
#628 = DIRECTION ( 'NONE',  ( 0.000000000000000000, 1.000000000000000000, 0.000000000000000000 ) ) ;
#629 = ORIENTED_EDGE ( 'NONE', *, *, #235, .T. ) ;
#630 = DIRECTION ( 'NONE',  ( 0.000000000000000000, -0.000000000000000000, 1.000000000000000000 ) ) ;
#631 = EDGE_CURVE ( 'NONE', #101, #309, #3813, .T. ) ;
#632 = EDGE_CURVE ( 'NONE', #2883, #3823, #3829, .T. ) ;
#633 = DIRECTION ( 'NONE',  ( 1.000000000000000000, -0.000000000000000000, 0.000000000000000000 ) ) ;
#634 = DIRECTION ( 'NONE',  ( -0.000000000000000000, 1.000000000000000000, 0.000000000000000000 ) ) ;
#635 = LINE ( 'NONE', #3318, #2912 ) ;
#636 = FACE_BOUND ( 'NONE', #3652, .T. ) ;
#637 = CARTESIAN_POINT ( 'NONE',  ( -6.639999999999994351, 0.000000000000000000, 0.8449999999999990852 ) ) ;
#638 = EDGE_CURVE ( 'NONE', #3102, #3226, #3514, .T. ) ;
#640 = ORIENTED_EDGE ( 'NONE', *, *, #3692, .T. ) ;
#639 = DIRECTION ( 'NONE',  ( 0.000000000000000000, 0.000000000000000000, 1.000000000000000000 ) ) ;
#641 = ORIENTED_EDGE ( 'NONE', *, *, #1593, .T. ) ;
#642 = DIRECTION ( 'NONE',  ( 1.000000000000000000, 0.000000000000000000, 0.000000000000000000 ) ) ;
#643 = AXIS2_PLACEMENT_3D ( 'NONE', #3588, #2984, #1145 ) ;
#644 = VECTOR ( 'NONE', #3511, 1000.000000000000000 ) ;
#645 = ORIENTED_EDGE ( 'NONE', *, *, #1353, .F. ) ;
#646 = AXIS2_PLACEMENT_3D ( 'NONE', #284, #1173, #3874 ) ;
#647 = VECTOR ( 'NONE', #2055, 1000.000000000000000 ) ;
#648 = EDGE_LOOP ( 'NONE', ( #2, #2791, #2614, #159 ) ) ;
#649 = VECTOR ( 'NONE', #2178, 1000.000000000000000 ) ;
#650 = CARTESIAN_POINT ( 'NONE',  ( -6.639999999999994351, -3.250000000000000444, 0.8449999999999990852 ) ) ;
#651 = ORIENTED_EDGE ( 'NONE', *, *, #1754, .T. ) ;
#652 = AXIS2_PLACEMENT_3D ( 'NONE', #600, #3635, #1800 ) ;
#653 = CARTESIAN_POINT ( 'NONE',  ( -5.903768110025848337, 4.300076335521239912, 2.074999999999999734 ) ) ;
#654 = DIRECTION ( 'NONE',  ( 0.7071067811865497932, 0.7071067811865452413, 0.000000000000000000 ) ) ;
#655 = CARTESIAN_POINT ( 'NONE',  ( 6.617135548828095182, 6.576058164080752277, -2.876000000000000778 ) ) ;
#656 = DIRECTION ( 'NONE',  ( 0.000000000000000000, 0.000000000000000000, 1.000000000000000000 ) ) ;
#657 = EDGE_CURVE ( 'NONE', #2108, #1183, #555, .T. ) ;
#658 = EDGE_CURVE ( 'NONE', #860, #2560, #2907, .T. ) ;
#660 = VERTEX_POINT ( 'NONE', #199 ) ;
#659 = LINE ( 'NONE', #1466, #1280 ) ;
#661 = LINE ( 'NONE', #2767, #8 ) ;
#662 = LINE ( 'NONE', #1917, #62 ) ;
#663 = ORIENTED_EDGE ( 'NONE', *, *, #3155, .T. ) ;
#664 = ADVANCED_FACE ( 'NONE', ( #1411 ), #175, .F. ) ;
#665 = ORIENTED_EDGE ( 'NONE', *, *, #1617, .F. ) ;
#666 = ORIENTED_EDGE ( 'NONE', *, *, #1876, .F. ) ;
#667 = DIRECTION ( 'NONE',  ( -1.000000000000000000, 0.000000000000000000, -0.000000000000000000 ) ) ;
#668 = EDGE_LOOP ( 'NONE', ( #1985, #3601, #389, #1108 ) ) ;
#669 = DIRECTION ( 'NONE',  ( -0.000000000000000000, -0.000000000000000000, 1.000000000000000000 ) ) ;
#670 = DIRECTION ( 'NONE',  ( 0.000000000000000000, 0.000000000000000000, -1.000000000000000000 ) ) ;
#671 = PLANE ( 'NONE',  #129 ) ;
#672 = CARTESIAN_POINT ( 'NONE',  ( -0.7466666666666655905, -3.076666666666667549, 0.03166666666667088820 ) ) ;
#673 = ADVANCED_FACE ( 'NONE', ( #2645 ), #2053, .T. ) ;
#675 = ORIENTED_EDGE ( 'NONE', *, *, #2011, .F. ) ;
#674 = CARTESIAN_POINT ( 'NONE',  ( 8.770000000000004903, 7.000000000000000000, 2.874999999999999112 ) ) ;
#676 = ADVANCED_FACE ( 'NONE', ( #2009 ), #1153, .T. ) ;
#677 = ORIENTED_EDGE ( 'NONE', *, *, #1494, .F. ) ;
#678 = DIRECTION ( 'NONE',  ( 0.000000000000000000, -0.000000000000000000, 1.000000000000000000 ) ) ;
#679 = VERTEX_POINT ( 'NONE', #3769 ) ;
#680 = PLANE ( 'NONE',  #2662 ) ;
#681 = EDGE_CURVE ( 'NONE', #1540, #2560, #518, .T. ) ;
#682 = ORIENTED_EDGE ( 'NONE', *, *, #3115, .T. ) ;
#683 = VERTEX_POINT ( 'NONE', #2328 ) ;
#684 = DIRECTION ( 'NONE',  ( 0.000000000000000000, -0.7071067811865452413, 0.7071067811865497932 ) ) ;
#685 = VERTEX_POINT ( 'NONE', #2885 ) ;
#686 = CARTESIAN_POINT ( 'NONE',  ( 0.000000000000000000, -3.450000000000000178, 0.4050000000000013034 ) ) ;
#687 = DIRECTION ( 'NONE',  ( 1.000000000000000000, 0.000000000000000000, 0.000000000000000000 ) ) ;
#688 = LINE ( 'NONE', #3094, #3789 ) ;
#689 = FACE_OUTER_BOUND ( 'NONE', #2899, .T. ) ;
#691 = ORIENTED_EDGE ( 'NONE', *, *, #1972, .F. ) ;
#690 = FACE_OUTER_BOUND ( 'NONE', #2569, .T. ) ;
#692 = EDGE_LOOP ( 'NONE', ( #2685, #735, #2994, #3010 ) ) ;
#693 = CARTESIAN_POINT ( 'NONE',  ( 4.160000000000006359, 6.750000000000000000, 0.8449999999999990852 ) ) ;
#694 = VERTEX_POINT ( 'NONE', #1429 ) ;
#695 = DIRECTION ( 'NONE',  ( 0.000000000000000000, 0.000000000000000000, -1.000000000000000000 ) ) ;
#696 = AXIS2_PLACEMENT_3D ( 'NONE', #1543, #2747, #1248 ) ;
#697 = ORIENTED_EDGE ( 'NONE', *, *, #3306, .F. ) ;
#698 = ADVANCED_FACE ( 'NONE', ( #2629 ), #1095, .T. ) ;
#699 = EDGE_CURVE ( 'NONE', #3109, #2100, #2268, .T. ) ;
#700 = AXIS2_PLACEMENT_3D ( 'NONE', #1681, #1370, #1412 ) ;
#701 = VERTEX_POINT ( 'NONE', #1232 ) ;
#702 = AXIS2_PLACEMENT_3D ( 'NONE', #1913, #3684, #1870 ) ;
#703 = LINE ( 'NONE', #1610, #5 ) ;
#704 = VECTOR ( 'NONE', #1337, 1000.000000000000000 ) ;
#705 = ORIENTED_EDGE ( 'NONE', *, *, #1787, .F. ) ;
#706 = VECTOR ( 'NONE', #2637, 1000.000000000000000 ) ;
#707 = FACE_OUTER_BOUND ( 'NONE', #1863, .T. ) ;
#708 = VECTOR ( 'NONE', #2743, 1000.000000000000000 ) ;
#709 = CARTESIAN_POINT ( 'NONE',  ( 3.520000000000006679, 6.750000000000000000, 0.8449999999999990852 ) ) ;
#710 = DIRECTION ( 'NONE',  ( 0.000000000000000000, -1.000000000000000000, 0.000000000000000000 ) ) ;
#711 = CARTESIAN_POINT ( 'NONE',  ( -1.559999999999993614, -3.249999999999996891, 0.2049999999999990163 ) ) ;
#712 = VECTOR ( 'NONE', #976, 1000.000000000000000 ) ;
#714 = VERTEX_POINT ( 'NONE', #1558 ) ;
#713 = CARTESIAN_POINT ( 'NONE',  ( 1.620000000000005880, 0.8000000000000003775, 0.2049999999999990163 ) ) ;
#715 = AXIS2_PLACEMENT_3D ( 'NONE', #1032, #2508, #1935 ) ;
#716 = ORIENTED_EDGE ( 'NONE', *, *, #2628, .T. ) ;
#717 = DIRECTION ( 'NONE',  ( 0.000000000000000000, 0.000000000000000000, 1.000000000000000000 ) ) ;
#718 = ORIENTED_EDGE ( 'NONE', *, *, #1408, .F. ) ;
#719 = AXIS2_PLACEMENT_3D ( 'NONE', #1771, #1231, #1247 ) ;
#720 = PLANE ( 'NONE',  #3672 ) ;
#721 = ORIENTED_EDGE ( 'NONE', *, *, #1704, .T. ) ;
#722 = EDGE_CURVE ( 'NONE', #2491, #694, #1815, .T. ) ;
#723 = EDGE_CURVE ( 'NONE', #792, #3165, #2482, .T. ) ;
#724 = CARTESIAN_POINT ( 'NONE',  ( -3.459999999999993747, 6.750000000000000000, 0.8449999999999990852 ) ) ;
#725 = EDGE_LOOP ( 'NONE', ( #924, #2110, #3459, #2263 ) ) ;
#726 = FACE_OUTER_BOUND ( 'NONE', #914, .T. ) ;
#727 = ADVANCED_FACE ( 'NONE', ( #915 ), #2162, .T. ) ;
#728 = PLANE ( 'NONE',  #501 ) ;
#729 = LINE ( 'NONE', #2180, #2403 ) ;
#730 = DIRECTION ( 'NONE',  ( -0.000000000000000000, 0.000000000000000000, 1.000000000000000000 ) ) ;
#732 = EDGE_LOOP ( 'NONE', ( #754, #3492, #1401, #1621 ) ) ;
#731 = CARTESIAN_POINT ( 'NONE',  ( -3.899999999999991918, -3.450000000000000178, 0.000000000000000000 ) ) ;
#733 = CARTESIAN_POINT ( 'NONE',  ( 6.700000000000007283, 6.750000000000000000, 0.8449999999999990852 ) ) ;
#734 = CARTESIAN_POINT ( 'NONE',  ( 0.000000000000000000, 6.750000000000000000, 0.6449999999999985745 ) ) ;
#735 = ORIENTED_EDGE ( 'NONE', *, *, #2307, .T. ) ;
#736 = FACE_OUTER_BOUND ( 'NONE', #531, .T. ) ;
#737 = ORIENTED_EDGE ( 'NONE', *, *, #1858, .T. ) ;
#738 = DIRECTION ( 'NONE',  ( 0.000000000000000000, 0.000000000000000000, 1.000000000000000000 ) ) ;
#739 = ORIENTED_EDGE ( 'NONE', *, *, #2571, .F. ) ;
#740 = LINE ( 'NONE', #2572, #1152 ) ;
#741 = DIRECTION ( 'NONE',  ( 0.000000000000000000, 0.000000000000000000, -1.000000000000000000 ) ) ;
#742 = CARTESIAN_POINT ( 'NONE',  ( -6.639999999999994351, 6.550000000000002487, 0.8449999999999990852 ) ) ;
#743 = LINE ( 'NONE', #3488, #3602 ) ;
#744 = EDGE_CURVE ( 'NONE', #683, #1822, #1573, .T. ) ;
#745 = EDGE_CURVE ( 'NONE', #3319, #2301, #2428, .T. ) ;
#746 = CYLINDRICAL_SURFACE ( 'NONE', #2589, 0.8662318899741467959 ) ;
#748 = ORIENTED_EDGE ( 'NONE', *, *, #3804, .F. ) ;
#747 = DIRECTION ( 'NONE',  ( 0.000000000000000000, 0.000000000000000000, -1.000000000000000000 ) ) ;
#749 = EDGE_LOOP ( 'NONE', ( #3554, #3177, #1655, #1519 ) ) ;
#750 = CARTESIAN_POINT ( 'NONE',  ( -4.099999999999994316, 6.550000000000000711, 0.8449999999999990852 ) ) ;
#751 = LINE ( 'NONE', #2581, #1140 ) ;
#752 = ORIENTED_EDGE ( 'NONE', *, *, #1420, .T. ) ;
#753 = PLANE ( 'NONE',  #715 ) ;
#754 = ORIENTED_EDGE ( 'NONE', *, *, #1242, .F. ) ;
#755 = FACE_OUTER_BOUND ( 'NONE', #2830, .T. ) ;
#756 = ORIENTED_EDGE ( 'NONE', *, *, #112, .F. ) ;
#757 = AXIS2_PLACEMENT_3D ( 'NONE', #828, #3868, #1773 ) ;
#758 = VECTOR ( 'NONE', #3510, 1000.000000000000114 ) ;
#759 = PLANE ( 'NONE',  #583 ) ;
#760 = AXIS2_PLACEMENT_3D ( 'NONE', #1442, #810, #1950 ) ;
#761 = AXIS2_PLACEMENT_3D ( 'NONE', #1366, #3850, #813 ) ;
#762 = DIRECTION ( 'NONE',  ( -0.5773502691896245098, 0.5773502691896281735, 0.5773502691896245098 ) ) ;
#763 = LINE ( 'NONE', #466, #514 ) ;
#764 = VECTOR ( 'NONE', #2081, 1000.000000000000000 ) ;
#765 = CIRCLE ( 'NONE', #2394, 0.7539044080675718629 ) ;
#766 = DIRECTION ( 'NONE',  ( -1.000000000000000000, 0.000000000000000000, 0.000000000000000000 ) ) ;
#768 = ORIENTED_EDGE ( 'NONE', *, *, #1109, .T. ) ;
#767 = LINE ( 'NONE', #3002, #3485 ) ;
#769 = ADVANCED_FACE ( 'NONE', ( #3632 ), #932, .F. ) ;
#770 = VECTOR ( 'NONE', #3698, 1000.000000000000000 ) ;
#771 = EDGE_CURVE ( 'NONE', #173, #951, #635, .T. ) ;
#772 = ORIENTED_EDGE ( 'NONE', *, *, #218, .T. ) ;
#773 = CARTESIAN_POINT ( 'NONE',  ( 6.770000000000004903, 6.999999999999989342, 2.874999999999999112 ) ) ;
#774 = CARTESIAN_POINT ( 'NONE',  ( -8.769999999999994245, 7.000000000000000000, 2.874999999999999112 ) ) ;
#775 = VERTEX_POINT ( 'NONE', #3042 ) ;
#776 = AXIS2_PLACEMENT_3D ( 'NONE', #187, #787, #2878 ) ;
#777 = DIRECTION ( 'NONE',  ( -0.000000000000000000, 0.000000000000000000, 1.000000000000000000 ) ) ;
#778 = ADVANCED_FACE ( 'NONE', ( #2127 ), #53, .F. ) ;
#779 = CARTESIAN_POINT ( 'NONE',  ( 0.000000000000000000, 0.8000000000000000444, 0.8449999999999990852 ) ) ;
#780 = ORIENTED_EDGE ( 'NONE', *, *, #3349, .T. ) ;
#781 = PLANE ( 'NONE',  #2266 ) ;
#782 = EDGE_LOOP ( 'NONE', ( #321, #2175, #1608, #3767 ) ) ;
#783 = DIRECTION ( 'NONE',  ( 1.000000000000000000, 0.000000000000000000, -0.000000000000000000 ) ) ;
#784 = CARTESIAN_POINT ( 'NONE',  ( 1.620000000000005880, 6.550000000000000711, 0.2049999999999990163 ) ) ;
#785 = LINE ( 'NONE', #1416, #2019 ) ;
#786 = DIRECTION ( 'NONE',  ( 0.5773502691896245098, -0.5773502691896281735, 0.5773502691896245098 ) ) ;
#788 = ORIENTED_EDGE ( 'NONE', *, *, #3908, .F. ) ;
#787 = DIRECTION ( 'NONE',  ( -0.7071067811865444641, -0.7071067811865505703, 0.000000000000000000 ) ) ;
#789 = ORIENTED_EDGE ( 'NONE', *, *, #631, .T. ) ;
#790 = FACE_OUTER_BOUND ( 'NONE', #1920, .T. ) ;
#791 = DIRECTION ( 'NONE',  ( -0.000000000000000000, -1.000000000000000000, -0.000000000000000000 ) ) ;
#792 = VERTEX_POINT ( 'NONE', #1868 ) ;
#793 = EDGE_CURVE ( 'NONE', #2085, #1413, #3075, .T. ) ;
#794 = EDGE_CURVE ( 'NONE', #3541, #3384, #369, .T. ) ;
#795 = PLANE ( 'NONE',  #1470 ) ;
#796 = CARTESIAN_POINT ( 'NONE',  ( 0.9800000000000060885, 0.8000000000000000444, 0.000000000000000000 ) ) ;
#797 = EDGE_CURVE ( 'NONE', #1176, #2038, #72, .T. ) ;
#798 = EDGE_CURVE ( 'NONE', #309, #1915, #338, .T. ) ;
#799 = LINE ( 'NONE', #839, #1072 ) ;
#800 = EDGE_LOOP ( 'NONE', ( #2862, #418, #2502, #1744 ) ) ;
#801 = FACE_OUTER_BOUND ( 'NONE', #2133, .T. ) ;
#802 = CARTESIAN_POINT ( 'NONE',  ( 5.903768110025854554, 5.166308225495377826, 2.874999999999999112 ) ) ;
#803 = CARTESIAN_POINT ( 'NONE',  ( -1.359999999999993214, 6.750000000000000000, 0.6449999999999985745 ) ) ;
#804 = CARTESIAN_POINT ( 'NONE',  ( -1.559999999999993614, 6.550000000000000711, 0.2049999999999990163 ) ) ;
#806 = ORIENTED_EDGE ( 'NONE', *, *, #1992, .F. ) ;
#805 = DIRECTION ( 'NONE',  ( 0.000000000000000000, -1.000000000000000000, 0.000000000000000000 ) ) ;
#807 = DIRECTION ( 'NONE',  ( 0.000000000000000000, 0.000000000000000000, -1.000000000000000000 ) ) ;
#808 = ORIENTED_EDGE ( 'NONE', *, *, #111, .F. ) ;
#809 = DIRECTION ( 'NONE',  ( -0.5773502691896273964, -0.5773502691896224004, 0.5773502691896273964 ) ) ;
#810 = DIRECTION ( 'NONE',  ( 0.000000000000000000, 0.000000000000000000, 1.000000000000000000 ) ) ;
#811 = EDGE_LOOP ( 'NONE', ( #68, #2439, #1028, #3576 ) ) ;
#812 = CARTESIAN_POINT ( 'NONE',  ( -7.969999999999994422, 7.000000000000000000, 1.193012820497851401 ) ) ;
#813 = DIRECTION ( 'NONE',  ( 1.000000000000000000, 0.000000000000000000, 0.000000000000000000 ) ) ;
#814 = EDGE_CURVE ( 'NONE', #3189, #1540, #3682, .T. ) ;
#815 = DIRECTION ( 'NONE',  ( -1.000000000000000000, 0.000000000000000000, 0.000000000000000000 ) ) ;
#816 = CARTESIAN_POINT ( 'NONE',  ( -1.334999999999993969, -3.665000000000000036, 0.4299999999999988276 ) ) ;
#817 = EDGE_CURVE ( 'NONE', #2880, #2085, #23, .T. ) ;
#818 = VERTEX_POINT ( 'NONE', #1797 ) ;
#819 = DIRECTION ( 'NONE',  ( 1.000000000000000000, 0.000000000000000000, 0.000000000000000000 ) ) ;
#820 = VECTOR ( 'NONE', #3244, 1000.000000000000000 ) ;
#821 = DIRECTION ( 'NONE',  ( 0.000000000000000000, 0.000000000000000000, -1.000000000000000000 ) ) ;
#822 = CARTESIAN_POINT ( 'NONE',  ( 6.060000000000007603, 0.000000000000000000, 0.2049999999999990163 ) ) ;
#823 = AXIS2_PLACEMENT_3D ( 'NONE', #613, #2978, #245 ) ;
#824 = CARTESIAN_POINT ( 'NONE',  ( -6.639999999999994351, -3.250000000000000444, 0.2049999999999990163 ) ) ;
#825 = VECTOR ( 'NONE', #2031, 1000.000000000000114 ) ;
#827 = ORIENTED_EDGE ( 'NONE', *, *, #2943, .F. ) ;
#826 = LINE ( 'NONE', #1731, #337 ) ;
#828 = CARTESIAN_POINT ( 'NONE',  ( -1.359999999999991438, -3.450000000000000178, 0.000000000000000000 ) ) ;
#829 = ORIENTED_EDGE ( 'NONE', *, *, #2828, .F. ) ;
#830 = LINE ( 'NONE', #154, #758 ) ;
#831 = DIRECTION ( 'NONE',  ( 1.000000000000000000, 0.000000000000000000, 0.000000000000000000 ) ) ;
#832 = VECTOR ( 'NONE', #791, 1000.000000000000000 ) ;
#833 = VECTOR ( 'NONE', #3147, 1000.000000000000227 ) ;
#834 = DIRECTION ( 'NONE',  ( 0.000000000000000000, -1.000000000000000000, 0.000000000000000000 ) ) ;
#835 = AXIS2_PLACEMENT_3D ( 'NONE', #2724, #1436, #19 ) ;
#836 = DIRECTION ( 'NONE',  ( 1.000000000000000000, 0.000000000000000000, 0.000000000000000000 ) ) ;
#837 = VECTOR ( 'NONE', #2141, 1000.000000000000000 ) ;
#838 = VECTOR ( 'NONE', #168, 1000.000000000000000 ) ;
#839 = CARTESIAN_POINT ( 'NONE',  ( 6.060000000000007603, 6.550000000000000711, 0.2049999999999990163 ) ) ;
#840 = LINE ( 'NONE', #3560, #2529 ) ;
#841 = ORIENTED_EDGE ( 'NONE', *, *, #681, .T. ) ;
#842 = ADVANCED_FACE ( 'NONE', ( #297 ), #2461, .F. ) ;
#843 = ADVANCED_FACE ( 'NONE', ( #1504 ), #3353, .T. ) ;
#844 = DIRECTION ( 'NONE',  ( 0.000000000000000000, -1.000000000000000000, 0.000000000000000000 ) ) ;
#845 = DIRECTION ( 'NONE',  ( -1.000000000000000000, 1.285016683100711593E-15, 0.000000000000000000 ) ) ;
#846 = CARTESIAN_POINT ( 'NONE',  ( -8.769999999999994245, 7.000000000000000000, 1.193012820497851401 ) ) ;
#847 = EDGE_CURVE ( 'NONE', #685, #714, #3904, .T. ) ;
#848 = CARTESIAN_POINT ( 'NONE',  ( -4.099999999999994316, 6.550000000000000711, 0.8449999999999990852 ) ) ;
#850 = ORIENTED_EDGE ( 'NONE', *, *, #1479, .T. ) ;
#849 = PLANE ( 'NONE',  #1784 ) ;
#851 = PLANE ( 'NONE',  #253 ) ;
#852 = EDGE_LOOP ( 'NONE', ( #3393, #3071, #1866, #1512 ) ) ;
#853 = CARTESIAN_POINT ( 'NONE',  ( -6.639999999999994351, -3.250000000000000444, 0.8449999999999990852 ) ) ;
#854 = CARTESIAN_POINT ( 'NONE',  ( -6.639999999999994351, -3.250000000000000444, 0.2049999999999990163 ) ) ;
#855 = CARTESIAN_POINT ( 'NONE',  ( 0.000000000000000000, 6.750000000000000000, 0.000000000000000000 ) ) ;
#856 = CARTESIAN_POINT ( 'NONE',  ( 6.060000000000007603, 6.550000000000000711, 0.8449999999999990852 ) ) ;
#857 = CARTESIAN_POINT ( 'NONE',  ( -3.659999999999994369, 6.750000000000000000, 0.6449999999999985745 ) ) ;
#858 = DIRECTION ( 'NONE',  ( 0.000000000000000000, 0.000000000000000000, 1.000000000000000000 ) ) ;
#859 = ORIENTED_EDGE ( 'NONE', *, *, #2020, .F. ) ;
#860 = VERTEX_POINT ( 'NONE', #106 ) ;
#861 = DIRECTION ( 'NONE',  ( 0.000000000000000000, 0.000000000000000000, 1.000000000000000000 ) ) ;
#862 = DIRECTION ( 'NONE',  ( 0.000000000000000000, 0.000000000000000000, -1.000000000000000000 ) ) ;
#863 = DIRECTION ( 'NONE',  ( -0.5773502691896245098, -0.5773502691896281735, 0.5773502691896245098 ) ) ;
#864 = CARTESIAN_POINT ( 'NONE',  ( -3.659999999999996145, -3.450000000000000178, 0.4050000000000013034 ) ) ;
#866 = EDGE_LOOP ( 'NONE', ( #1947, #608, #305, #1692 ) ) ;
#865 = APPLICATION_PROTOCOL_DEFINITION ( 'draft international standard', 'automotive_design', 1998, #3186 ) ;
#867 = CARTESIAN_POINT ( 'NONE',  ( 5.903768110025858107, 6.999999999999991118, -2.876000000000000778 ) ) ;
#868 = ORIENTED_EDGE ( 'NONE', *, *, #632, .T. ) ;
#869 = CARTESIAN_POINT ( 'NONE',  ( 6.500000000000005329, -3.450000000000000178, 0.4050000000000013034 ) ) ;
#870 = DIRECTION ( 'NONE',  ( 0.000000000000000000, 0.000000000000000000, -1.000000000000000000 ) ) ;
#871 = ADVANCED_FACE ( 'NONE', ( #3720 ), #728, .T. ) ;
#872 = EDGE_CURVE ( 'NONE', #1061, #3291, #999, .T. ) ;
#873 = DIRECTION ( 'NONE',  ( -0.000000000000000000, -0.000000000000000000, 1.000000000000000000 ) ) ;
#874 = ORIENTED_EDGE ( 'NONE', *, *, #1397, .F. ) ;
#875 = LINE ( 'NONE', #2715, #3606 ) ;
#876 = LINE ( 'NONE', #3283, #2271 ) ;
#877 = VERTEX_POINT ( 'NONE', #1315 ) ;
#878 = ORIENTED_EDGE ( 'NONE', *, *, #1494, .T. ) ;
#879 = LINE ( 'NONE', #1177, #3356 ) ;
#880 = PLANE ( 'NONE',  #181 ) ;
#881 = VERTEX_POINT ( 'NONE', #1599 ) ;
#882 = DIRECTION ( 'NONE',  ( -1.000000000000000000, 0.000000000000000000, -0.000000000000000000 ) ) ;
#883 = LINE ( 'NONE', #3567, #1334 ) ;
#885 = ORIENTED_EDGE ( 'NONE', *, *, #1549, .F. ) ;
#884 = PLANE ( 'NONE',  #719 ) ;
#886 = AXIS2_PLACEMENT_3D ( 'NONE', #483, #3191, #1162 ) ;
#887 = PLANE ( 'NONE',  #643 ) ;
#888 = VERTEX_POINT ( 'NONE', #1355 ) ;
#889 = DIRECTION ( 'NONE',  ( 1.000000000000000000, 0.000000000000000000, 0.000000000000000000 ) ) ;
#890 = DIRECTION ( 'NONE',  ( 0.000000000000000000, 0.000000000000000000, 1.000000000000000000 ) ) ;
#891 = VECTOR ( 'NONE', #2928, 1000.000000000000000 ) ;
#892 = VECTOR ( 'NONE', #3889, 1000.000000000000000 ) ;
#893 = ADVANCED_FACE ( 'NONE', ( #2538 ), #1668, .T. ) ;
#895 = EDGE_LOOP ( 'NONE', ( #2171, #3368, #2511, #1590 ) ) ;
#894 = CARTESIAN_POINT ( 'NONE',  ( 6.700000000000007283, 6.750000000000000000, 0.2049999999999990163 ) ) ;
#896 = EDGE_CURVE ( 'NONE', #541, #3013, #1374, .T. ) ;
#897 = AXIS2_PLACEMENT_3D ( 'NONE', #1487, #1170, #918 ) ;
#898 = AXIS2_PLACEMENT_3D ( 'NONE', #1193, #2992, #285 ) ;
#899 = VERTEX_POINT ( 'NONE', #1911 ) ;
#900 = CARTESIAN_POINT ( 'NONE',  ( 3.946666666666672096, 6.763333333333333641, 0.4183333333333336124 ) ) ;
#901 = VECTOR ( 'NONE', #1200, 1000.000000000000000 ) ;
#902 = VECTOR ( 'NONE', #762, 1000.000000000000227 ) ;
#903 = ADVANCED_FACE ( 'NONE', ( #2875 ), #3130, .T. ) ;
#904 = VECTOR ( 'NONE', #1764, 1000.000000000000000 ) ;
#905 = EDGE_LOOP ( 'NONE', ( #99, #3144, #3673, #718 ) ) ;
#906 = EDGE_LOOP ( 'NONE', ( #2561, #3484, #3374, #3642 ) ) ;
#907 = VECTOR ( 'NONE', #985, 1000.000000000000000 ) ;
#908 = CARTESIAN_POINT ( 'NONE',  ( 1.205000000000005844, -3.665000000000000036, 0.4299999999999988276 ) ) ;
#909 = CARTESIAN_POINT ( 'NONE',  ( -1.119999999999996110, -3.450000000000000178, 0.000000000000000000 ) ) ;
#910 = ORIENTED_EDGE ( 'NONE', *, *, #1213, .F. ) ;
#911 = CARTESIAN_POINT ( 'NONE',  ( 3.720000000000009077, -3.450000000000000178, 0.4050000000000013034 ) ) ;
#912 = VECTOR ( 'NONE', #2726, 1000.000000000000114 ) ;
#913 = DIRECTION ( 'NONE',  ( -0.5773502691896273964, -0.5773502691896224004, 0.5773502691896273964 ) ) ;
#914 = EDGE_LOOP ( 'NONE', ( #2999, #3366, #622, #2441 ) ) ;
#915 = FACE_OUTER_BOUND ( 'NONE', #306, .T. ) ;
#916 = ORIENTED_EDGE ( 'NONE', *, *, #3552, .T. ) ;
#917 = DIRECTION ( 'NONE',  ( 0.000000000000000000, 1.000000000000000000, 0.000000000000000000 ) ) ;
#918 = DIRECTION ( 'NONE',  ( 0.000000000000000000, 0.000000000000000000, -1.000000000000000000 ) ) ;
#920 = VERTEX_POINT ( 'NONE', #2515 ) ;
#919 = LINE ( 'NONE', #1189, #3421 ) ;
#921 = EDGE_LOOP ( 'NONE', ( #2193, #3428, #3217, #3651 ) ) ;
#922 = LINE ( 'NONE', #304, #1588 ) ;
#923 = ADVANCED_FACE ( 'NONE', ( #1649 ), #2498, .T. ) ;
#924 = ORIENTED_EDGE ( 'NONE', *, *, #3443, .T. ) ;
#925 = EDGE_CURVE ( 'NONE', #2421, #1105, #3172, .T. ) ;
#926 = EDGE_CURVE ( 'NONE', #3823, #2957, #1614, .T. ) ;
#927 = ORIENTED_EDGE ( 'NONE', *, *, #3879, .T. ) ;
#928 = FACE_OUTER_BOUND ( 'NONE', #3561, .T. ) ;
#929 = ORIENTED_EDGE ( 'NONE', *, *, #481, .F. ) ;
#930 = DIRECTION ( 'NONE',  ( 0.000000000000000000, 0.000000000000000000, -1.000000000000000000 ) ) ;
#931 = DIRECTION ( 'NONE',  ( 0.000000000000000000, 0.000000000000000000, -1.000000000000000000 ) ) ;
#932 = PLANE ( 'NONE',  #3478 ) ;
#933 = CARTESIAN_POINT ( 'NONE',  ( 6.060000000000007603, -3.249999999999996891, 0.8449999999999990852 ) ) ;
#934 = CARTESIAN_POINT ( 'NONE',  ( -6.439999999999995062, 6.750000000000000000, 0.8449999999999990852 ) ) ;
#936 = VERTEX_POINT ( 'NONE', #393 ) ;
#935 = CARTESIAN_POINT ( 'NONE',  ( -4.099999999999994316, 6.550000000000000711, 0.2049999999999990163 ) ) ;
#937 = VERTEX_POINT ( 'NONE', #90 ) ;
#938 = PLANE ( 'NONE',  #2213 ) ;
#939 = ORIENTED_EDGE ( 'NONE', *, *, #3735, .T. ) ;
#940 = VERTEX_POINT ( 'NONE', #1039 ) ;
#941 = ADVANCED_FACE ( 'NONE', ( #2856 ), #2555, .T. ) ;
#942 = ADVANCED_FACE ( 'NONE', ( #1056 ), #1336, .F. ) ;
#943 = DIRECTION ( 'NONE',  ( 0.000000000000000000, -0.000000000000000000, 1.000000000000000000 ) ) ;
#944 = ORIENTED_EDGE ( 'NONE', *, *, #3565, .F. ) ;
#945 = LINE ( 'NONE', #3058, #837 ) ;
#946 = ADVANCED_FACE ( 'NONE', ( #1298 ), #1021, .T. ) ;
#947 = DIRECTION ( 'NONE',  ( 1.000000000000000000, -0.000000000000000000, 0.000000000000000000 ) ) ;
#948 = CARTESIAN_POINT ( 'NONE',  ( -7.969999999999994422, 7.000000000000000000, 2.074999999999999289 ) ) ;
#949 = CARTESIAN_POINT ( 'NONE',  ( -6.064999999999994174, -3.315000000000000835, 0.2699999999999991296 ) ) ;
#951 = VERTEX_POINT ( 'NONE', #3146 ) ;
#950 = LINE ( 'NONE', #1507, #22 ) ;
#952 = ORIENTED_EDGE ( 'NONE', *, *, #1923, .T. ) ;
#953 = PLANE ( 'NONE',  #2847 ) ;
#954 = VECTOR ( 'NONE', #3378, 1000.000000000000000 ) ;
#955 = VECTOR ( 'NONE', #3825, 1000.000000000000000 ) ;
#956 = AXIS2_PLACEMENT_3D ( 'NONE', #982, #2444, #1205 ) ;
#957 = ORIENTED_EDGE ( 'NONE', *, *, #925, .F. ) ;
#958 = MECHANICAL_DESIGN_GEOMETRIC_PRESENTATION_REPRESENTATION (  '', ( #3288 ), #3477 ) ;
#959 = VECTOR ( 'NONE', #2293, 1000.000000000000000 ) ;
#960 = EDGE_LOOP ( 'NONE', ( #1026, #2985, #677, #3437 ) ) ;
#961 = AXIS2_PLACEMENT_3D ( 'NONE', #2190, #3396, #1896 ) ;
#962 = LINE ( 'NONE', #650, #3402 ) ;
#963 = ORIENTED_EDGE ( 'NONE', *, *, #139, .F. ) ;
#964 = VECTOR ( 'NONE', #1341, 1000.000000000000000 ) ;
#965 = ADVANCED_FACE ( 'NONE', ( #411 ), #2818, .T. ) ;
#966 = DIRECTION ( 'NONE',  ( 0.000000000000000000, -0.7071067811865452413, 0.7071067811865497932 ) ) ;
#967 = DIRECTION ( 'NONE',  ( -0.000000000000000000, -1.000000000000000000, -0.000000000000000000 ) ) ;
#968 = DIRECTION ( 'NONE',  ( 0.000000000000000000, 0.000000000000000000, -1.000000000000000000 ) ) ;
#969 = PLANE ( 'NONE',  #2524 ) ;
#970 = EDGE_CURVE ( 'NONE', #2560, #3319, #2717, .T. ) ;
#972 = VERTEX_POINT ( 'NONE', #502 ) ;
#971 = DIRECTION ( 'NONE',  ( -0.000000000000000000, -1.000000000000000000, -0.000000000000000000 ) ) ;
#973 = ORIENTED_EDGE ( 'NONE', *, *, #586, .F. ) ;
#974 = LINE ( 'NONE', #3436, #2966 ) ;
#975 = EDGE_LOOP ( 'NONE', ( #2714, #1857, #1509, #1556 ) ) ;
#976 = DIRECTION ( 'NONE',  ( 0.000000000000000000, -1.000000000000000000, 0.000000000000000000 ) ) ;
#977 = ORIENTED_EDGE ( 'NONE', *, *, #1899, .T. ) ;
#978 = VERTEX_POINT ( 'NONE', #1434 ) ;
#979 = CARTESIAN_POINT ( 'NONE',  ( -1.559999999999993614, 6.550000000000000711, 0.8449999999999990852 ) ) ;
#980 = ORIENTED_EDGE ( 'NONE', *, *, #536, .F. ) ;
#981 = DIRECTION ( 'NONE',  ( 0.5773502691896273964, -0.5773502691896224004, 0.5773502691896273964 ) ) ;
#982 = CARTESIAN_POINT ( 'NONE',  ( 0.9800000000000060885, 6.750000000000000000, 0.8449999999999990852 ) ) ;
#983 = DIRECTION ( 'NONE',  ( 0.000000000000000000, 0.000000000000000000, 1.000000000000000000 ) ) ;
#984 = CARTESIAN_POINT ( 'NONE',  ( 0.9800000000000060885, 6.550000000000000711, 0.2049999999999990163 ) ) ;
#986 = ORIENTED_EDGE ( 'NONE', *, *, #3587, .F. ) ;
#985 = DIRECTION ( 'NONE',  ( 0.000000000000000000, 0.000000000000000000, -1.000000000000000000 ) ) ;
#987 = EDGE_CURVE ( 'NONE', #173, #2824, #2317, .T. ) ;
#988 = ADVANCED_FACE ( 'NONE', ( #182 ), #2635, .T. ) ;
#989 = VERTEX_POINT ( 'NONE', #1393 ) ;
#990 = FACE_BOUND ( 'NONE', #2811, .T. ) ;
#991 = ORIENTED_EDGE ( 'NONE', *, *, #143, .F. ) ;
#992 = CARTESIAN_POINT ( 'NONE',  ( -1.559999999999993614, 0.000000000000000000, 0.8449999999999990852 ) ) ;
#993 = ADVANCED_FACE ( 'NONE', ( #3522 ), #2297, .F. ) ;
#994 = ORIENTED_EDGE ( 'NONE', *, *, #289, .F. ) ;
#995 = ORIENTED_EDGE ( 'NONE', *, *, #847, .F. ) ;
#996 = CARTESIAN_POINT ( 'NONE',  ( -0.9199999999999937117, 0.8000000000000000444, 0.8449999999999990852 ) ) ;
#997 = EDGE_LOOP ( 'NONE', ( #342, #1313, #1938, #203 ) ) ;
#998 = DIRECTION ( 'NONE',  ( 0.000000000000000000, -1.000000000000000000, 0.000000000000000000 ) ) ;
#999 = LINE ( 'NONE', #1926, #2777 ) ;
#1000 = CARTESIAN_POINT ( 'NONE',  ( 6.770000000000004903, 6.423193712908841668, -2.876000000000000778 ) ) ;
#1001 = FACE_OUTER_BOUND ( 'NONE', #1227, .T. ) ;
#1003 = ORIENTED_EDGE ( 'NONE', *, *, #1320, .F. ) ;
#1002 = DIRECTION ( 'NONE',  ( -0.7071067811865497932, -0.7071067811865452413, 0.000000000000000000 ) ) ;
#1004 = ORIENTED_EDGE ( 'NONE', *, *, #88, .F. ) ;
#1005 = DIRECTION ( 'NONE',  ( -1.000000000000000000, 0.000000000000000000, 0.000000000000000000 ) ) ;
#1006 = ORIENTED_EDGE ( 'NONE', *, *, #3134, .F. ) ;
#1007 = EDGE_CURVE ( 'NONE', #951, #3590, #765, .T. ) ;
#1008 = EDGE_CURVE ( 'NONE', #2136, #3120, #3774, .T. ) ;
#1009 = CARTESIAN_POINT ( 'NONE',  ( 1.420000000000005480, 6.750000000000000000, 0.4049999999999995270 ) ) ;
#1010 = AXIS2_PLACEMENT_3D ( 'NONE', #2759, #1570, #3035 ) ;
#1011 = VERTEX_POINT ( 'NONE', #3882 ) ;
#1012 = VECTOR ( 'NONE', #2925, 1000.000000000000114 ) ;
#1013 = ADVANCED_FACE ( 'NONE', ( #2595 ), #1415, .F. ) ;
#1014 = ORIENTED_EDGE ( 'NONE', *, *, #1161, .T. ) ;
#1015 = VECTOR ( 'NONE', #1394, 1000.000000000000000 ) ;
#1016 = CARTESIAN_POINT ( 'NONE',  ( 1.420000000000005480, 6.750000000000000000, 0.6449999999999985745 ) ) ;
#1017 = AXIS2_PLACEMENT_3D ( 'NONE', #2587, #2931, #3184 ) ;
#1018 = VERTEX_POINT ( 'NONE', #1099 ) ;
#1019 = VECTOR ( 'NONE', #1653, 1000.000000000000000 ) ;
#1020 = FACE_OUTER_BOUND ( 'NONE', #648, .T. ) ;
#1021 = PLANE ( 'NONE',  #1710 ) ;
#1022 = PLANE ( 'NONE',  #1586 ) ;
#1023 = DIRECTION ( 'NONE',  ( 0.000000000000000000, -1.000000000000000000, 0.000000000000000000 ) ) ;
#1024 = VECTOR ( 'NONE', #3456, 1000.000000000000000 ) ;
#1026 = ORIENTED_EDGE ( 'NONE', *, *, #93, .F. ) ;
#1025 = FACE_OUTER_BOUND ( 'NONE', #2940, .T. ) ;
#1027 = AXIS2_PLACEMENT_3D ( 'NONE', #2785, #2225, #3744 ) ;
#1028 = ORIENTED_EDGE ( 'NONE', *, *, #1349, .T. ) ;
#1029 = DIRECTION ( 'NONE',  ( 0.000000000000000000, 0.000000000000000000, 1.000000000000000000 ) ) ;
#1030 = ORIENTED_EDGE ( 'NONE', *, *, #3474, .F. ) ;
#1031 = AXIS2_PLACEMENT_3D ( 'NONE', #1165, #2126, #3316 ) ;
#1032 = CARTESIAN_POINT ( 'NONE',  ( -3.659999999999996145, -3.450000000000000178, 0.000000000000000000 ) ) ;
#1033 = ORIENTED_EDGE ( 'NONE', *, *, #1255, .F. ) ;
#1034 = EDGE_CURVE ( 'NONE', #714, #899, #3546, .T. ) ;
#1035 = CARTESIAN_POINT ( 'NONE',  ( 0.000000000000000000, 0.8000000000000000444, 0.8449999999999990852 ) ) ;
#1036 = ADVANCED_FACE ( 'NONE', ( #3503 ), #1998, .F. ) ;
#1037 = ORIENTED_EDGE ( 'NONE', *, *, #797, .T. ) ;
#1038 = DIRECTION ( 'NONE',  ( -1.000000000000000000, 0.000000000000000000, 0.000000000000000000 ) ) ;
#1039 = CARTESIAN_POINT ( 'NONE',  ( 7.970000000000003304, 7.000000000000000000, 1.193012820497851401 ) ) ;
#1040 = CARTESIAN_POINT ( 'NONE',  ( 0.000000000000000000, 0.8000000000000000444, 0.2049999999999990163 ) ) ;
#1041 = DIRECTION ( 'NONE',  ( -0.5773502691896273964, 0.5773502691896224004, 0.5773502691896273964 ) ) ;
#1042 = DIRECTION ( 'NONE',  ( -1.000000000000000000, -0.000000000000000000, 0.000000000000000000 ) ) ;
#1044 = VERTEX_POINT ( 'NONE', #2040 ) ;
#1043 = CARTESIAN_POINT ( 'NONE',  ( 0.000000000000000000, -3.450000000000000178, 0.4049999999999978062 ) ) ;
#1045 = ORIENTED_EDGE ( 'NONE', *, *, #987, .F. ) ;
#1046 = EDGE_LOOP ( 'NONE', ( #1252, #1531, #3005, #2269 ) ) ;
#1047 = CARTESIAN_POINT ( 'NONE',  ( -0.9199999999999937117, 0.8000000000000003775, 0.2049999999999990163 ) ) ;
#1048 = VERTEX_POINT ( 'NONE', #784 ) ;
#1049 = CARTESIAN_POINT ( 'NONE',  ( -6.639999999999994351, 6.750000000000000000, 0.8449999999999990852 ) ) ;
#1050 = ORIENTED_EDGE ( 'NONE', *, *, #1053, .T. ) ;
#1051 = CARTESIAN_POINT ( 'NONE',  ( -8.769999999999994245, 7.000000000000000000, 1.193012820497851401 ) ) ;
#1052 = EDGE_LOOP ( 'NONE', ( #1294, #2718, #3195, #2168 ) ) ;
#1053 = EDGE_CURVE ( 'NONE', #3562, #1044, #3564, .T. ) ;
#1054 = EDGE_CURVE ( 'NONE', #3441, #775, #3817, .T. ) ;
#1055 = DIRECTION ( 'NONE',  ( -0.7071067811865475727, -0.7071067811865475727, 0.000000000000000000 ) ) ;
#1056 = FACE_OUTER_BOUND ( 'NONE', #2523, .T. ) ;
#1057 = CARTESIAN_POINT ( 'NONE',  ( -8.769999999999994245, 5.133508391725029263, 1.946917228565423041 ) ) ;
#1058 = EDGE_CURVE ( 'NONE', #513, #2530, #3231, .T. ) ;
#1059 = CARTESIAN_POINT ( 'NONE',  ( -6.769999999999995133, 6.728922615252671768, -2.876000000000000778 ) ) ;
#1061 = VERTEX_POINT ( 'NONE', #1138 ) ;
#1060 = CARTESIAN_POINT ( 'NONE',  ( -5.999999999999993783, 0.000000000000000000, 0.000000000000000000 ) ) ;
#1062 = ORIENTED_EDGE ( 'NONE', *, *, #1972, .T. ) ;
#1063 = DIRECTION ( 'NONE',  ( 0.000000000000000000, 0.000000000000000000, -1.000000000000000000 ) ) ;
#1064 = CARTESIAN_POINT ( 'NONE',  ( -0.9199999999999937117, 6.550000000000000711, 0.8449999999999990852 ) ) ;
#1065 = EDGE_LOOP ( 'NONE', ( #1717, #1881, #1468, #1003, #2027, #3412 ) ) ;
#1066 = DIRECTION ( 'NONE',  ( 0.000000000000000000, 0.000000000000000000, 1.000000000000000000 ) ) ;
#1067 = DIRECTION ( 'NONE',  ( -0.000000000000000000, -0.000000000000000000, 1.000000000000000000 ) ) ;
#1068 = ORIENTED_EDGE ( 'NONE', *, *, #2630, .F. ) ;
#1069 = AXIS2_PLACEMENT_3D ( 'NONE', #3207, #2616, #1118 ) ;
#1070 = DIRECTION ( 'NONE',  ( 0.000000000000000000, -1.000000000000000000, 0.000000000000000000 ) ) ;
#1071 = ORIENTED_EDGE ( 'NONE', *, *, #1680, .T. ) ;
#1072 = VECTOR ( 'NONE', #1155, 1000.000000000000000 ) ;
#1073 = VECTOR ( 'NONE', #1405, 1000.000000000000000 ) ;
#1074 = PLANE ( 'NONE',  #3731 ) ;
#1075 = VECTOR ( 'NONE', #552, 1000.000000000000000 ) ;
#1076 = VECTOR ( 'NONE', #1156, 1000.000000000000000 ) ;
#1077 = CARTESIAN_POINT ( 'NONE',  ( 4.160000000000006359, 6.750000000000000000, 0.8449999999999990852 ) ) ;
#1078 = PLANE ( 'NONE',  #1642 ) ;
#1079 = EDGE_CURVE ( 'NONE', #2752, #367, #3248, .T. ) ;
#1080 = EDGE_CURVE ( 'NONE', #1105, #2275, #1746, .T. ) ;
#1081 = VECTOR ( 'NONE', #2600, 1000.000000000000000 ) ;
#1082 = VECTOR ( 'NONE', #3004, 1000.000000000000000 ) ;
#1083 = CARTESIAN_POINT ( 'NONE',  ( 6.700000000000007283, 6.550000000000000711, 0.2049999999999990163 ) ) ;
#1085 = ORIENTED_EDGE ( 'NONE', *, *, #3883, .T. ) ;
#1084 = CARTESIAN_POINT ( 'NONE',  ( 6.260000000000009557, -3.450000000000000178, 0.6449999999999967981 ) ) ;
#1086 = AXIS2_PLACEMENT_3D ( 'NONE', #2890, #1997, #3798 ) ;
#1087 = ORIENTED_EDGE ( 'NONE', *, *, #2063, .F. ) ;
#1088 = CARTESIAN_POINT ( 'NONE',  ( 6.060000000000007603, 6.750000000000000000, 0.8449999999999990852 ) ) ;
#1089 = CARTESIAN_POINT ( 'NONE',  ( -8.769999999999994245, 0.000000000000000000, -2.875000000000000888 ) ) ;
#1090 = ORIENTED_EDGE ( 'NONE', *, *, #3420, .F. ) ;
#1091 = EDGE_CURVE ( 'NONE', #3270, #152, #1454, .T. ) ;
#1092 = EDGE_CURVE ( 'NONE', #3706, #1018, #1766, .T. ) ;
#1093 = VECTOR ( 'NONE', #157, 1000.000000000000000 ) ;
#1094 = DIRECTION ( 'NONE',  ( 0.5773502691896245098, -0.5773502691896281735, 0.5773502691896245098 ) ) ;
#1095 = PLANE ( 'NONE',  #3603 ) ;
#1096 = DIRECTION ( 'NONE',  ( -0.000000000000000000, 0.000000000000000000, 1.000000000000000000 ) ) ;
#1097 = ORIENTED_EDGE ( 'NONE', *, *, #3736, .T. ) ;
#1098 = CARTESIAN_POINT ( 'NONE',  ( -7.969999999999994422, 5.133508391725029263, 1.946917228565423041 ) ) ;
#1099 = CARTESIAN_POINT ( 'NONE',  ( 6.060000000000007603, -3.249999999999996891, 0.8449999999999990852 ) ) ;
#1100 = CARTESIAN_POINT ( 'NONE',  ( -8.769999999999994245, 7.000000000000000000, -2.875000000000000888 ) ) ;
#1101 = FACE_OUTER_BOUND ( 'NONE', #668, .T. ) ;
#1103 = ORIENTED_EDGE ( 'NONE', *, *, #93, .T. ) ;
#1102 = LINE ( 'NONE', #1359, #3548 ) ;
#1104 = CARTESIAN_POINT ( 'NONE',  ( -1.119999999999994333, 6.750000000000000000, 0.4049999999999995270 ) ) ;
#1105 = VERTEX_POINT ( 'NONE', #3608 ) ;
#1106 = LINE ( 'NONE', #534, #2147 ) ;
#1107 = PLANE ( 'NONE',  #194 ) ;
#1108 = ORIENTED_EDGE ( 'NONE', *, *, #2920, .T. ) ;
#1109 = EDGE_CURVE ( 'NONE', #453, #1346, #1824, .T. ) ;
#1110 = DIRECTION ( 'NONE',  ( 1.000000000000000000, -0.000000000000000000, 0.000000000000000000 ) ) ;
#1111 = ADVANCED_FACE ( 'NONE', ( #928 ), #2079, .T. ) ;
#1112 = PLANE ( 'NONE',  #1017 ) ;
#1113 = ADVANCED_FACE ( 'NONE', ( #366 ), #2721, .F. ) ;
#1114 = LINE ( 'NONE', #1994, #2142 ) ;
#1115 = PLANE ( 'NONE',  #3410 ) ;
#1116 = EDGE_LOOP ( 'NONE', ( #952, #1426, #2547, #2700 ) ) ;
#1117 = PLANE ( 'NONE',  #2094 ) ;
#1118 = DIRECTION ( 'NONE',  ( 0.000000000000000000, 0.000000000000000000, -1.000000000000000000 ) ) ;
#1119 = CARTESIAN_POINT ( 'NONE',  ( 1.620000000000005880, 0.8000000000000000444, 0.8449999999999990852 ) ) ;
#1120 = FACE_OUTER_BOUND ( 'NONE', #2521, .T. ) ;
#1122 = EDGE_LOOP ( 'NONE', ( #277, #1440, #3826, #2796 ) ) ;
#1121 = FACE_OUTER_BOUND ( 'NONE', #1172, .T. ) ;
#1123 = LINE ( 'NONE', #231, #1012 ) ;
#1124 = EDGE_LOOP ( 'NONE', ( #2567, #3156, #1030, #34 ) ) ;
#1125 = CARTESIAN_POINT ( 'NONE',  ( 7.970000000000005080, 0.8000000000000003775, -2.875000000000000888 ) ) ;
#1126 = PLANE ( 'NONE',  #575 ) ;
#1127 = ORIENTED_EDGE ( 'NONE', *, *, #793, .F. ) ;
#1128 = LINE ( 'NONE', #2291, #2598 ) ;
#1129 = DIRECTION ( 'NONE',  ( 0.000000000000000000, -0.000000000000000000, 1.000000000000000000 ) ) ;
#1130 = ADVANCED_FACE ( 'NONE', ( #1791 ), #2423, .F. ) ;
#1131 = ADVANCED_FACE ( 'NONE', ( #3643 ), #35, .T. ) ;
#1132 = CARTESIAN_POINT ( 'NONE',  ( 6.700000000000007283, 0.8000000000000000444, 0.000000000000000000 ) ) ;
#1133 = LINE ( 'NONE', #1743, #328 ) ;
#1134 = VERTEX_POINT ( 'NONE', #1865 ) ;
#1135 = EDGE_CURVE ( 'NONE', #1413, #2275, #16, .T. ) ;
#1136 = CARTESIAN_POINT ( 'NONE',  ( 0.9800000000000060885, 6.750000000000000000, 0.8449999999999990852 ) ) ;
#1137 = VECTOR ( 'NONE', #3714, 1000.000000000000000 ) ;
#1138 = CARTESIAN_POINT ( 'NONE',  ( -3.659999999999994369, 6.750000000000000000, 0.4049999999999995270 ) ) ;
#1139 = DIRECTION ( 'NONE',  ( -0.000000000000000000, 0.000000000000000000, 1.000000000000000000 ) ) ;
#1140 = VECTOR ( 'NONE', #831, 1000.000000000000000 ) ;
#1141 = DIRECTION ( 'NONE',  ( 1.000000000000000000, -0.000000000000000000, -0.000000000000000000 ) ) ;
#1142 = VECTOR ( 'NONE', #1798, 1000.000000000000000 ) ;
#1144 = ORIENTED_EDGE ( 'NONE', *, *, #1703, .T. ) ;
#1143 = PLANE ( 'NONE',  #3053 ) ;
#1145 = DIRECTION ( 'NONE',  ( 0.7071067811865495711, 0.7071067811865455743, 0.000000000000000000 ) ) ;
#1146 = ORIENTED_EDGE ( 'NONE', *, *, #2411, .F. ) ;
#1147 = DIRECTION ( 'NONE',  ( 0.000000000000000000, -1.000000000000000000, 0.000000000000000000 ) ) ;
#1148 = DIRECTION ( 'NONE',  ( -0.000000000000000000, -0.7071067811865505703, -0.7071067811865444641 ) ) ;
#1149 = PRESENTATION_LAYER_ASSIGNMENT (  '', '', ( #3288 ) ) ;
#1150 = VECTOR ( 'NONE', #475, 1000.000000000000000 ) ;
#1151 = LINE ( 'NONE', #1443, #270 ) ;
#1152 = VECTOR ( 'NONE', #2874, 1000.000000000000000 ) ;
#1153 = PLANE ( 'NONE',  #1392 ) ;
#1154 = VECTOR ( 'NONE', #3650, 1000.000000000000000 ) ;
#1155 = DIRECTION ( 'NONE',  ( 1.000000000000000000, 0.000000000000000000, 0.000000000000000000 ) ) ;
#1156 = DIRECTION ( 'NONE',  ( -0.000000000000000000, -0.000000000000000000, 1.000000000000000000 ) ) ;
#1157 = VERTEX_POINT ( 'NONE', #3290 ) ;
#1158 = ORIENTED_EDGE ( 'NONE', *, *, #2453, .T. ) ;
#1159 = CARTESIAN_POINT ( 'NONE',  ( -1.559999999999993614, 0.000000000000000000, 0.2049999999999990163 ) ) ;
#1160 = EDGE_CURVE ( 'NONE', #1346, #1176, #2398, .T. ) ;
#1161 = EDGE_CURVE ( 'NONE', #1367, #170, #308, .T. ) ;
#1162 = DIRECTION ( 'NONE',  ( -1.000000000000000000, 0.000000000000000000, -0.000000000000000000 ) ) ;
#1163 = CARTESIAN_POINT ( 'NONE',  ( -6.769999999999995133, 6.423193712908852326, -2.876000000000000778 ) ) ;
#1164 = DIRECTION ( 'NONE',  ( 0.000000000000000000, 0.000000000000000000, -1.000000000000000000 ) ) ;
#1166 = ORIENTED_EDGE ( 'NONE', *, *, #1135, .T. ) ;
#1165 = CARTESIAN_POINT ( 'NONE',  ( 0.9800000000000060885, 6.750000000000000000, 0.8449999999999990852 ) ) ;
#1167 = LINE ( 'NONE', #867, #572 ) ;
#1168 = EDGE_LOOP ( 'NONE', ( #2087, #3365, #1158, #1951 ) ) ;
#1169 = DIRECTION ( 'NONE',  ( 1.000000000000000000, 0.000000000000000000, 0.000000000000000000 ) ) ;
#1170 = DIRECTION ( 'NONE',  ( 1.000000000000000000, 0.000000000000000000, 0.000000000000000000 ) ) ;
#1171 = CARTESIAN_POINT ( 'NONE',  ( -3.659999999999996145, -3.450000000000000178, 0.6449999999999967981 ) ) ;
#1172 = EDGE_LOOP ( 'NONE', ( #963, #1293, #1566, #3784 ) ) ;
#1173 = DIRECTION ( 'NONE',  ( -0.7071067811865497932, -0.7071067811865452413, 0.000000000000000000 ) ) ;
#1174 = CARTESIAN_POINT ( 'NONE',  ( 0.000000000000000000, 0.8000000000000000444, 0.2049999999999990163 ) ) ;
#1175 = ORIENTED_EDGE ( 'NONE', *, *, #3639, .F. ) ;
#1176 = VERTEX_POINT ( 'NONE', #1178 ) ;
#1177 = CARTESIAN_POINT ( 'NONE',  ( 8.770000000000004903, 7.000000000000000000, -2.875000000000000888 ) ) ;
#1178 = CARTESIAN_POINT ( 'NONE',  ( 4.160000000000006359, 0.8000000000000000444, 0.8449999999999990852 ) ) ;
#1179 = CARTESIAN_POINT ( 'NONE',  ( -2.440000000000003055, -2.229999999999998650, -0.8149999999999923972 ) ) ;
#1180 = ADVANCED_FACE ( 'NONE', ( #1497 ), #880, .F. ) ;
#1181 = EDGE_CURVE ( 'NONE', #2507, #3031, #590, .T. ) ;
#1182 = CARTESIAN_POINT ( 'NONE',  ( 6.060000000000007603, 6.550000000000000711, 0.2049999999999990163 ) ) ;
#1183 = VERTEX_POINT ( 'NONE', #610 ) ;
#1184 = CARTESIAN_POINT ( 'NONE',  ( 7.970000000000005080, 7.000000000000000000, 2.074999999999999289 ) ) ;
#1185 = ORIENTED_EDGE ( 'NONE', *, *, #1135, .F. ) ;
#1186 = DIRECTION ( 'NONE',  ( 0.000000000000000000, 0.000000000000000000, 1.000000000000000000 ) ) ;
#1187 = CARTESIAN_POINT ( 'NONE',  ( -4.099999999999994316, 0.8000000000000000444, 0.000000000000000000 ) ) ;
#1188 = EDGE_CURVE ( 'NONE', #1908, #1625, #1514, .T. ) ;
#1190 = EDGE_LOOP ( 'NONE', ( #1382, #97, #407, #944 ) ) ;
#1189 = CARTESIAN_POINT ( 'NONE',  ( 6.770000000000004903, 6.423193712908841668, -2.876000000000000778 ) ) ;
#1191 = VERTEX_POINT ( 'NONE', #3330 ) ;
#1192 = DIRECTION ( 'NONE',  ( -0.000000000000000000, -0.7071067811865452413, -0.7071067811865497932 ) ) ;
#1193 = CARTESIAN_POINT ( 'NONE',  ( 6.617135548828095182, 6.576058164080752277, -2.876000000000000778 ) ) ;
#1194 = ORIENTED_EDGE ( 'NONE', *, *, #261, .T. ) ;
#1195 = ORIENTED_EDGE ( 'NONE', *, *, #3134, .T. ) ;
#1196 = CARTESIAN_POINT ( 'NONE',  ( 0.9800000000000060885, -3.249999999999996891, 0.8449999999999990852 ) ) ;
#1197 = DIRECTION ( 'NONE',  ( 0.000000000000000000, 0.000000000000000000, -1.000000000000000000 ) ) ;
#1198 = VERTEX_POINT ( 'NONE', #2121 ) ;
#1199 = SURFACE_SIDE_STYLE ('',( #2363 ) ) ;
#1200 = DIRECTION ( 'NONE',  ( -0.000000000000000000, -0.000000000000000000, 1.000000000000000000 ) ) ;
#1202 = ORIENTED_EDGE ( 'NONE', *, *, #3204, .F. ) ;
#1201 = PRODUCT_CONTEXT ( 'NONE', #2711, 'mechanical' ) ;
#1203 = VECTOR ( 'NONE', #628, 1000.000000000000000 ) ;
#1204 = EDGE_CURVE ( 'NONE', #2449, #3377, #1244, .T. ) ;
#1205 = DIRECTION ( 'NONE',  ( 1.000000000000000000, 0.000000000000000000, 0.000000000000000000 ) ) ;
#1206 = EDGE_CURVE ( 'NONE', #1918, #3491, #2440, .T. ) ;
#1207 = ORIENTED_EDGE ( 'NONE', *, *, #3448, .F. ) ;
#1208 = FACE_BOUND ( 'NONE', #1872, .T. ) ;
#1209 = CARTESIAN_POINT ( 'NONE',  ( 6.060000000000007603, -3.249999999999996891, 0.2049999999999990163 ) ) ;
#1210 = VECTOR ( 'NONE', #807, 1000.000000000000000 ) ;
#1212 = ORIENTED_EDGE ( 'NONE', *, *, #1923, .F. ) ;
#1211 = CARTESIAN_POINT ( 'NONE',  ( 4.160000000000006359, 6.750000000000000000, 0.2049999999999990163 ) ) ;
#1213 = EDGE_CURVE ( 'NONE', #1915, #1571, #962, .T. ) ;
#1214 = VECTOR ( 'NONE', #207, 1000.000000000000000 ) ;
#1215 = ADVANCED_FACE ( 'NONE', ( #3056 ), #49, .T. ) ;
#1216 = VECTOR ( 'NONE', #3446, 1000.000000000000000 ) ;
#1217 = ORIENTED_EDGE ( 'NONE', *, *, #1974, .T. ) ;
#1218 = LINE ( 'NONE', #1843, #1396 ) ;
#1219 = VECTOR ( 'NONE', #3267, 1000.000000000000000 ) ;
#1220 = VECTOR ( 'NONE', #1521, 1000.000000000000000 ) ;
#1221 = VECTOR ( 'NONE', #225, 1000.000000000000000 ) ;
#1222 = VERTEX_POINT ( 'NONE', #3737 ) ;
#1223 = VERTEX_POINT ( 'NONE', #1906 ) ;
#1224 = VECTOR ( 'NONE', #255, 1000.000000000000000 ) ;
#1225 = CARTESIAN_POINT ( 'NONE',  ( -6.199999999999993072, -3.450000000000000178, 0.000000000000000000 ) ) ;
#1226 = CARTESIAN_POINT ( 'NONE',  ( -8.769999999999994245, 5.133508391725029263, 1.946917228565423263 ) ) ;
#1227 = EDGE_LOOP ( 'NONE', ( #1820, #2814, #2489, #3869 ) ) ;
#1228 = FACE_OUTER_BOUND ( 'NONE', #510, .T. ) ;
#1229 = VECTOR ( 'NONE', #2981, 1000.000000000000000 ) ;
#1230 = DIRECTION ( 'NONE',  ( 0.000000000000000000, -0.7071067811865505703, 0.7071067811865444641 ) ) ;
#1231 = DIRECTION ( 'NONE',  ( -0.000000000000000000, 0.000000000000000000, 1.000000000000000000 ) ) ;
#1232 = CARTESIAN_POINT ( 'NONE',  ( -8.769999999999994245, 7.000000000000000000, 1.193012820497851401 ) ) ;
#1233 = LINE ( 'NONE', #3300, #2336 ) ;
#1234 = LINE ( 'NONE', #1209, #2209 ) ;
#1236 = ORIENTED_EDGE ( 'NONE', *, *, #3234, .F. ) ;
#1235 = LINE ( 'NONE', #1778, #3859 ) ;
#1237 = VERTEX_POINT ( 'NONE', #996 ) ;
#1238 = CARTESIAN_POINT ( 'NONE',  ( 1.620000000000005880, 6.750000000000000000, 0.8449999999999990852 ) ) ;
#1239 = ADVANCED_FACE ( 'NONE', ( #1312 ), #2194, .T. ) ;
#1240 = ADVANCED_FACE ( 'NONE', ( #3143 ), #2815, .T. ) ;
#1241 = ORIENTED_EDGE ( 'NONE', *, *, #554, .T. ) ;
#1242 = EDGE_CURVE ( 'NONE', #3434, #2808, #703, .T. ) ;
#1243 = ORIENTED_EDGE ( 'NONE', *, *, #2552, .T. ) ;
#1244 = LINE ( 'NONE', #2455, #1203 ) ;
#1245 = EDGE_LOOP ( 'NONE', ( #1103, #1090, #929, #3857 ) ) ;
#1246 = CARTESIAN_POINT ( 'NONE',  ( -4.099999999999994316, 0.000000000000000000, 0.8449999999999990852 ) ) ;
#1247 = DIRECTION ( 'NONE',  ( 1.000000000000000000, 0.000000000000000000, 0.000000000000000000 ) ) ;
#1248 = DIRECTION ( 'NONE',  ( 0.000000000000000000, 0.000000000000000000, -1.000000000000000000 ) ) ;
#1249 = CARTESIAN_POINT ( 'NONE',  ( 7.970000000000003304, 7.000000000000000000, 1.946917228565423263 ) ) ;
#1250 = PLANE ( 'NONE',  #2401 ) ;
#1252 = ORIENTED_EDGE ( 'NONE', *, *, #32, .T. ) ;
#1251 = PLANE ( 'NONE',  #652 ) ;
#1253 = ORIENTED_EDGE ( 'NONE', *, *, #2312, .F. ) ;
#1254 = LINE ( 'NONE', #2450, #2468 ) ;
#1255 = EDGE_CURVE ( 'NONE', #1321, #2186, #386, .T. ) ;
#1256 = ADVANCED_FACE ( 'NONE', ( #1626 ), #1937, .T. ) ;
#1257 = ORIENTED_EDGE ( 'NONE', *, *, #3187, .F. ) ;
#1258 = VERTEX_POINT ( 'NONE', #2217 ) ;
#1259 = DIRECTION ( 'NONE',  ( 0.000000000000000000, 1.000000000000000000, 0.000000000000000000 ) ) ;
#1260 = EDGE_CURVE ( 'NONE', #2108, #1048, #2512, .T. ) ;
#1261 = VERTEX_POINT ( 'NONE', #85 ) ;
#1262 = CYLINDRICAL_SURFACE ( 'NONE', #2276, 0.7539044080675718629 ) ;
#1263 = CARTESIAN_POINT ( 'NONE',  ( 4.160000000000006359, 0.8000000000000000444, 0.000000000000000000 ) ) ;
#1264 = CARTESIAN_POINT ( 'NONE',  ( 3.960000000000004405, -3.450000000000000178, 0.6449999999999967981 ) ) ;
#1265 = DIRECTION ( 'NONE',  ( -0.000000000000000000, 0.000000000000000000, 1.000000000000000000 ) ) ;
#1267 = ORIENTED_EDGE ( 'NONE', *, *, #1188, .F. ) ;
#1266 = LINE ( 'NONE', #1043, #2852 ) ;
#1268 = LINE ( 'NONE', #2470, #3849 ) ;
#1269 = DIRECTION ( 'NONE',  ( 1.000000000000000000, 0.000000000000000000, 0.000000000000000000 ) ) ;
#1270 = EDGE_LOOP ( 'NONE', ( #1663, #3239, #623, #2622 ) ) ;
#1271 = VECTOR ( 'NONE', #1874, 1000.000000000000000 ) ;
#1272 = CIRCLE ( 'NONE', #760, 0.8662318899741467959 ) ;
#1273 = ORIENTED_EDGE ( 'NONE', *, *, #2364, .F. ) ;
#1274 = AXIS2_PLACEMENT_3D ( 'NONE', #1163, #882, #1139 ) ;
#1275 = AXIS2_PLACEMENT_3D ( 'NONE', #2803, #1962, #465 ) ;
#1276 = VERTEX_POINT ( 'NONE', #3696 ) ;
#1277 = VECTOR ( 'NONE', #352, 1000.000000000000000 ) ;
#1278 = PLANE ( 'NONE',  #1526 ) ;
#1279 = VERTEX_POINT ( 'NONE', #1016 ) ;
#1280 = VECTOR ( 'NONE', #3119, 1000.000000000000000 ) ;
#1281 = EDGE_CURVE ( 'NONE', #2202, #3562, #3426, .T. ) ;
#1282 = EDGE_CURVE ( 'NONE', #1276, #1222, #406, .T. ) ;
#1283 = CARTESIAN_POINT ( 'NONE',  ( -5.999999999999993783, 6.750000000000000000, 0.8449999999999990852 ) ) ;
#1284 = CARTESIAN_POINT ( 'NONE',  ( -6.639999999999994351, 6.750000000000000000, 0.2049999999999990163 ) ) ;
#1285 = PLANE ( 'NONE',  #1767 ) ;
#1286 = PLANE ( 'NONE',  #3534 ) ;
#1288 = ORIENTED_EDGE ( 'NONE', *, *, #347, .F. ) ;
#1287 = LINE ( 'NONE', #1914, #3233 ) ;
#1289 = ORIENTED_EDGE ( 'NONE', *, *, #2233, .F. ) ;
#1290 = FACE_BOUND ( 'NONE', #2582, .T. ) ;
#1291 = ORIENTED_EDGE ( 'NONE', *, *, #1282, .F. ) ;
#1292 = CARTESIAN_POINT ( 'NONE',  ( 8.770000000000004903, 5.133508391725029263, 1.946917228565423041 ) ) ;
#1293 = ORIENTED_EDGE ( 'NONE', *, *, #3735, .F. ) ;
#1294 = ORIENTED_EDGE ( 'NONE', *, *, #798, .T. ) ;
#1295 = DIRECTION ( 'NONE',  ( 0.000000000000000000, -1.000000000000000000, 0.000000000000000000 ) ) ;
#1296 = EDGE_LOOP ( 'NONE', ( #3051, #1550, #1825, #651, #1565, #292, #376, #2358 ) ) ;
#1297 = CARTESIAN_POINT ( 'NONE',  ( 0.000000000000000000, -3.450000000000000178, 0.4050000000000013034 ) ) ;
#1298 = FACE_OUTER_BOUND ( 'NONE', #3382, .T. ) ;
#1299 = CARTESIAN_POINT ( 'NONE',  ( -6.639999999999994351, 0.000000000000000000, 0.2049999999999990163 ) ) ;
#1300 = CARTESIAN_POINT ( 'NONE',  ( -6.639999999999994351, 6.750000000000000000, 0.8449999999999990852 ) ) ;
#1301 = ADVANCED_FACE ( 'NONE', ( #755 ), #1957, .F. ) ;
#1302 = EDGE_CURVE ( 'NONE', #2211, #431, #1665, .T. ) ;
#1304 = EDGE_LOOP ( 'NONE', ( #1004, #1986, #3691, #1037 ) ) ;
#1303 = LINE ( 'NONE', #3670, #907 ) ;
#1305 = ORIENTED_EDGE ( 'NONE', *, *, #3705, .F. ) ;
#1306 = DIRECTION ( 'NONE',  ( 0.000000000000000000, 0.000000000000000000, -1.000000000000000000 ) ) ;
#1307 = ORIENTED_EDGE ( 'NONE', *, *, #2702, .T. ) ;
#1308 = EDGE_CURVE ( 'NONE', #2816, #170, #3440, .T. ) ;
#1309 = LINE ( 'NONE', #1325, #2735 ) ;
#1310 = ORIENTED_EDGE ( 'NONE', *, *, #2647, .F. ) ;
#1311 = ORIENTED_EDGE ( 'NONE', *, *, #2285, .F. ) ;
#1312 = FACE_OUTER_BOUND ( 'NONE', #250, .T. ) ;
#1313 = ORIENTED_EDGE ( 'NONE', *, *, #208, .F. ) ;
#1314 = CARTESIAN_POINT ( 'NONE',  ( 0.000000000000000000, 6.750000000000000000, 0.6449999999999985745 ) ) ;
#1315 = CARTESIAN_POINT ( 'NONE',  ( -8.769999999999994245, 0.000000000000000000, -2.875000000000000888 ) ) ;
#1316 = PLANE ( 'NONE',  #3537 ) ;
#1317 = DIRECTION ( 'NONE',  ( -1.000000000000000000, 0.000000000000000000, -0.000000000000000000 ) ) ;
#1319 = ORIENTED_EDGE ( 'NONE', *, *, #3644, .F. ) ;
#1318 = CARTESIAN_POINT ( 'NONE',  ( -8.769999999999994245, 7.000000000000000000, -2.875000000000000888 ) ) ;
#1320 = EDGE_CURVE ( 'NONE', #349, #283, #2853, .T. ) ;
#1321 = VERTEX_POINT ( 'NONE', #3400 ) ;
#1322 = PLANE ( 'NONE',  #1582 ) ;
#1323 = VERTEX_POINT ( 'NONE', #3383 ) ;
#1324 = ADVANCED_FACE ( 'NONE', ( #3168 ), #3754, .F. ) ;
#1325 = CARTESIAN_POINT ( 'NONE',  ( -6.639999999999994351, 0.8000000000000000444, 0.000000000000000000 ) ) ;
#1326 = ADVANCED_FACE ( 'NONE', ( #67 ), #1278, .T. ) ;
#1327 = VECTOR ( 'NONE', #3707, 1000.000000000000000 ) ;
#1328 = ORIENTED_EDGE ( 'NONE', *, *, #3182, .T. ) ;
#1329 = VECTOR ( 'NONE', #1775, 1000.000000000000000 ) ;
#1330 = VECTOR ( 'NONE', #1747, 1000.000000000000000 ) ;
#1331 = DIRECTION ( 'NONE',  ( -0.000000000000000000, -0.7071067811865505703, -0.7071067811865444641 ) ) ;
#1332 = VECTOR ( 'NONE', #2483, 1000.000000000000227 ) ;
#1333 = ORIENTED_EDGE ( 'NONE', *, *, #2998, .T. ) ;
#1334 = VECTOR ( 'NONE', #633, 1000.000000000000000 ) ;
#1335 = DIRECTION ( 'NONE',  ( -0.7071067811865444641, -0.7071067811865505703, 0.000000000000000000 ) ) ;
#1336 = PLANE ( 'NONE',  #1275 ) ;
#1337 = DIRECTION ( 'NONE',  ( -1.000000000000000000, 0.000000000000000000, 0.000000000000000000 ) ) ;
#1338 = DIRECTION ( 'NONE',  ( 1.000000000000000000, 0.000000000000000000, 0.000000000000000000 ) ) ;
#1339 = VECTOR ( 'NONE', #482, 1000.000000000000000 ) ;
#1340 = LINE ( 'NONE', #505, #3100 ) ;
#1342 = EDGE_LOOP ( 'NONE', ( #3304, #1253, #1814, #3055 ) ) ;
#1341 = DIRECTION ( 'NONE',  ( 1.000000000000000000, -0.000000000000000000, -0.000000000000000000 ) ) ;
#1343 = VECTOR ( 'NONE', #56, 1000.000000000000000 ) ;
#1344 = VERTEX_POINT ( 'NONE', #2798 ) ;
#1345 = LINE ( 'NONE', #3081, #3846 ) ;
#1346 = VERTEX_POINT ( 'NONE', #2294 ) ;
#1347 = DIRECTION ( 'NONE',  ( -0.000000000000000000, 0.000000000000000000, 1.000000000000000000 ) ) ;
#1348 = EDGE_LOOP ( 'NONE', ( #2592, #2095, #1175, #242 ) ) ;
#1349 = EDGE_CURVE ( 'NONE', #3452, #1346, #2036, .T. ) ;
#1350 = EDGE_CURVE ( 'NONE', #170, #36, #239, .T. ) ;
#1351 = DIRECTION ( 'NONE',  ( -1.000000000000000000, 0.000000000000000000, 0.000000000000000000 ) ) ;
#1352 = ORIENTED_EDGE ( 'NONE', *, *, #1568, .F. ) ;
#1353 = EDGE_CURVE ( 'NONE', #3205, #3594, #222, .T. ) ;
#1354 = CARTESIAN_POINT ( 'NONE',  ( -4.099999999999994316, 6.550000000000000711, 0.8449999999999990852 ) ) ;
#1355 = CARTESIAN_POINT ( 'NONE',  ( 0.9800000000000060885, 0.8000000000000000444, 0.2049999999999990163 ) ) ;
#1356 = LINE ( 'NONE', #1040, #195 ) ;
#1357 = LINE ( 'NONE', #1057, #3848 ) ;
#1358 = CARTESIAN_POINT ( 'NONE',  ( 5.903768110025854554, 4.300076335521231030, 2.874999999999999112 ) ) ;
#1360 = ORIENTED_EDGE ( 'NONE', *, *, #527, .T. ) ;
#1359 = CARTESIAN_POINT ( 'NONE',  ( -6.414999999999992042, -3.665000000000001368, 0.4300000000000011036 ) ) ;
#1361 = ORIENTED_EDGE ( 'NONE', *, *, #1350, .F. ) ;
#1362 = FACE_OUTER_BOUND ( 'NONE', #3254, .T. ) ;
#1363 = DIRECTION ( 'NONE',  ( 0.000000000000000000, -0.000000000000000000, -1.000000000000000000 ) ) ;
#1364 = ORIENTED_EDGE ( 'NONE', *, *, #1533, .T. ) ;
#1365 = CARTESIAN_POINT ( 'NONE',  ( -3.459999999999993747, 6.750000000000000000, 0.2049999999999990163 ) ) ;
#1366 = CARTESIAN_POINT ( 'NONE',  ( -6.639999999999994351, 6.550000000000002487, 0.8449999999999990852 ) ) ;
#1367 = VERTEX_POINT ( 'NONE', #2911 ) ;
#1368 = EDGE_CURVE ( 'NONE', #42, #3715, #539, .T. ) ;
#1369 = EDGE_CURVE ( 'NONE', #383, #2507, #799, .T. ) ;
#1370 = DIRECTION ( 'NONE',  ( -1.000000000000000000, 0.000000000000000000, -0.000000000000000000 ) ) ;
#1371 = ORIENTED_EDGE ( 'NONE', *, *, #1188, .T. ) ;
#1372 = DIRECTION ( 'NONE',  ( 0.5773502691896273964, 0.5773502691896224004, 0.5773502691896273964 ) ) ;
#1373 = ADVANCED_FACE ( 'NONE', ( #202 ), #3854, .F. ) ;
#1374 = LINE ( 'NONE', #424, #2591 ) ;
#1375 = FACE_OUTER_BOUND ( 'NONE', #3, .T. ) ;
#1376 = CARTESIAN_POINT ( 'NONE',  ( -1.559999999999993614, 6.550000000000000711, 0.8449999999999990852 ) ) ;
#1378 = VERTEX_POINT ( 'NONE', #857 ) ;
#1377 = PLANE ( 'NONE',  #3364 ) ;
#1379 = ORIENTED_EDGE ( 'NONE', *, *, #1836, .T. ) ;
#1380 = CARTESIAN_POINT ( 'NONE',  ( 1.620000000000005880, -3.249999999999996891, 0.2049999999999990163 ) ) ;
#1381 = CARTESIAN_POINT ( 'NONE',  ( -7.969999999999994422, 7.000000000000000000, 2.074999999999999289 ) ) ;
#1382 = ORIENTED_EDGE ( 'NONE', *, *, #847, .T. ) ;
#1383 = CARTESIAN_POINT ( 'NONE',  ( -5.903768110025848337, 5.166308225495386708, 2.074999999999999734 ) ) ;
#1384 = CARTESIAN_POINT ( 'NONE',  ( -0.9199999999999937117, 6.750000000000000000, 0.8449999999999990852 ) ) ;
#1385 = AXIS2_PLACEMENT_3D ( 'NONE', #3461, #125, #3116 ) ;
#1386 = DIRECTION ( 'NONE',  ( 0.000000000000000000, 0.000000000000000000, -1.000000000000000000 ) ) ;
#1387 = VERTEX_POINT ( 'NONE', #3814 ) ;
#1388 = VECTOR ( 'NONE', #3458, 1000.000000000000000 ) ;
#1389 = VECTOR ( 'NONE', #2245, 1000.000000000000000 ) ;
#1390 = DIRECTION ( 'NONE',  ( 0.000000000000000000, -1.000000000000000000, 0.000000000000000000 ) ) ;
#1391 = AXIS2_PLACEMENT_3D ( 'NONE', #40, #3701, #3722 ) ;
#1392 = AXIS2_PLACEMENT_3D ( 'NONE', #3499, #3221, #2566 ) ;
#1393 = CARTESIAN_POINT ( 'NONE',  ( 6.617135548828095182, 6.576058164080752277, 2.074999999999999734 ) ) ;
#1394 = DIRECTION ( 'NONE',  ( -1.000000000000000000, 0.000000000000000000, 0.000000000000000000 ) ) ;
#1395 = ADVANCED_FACE ( 'NONE', ( #2355 ), #2613, .T. ) ;
#1396 = VECTOR ( 'NONE', #556, 1000.000000000000000 ) ;
#1397 = EDGE_CURVE ( 'NONE', #3263, #1183, #1114, .T. ) ;
#1398 = AXIS2_PLACEMENT_3D ( 'NONE', #2495, #3126, #2831 ) ;
#1399 = PLANE ( 'NONE',  #2090 ) ;
#1401 = ORIENTED_EDGE ( 'NONE', *, *, #657, .F. ) ;
#1400 = CARTESIAN_POINT ( 'NONE',  ( -6.639999999999994351, 6.750000000000000000, 0.8449999999999990852 ) ) ;
#1402 = AXIS2_PLACEMENT_3D ( 'NONE', #3881, #1452, #2657 ) ;
#1403 = FACE_OUTER_BOUND ( 'NONE', #1563, .T. ) ;
#1404 = VERTEX_POINT ( 'NONE', #2888 ) ;
#1405 = DIRECTION ( 'NONE',  ( 0.000000000000000000, 0.000000000000000000, -1.000000000000000000 ) ) ;
#1406 = LINE ( 'NONE', #1381, #955 ) ;
#1407 = ORIENTED_EDGE ( 'NONE', *, *, #3375, .F. ) ;
#1408 = EDGE_CURVE ( 'NONE', #3199, #2345, #2054, .T. ) ;
#1409 = AXIS2_PLACEMENT_3D ( 'NONE', #731, #76, #2242 ) ;
#1410 = PLANE ( 'NONE',  #1596 ) ;
#1411 = FACE_OUTER_BOUND ( 'NONE', #1116, .T. ) ;
#1412 = DIRECTION ( 'NONE',  ( -0.000000000000000000, 0.000000000000000000, 1.000000000000000000 ) ) ;
#1413 = VERTEX_POINT ( 'NONE', #1699 ) ;
#1414 = CARTESIAN_POINT ( 'NONE',  ( -1.559999999999993614, 0.8000000000000000444, 0.000000000000000000 ) ) ;
#1415 = PLANE ( 'NONE',  #567 ) ;
#1416 = CARTESIAN_POINT ( 'NONE',  ( 3.520000000000006679, -3.249999999999996891, 0.8449999999999990852 ) ) ;
#1417 = DIRECTION ( 'NONE',  ( -1.000000000000000000, 0.000000000000000000, -0.000000000000000000 ) ) ;
#1419 = ORIENTED_EDGE ( 'NONE', *, *, #1686, .F. ) ;
#1418 = DIRECTION ( 'NONE',  ( -1.000000000000000000, 0.000000000000000000, 0.000000000000000000 ) ) ;
#1420 = EDGE_CURVE ( 'NONE', #2174, #3363, #3559, .T. ) ;
#1421 = LINE ( 'NONE', #3238, #2837 ) ;
#1422 = EDGE_CURVE ( 'NONE', #2880, #2375, #2313, .T. ) ;
#1423 = ORIENTED_EDGE ( 'NONE', *, *, #1408, .T. ) ;
#1424 = FACE_OUTER_BOUND ( 'NONE', #145, .T. ) ;
#1425 = DIRECTION ( 'NONE',  ( -1.000000000000000000, 0.000000000000000000, 0.000000000000000000 ) ) ;
#1426 = ORIENTED_EDGE ( 'NONE', *, *, #289, .T. ) ;
#1427 = LINE ( 'NONE', #3183, #399 ) ;
#1428 = ADVANCED_FACE ( 'NONE', ( #479 ), #2012, .F. ) ;
#1429 = CARTESIAN_POINT ( 'NONE',  ( -1.559999999999993614, -3.249999999999996891, 0.8449999999999990852 ) ) ;
#1430 = DIRECTION ( 'NONE',  ( -0.000000000000000000, 0.000000000000000000, 1.000000000000000000 ) ) ;
#1431 = FACE_OUTER_BOUND ( 'NONE', #3073, .T. ) ;
#1432 = ORIENTED_EDGE ( 'NONE', *, *, #29, .F. ) ;
#1433 = CARTESIAN_POINT ( 'NONE',  ( 6.700000000000007283, 6.550000000000000711, 0.8449999999999990852 ) ) ;
#1434 = CARTESIAN_POINT ( 'NONE',  ( -1.119999999999996110, -3.450000000000000178, 0.4050000000000013034 ) ) ;
#1435 = CARTESIAN_POINT ( 'NONE',  ( 0.9800000000000060885, 6.750000000000000000, 0.2049999999999990163 ) ) ;
#1436 = DIRECTION ( 'NONE',  ( -0.7071067811865444641, 0.7071067811865505703, 0.000000000000000000 ) ) ;
#1438 = ORIENTED_EDGE ( 'NONE', *, *, #3544, .F. ) ;
#1437 = FACE_OUTER_BOUND ( 'NONE', #115, .T. ) ;
#1439 = DIRECTION ( 'NONE',  ( 1.000000000000000000, 0.000000000000000000, 0.000000000000000000 ) ) ;
#1440 = ORIENTED_EDGE ( 'NONE', *, *, #208, .T. ) ;
#1441 = CARTESIAN_POINT ( 'NONE',  ( -7.969999999999994422, 0.8000000000000000444, -2.075000000000001066 ) ) ;
#1442 = CARTESIAN_POINT ( 'NONE',  ( -5.903768110025848337, 5.166308225495386708, 2.874999999999999112 ) ) ;
#1443 = CARTESIAN_POINT ( 'NONE',  ( -3.673333333333328898, 6.763333333333333641, 0.4183333333333337234 ) ) ;
#1444 = CARTESIAN_POINT ( 'NONE',  ( 5.903768110025854554, 4.300076335521231030, 2.874999999999999112 ) ) ;
#1445 = ADVANCED_FACE ( 'NONE', ( #496 ), #2590, .T. ) ;
#1446 = EDGE_CURVE ( 'NONE', #283, #3212, #2331, .T. ) ;
#1447 = DIRECTION ( 'NONE',  ( -0.000000000000000000, -1.000000000000000000, -0.000000000000000000 ) ) ;
#1448 = CARTESIAN_POINT ( 'NONE',  ( -5.999999999999993783, 0.8000000000000000444, 0.2049999999999990163 ) ) ;
#1449 = ORIENTED_EDGE ( 'NONE', *, *, #2172, .T. ) ;
#1450 = EDGE_CURVE ( 'NONE', #3013, #2449, #2397, .T. ) ;
#1451 = ORIENTED_EDGE ( 'NONE', *, *, #1079, .F. ) ;
#1452 = DIRECTION ( 'NONE',  ( -0.000000000000000000, -0.000000000000000000, 1.000000000000000000 ) ) ;
#1453 = AXIS2_PLACEMENT_3D ( 'NONE', #557, #1724, #1430 ) ;
#1454 = LINE ( 'NONE', #562, #3101 ) ;
#1455 = AXIS2_PLACEMENT_3D ( 'NONE', #3006, #299, #2429 ) ;
#1456 = CARTESIAN_POINT ( 'NONE',  ( 2.480000000000011084, -2.209999999999994635, 1.884999999999994680 ) ) ;
#1457 = VECTOR ( 'NONE', #863, 1000.000000000000227 ) ;
#1458 = LINE ( 'NONE', #3268, #2910 ) ;
#1459 = ORIENTED_EDGE ( 'NONE', *, *, #2312, .T. ) ;
#1460 = CARTESIAN_POINT ( 'NONE',  ( -6.639999999999994351, -3.250000000000000444, 0.8449999999999990852 ) ) ;
#1461 = EDGE_LOOP ( 'NONE', ( #2323, #1194, #1476, #3730 ) ) ;
#1462 = CARTESIAN_POINT ( 'NONE',  ( -5.999999999999993783, 6.750000000000000000, 0.6450000000000002398 ) ) ;
#1463 = DIRECTION ( 'NONE',  ( 1.000000000000000000, 0.000000000000000000, 0.000000000000000000 ) ) ;
#1464 = AXIS2_PLACEMENT_3D ( 'NONE', #2938, #3902, #931 ) ;
#1465 = AXIS2_PLACEMENT_3D ( 'NONE', #909, #3899, #1197 ) ;
#1466 = CARTESIAN_POINT ( 'NONE',  ( -6.769999999999995133, 6.423193712908852326, 2.874999999999999112 ) ) ;
#1467 = VECTOR ( 'NONE', #1961, 1000.000000000000000 ) ;
#1468 = ORIENTED_EDGE ( 'NONE', *, *, #3595, .T. ) ;
#1469 = CARTESIAN_POINT ( 'NONE',  ( 0.000000000000000000, -3.450000000000000178, 0.4050000000000013034 ) ) ;
#1470 = AXIS2_PLACEMENT_3D ( 'NONE', #1722, #777, #492 ) ;
#1471 = ADVANCED_FACE ( 'NONE', ( #2273 ), #781, .F. ) ;
#1472 = DIRECTION ( 'NONE',  ( 1.000000000000000000, -0.000000000000000000, -0.000000000000000000 ) ) ;
#1473 = DIRECTION ( 'NONE',  ( 0.5773502691896245098, 0.5773502691896281735, 0.5773502691896245098 ) ) ;
#1474 = EDGE_CURVE ( 'NONE', #951, #3013, #2674, .T. ) ;
#1475 = ORIENTED_EDGE ( 'NONE', *, *, #1281, .F. ) ;
#1476 = ORIENTED_EDGE ( 'NONE', *, *, #627, .T. ) ;
#1477 = LINE ( 'NONE', #1225, #200 ) ;
#1478 = DIRECTION ( 'NONE',  ( 0.000000000000000000, 0.000000000000000000, 1.000000000000000000 ) ) ;
#1479 = EDGE_CURVE ( 'NONE', #2741, #2399, #265, .T. ) ;
#1480 = FACE_OUTER_BOUND ( 'NONE', #725, .T. ) ;
#1481 = CARTESIAN_POINT ( 'NONE',  ( -1.559999999999993614, 6.550000000000000711, 0.2049999999999990163 ) ) ;
#1483 = EDGE_LOOP ( 'NONE', ( #190, #3609, #1636, #132 ) ) ;
#1482 = LINE ( 'NONE', #1748, #2797 ) ;
#1484 = LINE ( 'NONE', #2382, #1954 ) ;
#1485 = ORIENTED_EDGE ( 'NONE', *, *, #478, .T. ) ;
#1486 = FACE_BOUND ( 'NONE', #1763, .T. ) ;
#1487 = CARTESIAN_POINT ( 'NONE',  ( 4.160000000000006359, 6.750000000000000000, 0.8449999999999990852 ) ) ;
#1488 = LINE ( 'NONE', #1527, #3482 ) ;
#1489 = ORIENTED_EDGE ( 'NONE', *, *, #2237, .T. ) ;
#1490 = CARTESIAN_POINT ( 'NONE',  ( -7.969999999999994422, 4.379603983657458066, 1.193012820497851401 ) ) ;
#1491 = LINE ( 'NONE', #779, #3041 ) ;
#1492 = ORIENTED_EDGE ( 'NONE', *, *, #3474, .T. ) ;
#1493 = ORIENTED_EDGE ( 'NONE', *, *, #926, .F. ) ;
#1494 = EDGE_CURVE ( 'NONE', #2211, #1387, #2640, .T. ) ;
#1495 = EDGE_CURVE ( 'NONE', #3361, #2174, #1484, .T. ) ;
#1496 = CARTESIAN_POINT ( 'NONE',  ( 1.620000000000005880, 0.000000000000000000, 0.2049999999999990163 ) ) ;
#1497 = FACE_OUTER_BOUND ( 'NONE', #782, .T. ) ;
#1498 = ORIENTED_EDGE ( 'NONE', *, *, #1308, .F. ) ;
#1499 = PLANE ( 'NONE',  #1274 ) ;
#1500 = EDGE_CURVE ( 'NONE', #2696, #2758, #1123, .T. ) ;
#1501 = EDGE_CURVE ( 'NONE', #1191, #1387, #3508, .T. ) ;
#1502 = PLANE ( 'NONE',  #1464 ) ;
#1503 = ORIENTED_EDGE ( 'NONE', *, *, #495, .T. ) ;
#1504 = FACE_OUTER_BOUND ( 'NONE', #96, .T. ) ;
#1505 = LINE ( 'NONE', #853, #443 ) ;
#1506 = CARTESIAN_POINT ( 'NONE',  ( -5.999999999999993783, 6.550000000000002487, 0.8449999999999990852 ) ) ;
#1508 = VERTEX_POINT ( 'NONE', #2302 ) ;
#1507 = CARTESIAN_POINT ( 'NONE',  ( -0.000000000000000000, 6.750000000000000000, 0.4049999999999995270 ) ) ;
#1509 = ORIENTED_EDGE ( 'NONE', *, *, #2453, .F. ) ;
#1510 = FACE_OUTER_BOUND ( 'NONE', #3379, .T. ) ;
#1511 = EDGE_LOOP ( 'NONE', ( #61, #2477, #2693, #1451 ) ) ;
#1512 = ORIENTED_EDGE ( 'NONE', *, *, #3398, .T. ) ;
#1513 = DIRECTION ( 'NONE',  ( -0.000000000000000000, -1.000000000000000000, -0.000000000000000000 ) ) ;
#1514 = LINE ( 'NONE', #3627, #70 ) ;
#1515 = VERTEX_POINT ( 'NONE', #1184 ) ;
#1516 = PRESENTATION_STYLE_ASSIGNMENT (( #2400 ) ) ;
#1517 = CARTESIAN_POINT ( 'NONE',  ( 0.000000000000000000, 0.000000000000000000, 0.2049999999999990163 ) ) ;
#1519 = ORIENTED_EDGE ( 'NONE', *, *, #1787, .T. ) ;
#1518 = LINE ( 'NONE', #1813, #3864 ) ;
#1520 = AXIS2_PLACEMENT_3D ( 'NONE', #1981, #2681, #2977 ) ;
#1521 = DIRECTION ( 'NONE',  ( 0.000000000000000000, 0.000000000000000000, -1.000000000000000000 ) ) ;
#1522 = CARTESIAN_POINT ( 'NONE',  ( -3.899999999999991918, -3.450000000000000178, 0.2049999999999990163 ) ) ;
#1523 = PLANE ( 'NONE',  #2270 ) ;
#1524 = ADVANCED_FACE ( 'NONE', ( #568 ), #887, .F. ) ;
#1525 = ADVANCED_FACE ( 'NONE', ( #1403 ), #851, .T. ) ;
#1526 = AXIS2_PLACEMENT_3D ( 'NONE', #2176, #684, #3088 ) ;
#1528 = ORIENTED_EDGE ( 'NONE', *, *, #3879, .F. ) ;
#1527 = CARTESIAN_POINT ( 'NONE',  ( 6.060000000000007603, 6.550000000000000711, 0.8449999999999990852 ) ) ;
#1529 = VECTOR ( 'NONE', #340, 1000.000000000000000 ) ;
#1530 = VECTOR ( 'NONE', #3260, 1000.000000000000000 ) ;
#1531 = ORIENTED_EDGE ( 'NONE', *, *, #2189, .T. ) ;
#1532 = DIRECTION ( 'NONE',  ( -0.000000000000000000, -1.000000000000000000, -0.000000000000000000 ) ) ;
#1533 = EDGE_CURVE ( 'NONE', #3571, #1780, #1716, .T. ) ;
#1534 = VECTOR ( 'NONE', #2096, 1000.000000000000114 ) ;
#1535 = VECTOR ( 'NONE', #2829, 1000.000000000000000 ) ;
#1536 = ORIENTED_EDGE ( 'NONE', *, *, #162, .T. ) ;
#1537 = ORIENTED_EDGE ( 'NONE', *, *, #536, .T. ) ;
#1538 = AXIS2_PLACEMENT_3D ( 'NONE', #3782, #2559, #1966 ) ;
#1539 = DIRECTION ( 'NONE',  ( 0.000000000000000000, 0.000000000000000000, 1.000000000000000000 ) ) ;
#1540 = VERTEX_POINT ( 'NONE', #3822 ) ;
#1541 = LINE ( 'NONE', #2745, #1776 ) ;
#1542 = CARTESIAN_POINT ( 'NONE',  ( 0.9800000000000060885, 0.000000000000000000, 0.2049999999999990163 ) ) ;
#1543 = CARTESIAN_POINT ( 'NONE',  ( 0.9800000000000060885, 6.550000000000000711, 0.8449999999999990852 ) ) ;
#1544 = DIRECTION ( 'NONE',  ( -0.000000000000000000, -0.000000000000000000, 1.000000000000000000 ) ) ;
#1545 = LINE ( 'NONE', #1817, #1769 ) ;
#1546 = ADVANCED_FACE ( 'NONE', ( #2322 ), #3527, .T. ) ;
#1548 = ORIENTED_EDGE ( 'NONE', *, *, #65, .F. ) ;
#1547 = CARTESIAN_POINT ( 'NONE',  ( 3.520000000000006679, 6.550000000000000711, 0.8449999999999990852 ) ) ;
#1549 = EDGE_CURVE ( 'NONE', #3528, #2549, #2898, .T. ) ;
#1550 = ORIENTED_EDGE ( 'NONE', *, *, #926, .T. ) ;
#1551 = DIRECTION ( 'NONE',  ( 0.5773502691896273964, -0.5773502691896224004, 0.5773502691896273964 ) ) ;
#1552 = EDGE_CURVE ( 'NONE', #1279, #3084, #1421, .T. ) ;
#1553 = ORIENTED_EDGE ( 'NONE', *, *, #3595, .F. ) ;
#1554 = ORIENTED_EDGE ( 'NONE', *, *, #1053, .F. ) ;
#1555 = DIRECTION ( 'NONE',  ( 0.000000000000000000, -0.7071067811865505703, 0.7071067811865444641 ) ) ;
#1556 = ORIENTED_EDGE ( 'NONE', *, *, #1618, .F. ) ;
#1557 = DIRECTION ( 'NONE',  ( 1.000000000000000000, -0.000000000000000000, -0.000000000000000000 ) ) ;
#1558 = CARTESIAN_POINT ( 'NONE',  ( -0.9199999999999937117, -3.249999999999996891, 0.8449999999999990852 ) ) ;
#1559 = FACE_OUTER_BOUND ( 'NONE', #2177, .T. ) ;
#1560 = DIRECTION ( 'NONE',  ( 0.000000000000000000, 0.000000000000000000, -1.000000000000000000 ) ) ;
#1562 = ORIENTED_EDGE ( 'NONE', *, *, #1929, .T. ) ;
#1561 = LINE ( 'NONE', #3411, #2794 ) ;
#1563 = EDGE_LOOP ( 'NONE', ( #2157, #3604, #1202, #2861 ) ) ;
#1564 = FACE_OUTER_BOUND ( 'NONE', #1046, .T. ) ;
#1565 = ORIENTED_EDGE ( 'NONE', *, *, #1992, .T. ) ;
#1566 = ORIENTED_EDGE ( 'NONE', *, *, #3020, .F. ) ;
#1567 = ADVANCED_FACE ( 'NONE', ( #278 ), #249, .F. ) ;
#1568 = EDGE_CURVE ( 'NONE', #2186, #42, #1733, .T. ) ;
#1569 = ORIENTED_EDGE ( 'NONE', *, *, #3140, .T. ) ;
#1570 = DIRECTION ( 'NONE',  ( -0.000000000000000000, 0.7071067811865452413, 0.7071067811865497932 ) ) ;
#1571 = VERTEX_POINT ( 'NONE', #1460 ) ;
#1572 = DIRECTION ( 'NONE',  ( -1.000000000000000000, 0.000000000000000000, 0.000000000000000000 ) ) ;
#1573 = LINE ( 'NONE', #2762, #515 ) ;
#1574 = LINE ( 'NONE', #3371, #2339 ) ;
#1575 = DIRECTION ( 'NONE',  ( 0.000000000000000000, -0.000000000000000000, 1.000000000000000000 ) ) ;
#1576 = AXIS2_PLACEMENT_3D ( 'NONE', #3740, #2238, #444 ) ;
#1578 = EDGE_LOOP ( 'NONE', ( #217, #120, #3512, #1319 ) ) ;
#1577 = CARTESIAN_POINT ( 'NONE',  ( 4.160000000000006359, 0.000000000000000000, 0.2049999999999990163 ) ) ;
#1579 = ORIENTED_EDGE ( 'NONE', *, *, #2065, .F. ) ;
#1580 = FACE_OUTER_BOUND ( 'NONE', #2448, .T. ) ;
#1581 = ORIENTED_EDGE ( 'NONE', *, *, #579, .T. ) ;
#1582 = AXIS2_PLACEMENT_3D ( 'NONE', #2522, #3729, #1029 ) ;
#1583 = VECTOR ( 'NONE', #511, 1000.000000000000000 ) ;
#1584 = CARTESIAN_POINT ( 'NONE',  ( 3.720000000000009077, -3.450000000000000178, 0.6449999999999967981 ) ) ;
#1585 = VECTOR ( 'NONE', #2289, 1000.000000000000000 ) ;
#1586 = AXIS2_PLACEMENT_3D ( 'NONE', #2223, #3431, #3131 ) ;
#1587 = EDGE_LOOP ( 'NONE', ( #808, #3246, #1690, #2357 ) ) ;
#1588 = VECTOR ( 'NONE', #1532, 1000.000000000000000 ) ;
#1589 = VECTOR ( 'NONE', #2936, 1000.000000000000000 ) ;
#1590 = ORIENTED_EDGE ( 'NONE', *, *, #185, .F. ) ;
#1591 = EDGE_CURVE ( 'NONE', #1695, #2399, #2667, .T. ) ;
#1592 = VECTOR ( 'NONE', #819, 1000.000000000000000 ) ;
#1593 = EDGE_CURVE ( 'NONE', #694, #714, #3805, .T. ) ;
#1594 = DIRECTION ( 'NONE',  ( 0.000000000000000000, -1.000000000000000000, 0.000000000000000000 ) ) ;
#1595 = ORIENTED_EDGE ( 'NONE', *, *, #744, .F. ) ;
#1596 = AXIS2_PLACEMENT_3D ( 'NONE', #855, #553, #220 ) ;
#1597 = DIRECTION ( 'NONE',  ( 0.000000000000000000, 0.000000000000000000, 1.000000000000000000 ) ) ;
#1598 = EDGE_CURVE ( 'NONE', #3189, #860, #1167, .T. ) ;
#1599 = CARTESIAN_POINT ( 'NONE',  ( -5.903768110025848337, 4.300076335521239912, 2.074999999999999734 ) ) ;
#1600 = DIRECTION ( 'NONE',  ( 0.000000000000000000, 0.000000000000000000, 1.000000000000000000 ) ) ;
#1601 = CARTESIAN_POINT ( 'NONE',  ( -0.9199999999999937117, 0.000000000000000000, 0.2049999999999990163 ) ) ;
#1603 = ORIENTED_EDGE ( 'NONE', *, *, #1007, .T. ) ;
#1602 = CARTESIAN_POINT ( 'NONE',  ( 6.260000000000007780, 6.750000000000000000, 0.4049999999999995270 ) ) ;
#1604 = ORIENTED_EDGE ( 'NONE', *, *, #2680, .F. ) ;
#1605 = LINE ( 'NONE', #734, #381 ) ;
#1606 = EDGE_LOOP ( 'NONE', ( #3089, #2854, #1646, #3277 ) ) ;
#1607 = CARTESIAN_POINT ( 'NONE',  ( 0.9800000000000060885, 6.750000000000000000, 0.8449999999999990852 ) ) ;
#1608 = ORIENTED_EDGE ( 'NONE', *, *, #1446, .T. ) ;
#1609 = ORIENTED_EDGE ( 'NONE', *, *, #3496, .F. ) ;
#1610 = CARTESIAN_POINT ( 'NONE',  ( 0.9800000000000060885, 6.550000000000000711, 0.8449999999999990852 ) ) ;
#1611 = VERTEX_POINT ( 'NONE', #1104 ) ;
#1612 = EDGE_CURVE ( 'NONE', #3434, #1279, #2064, .T. ) ;
#1613 = LINE ( 'NONE', #2514, #334 ) ;
#1614 = LINE ( 'NONE', #2253, #198 ) ;
#1615 = DIRECTION ( 'NONE',  ( -1.000000000000000000, 0.000000000000000000, -0.000000000000000000 ) ) ;
#1616 = CARTESIAN_POINT ( 'NONE',  ( 0.9800000000000060885, 0.000000000000000000, 0.8449999999999990852 ) ) ;
#1617 = EDGE_CURVE ( 'NONE', #3169, #792, #2621, .T. ) ;
#1618 = EDGE_CURVE ( 'NONE', #3108, #3571, #1605, .T. ) ;
#1620 = ORIENTED_EDGE ( 'NONE', *, *, #1092, .F. ) ;
#1619 = FACE_OUTER_BOUND ( 'NONE', #997, .T. ) ;
#1621 = ORIENTED_EDGE ( 'NONE', *, *, #1859, .F. ) ;
#1622 = FACE_BOUND ( 'NONE', #1967, .T. ) ;
#1623 = ORIENTED_EDGE ( 'NONE', *, *, #1204, .T. ) ;
#1624 = CARTESIAN_POINT ( 'NONE',  ( 4.160000000000006359, 6.550000000000000711, 0.8449999999999990852 ) ) ;
#1625 = VERTEX_POINT ( 'NONE', #98 ) ;
#1626 = FACE_OUTER_BOUND ( 'NONE', #1065, .T. ) ;
#1627 = ORIENTED_EDGE ( 'NONE', *, *, #1612, .T. ) ;
#1628 = FACE_OUTER_BOUND ( 'NONE', #1656, .T. ) ;
#1629 = CARTESIAN_POINT ( 'NONE',  ( -8.769999999999994245, 7.000000000000000000, -2.075000000000001066 ) ) ;
#1630 = CARTESIAN_POINT ( 'NONE',  ( 4.160000000000006359, 6.750000000000000000, 0.8449999999999990852 ) ) ;
#1631 = LINE ( 'NONE', #672, #66 ) ;
#1633 = ORIENTED_EDGE ( 'NONE', *, *, #3464, .T. ) ;
#1632 = DIRECTION ( 'NONE',  ( 1.000000000000000000, 0.000000000000000000, 0.000000000000000000 ) ) ;
#1634 = ADVANCED_FACE ( 'NONE', ( #401 ), #3067, .F. ) ;
#1635 = ADVANCED_FACE ( 'NONE', ( #2471 ), #3674, .T. ) ;
#1636 = ORIENTED_EDGE ( 'NONE', *, *, #1827, .T. ) ;
#1637 = CARTESIAN_POINT ( 'NONE',  ( -0.9199999999999937117, 6.550000000000000711, 0.8449999999999990852 ) ) ;
#1638 = ORIENTED_EDGE ( 'NONE', *, *, #1450, .F. ) ;
#1639 = DIRECTION ( 'NONE',  ( 0.000000000000000000, 0.000000000000000000, 1.000000000000000000 ) ) ;
#1640 = VECTOR ( 'NONE', #1070, 1000.000000000000000 ) ;
#1641 = ORIENTED_EDGE ( 'NONE', *, *, #3880, .F. ) ;
#1642 = AXIS2_PLACEMENT_3D ( 'NONE', #1963, #127, #1651 ) ;
#1643 = VECTOR ( 'NONE', #3235, 1000.000000000000227 ) ;
#1644 = DIRECTION ( 'NONE',  ( 0.000000000000000000, 1.000000000000000000, 0.000000000000000000 ) ) ;
#1645 = VECTOR ( 'NONE', #2354, 1000.000000000000000 ) ;
#1646 = ORIENTED_EDGE ( 'NONE', *, *, #3257, .T. ) ;
#1647 = VECTOR ( 'NONE', #3287, 1000.000000000000000 ) ;
#1648 = LINE ( 'NONE', #2296, #1339 ) ;
#1649 = FACE_OUTER_BOUND ( 'NONE', #1342, .T. ) ;
#1650 = LINE ( 'NONE', #2857, #647 ) ;
#1651 = DIRECTION ( 'NONE',  ( -1.000000000000000000, 0.000000000000000000, -0.000000000000000000 ) ) ;
#1652 = VECTOR ( 'NONE', #2860, 1000.000000000000000 ) ;
#1653 = DIRECTION ( 'NONE',  ( 1.000000000000000000, 0.000000000000000000, 0.000000000000000000 ) ) ;
#1655 = ORIENTED_EDGE ( 'NONE', *, *, #771, .F. ) ;
#1654 = PLANE ( 'NONE',  #3424 ) ;
#1656 = EDGE_LOOP ( 'NONE', ( #2014, #30, #2751, #1720 ) ) ;
#1657 = DIRECTION ( 'NONE',  ( 0.000000000000000000, 0.000000000000000000, -1.000000000000000000 ) ) ;
#1658 = CARTESIAN_POINT ( 'NONE',  ( -5.903768110025848337, 7.000000000000000000, -2.876000000000000778 ) ) ;
#1659 = ORIENTED_EDGE ( 'NONE', *, *, #218, .F. ) ;
#1660 = EDGE_CURVE ( 'NONE', #3472, #1515, #2790, .T. ) ;
#1661 = EDGE_CURVE ( 'NONE', #2405, #2707, #974, .T. ) ;
#1662 = LINE ( 'NONE', #2866, #1093 ) ;
#1663 = ORIENTED_EDGE ( 'NONE', *, *, #494, .F. ) ;
#1664 = EDGE_CURVE ( 'NONE', #83, #2375, #1345, .T. ) ;
#1665 = LINE ( 'NONE', #2534, #439 ) ;
#1666 = VERTEX_POINT ( 'NONE', #2228 ) ;
#1667 = CARTESIAN_POINT ( 'NONE',  ( -6.769999999999995133, 6.728922615252671768, -2.876000000000000778 ) ) ;
#1668 = PLANE ( 'NONE',  #3716 ) ;
#1669 = CARTESIAN_POINT ( 'NONE',  ( -3.459999999999993747, 0.000000000000000000, 0.8449999999999990852 ) ) ;
#1670 = FACE_OUTER_BOUND ( 'NONE', #3764, .T. ) ;
#1672 = ORIENTED_EDGE ( 'NONE', *, *, #3329, .T. ) ;
#1671 = DIRECTION ( 'NONE',  ( -0.5773502691896245098, -0.5773502691896281735, -0.5773502691896245098 ) ) ;
#1673 = ORIENTED_EDGE ( 'NONE', *, *, #311, .T. ) ;
#1674 = CARTESIAN_POINT ( 'NONE',  ( 6.486666666666672576, 6.763333333333333641, 0.6316666666666644891 ) ) ;
#1675 = CARTESIAN_POINT ( 'NONE',  ( 3.520000000000006679, -3.249999999999996891, 0.2049999999999990163 ) ) ;
#1676 = ORIENTED_EDGE ( 'NONE', *, *, #2965, .T. ) ;
#1677 = CARTESIAN_POINT ( 'NONE',  ( -1.119999999999994333, 6.750000000000000000, 0.6449999999999985745 ) ) ;
#1678 = DIRECTION ( 'NONE',  ( 0.5773502691896273964, 0.5773502691896224004, 0.5773502691896273964 ) ) ;
#1679 = ORIENTED_EDGE ( 'NONE', *, *, #3394, .F. ) ;
#1680 = EDGE_CURVE ( 'NONE', #877, #3237, #3748, .T. ) ;
#1681 = CARTESIAN_POINT ( 'NONE',  ( 6.060000000000007603, 6.750000000000000000, 0.8449999999999990852 ) ) ;
#1682 = EDGE_CURVE ( 'NONE', #3637, #1134, #3138, .T. ) ;
#1683 = ORIENTED_EDGE ( 'NONE', *, *, #408, .T. ) ;
#1684 = LINE ( 'NONE', #1939, #3542 ) ;
#1685 = DIRECTION ( 'NONE',  ( 1.000000000000000000, 0.000000000000000000, -0.000000000000000000 ) ) ;
#1686 = EDGE_CURVE ( 'NONE', #42, #2741, #2204, .T. ) ;
#1687 = DIRECTION ( 'NONE',  ( 1.000000000000000000, -0.000000000000000000, -0.000000000000000000 ) ) ;
#1688 = DIRECTION ( 'NONE',  ( -0.000000000000000000, -0.000000000000000000, 1.000000000000000000 ) ) ;
#1690 = ORIENTED_EDGE ( 'NONE', *, *, #3227, .T. ) ;
#1689 = LINE ( 'NONE', #3152, #274 ) ;
#1691 = CARTESIAN_POINT ( 'NONE',  ( 6.500000000000005329, -3.450000000000000178, 0.000000000000000000 ) ) ;
#1692 = ORIENTED_EDGE ( 'NONE', *, *, #2307, .F. ) ;
#1693 = DIRECTION ( 'NONE',  ( 0.000000000000000000, -1.000000000000000000, 0.000000000000000000 ) ) ;
#1694 = FACE_OUTER_BOUND ( 'NONE', #960, .T. ) ;
#1695 = VERTEX_POINT ( 'NONE', #1047 ) ;
#1696 = CARTESIAN_POINT ( 'NONE',  ( -4.099999999999994316, -3.249999999999996891, 0.2049999999999990163 ) ) ;
#1697 = CARTESIAN_POINT ( 'NONE',  ( -3.459999999999993747, 6.750000000000000000, 0.8449999999999990852 ) ) ;
#1698 = AXIS2_PLACEMENT_3D ( 'NONE', #38, #654, #670 ) ;
#1699 = CARTESIAN_POINT ( 'NONE',  ( 1.620000000000005880, 0.000000000000000000, 0.8449999999999990852 ) ) ;
#1700 = ORIENTED_EDGE ( 'NONE', *, *, #1308, .T. ) ;
#1701 = VECTOR ( 'NONE', #1594, 1000.000000000000000 ) ;
#1702 = VECTOR ( 'NONE', #3453, 1000.000000000000227 ) ;
#1703 = EDGE_CURVE ( 'NONE', #1344, #1891, #2170, .T. ) ;
#1704 = EDGE_CURVE ( 'NONE', #2136, #2883, #662, .T. ) ;
#1705 = FACE_OUTER_BOUND ( 'NONE', #2929, .T. ) ;
#1706 = VECTOR ( 'NONE', #535, 1000.000000000000227 ) ;
#1707 = VECTOR ( 'NONE', #3558, 1000.000000000000000 ) ;
#1708 = DIRECTION ( 'NONE',  ( -1.000000000000000000, 0.000000000000000000, 0.000000000000000000 ) ) ;
#1709 = FACE_OUTER_BOUND ( 'NONE', #113, .T. ) ;
#1710 = AXIS2_PLACEMENT_3D ( 'NONE', #709, #1940, #147 ) ;
#1711 = EDGE_CURVE ( 'NONE', #1378, #1061, #114, .T. ) ;
#1712 = DIRECTION ( 'NONE',  ( 1.000000000000000000, 0.000000000000000000, 0.000000000000000000 ) ) ;
#1714 = EDGE_LOOP ( 'NONE', ( #2656, #721, #868, #3903 ) ) ;
#1713 = DIRECTION ( 'NONE',  ( 0.000000000000000000, 0.000000000000000000, -1.000000000000000000 ) ) ;
#1715 = VECTOR ( 'NONE', #695, 1000.000000000000000 ) ;
#1716 = LINE ( 'NONE', #3553, #3532 ) ;
#1717 = ORIENTED_EDGE ( 'NONE', *, *, #458, .T. ) ;
#1718 = LINE ( 'NONE', #454, #382 ) ;
#1719 = LINE ( 'NONE', #2032, #644 ) ;
#1720 = ORIENTED_EDGE ( 'NONE', *, *, #2991, .F. ) ;
#1721 = AXIS2_PLACEMENT_3D ( 'NONE', #2388, #2092, #2750 ) ;
#1722 = CARTESIAN_POINT ( 'NONE',  ( 6.060000000000007603, 6.750000000000000000, 0.8449999999999990852 ) ) ;
#1723 = CARTESIAN_POINT ( 'NONE',  ( 5.903768110025854554, 4.300076335521231030, -2.876000000000000778 ) ) ;
#1724 = DIRECTION ( 'NONE',  ( -1.000000000000000000, 0.000000000000000000, -0.000000000000000000 ) ) ;
#1725 = LINE ( 'NONE', #2332, #1076 ) ;
#1726 = VERTEX_POINT ( 'NONE', #359 ) ;
#1727 = FACE_OUTER_BOUND ( 'NONE', #3810, .T. ) ;
#1728 = CARTESIAN_POINT ( 'NONE',  ( 0.000000000000000000, -3.450000000000000178, 0.6450000000000002398 ) ) ;
#1729 = FILL_AREA_STYLE ('',( #2701 ) ) ;
#1730 = LINE ( 'NONE', #804, #1019 ) ;
#1732 = VERTEX_POINT ( 'NONE', #59 ) ;
#1731 = CARTESIAN_POINT ( 'NONE',  ( 0.000000000000000000, 0.000000000000000000, 0.2049999999999990163 ) ) ;
#1733 = LINE ( 'NONE', #2958, #3779 ) ;
#1734 = ORIENTED_EDGE ( 'NONE', *, *, #2943, .T. ) ;
#1735 = LINE ( 'NONE', #1125, #3719 ) ;
#1736 = LINE ( 'NONE', #3179, #123 ) ;
#1737 = ADVANCED_FACE ( 'NONE', ( #417, #1622, #1290, #2490, #990, #2826, #1564 ), #1892, .T. ) ;
#1738 = EDGE_CURVE ( 'NONE', #3628, #683, #135, .T. ) ;
#1739 = CARTESIAN_POINT ( 'NONE',  ( 6.700000000000007283, 0.8000000000000003775, 0.2049999999999990163 ) ) ;
#1740 = DIRECTION ( 'NONE',  ( 0.000000000000000000, 0.000000000000000000, 1.000000000000000000 ) ) ;
#1741 = ADVANCED_FACE ( 'NONE', ( #1580 ), #1322, .F. ) ;
#1742 = CARTESIAN_POINT ( 'NONE',  ( 0.9800000000000060885, 6.750000000000000000, 0.2049999999999990163 ) ) ;
#1743 = CARTESIAN_POINT ( 'NONE',  ( -6.639999999999994351, 6.550000000000002487, 0.8449999999999990852 ) ) ;
#1744 = ORIENTED_EDGE ( 'NONE', *, *, #1783, .F. ) ;
#1745 = CARTESIAN_POINT ( 'NONE',  ( -8.769999999999994245, 7.000000000000000000, 1.193012820497851401 ) ) ;
#1746 = LINE ( 'NONE', #3266, #3090 ) ;
#1747 = DIRECTION ( 'NONE',  ( 0.000000000000000000, 0.000000000000000000, -1.000000000000000000 ) ) ;
#1749 = ORIENTED_EDGE ( 'NONE', *, *, #3806, .F. ) ;
#1748 = CARTESIAN_POINT ( 'NONE',  ( 0.9800000000000060885, -3.450000000000000178, 0.6449999999999967981 ) ) ;
#1750 = DIRECTION ( 'NONE',  ( 0.5773502691896273964, -0.5773502691896224004, 0.5773502691896273964 ) ) ;
#1751 = ORIENTED_EDGE ( 'NONE', *, *, #3565, .T. ) ;
#1752 = CARTESIAN_POINT ( 'NONE',  ( -8.769999999999994245, 7.000000000000000000, 1.946917228565423263 ) ) ;
#1753 = CARTESIAN_POINT ( 'NONE',  ( 0.9800000000000060885, 6.750000000000000000, 0.8449999999999990852 ) ) ;
#1754 = EDGE_CURVE ( 'NONE', #1666, #701, #490, .T. ) ;
#1755 = DIRECTION ( 'NONE',  ( 0.000000000000000000, 0.000000000000000000, -1.000000000000000000 ) ) ;
#1756 = EDGE_CURVE ( 'NONE', #3226, #694, #455, .T. ) ;
#1757 = ORIENTED_EDGE ( 'NONE', *, *, #745, .T. ) ;
#1758 = LINE ( 'NONE', #2921, #3791 ) ;
#1759 = EDGE_CURVE ( 'NONE', #1413, #3079, #3198, .T. ) ;
#1760 = DIRECTION ( 'NONE',  ( 0.000000000000000000, -1.000000000000000000, 0.000000000000000000 ) ) ;
#1761 = CARTESIAN_POINT ( 'NONE',  ( -4.099999999999994316, 6.750000000000000000, 0.8449999999999990852 ) ) ;
#1762 = ORIENTED_EDGE ( 'NONE', *, *, #1446, .F. ) ;
#1763 = EDGE_LOOP ( 'NONE', ( #1751, #3807, #2544, #2879 ) ) ;
#1764 = DIRECTION ( 'NONE',  ( 1.000000000000000000, 0.000000000000000000, 0.000000000000000000 ) ) ;
#1765 = VECTOR ( 'NONE', #1386, 1000.000000000000000 ) ;
#1766 = LINE ( 'NONE', #3861, #392 ) ;
#1767 = AXIS2_PLACEMENT_3D ( 'NONE', #1000, #3060, #73 ) ;
#1768 = PLANE ( 'NONE',  #128 ) ;
#1769 = VECTOR ( 'NONE', #3890, 1000.000000000000000 ) ;
#1770 = CARTESIAN_POINT ( 'NONE',  ( 6.060000000000007603, 6.550000000000000711, 0.2049999999999990163 ) ) ;
#1772 = EDGE_LOOP ( 'NONE', ( #3099, #2850, #1620, #3694 ) ) ;
#1771 = CARTESIAN_POINT ( 'NONE',  ( -6.639999999999994351, 6.750000000000000000, 0.8449999999999990852 ) ) ;
#1773 = DIRECTION ( 'NONE',  ( 0.000000000000000000, 0.000000000000000000, 1.000000000000000000 ) ) ;
#1774 = CARTESIAN_POINT ( 'NONE',  ( -3.459999999999993747, 6.550000000000000711, 0.8449999999999990852 ) ) ;
#1775 = DIRECTION ( 'NONE',  ( 0.000000000000000000, 0.000000000000000000, 1.000000000000000000 ) ) ;
#1776 = VECTOR ( 'NONE', #2739, 1000.000000000000114 ) ;
#1777 = VECTOR ( 'NONE', #596, 1000.000000000000000 ) ;
#1778 = CARTESIAN_POINT ( 'NONE',  ( 6.486666666666672576, 6.763333333333333641, 0.4183333333333336124 ) ) ;
#1779 = AXIS2_PLACEMENT_3D ( 'NONE', #3664, #966, #89 ) ;
#1780 = VERTEX_POINT ( 'NONE', #3766 ) ;
#1781 = CARTESIAN_POINT ( 'NONE',  ( 6.060000000000007603, 0.000000000000000000, 0.8449999999999990852 ) ) ;
#1782 = VECTOR ( 'NONE', #2309, 1000.000000000000000 ) ;
#1783 = EDGE_CURVE ( 'NONE', #214, #877, #2624, .T. ) ;
#1784 = AXIS2_PLACEMENT_3D ( 'NONE', #314, #634, #2664 ) ;
#1785 = DIRECTION ( 'NONE',  ( 0.000000000000000000, -0.000000000000000000, 1.000000000000000000 ) ) ;
#1786 = ORIENTED_EDGE ( 'NONE', *, *, #3310, .F. ) ;
#1787 = EDGE_CURVE ( 'NONE', #173, #541, #3530, .T. ) ;
#1788 = ADVANCED_FACE ( 'NONE', ( #1694 ), #1107, .T. ) ;
#1789 = ORIENTED_EDGE ( 'NONE', *, *, #1977, .T. ) ;
#1790 = CARTESIAN_POINT ( 'NONE',  ( 1.620000000000005880, -3.450000000000000178, 0.4050000000000013034 ) ) ;
#1791 = FACE_OUTER_BOUND ( 'NONE', #3886, .T. ) ;
#1792 = ORIENTED_EDGE ( 'NONE', *, *, #1759, .F. ) ;
#1793 = LINE ( 'NONE', #3332, #3223 ) ;
#1794 = LINE ( 'NONE', #2955, #3662 ) ;
#1796 = EDGE_LOOP ( 'NONE', ( #2229, #645, #3749, #380 ) ) ;
#1795 = CARTESIAN_POINT ( 'NONE',  ( 7.970000000000005080, 7.000000000000000000, 1.946917228565423041 ) ) ;
#1797 = CARTESIAN_POINT ( 'NONE',  ( 1.180000000000008376, -3.450000000000000178, 0.4050000000000013034 ) ) ;
#1798 = DIRECTION ( 'NONE',  ( -0.000000000000000000, -0.000000000000000000, 1.000000000000000000 ) ) ;
#1799 = FACE_OUTER_BOUND ( 'NONE', #1124, .T. ) ;
#1801 = ORIENTED_EDGE ( 'NONE', *, *, #87, .T. ) ;
#1800 = DIRECTION ( 'NONE',  ( 1.000000000000000000, 0.000000000000000000, 0.000000000000000000 ) ) ;
#1802 = ORIENTED_EDGE ( 'NONE', *, *, #872, .F. ) ;
#1803 = CARTESIAN_POINT ( 'NONE',  ( 1.180000000000008376, -3.450000000000000178, 0.2049999999999990163 ) ) ;
#1804 = ORIENTED_EDGE ( 'NONE', *, *, #3187, .T. ) ;
#1805 = ORIENTED_EDGE ( 'NONE', *, *, #797, .F. ) ;
#1806 = CARTESIAN_POINT ( 'NONE',  ( 7.970000000000005080, 7.000000000000000000, -2.875000000000000888 ) ) ;
#1807 = EDGE_CURVE ( 'NONE', #1323, #1625, #192, .T. ) ;
#1808 = EDGE_CURVE ( 'NONE', #2824, #3237, #2882, .T. ) ;
#1809 = DIRECTION ( 'NONE',  ( 0.7071067811865495711, 0.7071067811865455743, -0.000000000000000000 ) ) ;
#1810 = ORIENTED_EDGE ( 'NONE', *, *, #3062, .T. ) ;
#1811 = DIRECTION ( 'NONE',  ( -0.000000000000000000, 1.000000000000000000, 0.000000000000000000 ) ) ;
#1812 = DIRECTION ( 'NONE',  ( -0.7071067811865474617, -0.7071067811865474617, 0.000000000000000000 ) ) ;
#1814 = ORIENTED_EDGE ( 'NONE', *, *, #3069, .T. ) ;
#1813 = CARTESIAN_POINT ( 'NONE',  ( 3.520000000000006679, -3.450000000000000178, 0.6449999999999967981 ) ) ;
#1815 = LINE ( 'NONE', #1832, #3163 ) ;
#1816 = DIRECTION ( 'NONE',  ( 0.000000000000000000, 0.000000000000000000, -1.000000000000000000 ) ) ;
#1817 = CARTESIAN_POINT ( 'NONE',  ( -1.559999999999993614, 6.750000000000000000, 0.2049999999999990163 ) ) ;
#1819 = ORIENTED_EDGE ( 'NONE', *, *, #112, .T. ) ;
#1818 = CARTESIAN_POINT ( 'NONE',  ( -1.133333333333328197, 6.763333333333333641, 0.4183333333333336124 ) ) ;
#1820 = ORIENTED_EDGE ( 'NONE', *, *, #2870, .T. ) ;
#1821 = DIRECTION ( 'NONE',  ( 0.000000000000000000, -1.000000000000000000, 0.000000000000000000 ) ) ;
#1822 = VERTEX_POINT ( 'NONE', #1675 ) ;
#1823 = ORIENTED_EDGE ( 'NONE', *, *, #970, .F. ) ;
#1824 = LINE ( 'NONE', #2699, #2976 ) ;
#1825 = ORIENTED_EDGE ( 'NONE', *, *, #3566, .T. ) ;
#1826 = CARTESIAN_POINT ( 'NONE',  ( 0.000000000000000000, 6.750000000000000000, 0.000000000000000000 ) ) ;
#1827 = EDGE_CURVE ( 'NONE', #1344, #1695, #1719, .T. ) ;
#1828 = EDGE_CURVE ( 'NONE', #2677, #1908, #1272, .T. ) ;
#1829 = LINE ( 'NONE', #1867, #2473 ) ;
#1830 = APPLICATION_PROTOCOL_DEFINITION ( 'draft international standard', 'automotive_design', 1998, #2711 ) ;
#1831 = AXIS2_PLACEMENT_3D ( 'NONE', #3261, #2871, #161 ) ;
#1832 = CARTESIAN_POINT ( 'NONE',  ( -0.9066666666666629570, -3.903333333333331989, 0.1916666666666682617 ) ) ;
#1833 = FACE_BOUND ( 'NONE', #3327, .T. ) ;
#1834 = LINE ( 'NONE', #2067, #1529 ) ;
#1835 = AXIS2_PLACEMENT_3D ( 'NONE', #2145, #2446, #1265 ) ;
#1836 = EDGE_CURVE ( 'NONE', #404, #1198, #1406, .T. ) ;
#1837 = VECTOR ( 'NONE', #1969, 1000.000000000000227 ) ;
#1839 = ORIENTED_EDGE ( 'NONE', *, *, #2526, .F. ) ;
#1838 = CARTESIAN_POINT ( 'NONE',  ( 6.260000000000007780, 6.750000000000000000, 0.6449999999999985745 ) ) ;
#1840 = AXIS2_PLACEMENT_3D ( 'NONE', #3547, #2937, #2682 ) ;
#1841 = AXIS2_PLACEMENT_3D ( 'NONE', #3855, #2239, #1785 ) ;
#1842 = ORIENTED_EDGE ( 'NONE', *, *, #987, .T. ) ;
#1843 = CARTESIAN_POINT ( 'NONE',  ( -1.559999999999993614, -3.249999999999996891, 0.2049999999999990163 ) ) ;
#1844 = VECTOR ( 'NONE', #1372, 1000.000000000000114 ) ;
#1845 = VECTOR ( 'NONE', #3247, 1000.000000000000114 ) ;
#1846 = ORIENTED_EDGE ( 'NONE', *, *, #1474, .T. ) ;
#1847 = ORIENTED_EDGE ( 'NONE', *, *, #477, .F. ) ;
#1848 = VECTOR ( 'NONE', #2712, 1000.000000000000114 ) ;
#1849 = DIRECTION ( 'NONE',  ( 0.000000000000000000, 0.000000000000000000, 1.000000000000000000 ) ) ;
#1850 = ORIENTED_EDGE ( 'NONE', *, *, #2098, .T. ) ;
#1851 = CARTESIAN_POINT ( 'NONE',  ( 6.770000000000004903, 6.728922615252661110, 2.074999999999999734 ) ) ;
#1852 = CARTESIAN_POINT ( 'NONE',  ( 0.000000000000000000, 0.000000000000000000, 0.8449999999999990852 ) ) ;
#1853 = DIRECTION ( 'NONE',  ( 0.000000000000000000, 0.000000000000000000, 1.000000000000000000 ) ) ;
#1854 = DIRECTION ( 'NONE',  ( -0.5773502691896245098, -0.5773502691896281735, 0.5773502691896245098 ) ) ;
#1855 = UNCERTAINTY_MEASURE_WITH_UNIT (LENGTH_MEASURE( 1.000000000000000082E-05 ), #2404, 'distance_accuracy_value', 'NONE');
#1857 = ORIENTED_EDGE ( 'NONE', *, *, #3128, .F. ) ;
#1856 = LINE ( 'NONE', #894, #2983 ) ;
#1858 = EDGE_CURVE ( 'NONE', #2186, #3331, #751, .T. ) ;
#1859 = EDGE_CURVE ( 'NONE', #2808, #2108, #2006, .T. ) ;
#1860 = ORIENTED_EDGE ( 'NONE', *, *, #2454, .T. ) ;
#1861 = CARTESIAN_POINT ( 'NONE',  ( -7.969999999999994422, 7.000000000000000000, -2.875000000000000888 ) ) ;
#1862 = ORIENTED_EDGE ( 'NONE', *, *, #3496, .T. ) ;
#1863 = EDGE_LOOP ( 'NONE', ( #3054, #212, #2326, #1846 ) ) ;
#1864 = ORIENTED_EDGE ( 'NONE', *, *, #1552, .T. ) ;
#1865 = CARTESIAN_POINT ( 'NONE',  ( 4.160000000000006359, -3.249999999999996891, 0.8449999999999990852 ) ) ;
#1866 = ORIENTED_EDGE ( 'NONE', *, *, #111, .T. ) ;
#1867 = CARTESIAN_POINT ( 'NONE',  ( -1.133333333333328197, 6.763333333333333641, 0.6316666666666644891 ) ) ;
#1868 = CARTESIAN_POINT ( 'NONE',  ( 4.160000000000006359, 6.550000000000000711, 0.2049999999999990163 ) ) ;
#1869 = DIRECTION ( 'NONE',  ( -1.000000000000000000, 0.000000000000000000, -0.000000000000000000 ) ) ;
#1870 = DIRECTION ( 'NONE',  ( -1.000000000000000000, 0.000000000000000000, -0.000000000000000000 ) ) ;
#1872 = EDGE_LOOP ( 'NONE', ( #2160, #2472, #3457, #2769 ) ) ;
#1871 = PLANE ( 'NONE',  #3614 ) ;
#1873 = VERTEX_POINT ( 'NONE', #2946 ) ;
#1874 = DIRECTION ( 'NONE',  ( 0.000000000000000000, -1.000000000000000000, 0.000000000000000000 ) ) ;
#1875 = ORIENTED_EDGE ( 'NONE', *, *, #1369, .T. ) ;
#1876 = EDGE_CURVE ( 'NONE', #1971, #1222, #1970, .T. ) ;
#1877 = EDGE_CURVE ( 'NONE', #1989, #972, #3158, .T. ) ;
#1878 = CARTESIAN_POINT ( 'NONE',  ( 6.060000000000007603, 6.750000000000000000, 0.8449999999999990852 ) ) ;
#1879 = ORIENTED_EDGE ( 'NONE', *, *, #2599, .F. ) ;
#1880 = ADVANCED_FACE ( 'NONE', ( #3216 ), #1126, .T. ) ;
#1881 = ORIENTED_EDGE ( 'NONE', *, *, #3463, .T. ) ;
#1882 = CARTESIAN_POINT ( 'NONE',  ( 0.9800000000000060885, 6.550000000000000711, 0.2049999999999990163 ) ) ;
#1883 = ORIENTED_EDGE ( 'NONE', *, *, #2139, .F. ) ;
#1884 = CARTESIAN_POINT ( 'NONE',  ( 0.000000000000000000, 0.000000000000000000, 0.8449999999999990852 ) ) ;
#1885 = DIRECTION ( 'NONE',  ( 1.000000000000000000, 0.000000000000000000, -0.000000000000000000 ) ) ;
#1886 = LINE ( 'NONE', #2763, #254 ) ;
#1887 = CARTESIAN_POINT ( 'NONE',  ( -6.639999999999994351, 0.8000000000000000444, 0.2049999999999990163 ) ) ;
#1888 = VECTOR ( 'NONE', #3072, 1000.000000000000000 ) ;
#1890 = ORIENTED_EDGE ( 'NONE', *, *, #1008, .T. ) ;
#1889 = FACE_OUTER_BOUND ( 'NONE', #3675, .T. ) ;
#1891 = VERTEX_POINT ( 'NONE', #1064 ) ;
#1892 = PLANE ( 'NONE',  #2078 ) ;
#1893 = ORIENTED_EDGE ( 'NONE', *, *, #3427, .T. ) ;
#1894 = VECTOR ( 'NONE', #509, 1000.000000000000000 ) ;
#1895 = VECTOR ( 'NONE', #3824, 1000.000000000000000 ) ;
#1896 = DIRECTION ( 'NONE',  ( -1.000000000000000000, 0.000000000000000000, 0.000000000000000000 ) ) ;
#1897 = VECTOR ( 'NONE', #3256, 1000.000000000000000 ) ;
#1898 = EDGE_CURVE ( 'NONE', #1011, #1571, #2262, .T. ) ;
#1899 = EDGE_CURVE ( 'NONE', #1611, #1321, #1736, .T. ) ;
#1900 = ORIENTED_EDGE ( 'NONE', *, *, #1738, .T. ) ;
#1901 = AXIS2_PLACEMENT_3D ( 'NONE', #1826, #3038, #630 ) ;
#1902 = VECTOR ( 'NONE', #2278, 1000.000000000000000 ) ;
#1903 = ORIENTED_EDGE ( 'NONE', *, *, #478, .F. ) ;
#1904 = VECTOR ( 'NONE', #3486, 1000.000000000000000 ) ;
#1905 = EDGE_CURVE ( 'NONE', #601, #1258, #2246, .T. ) ;
#1906 = CARTESIAN_POINT ( 'NONE',  ( -6.639999999999994351, 6.550000000000002487, 0.8449999999999990852 ) ) ;
#1907 = EDGE_CURVE ( 'NONE', #936, #3323, #25, .T. ) ;
#1908 = VERTEX_POINT ( 'NONE', #2089 ) ;
#1909 = VECTOR ( 'NONE', #1094, 1000.000000000000227 ) ;
#1910 = CARTESIAN_POINT ( 'NONE',  ( 6.060000000000007603, 6.750000000000000000, 0.8449999999999990852 ) ) ;
#1911 = CARTESIAN_POINT ( 'NONE',  ( -0.9199999999999937117, -3.249999999999996891, 0.2049999999999990163 ) ) ;
#1912 = CARTESIAN_POINT ( 'NONE',  ( -6.574999999999993960, -3.315000000000000835, 0.2699999999999991296 ) ) ;
#1913 = CARTESIAN_POINT ( 'NONE',  ( 0.9800000000000060885, 6.750000000000000000, 0.2049999999999990163 ) ) ;
#1915 = VERTEX_POINT ( 'NONE', #854 ) ;
#1914 = CARTESIAN_POINT ( 'NONE',  ( -1.119999999999994333, 6.750000000000000000, 0.000000000000000000 ) ) ;
#1916 = ORIENTED_EDGE ( 'NONE', *, *, #605, .F. ) ;
#1917 = CARTESIAN_POINT ( 'NONE',  ( -8.769999999999994245, 4.379603983657458066, 1.193012820497851401 ) ) ;
#1918 = VERTEX_POINT ( 'NONE', #637 ) ;
#1919 = CARTESIAN_POINT ( 'NONE',  ( 6.700000000000007283, 0.000000000000000000, 0.000000000000000000 ) ) ;
#1920 = EDGE_LOOP ( 'NONE', ( #358, #9, #1810, #1847, #2004, #248, #303, #163, #2259, #1850, #3121, #2150, #1307, #3569, #3314, #3734, #927, #2479 ) ) ;
#1921 = DIRECTION ( 'NONE',  ( 1.000000000000000000, -0.000000000000000000, 0.000000000000000000 ) ) ;
#1922 = ORIENTED_EDGE ( 'NONE', *, *, #2308, .F. ) ;
#1923 = EDGE_CURVE ( 'NONE', #3509, #3528, #3338, .T. ) ;
#1924 = EDGE_CURVE ( 'NONE', #940, #2136, #3871, .T. ) ;
#1925 = LINE ( 'NONE', #1414, #1904 ) ;
#1926 = CARTESIAN_POINT ( 'NONE',  ( -0.000000000000000000, 6.750000000000000000, 0.4049999999999995270 ) ) ;
#1927 = CARTESIAN_POINT ( 'NONE',  ( 6.060000000000007603, 6.550000000000000711, 0.2049999999999990163 ) ) ;
#1928 = LINE ( 'NONE', #3132, #2335 ) ;
#1929 = EDGE_CURVE ( 'NONE', #3551, #3531, #2709, .T. ) ;
#1931 = ORIENTED_EDGE ( 'NONE', *, *, #3545, .T. ) ;
#1930 = LINE ( 'NONE', #2542, #3107 ) ;
#1932 = ORIENTED_EDGE ( 'NONE', *, *, #2571, .T. ) ;
#1933 = DIRECTION ( 'NONE',  ( 0.000000000000000000, -0.7071067811865505703, 0.7071067811865444641 ) ) ;
#1934 = EDGE_LOOP ( 'NONE', ( #878, #373, #3586, #422 ) ) ;
#1935 = DIRECTION ( 'NONE',  ( 0.000000000000000000, 0.000000000000000000, -1.000000000000000000 ) ) ;
#1936 = ORIENTED_EDGE ( 'NONE', *, *, #2139, .T. ) ;
#1937 = PLANE ( 'NONE',  #3792 ) ;
#1938 = ORIENTED_EDGE ( 'NONE', *, *, #2609, .T. ) ;
#1939 = CARTESIAN_POINT ( 'NONE',  ( -6.769999999999995133, 6.728922615252671768, 2.074999999999999734 ) ) ;
#1940 = DIRECTION ( 'NONE',  ( -0.000000000000000000, 0.000000000000000000, 1.000000000000000000 ) ) ;
#1941 = DIRECTION ( 'NONE',  ( 0.000000000000000000, 0.000000000000000000, -1.000000000000000000 ) ) ;
#1942 = CARTESIAN_POINT ( 'NONE',  ( -5.999999999999993783, 6.550000000000002487, 0.2049999999999990163 ) ) ;
#1943 = PRODUCT_DEFINITION ( 'UNKNOWN', '', #2221, #2130 ) ;
#1944 = EDGE_CURVE ( 'NONE', #1873, #2184, #2050, .T. ) ;
#1945 = PLANE ( 'NONE',  #330 ) ;
#1947 = ORIENTED_EDGE ( 'NONE', *, *, #722, .T. ) ;
#1946 = DIRECTION ( 'NONE',  ( -1.000000000000000000, 0.000000000000000000, -0.000000000000000000 ) ) ;
#1948 = ORIENTED_EDGE ( 'NONE', *, *, #3427, .F. ) ;
#1949 = CARTESIAN_POINT ( 'NONE',  ( 4.160000000000006359, 6.750000000000000000, 0.2049999999999990163 ) ) ;
#1950 = DIRECTION ( 'NONE',  ( 1.000000000000000000, 0.000000000000000000, 0.000000000000000000 ) ) ;
#1951 = ORIENTED_EDGE ( 'NONE', *, *, #723, .F. ) ;
#1952 = EDGE_CURVE ( 'NONE', #569, #2652, #2408, .T. ) ;
#1953 = CARTESIAN_POINT ( 'NONE',  ( 0.7866666666666738417, -3.056666666666663090, 0.01166666666666687710 ) ) ;
#1954 = VECTOR ( 'NONE', #3842, 1000.000000000000000 ) ;
#1955 = ORIENTED_EDGE ( 'NONE', *, *, #2710, .T. ) ;
#1956 = AXIS2_PLACEMENT_3D ( 'NONE', #2782, #108, #3118 ) ;
#1957 = PLANE ( 'NONE',  #3032 ) ;
#1958 = AXIS2_PLACEMENT_3D ( 'NONE', #3059, #353, #2706 ) ;
#1959 = ORIENTED_EDGE ( 'NONE', *, *, #458, .F. ) ;
#1960 = VECTOR ( 'NONE', #3380, 1000.000000000000000 ) ;
#1961 = DIRECTION ( 'NONE',  ( 0.000000000000000000, -1.000000000000000000, 0.000000000000000000 ) ) ;
#1962 = DIRECTION ( 'NONE',  ( 1.000000000000000000, 0.000000000000000000, 0.000000000000000000 ) ) ;
#1963 = CARTESIAN_POINT ( 'NONE',  ( -6.639999999999994351, 6.750000000000000000, 0.2049999999999990163 ) ) ;
#1964 = VECTOR ( 'NONE', #2265, 1000.000000000000000 ) ;
#1965 = DIRECTION ( 'NONE',  ( -1.000000000000000000, 0.000000000000000000, 0.000000000000000000 ) ) ;
#1967 = EDGE_LOOP ( 'NONE', ( #12, #1805, #3507, #326 ) ) ;
#1966 = DIRECTION ( 'NONE',  ( 0.000000000000000000, 0.000000000000000000, -1.000000000000000000 ) ) ;
#1968 = ORIENTED_EDGE ( 'NONE', *, *, #3753, .T. ) ;
#1969 = DIRECTION ( 'NONE',  ( -0.5773502691896245098, -0.5773502691896281735, 0.5773502691896245098 ) ) ;
#1970 = LINE ( 'NONE', #2607, #3034 ) ;
#1971 = VERTEX_POINT ( 'NONE', #1506 ) ;
#1972 = EDGE_CURVE ( 'NONE', #972, #679, #1234, .T. ) ;
#1973 = CARTESIAN_POINT ( 'NONE',  ( -4.099999999999994316, 6.750000000000000000, 0.2049999999999990163 ) ) ;
#1974 = EDGE_CURVE ( 'NONE', #1508, #3579, #2430, .T. ) ;
#1975 = DIRECTION ( 'NONE',  ( 1.000000000000000000, -0.000000000000000000, 0.000000000000000000 ) ) ;
#1976 = VERTEX_POINT ( 'NONE', #3007 ) ;
#1977 = EDGE_CURVE ( 'NONE', #1515, #349, #2960, .T. ) ;
#1978 = CARTESIAN_POINT ( 'NONE',  ( -1.559999999999993614, 6.750000000000000000, 0.8449999999999990852 ) ) ;
#1979 = ORIENTED_EDGE ( 'NONE', *, *, #88, .T. ) ;
#1980 = DIRECTION ( 'NONE',  ( -1.000000000000000000, 0.000000000000000000, -0.000000000000000000 ) ) ;
#1981 = CARTESIAN_POINT ( 'NONE',  ( 7.970000000000003304, 5.133508391725029263, 1.193012820497851401 ) ) ;
#1982 = CARTESIAN_POINT ( 'NONE',  ( 6.060000000000007603, 6.550000000000000711, 0.8449999999999990852 ) ) ;
#1983 = PLANE ( 'NONE',  #197 ) ;
#1985 = ORIENTED_EDGE ( 'NONE', *, *, #1598, .F. ) ;
#1984 = FACE_OUTER_BOUND ( 'NONE', #1168, .T. ) ;
#1986 = ORIENTED_EDGE ( 'NONE', *, *, #723, .T. ) ;
#1987 = LINE ( 'NONE', #750, #2267 ) ;
#1988 = DIRECTION ( 'NONE',  ( 0.000000000000000000, 0.000000000000000000, 1.000000000000000000 ) ) ;
#1989 = VERTEX_POINT ( 'NONE', #3634 ) ;
#1990 = LINE ( 'NONE', #1818, #1848 ) ;
#1991 = CARTESIAN_POINT ( 'NONE',  ( -5.999999999999993783, -3.250000000000000444, 0.8449999999999990852 ) ) ;
#1992 = EDGE_CURVE ( 'NONE', #701, #3377, #2987, .T. ) ;
#1993 = ADVANCED_FACE ( 'NONE', ( #1799 ), #252, .T. ) ;
#1994 = CARTESIAN_POINT ( 'NONE',  ( -0.000000000000000000, 6.750000000000000000, 0.4049999999999995270 ) ) ;
#1995 = ORIENTED_EDGE ( 'NONE', *, *, #1617, .T. ) ;
#1996 = ADVANCED_FACE ( 'NONE', ( #3044 ), #2670, .T. ) ;
#1997 = DIRECTION ( 'NONE',  ( -0.7071067811865444641, -0.7071067811865505703, 0.000000000000000000 ) ) ;
#1998 = CYLINDRICAL_SURFACE ( 'NONE', #1069, 0.7539044080675718629 ) ;
#1999 = LINE ( 'NONE', #3148, #1015 ) ;
#2000 = CARTESIAN_POINT ( 'NONE',  ( -6.769999999999995133, 6.728922615252671768, 2.074999999999997957 ) ) ;
#2002 = VERTEX_POINT ( 'NONE', #620 ) ;
#2001 = CARTESIAN_POINT ( 'NONE',  ( 3.520000000000006679, 6.750000000000000000, 0.2049999999999990163 ) ) ;
#2003 = DIRECTION ( 'NONE',  ( -0.000000000000000000, -0.000000000000000000, 1.000000000000000000 ) ) ;
#2004 = ORIENTED_EDGE ( 'NONE', *, *, #1836, .F. ) ;
#2005 = CARTESIAN_POINT ( 'NONE',  ( -1.559999999999993614, 6.550000000000000711, 0.8449999999999990852 ) ) ;
#2006 = LINE ( 'NONE', #216, #2783 ) ;
#2007 = ORIENTED_EDGE ( 'NONE', *, *, #2182, .T. ) ;
#2008 = LINE ( 'NONE', #2644, #3297 ) ;
#2009 = FACE_OUTER_BOUND ( 'NONE', #1052, .T. ) ;
#2010 = VECTOR ( 'NONE', #549, 1000.000000000000227 ) ;
#2011 = EDGE_CURVE ( 'NONE', #33, #2188, #281, .T. ) ;
#2012 = PLANE ( 'NONE',  #121 ) ;
#2013 = LINE ( 'NONE', #2651, #833 ) ;
#2014 = ORIENTED_EDGE ( 'NONE', *, *, #2630, .T. ) ;
#2015 = VECTOR ( 'NONE', #3832, 1000.000000000000000 ) ;
#2016 = VECTOR ( 'NONE', #2730, 1000.000000000000000 ) ;
#2017 = DIRECTION ( 'NONE',  ( 0.5773502691896245098, 0.5773502691896281735, 0.5773502691896245098 ) ) ;
#2018 = EDGE_CURVE ( 'NONE', #1726, #3361, #1834, .T. ) ;
#2019 = VECTOR ( 'NONE', #3760, 1000.000000000000000 ) ;
#2020 = EDGE_CURVE ( 'NONE', #3102, #2046, #1545, .T. ) ;
#2021 = VECTOR ( 'NONE', #2675, 1000.000000000000114 ) ;
#2022 = CARTESIAN_POINT ( 'NONE',  ( -3.459999999999993747, 0.8000000000000000444, 0.000000000000000000 ) ) ;
#2023 = DIRECTION ( 'NONE',  ( 0.5773502691896273964, 0.5773502691896224004, 0.5773502691896273964 ) ) ;
#2024 = VECTOR ( 'NONE', #2558, 1000.000000000000000 ) ;
#2025 = CARTESIAN_POINT ( 'NONE',  ( 4.173333333333347994, -1.363333333333325736, -1.681666666666659982 ) ) ;
#2027 = ORIENTED_EDGE ( 'NONE', *, *, #1977, .F. ) ;
#2026 = CARTESIAN_POINT ( 'NONE',  ( -3.459999999999993747, 6.750000000000000000, 0.8449999999999990852 ) ) ;
#2028 = VECTOR ( 'NONE', #3732, 1000.000000000000000 ) ;
#2029 = CARTESIAN_POINT ( 'NONE',  ( -2.600000000000000533, -4.750000000000000888, -0.6549999999999951417 ) ) ;
#2030 = EDGE_LOOP ( 'NONE', ( #1217, #60, #3049, #2424 ) ) ;
#2031 = DIRECTION ( 'NONE',  ( -0.5773502691896273964, -0.5773502691896224004, -0.5773502691896273964 ) ) ;
#2032 = CARTESIAN_POINT ( 'NONE',  ( -0.9199999999999937117, 6.750000000000000000, 0.2049999999999990163 ) ) ;
#2033 = VECTOR ( 'NONE', #3840, 1000.000000000000000 ) ;
#2034 = FACE_OUTER_BOUND ( 'NONE', #469, .T. ) ;
#2035 = DIRECTION ( 'NONE',  ( 0.000000000000000000, 0.000000000000000000, -1.000000000000000000 ) ) ;
#2036 = LINE ( 'NONE', #3483, #2015 ) ;
#2037 = DIRECTION ( 'NONE',  ( 0.000000000000000000, 0.000000000000000000, -1.000000000000000000 ) ) ;
#2038 = VERTEX_POINT ( 'NONE', #3026 ) ;
#2039 = CARTESIAN_POINT ( 'NONE',  ( 1.620000000000005880, 6.550000000000000711, 0.8449999999999990852 ) ) ;
#2040 = CARTESIAN_POINT ( 'NONE',  ( -3.459999999999993747, -3.249999999999996891, 0.2049999999999990163 ) ) ;
#2041 = FACE_OUTER_BOUND ( 'NONE', #2665, .T. ) ;
#2042 = ADVANCED_FACE ( 'NONE', ( #2369 ), #1523, .F. ) ;
#2043 = ADVANCED_FACE ( 'NONE', ( #3556 ), #1286, .F. ) ;
#2044 = LINE ( 'NONE', #1517, #390 ) ;
#2046 = VERTEX_POINT ( 'NONE', #711 ) ;
#2045 = CARTESIAN_POINT ( 'NONE',  ( 3.520000000000006679, 6.750000000000000000, 0.2049999999999990163 ) ) ;
#2047 = DIRECTION ( 'NONE',  ( 0.000000000000000000, 0.000000000000000000, -1.000000000000000000 ) ) ;
#2048 = VERTEX_POINT ( 'NONE', #3061 ) ;
#2049 = DIRECTION ( 'NONE',  ( 0.000000000000000000, -0.7071067811865452413, 0.7071067811865497932 ) ) ;
#2050 = LINE ( 'NONE', #1187, #3285 ) ;
#2051 = ADVANCED_FACE ( 'NONE', ( #689 ), #2500, .F. ) ;
#2052 = LINE ( 'NONE', #474, #1782 ) ;
#2053 = PLANE ( 'NONE',  #761 ) ;
#2054 = LINE ( 'NONE', #3188, #820 ) ;
#2055 = DIRECTION ( 'NONE',  ( 0.000000000000000000, 0.000000000000000000, 1.000000000000000000 ) ) ;
#2056 = EDGE_LOOP ( 'NONE', ( #3066, #2727, #3755, #3451 ) ) ;
#2057 = ORIENTED_EDGE ( 'NONE', *, *, #46, .T. ) ;
#2058 = LINE ( 'NONE', #3265, #1221 ) ;
#2059 = DIRECTION ( 'NONE',  ( 0.000000000000000000, -1.000000000000000000, 0.000000000000000000 ) ) ;
#2060 = CARTESIAN_POINT ( 'NONE',  ( -6.199999999999993072, -3.450000000000000178, 0.6450000000000002398 ) ) ;
#2062 = ORIENTED_EDGE ( 'NONE', *, *, #771, .T. ) ;
#2061 = CARTESIAN_POINT ( 'NONE',  ( -6.639999999999994351, 6.750000000000000000, 0.8449999999999990852 ) ) ;
#2063 = EDGE_CURVE ( 'NONE', #1258, #402, #74, .T. ) ;
#2064 = LINE ( 'NONE', #3271, #1894 ) ;
#2065 = EDGE_CURVE ( 'NONE', #899, #978, #1631, .T. ) ;
#2066 = FACE_OUTER_BOUND ( 'NONE', #3468, .T. ) ;
#2067 = CARTESIAN_POINT ( 'NONE',  ( 6.060000000000007603, 0.8000000000000000444, 0.000000000000000000 ) ) ;
#2068 = DIRECTION ( 'NONE',  ( -0.5773502691896273964, 0.5773502691896224004, 0.5773502691896273964 ) ) ;
#2069 = ADVANCED_FACE ( 'NONE', ( #1001 ), #3095, .T. ) ;
#2070 = ORIENTED_EDGE ( 'NONE', *, *, #2454, .F. ) ;
#2071 = LINE ( 'NONE', #900, #1534 ) ;
#2072 = PLANE ( 'NONE',  #1841 ) ;
#2073 = PRODUCT_DEFINITION_SHAPE ( 'NONE', 'NONE',  #1943 ) ;
#2074 = ORIENTED_EDGE ( 'NONE', *, *, #268, .T. ) ;
#2075 = VECTOR ( 'NONE', #862, 1000.000000000000000 ) ;
#2076 = ORIENTED_EDGE ( 'NONE', *, *, #185, .T. ) ;
#2077 = CARTESIAN_POINT ( 'NONE',  ( 7.970000000000005080, 7.000000000000000000, -2.875000000000000888 ) ) ;
#2078 = AXIS2_PLACEMENT_3D ( 'NONE', #3103, #2768, #678 ) ;
#2079 = PLANE ( 'NONE',  #2410 ) ;
#2080 = VERTEX_POINT ( 'NONE', #1601 ) ;
#2081 = DIRECTION ( 'NONE',  ( -0.000000000000000000, 1.000000000000000000, -0.000000000000000000 ) ) ;
#2082 = VECTOR ( 'NONE', #3301, 1000.000000000000000 ) ;
#2083 = DIRECTION ( 'NONE',  ( 1.000000000000000000, 0.000000000000000000, 0.000000000000000000 ) ) ;
#2085 = VERTEX_POINT ( 'NONE', #1616 ) ;
#2084 = DIRECTION ( 'NONE',  ( 1.000000000000000000, -0.000000000000000000, 0.000000000000000000 ) ) ;
#2086 = DIRECTION ( 'NONE',  ( -0.5773502691896273964, -0.5773502691896224004, 0.5773502691896273964 ) ) ;
#2087 = ORIENTED_EDGE ( 'NONE', *, *, #2437, .T. ) ;
#2088 = LINE ( 'NONE', #933, #124 ) ;
#2089 = CARTESIAN_POINT ( 'NONE',  ( -5.903768110025848337, 4.300076335521239912, 2.874999999999999112 ) ) ;
#2090 = AXIS2_PLACEMENT_3D ( 'NONE', #529, #130, #3210 ) ;
#2091 = VECTOR ( 'NONE', #3336, 1000.000000000000000 ) ;
#2093 = ORIENTED_EDGE ( 'NONE', *, *, #2172, .F. ) ;
#2092 = DIRECTION ( 'NONE',  ( 0.000000000000000000, -0.7071067811865452413, 0.7071067811865497932 ) ) ;
#2094 = AXIS2_PLACEMENT_3D ( 'NONE', #3129, #1335, #2537 ) ;
#2095 = ORIENTED_EDGE ( 'NONE', *, *, #47, .T. ) ;
#2096 = DIRECTION ( 'NONE',  ( -0.5773502691896273964, 0.5773502691896224004, 0.5773502691896273964 ) ) ;
#2097 = AXIS2_PLACEMENT_3D ( 'NONE', #1973, #3811, #236 ) ;
#2098 = EDGE_CURVE ( 'NONE', #3469, #1157, #2181, .T. ) ;
#2099 = ADVANCED_FACE ( 'NONE', ( #2224 ), #1250, .F. ) ;
#2100 = VERTEX_POINT ( 'NONE', #1887 ) ;
#2101 = ADVANCED_FACE ( 'NONE', ( #395 ), #413, .T. ) ;
#2102 = ORIENTED_EDGE ( 'NONE', *, *, #178, .F. ) ;
#2103 = DIRECTION ( 'NONE',  ( 0.000000000000000000, 0.000000000000000000, -1.000000000000000000 ) ) ;
#2104 = CARTESIAN_POINT ( 'NONE',  ( 6.700000000000007283, 6.550000000000000711, 0.8449999999999990852 ) ) ;
#2105 = ORIENTED_EDGE ( 'NONE', *, *, #71, .T. ) ;
#2106 = CARTESIAN_POINT ( 'NONE',  ( -6.769999999999995133, 6.728922615252671768, 2.874999999999999112 ) ) ;
#2108 = VERTEX_POINT ( 'NONE', #984 ) ;
#2107 = PLANE ( 'NONE',  #1031 ) ;
#2109 = DIRECTION ( 'NONE',  ( -0.7071067811865474617, -0.7071067811865474617, 0.000000000000000000 ) ) ;
#2110 = ORIENTED_EDGE ( 'NONE', *, *, #579, .F. ) ;
#2111 = CARTESIAN_POINT ( 'NONE',  ( -6.617135548828085412, 6.576058164080762047, 2.074999999999999734 ) ) ;
#2112 = DIRECTION ( 'NONE',  ( -0.000000000000000000, 0.000000000000000000, 1.000000000000000000 ) ) ;
#2114 = VERTEX_POINT ( 'NONE', #2805 ) ;
#2113 = CARTESIAN_POINT ( 'NONE',  ( 6.770000000000004903, 6.423193712908841668, 2.074999999999999734 ) ) ;
#2115 = ORIENTED_EDGE ( 'NONE', *, *, #2255, .T. ) ;
#2116 = DIRECTION ( 'NONE',  ( 0.000000000000000000, 0.000000000000000000, 1.000000000000000000 ) ) ;
#2117 = EDGE_CURVE ( 'NONE', #2507, #3363, #92, .T. ) ;
#2118 = ADVANCED_FACE ( 'NONE', ( #2820 ), #3408, .T. ) ;
#2119 = ORIENTED_EDGE ( 'NONE', *, *, #3276, .F. ) ;
#2120 = EDGE_LOOP ( 'NONE', ( #2416, #1633, #2496, #768 ) ) ;
#2121 = CARTESIAN_POINT ( 'NONE',  ( -7.969999999999994422, 0.8000000000000000444, 2.074999999999999289 ) ) ;
#2122 = ADVANCED_FACE ( 'NONE', ( #3668 ), #3432, .T. ) ;
#2123 = ORIENTED_EDGE ( 'NONE', *, *, #2098, .F. ) ;
#2124 = LINE ( 'NONE', #2636, #2975 ) ;
#2125 = PLANE ( 'NONE',  #3538 ) ;
#2126 = DIRECTION ( 'NONE',  ( -1.000000000000000000, 0.000000000000000000, -0.000000000000000000 ) ) ;
#2127 = FACE_OUTER_BOUND ( 'NONE', #3391, .T. ) ;
#2128 = LINE ( 'NONE', #2407, #3656 ) ;
#2129 = CARTESIAN_POINT ( 'NONE',  ( 0.000000000000000000, 0.000000000000000000, 0.2049999999999990163 ) ) ;
#2130 = PRODUCT_DEFINITION_CONTEXT ( 'detailed design', #3186, 'design' ) ;
#2132 = ORIENTED_EDGE ( 'NONE', *, *, #268, .F. ) ;
#2131 = LINE ( 'NONE', #3358, #2219 ) ;
#2133 = EDGE_LOOP ( 'NONE', ( #3399, #2789, #612, #63 ) ) ;
#2134 = FACE_OUTER_BOUND ( 'NONE', #852, .T. ) ;
#2135 = ORIENTED_EDGE ( 'NONE', *, *, #2710, .F. ) ;
#2136 = VERTEX_POINT ( 'NONE', #2517 ) ;
#2137 = CARTESIAN_POINT ( 'NONE',  ( 0.000000000000000000, 0.000000000000000000, 0.8449999999999990852 ) ) ;
#2138 = ORIENTED_EDGE ( 'NONE', *, *, #699, .T. ) ;
#2139 = EDGE_CURVE ( 'NONE', #2184, #3441, #1928, .T. ) ;
#2140 = EDGE_CURVE ( 'NONE', #3697, #3377, #371, .T. ) ;
#2141 = DIRECTION ( 'NONE',  ( -0.000000000000000000, -0.000000000000000000, -1.000000000000000000 ) ) ;
#2142 = VECTOR ( 'NONE', #3517, 1000.000000000000000 ) ;
#2143 = CARTESIAN_POINT ( 'NONE',  ( -6.617135548828085412, 6.576058164080762047, -2.876000000000000778 ) ) ;
#2144 = LINE ( 'NONE', #3683, #2909 ) ;
#2145 = CARTESIAN_POINT ( 'NONE',  ( -1.559999999999993614, 6.750000000000000000, 0.8449999999999990852 ) ) ;
#2146 = VECTOR ( 'NONE', #3742, 1000.000000000000000 ) ;
#2147 = VECTOR ( 'NONE', #1693, 1000.000000000000000 ) ;
#2148 = ADVANCED_FACE ( 'NONE', ( #55 ), #969, .T. ) ;
#2150 = ORIENTED_EDGE ( 'NONE', *, *, #2800, .T. ) ;
#2149 = DIRECTION ( 'NONE',  ( 0.000000000000000000, -1.000000000000000000, 0.000000000000000000 ) ) ;
#2151 = VECTOR ( 'NONE', #786, 1000.000000000000227 ) ;
#2152 = ORIENTED_EDGE ( 'NONE', *, *, #2018, .T. ) ;
#2153 = DIRECTION ( 'NONE',  ( -1.000000000000000000, 0.000000000000000000, 0.000000000000000000 ) ) ;
#2154 = VECTOR ( 'NONE', #1390, 1000.000000000000000 ) ;
#2155 = VECTOR ( 'NONE', #1110, 1000.000000000000000 ) ;
#2156 = ORIENTED_EDGE ( 'NONE', *, *, #3335, .F. ) ;
#2157 = ORIENTED_EDGE ( 'NONE', *, *, #3640, .F. ) ;
#2158 = VECTOR ( 'NONE', #805, 1000.000000000000000 ) ;
#2159 = CARTESIAN_POINT ( 'NONE',  ( -1.559999999999993614, 6.750000000000000000, 0.2049999999999990163 ) ) ;
#2160 = ORIENTED_EDGE ( 'NONE', *, *, #1759, .T. ) ;
#2161 = CARTESIAN_POINT ( 'NONE',  ( -8.769999999999994245, 5.133508391725029263, 1.193012820497851401 ) ) ;
#2162 = PLANE ( 'NONE',  #956 ) ;
#2163 = DIRECTION ( 'NONE',  ( -0.000000000000000000, -0.000000000000000000, 1.000000000000000000 ) ) ;
#2164 = DIRECTION ( 'NONE',  ( -0.000000000000000000, -0.7071067811865452413, -0.7071067811865497932 ) ) ;
#2165 = EDGE_CURVE ( 'NONE', #3541, #3291, #2894, .T. ) ;
#2166 = EDGE_CURVE ( 'NONE', #2345, #2752, #2557, .T. ) ;
#2168 = ORIENTED_EDGE ( 'NONE', *, *, #361, .F. ) ;
#2167 = DIRECTION ( 'NONE',  ( 1.000000000000000000, -0.000000000000000000, 0.000000000000000000 ) ) ;
#2169 = VERTEX_POINT ( 'NONE', #3504 ) ;
#2170 = LINE ( 'NONE', #1637, #3465 ) ;
#2171 = ORIENTED_EDGE ( 'NONE', *, *, #3442, .F. ) ;
#2172 = EDGE_CURVE ( 'NONE', #3212, #2883, #2588, .T. ) ;
#2173 = LINE ( 'NONE', #2846, #2216 ) ;
#2174 = VERTEX_POINT ( 'NONE', #2240 ) ;
#2175 = ORIENTED_EDGE ( 'NONE', *, *, #1320, .T. ) ;
#2176 = CARTESIAN_POINT ( 'NONE',  ( 0.000000000000000000, -3.450000000000000178, 0.6449999999999967981 ) ) ;
#2177 = EDGE_LOOP ( 'NONE', ( #3127, #84, #1903, #991 ) ) ;
#2178 = DIRECTION ( 'NONE',  ( 0.000000000000000000, 1.000000000000000000, 0.000000000000000000 ) ) ;
#2179 = DIRECTION ( 'NONE',  ( -0.5773502691896245098, 0.5773502691896281735, 0.5773502691896245098 ) ) ;
#2180 = CARTESIAN_POINT ( 'NONE',  ( -6.639999999999994351, 0.000000000000000000, 0.000000000000000000 ) ) ;
#2181 = LINE ( 'NONE', #3372, #3346 ) ;
#2182 = EDGE_CURVE ( 'NONE', #2048, #3706, #763, .T. ) ;
#2184 = VERTEX_POINT ( 'NONE', #446 ) ;
#2183 = CARTESIAN_POINT ( 'NONE',  ( -8.769999999999994245, 4.379603983657458066, 1.193012820497851401 ) ) ;
#2185 = ADVANCED_FACE ( 'NONE', ( #3462 ), #2318, .F. ) ;
#2186 = VERTEX_POINT ( 'NONE', #803 ) ;
#2187 = DIRECTION ( 'NONE',  ( 1.000000000000000000, -0.000000000000000000, 0.000000000000000000 ) ) ;
#2188 = VERTEX_POINT ( 'NONE', #822 ) ;
#2189 = EDGE_CURVE ( 'NONE', #937, #134, #1999, .T. ) ;
#2190 = CARTESIAN_POINT ( 'NONE',  ( -4.099999999999994316, 6.550000000000000711, 0.8449999999999990852 ) ) ;
#2191 = EDGE_CURVE ( 'NONE', #1048, #3263, #743, .T. ) ;
#2192 = ORIENTED_EDGE ( 'NONE', *, *, #554, .F. ) ;
#2193 = ORIENTED_EDGE ( 'NONE', *, *, #2851, .T. ) ;
#2194 = PLANE ( 'NONE',  #1398 ) ;
#2195 = EDGE_LOOP ( 'NONE', ( #1236, #1875, #3772, #3613 ) ) ;
#2196 = CARTESIAN_POINT ( 'NONE',  ( 0.9800000000000060885, 6.550000000000000711, 0.8449999999999990852 ) ) ;
#2197 = DIRECTION ( 'NONE',  ( 0.000000000000000000, 0.000000000000000000, -1.000000000000000000 ) ) ;
#2198 = CARTESIAN_POINT ( 'NONE',  ( 3.520000000000006679, 6.750000000000000000, 0.2049999999999990163 ) ) ;
#2199 = DIRECTION ( 'NONE',  ( 0.000000000000000000, -1.000000000000000000, 0.000000000000000000 ) ) ;
#2200 = VECTOR ( 'NONE', #738, 1000.000000000000000 ) ;
#2202 = VERTEX_POINT ( 'NONE', #1669 ) ;
#2201 = LINE ( 'NONE', #3725, #1343 ) ;
#2203 = ORIENTED_EDGE ( 'NONE', *, *, #1549, .T. ) ;
#2204 = LINE ( 'NONE', #432, #2648 ) ;
#2205 = ORIENTED_EDGE ( 'NONE', *, *, #2800, .F. ) ;
#2206 = VECTOR ( 'NONE', #1921, 1000.000000000000000 ) ;
#2207 = VECTOR ( 'NONE', #551, 1000.000000000000114 ) ;
#2208 = CARTESIAN_POINT ( 'NONE',  ( 6.260000000000009557, -3.450000000000000178, 0.4050000000000013034 ) ) ;
#2209 = VECTOR ( 'NONE', #599, 1000.000000000000000 ) ;
#2210 = VECTOR ( 'NONE', #3647, 1000.000000000000000 ) ;
#2211 = VERTEX_POINT ( 'NONE', #1942 ) ;
#2212 = ADVANCED_FACE ( 'NONE', ( #1709 ), #1078, .T. ) ;
#2213 = AXIS2_PLACEMENT_3D ( 'NONE', #1238, #3011, #3598 ) ;
#2214 = EDGE_CURVE ( 'NONE', #3120, #3212, #1357, .T. ) ;
#2215 = ORIENTED_EDGE ( 'NONE', *, *, #1282, .T. ) ;
#2216 = VECTOR ( 'NONE', #2548, 1000.000000000000227 ) ;
#2217 = CARTESIAN_POINT ( 'NONE',  ( -5.999999999999993783, -3.250000000000000444, 0.2049999999999990163 ) ) ;
#2218 = ORIENTED_EDGE ( 'NONE', *, *, #261, .F. ) ;
#2219 = VECTOR ( 'NONE', #639, 1000.000000000000000 ) ;
#2220 = CARTESIAN_POINT ( 'NONE',  ( 8.770000000000004903, 0.000000000000000000, 2.874999999999999112 ) ) ;
#2221 = PRODUCT_DEFINITION_FORMATION_WITH_SPECIFIED_SOURCE ( 'ANY', '', #606, .NOT_KNOWN. ) ;
#2222 = DIRECTION ( 'NONE',  ( -1.000000000000000000, 0.000000000000000000, 0.000000000000000000 ) ) ;
#2223 = CARTESIAN_POINT ( 'NONE',  ( 3.720000000000009077, -3.450000000000000178, 0.000000000000000000 ) ) ;
#2224 = FACE_OUTER_BOUND ( 'NONE', #2742, .T. ) ;
#2226 = ORIENTED_EDGE ( 'NONE', *, *, #631, .F. ) ;
#2225 = DIRECTION ( 'NONE',  ( 1.000000000000000000, 0.000000000000000000, 0.000000000000000000 ) ) ;
#2227 = LINE ( 'NONE', #280, #2207 ) ;
#2228 = CARTESIAN_POINT ( 'NONE',  ( -8.769999999999994245, 7.000000000000000000, -2.875000000000000888 ) ) ;
#2229 = ORIENTED_EDGE ( 'NONE', *, *, #2679, .T. ) ;
#2230 = CARTESIAN_POINT ( 'NONE',  ( 0.000000000000000000, 7.000000000000000000, 0.000000000000000000 ) ) ;
#2231 = EDGE_LOOP ( 'NONE', ( #1623, #806, #1273, #3196 ) ) ;
#2232 = ADVANCED_FACE ( 'NONE', ( #1375 ), #484, .F. ) ;
#2233 = EDGE_CURVE ( 'NONE', #618, #978, #3800, .T. ) ;
#2234 = DIRECTION ( 'NONE',  ( 0.000000000000000000, -0.000000000000000000, 1.000000000000000000 ) ) ;
#2235 = ORIENTED_EDGE ( 'NONE', *, *, #428, .T. ) ;
#2236 = LINE ( 'NONE', #908, #3228 ) ;
#2237 = EDGE_CURVE ( 'NONE', #3384, #775, #2617, .T. ) ;
#2238 = DIRECTION ( 'NONE',  ( 1.000000000000000000, 0.000000000000000000, 0.000000000000000000 ) ) ;
#2239 = DIRECTION ( 'NONE',  ( -0.000000000000000000, 1.000000000000000000, 0.000000000000000000 ) ) ;
#2240 = CARTESIAN_POINT ( 'NONE',  ( 6.700000000000007283, 0.8000000000000000444, 0.8449999999999990852 ) ) ;
#2241 = LINE ( 'NONE', #210, #3351 ) ;
#2243 = EDGE_LOOP ( 'NONE', ( #2934, #3888, #2840, #1936 ) ) ;
#2242 = DIRECTION ( 'NONE',  ( 0.000000000000000000, 0.000000000000000000, 1.000000000000000000 ) ) ;
#2244 = EDGE_LOOP ( 'NONE', ( #1579, #566, #2334, #3009 ) ) ;
#2245 = DIRECTION ( 'NONE',  ( 0.000000000000000000, -1.000000000000000000, 0.000000000000000000 ) ) ;
#2246 = LINE ( 'NONE', #3454, #1075 ) ;
#2247 = ORIENTED_EDGE ( 'NONE', *, *, #1661, .F. ) ;
#2248 = LINE ( 'NONE', #1919, #1715 ) ;
#2249 = ORIENTED_EDGE ( 'NONE', *, *, #3375, .T. ) ;
#2250 = DIRECTION ( 'NONE',  ( -0.000000000000000000, 0.000000000000000000, -1.000000000000000000 ) ) ;
#2251 = ORIENTED_EDGE ( 'NONE', *, *, #3062, .F. ) ;
#2252 = FACE_OUTER_BOUND ( 'NONE', #2827, .T. ) ;
#2253 = CARTESIAN_POINT ( 'NONE',  ( 8.770000000000004903, 7.000000000000000000, -2.875000000000000888 ) ) ;
#2254 = FACE_OUTER_BOUND ( 'NONE', #2243, .T. ) ;
#2255 = EDGE_CURVE ( 'NONE', #1822, #374, #785, .T. ) ;
#2256 = ADVANCED_FACE ( 'NONE', ( #2254 ), #2596, .T. ) ;
#2257 = CARTESIAN_POINT ( 'NONE',  ( 0.000000000000000000, -3.450000000000000178, 0.000000000000000000 ) ) ;
#2259 = ORIENTED_EDGE ( 'NONE', *, *, #2755, .T. ) ;
#2258 = CARTESIAN_POINT ( 'NONE',  ( 1.620000000000005880, -3.249999999999996891, 0.2049999999999990163 ) ) ;
#2260 = VERTEX_POINT ( 'NONE', #1982 ) ;
#2261 = LINE ( 'NONE', #3470, #1837 ) ;
#2262 = LINE ( 'NONE', #3471, #1706 ) ;
#2263 = ORIENTED_EDGE ( 'NONE', *, *, #1181, .F. ) ;
#2264 = AXIS2_PLACEMENT_3D ( 'NONE', #1728, #525, #272 ) ;
#2265 = DIRECTION ( 'NONE',  ( 0.000000000000000000, 0.000000000000000000, -1.000000000000000000 ) ) ;
#2266 = AXIS2_PLACEMENT_3D ( 'NONE', #176, #3796, #1096 ) ;
#2267 = VECTOR ( 'NONE', #809, 1000.000000000000114 ) ;
#2268 = LINE ( 'NONE', #3793, #959 ) ;
#2269 = ORIENTED_EDGE ( 'NONE', *, *, #477, .T. ) ;
#2270 = AXIS2_PLACEMENT_3D ( 'NONE', #2749, #1148, #2350 ) ;
#2271 = VECTOR ( 'NONE', #3741, 1000.000000000000000 ) ;
#2272 = AXIS2_PLACEMENT_3D ( 'NONE', #2963, #3342, #642 ) ;
#2273 = FACE_OUTER_BOUND ( 'NONE', #2389, .T. ) ;
#2274 = VECTOR ( 'NONE', #3347, 1000.000000000000000 ) ;
#2275 = VERTEX_POINT ( 'NONE', #3192 ) ;
#2276 = AXIS2_PLACEMENT_3D ( 'NONE', #2161, #1557, #3114 ) ;
#2277 = CARTESIAN_POINT ( 'NONE',  ( 3.520000000000006679, 6.550000000000000711, 0.2049999999999990163 ) ) ;
#2278 = DIRECTION ( 'NONE',  ( 0.000000000000000000, 0.000000000000000000, 1.000000000000000000 ) ) ;
#2279 = DIRECTION ( 'NONE',  ( -1.000000000000000000, 0.000000000000000000, 0.000000000000000000 ) ) ;
#2280 = VECTOR ( 'NONE', #2149, 1000.000000000000000 ) ;
#2281 = DIRECTION ( 'NONE',  ( 0.000000000000000000, -0.000000000000000000, 1.000000000000000000 ) ) ;
#2283 = VERTEX_POINT ( 'NONE', #1119 ) ;
#2282 = DIRECTION ( 'NONE',  ( -0.000000000000000000, 1.000000000000000000, 0.000000000000000000 ) ) ;
#2284 = AXIS2_PLACEMENT_3D ( 'NONE', #336, #2956, #247 ) ;
#2285 = EDGE_CURVE ( 'NONE', #2766, #2491, #2298, .T. ) ;
#2286 = ADVANCED_FACE ( 'NONE', ( #2041 ), #592, .F. ) ;
#2287 = ORIENTED_EDGE ( 'NONE', *, *, #1368, .T. ) ;
#2288 = DIRECTION ( 'NONE',  ( 0.000000000000000000, 0.000000000000000000, 1.000000000000000000 ) ) ;
#2289 = DIRECTION ( 'NONE',  ( 0.000000000000000000, 0.000000000000000000, -1.000000000000000000 ) ) ;
#2290 = ORIENTED_EDGE ( 'NONE', *, *, #1808, .T. ) ;
#2291 = CARTESIAN_POINT ( 'NONE',  ( -6.639999999999994351, 6.550000000000002487, 0.2049999999999990163 ) ) ;
#2292 = EDGE_CURVE ( 'NONE', #1044, #2652, #3583, .T. ) ;
#2293 = DIRECTION ( 'NONE',  ( 0.000000000000000000, -1.000000000000000000, 0.000000000000000000 ) ) ;
#2294 = CARTESIAN_POINT ( 'NONE',  ( 3.520000000000006679, 0.8000000000000000444, 0.8449999999999990852 ) ) ;
#2295 = EDGE_LOOP ( 'NONE', ( #3905, #3142, #957, #487 ) ) ;
#2296 = CARTESIAN_POINT ( 'NONE',  ( -8.769999999999994245, 0.000000000000000000, 2.874999999999999112 ) ) ;
#2297 = PLANE ( 'NONE',  #2264 ) ;
#2298 = LINE ( 'NONE', #3209, #2528 ) ;
#2299 = CARTESIAN_POINT ( 'NONE',  ( 5.903768110025854554, 5.166308225495377826, -2.876000000000000778 ) ) ;
#2301 = VERTEX_POINT ( 'NONE', #2378 ) ;
#2300 = LINE ( 'NONE', #2939, #2536 ) ;
#2302 = CARTESIAN_POINT ( 'NONE',  ( -6.439999999999995062, 6.750000000000000000, 0.4049999999999978062 ) ) ;
#2303 = ORIENTED_EDGE ( 'NONE', *, *, #1664, .T. ) ;
#2304 = CARTESIAN_POINT ( 'NONE',  ( 1.620000000000005880, 6.750000000000000000, 0.2049999999999990163 ) ) ;
#2305 = DIRECTION ( 'NONE',  ( 0.000000000000000000, 0.7071067811865505703, -0.7071067811865444641 ) ) ;
#2306 = ORIENTED_EDGE ( 'NONE', *, *, #3398, .F. ) ;
#2307 = EDGE_CURVE ( 'NONE', #2491, #618, #1793, .T. ) ;
#2308 = EDGE_CURVE ( 'NONE', #3199, #374, #3629, .T. ) ;
#2309 = DIRECTION ( 'NONE',  ( 0.000000000000000000, 0.000000000000000000, -1.000000000000000000 ) ) ;
#2310 = LINE ( 'NONE', #1697, #1707 ) ;
#2311 = EDGE_CURVE ( 'NONE', #2202, #2002, #3249, .T. ) ;
#2312 = EDGE_CURVE ( 'NONE', #3815, #937, #2124, .T. ) ;
#2313 = LINE ( 'NONE', #1742, #1640 ) ;
#2314 = DIRECTION ( 'NONE',  ( -1.000000000000000000, 0.000000000000000000, -0.000000000000000000 ) ) ;
#2315 = EDGE_LOOP ( 'NONE', ( #1485, #1819, #1475, #2132 ) ) ;
#2316 = DIRECTION ( 'NONE',  ( 0.7071067811865474617, -0.7071067811865474617, 0.000000000000000000 ) ) ;
#2317 = LINE ( 'NONE', #2916, #1589 ) ;
#2318 = PLANE ( 'NONE',  #2843 ) ;
#2319 = DIRECTION ( 'NONE',  ( 0.5773502691896273964, 0.5773502691896224004, 0.5773502691896273964 ) ) ;
#2321 = EDGE_LOOP ( 'NONE', ( #2390, #1291, #48, #2192 ) ) ;
#2320 = CARTESIAN_POINT ( 'NONE',  ( 1.420000000000003704, -3.450000000000000178, 0.000000000000000000 ) ) ;
#2322 = FACE_OUTER_BOUND ( 'NONE', #866, .T. ) ;
#2323 = ORIENTED_EDGE ( 'NONE', *, *, #2237, .F. ) ;
#2324 = LINE ( 'NONE', #489, #1895 ) ;
#2325 = CARTESIAN_POINT ( 'NONE',  ( 1.620000000000005880, 0.000000000000000000, 0.000000000000000000 ) ) ;
#2326 = ORIENTED_EDGE ( 'NONE', *, *, #1007, .F. ) ;
#2327 = CARTESIAN_POINT ( 'NONE',  ( 6.060000000000007603, 6.750000000000000000, 0.8449999999999990852 ) ) ;
#2328 = CARTESIAN_POINT ( 'NONE',  ( 3.520000000000006679, 0.000000000000000000, 0.2049999999999990163 ) ) ;
#2329 = VECTOR ( 'NONE', #189, 1000.000000000000114 ) ;
#2330 = EDGE_CURVE ( 'NONE', #2108, #888, #2661, .T. ) ;
#2331 = LINE ( 'NONE', #3539, #325 ) ;
#2332 = CARTESIAN_POINT ( 'NONE',  ( 6.770000000000004903, 6.999999999999989342, -2.876000000000000778 ) ) ;
#2333 = ADVANCED_FACE ( 'NONE', ( #3018 ), #1499, .F. ) ;
#2334 = ORIENTED_EDGE ( 'NONE', *, *, #428, .F. ) ;
#2335 = VECTOR ( 'NONE', #426, 1000.000000000000000 ) ;
#2336 = VECTOR ( 'NONE', #1816, 1000.000000000000000 ) ;
#2337 = LINE ( 'NONE', #3543, #2414 ) ;
#2338 = AXIS2_PLACEMENT_3D ( 'NONE', #2417, #2694, #3278 ) ;
#2339 = VECTOR ( 'NONE', #2781, 1000.000000000000227 ) ;
#2340 = CARTESIAN_POINT ( 'NONE',  ( -8.769999999999994245, 5.133508391725029263, 1.193012820497851401 ) ) ;
#2341 = DIRECTION ( 'NONE',  ( 0.000000000000000000, -0.000000000000000000, 1.000000000000000000 ) ) ;
#2342 = VECTOR ( 'NONE', #3898, 1000.000000000000000 ) ;
#2343 = LINE ( 'NONE', #1182, #2531 ) ;
#2345 = VERTEX_POINT ( 'NONE', #911 ) ;
#2344 = FACE_OUTER_BOUND ( 'NONE', #329, .T. ) ;
#2346 = VECTOR ( 'NONE', #2638, 1000.000000000000000 ) ;
#2347 = DIRECTION ( 'NONE',  ( 0.000000000000000000, 0.000000000000000000, -1.000000000000000000 ) ) ;
#2348 = ORIENTED_EDGE ( 'NONE', *, *, #814, .F. ) ;
#2349 = DIRECTION ( 'NONE',  ( 0.000000000000000000, 0.000000000000000000, 1.000000000000000000 ) ) ;
#2350 = DIRECTION ( 'NONE',  ( -1.000000000000000000, 0.000000000000000000, 0.000000000000000000 ) ) ;
#2351 = VECTOR ( 'NONE', #3242, 1000.000000000000000 ) ;
#2352 = DIRECTION ( 'NONE',  ( -0.000000000000000000, -0.000000000000000000, 1.000000000000000000 ) ) ;
#2353 = MANIFOLD_SOLID_BREP ( 'Chamfer1', #2844 ) ;
#2354 = DIRECTION ( 'NONE',  ( 0.000000000000000000, 0.000000000000000000, 1.000000000000000000 ) ) ;
#2355 = FACE_OUTER_BOUND ( 'NONE', #1122, .T. ) ;
#2356 = FACE_OUTER_BOUND ( 'NONE', #142, .T. ) ;
#2357 = ORIENTED_EDGE ( 'NONE', *, *, #3306, .T. ) ;
#2358 = ORIENTED_EDGE ( 'NONE', *, *, #3154, .F. ) ;
#2359 = ADVANCED_FACE ( 'NONE', ( #310 ), #1768, .T. ) ;
#2360 = ADVANCED_FACE ( 'NONE', ( #1480 ), #18, .F. ) ;
#2361 = DIRECTION ( 'NONE',  ( -1.000000000000000000, 0.000000000000000000, 0.000000000000000000 ) ) ;
#2362 = DIRECTION ( 'NONE',  ( 0.000000000000000000, 0.000000000000000000, -1.000000000000000000 ) ) ;
#2363 = SURFACE_STYLE_FILL_AREA ( #1729 ) ;
#2364 = EDGE_CURVE ( 'NONE', #3590, #701, #227, .T. ) ;
#2365 = DIRECTION ( 'NONE',  ( 0.000000000000000000, -0.000000000000000000, 1.000000000000000000 ) ) ;
#2366 = ORIENTED_EDGE ( 'NONE', *, *, #427, .F. ) ;
#2367 = CARTESIAN_POINT ( 'NONE',  ( -1.559999999999993614, 6.550000000000000711, 0.2049999999999990163 ) ) ;
#2368 = CARTESIAN_POINT ( 'NONE',  ( 6.770000000000004903, 6.728922615252661110, 2.874999999999999112 ) ) ;
#2369 = FACE_OUTER_BOUND ( 'NONE', #3303, .T. ) ;
#2370 = CARTESIAN_POINT ( 'NONE',  ( -6.769999999999995133, 5.166308225495386708, -2.876000000000000778 ) ) ;
#2371 = EDGE_LOOP ( 'NONE', ( #1890, #430, #1449, #3783 ) ) ;
#2372 = DIRECTION ( 'NONE',  ( -1.000000000000000000, 0.000000000000000000, -0.000000000000000000 ) ) ;
#2373 = CARTESIAN_POINT ( 'NONE',  ( 6.500000000000006217, 6.750000000000000000, 0.000000000000000000 ) ) ;
#2374 = VERTEX_POINT ( 'NONE', #544 ) ;
#2375 = VERTEX_POINT ( 'NONE', #3292 ) ;
#2376 = LINE ( 'NONE', #2077, #1647 ) ;
#2377 = DIRECTION ( 'NONE',  ( 1.000000000000000000, 0.000000000000000000, -0.000000000000000000 ) ) ;
#2378 = CARTESIAN_POINT ( 'NONE',  ( 6.770000000000004903, 6.423193712908841668, 2.874999999999999112 ) ) ;
#2379 = DIRECTION ( 'NONE',  ( 0.5773502691896273964, 0.5773502691896224004, 0.5773502691896273964 ) ) ;
#2381 = ORIENTED_EDGE ( 'NONE', *, *, #1302, .T. ) ;
#2380 = LINE ( 'NONE', #1795, #2924 ) ;
#2382 = CARTESIAN_POINT ( 'NONE',  ( 0.000000000000000000, 0.8000000000000000444, 0.8449999999999990852 ) ) ;
#2383 = ORIENTED_EDGE ( 'NONE', *, *, #2570, .F. ) ;
#2384 = CARTESIAN_POINT ( 'NONE',  ( 6.500000000000005329, -3.450000000000000178, 0.8449999999999990852 ) ) ;
#2385 = CARTESIAN_POINT ( 'NONE',  ( -4.099999999999994316, 6.750000000000000000, 0.2049999999999990163 ) ) ;
#2386 = ADVANCED_FACE ( 'NONE', ( #1228 ), #333, .T. ) ;
#2387 = EDGE_CURVE ( 'NONE', #1378, #547, #1541, .T. ) ;
#2389 = EDGE_LOOP ( 'NONE', ( #640, #3738, #1087, #3017 ) ) ;
#2388 = CARTESIAN_POINT ( 'NONE',  ( 0.000000000000000000, -3.450000000000000178, 0.6449999999999967981 ) ) ;
#2390 = ORIENTED_EDGE ( 'NONE', *, *, #87, .F. ) ;
#2391 = DIRECTION ( 'NONE',  ( -1.000000000000000000, 0.000000000000000000, 0.000000000000000000 ) ) ;
#2392 = EDGE_CURVE ( 'NONE', #2421, #818, #3894, .T. ) ;
#2393 = ORIENTED_EDGE ( 'NONE', *, *, #1260, .F. ) ;
#2394 = AXIS2_PLACEMENT_3D ( 'NONE', #2340, #1685, #1478 ) ;
#2395 = ORIENTED_EDGE ( 'NONE', *, *, #1242, .T. ) ;
#2396 = CARTESIAN_POINT ( 'NONE',  ( 3.720000000000007301, 6.750000000000000000, 0.6449999999999985745 ) ) ;
#2397 = CIRCLE ( 'NONE', #1831, 0.7539044080675718629 ) ;
#2398 = LINE ( 'NONE', #3582, #708 ) ;
#2399 = VERTEX_POINT ( 'NONE', #44 ) ;
#2400 = SURFACE_STYLE_USAGE ( .BOTH. , #1199 ) ;
#2401 = AXIS2_PLACEMENT_3D ( 'NONE', #355, #1560, #2484 ) ;
#2402 = CARTESIAN_POINT ( 'NONE',  ( 3.520000000000006679, 6.550000000000000711, 0.8449999999999990852 ) ) ;
#2403 = VECTOR ( 'NONE', #1853, 1000.000000000000000 ) ;
#2405 = VERTEX_POINT ( 'NONE', #1781 ) ;
#2404 =( LENGTH_UNIT ( ) NAMED_UNIT ( * ) SI_UNIT ( .MILLI., .METRE. ) );
#2406 = CARTESIAN_POINT ( 'NONE',  ( 6.770000000000004903, 6.423193712908841668, 2.874999999999999112 ) ) ;
#2407 = CARTESIAN_POINT ( 'NONE',  ( 0.000000000000000000, 0.000000000000000000, 0.8449999999999990852 ) ) ;
#2408 = LINE ( 'NONE', #3273, #442 ) ;
#2409 = VECTOR ( 'NONE', #1042, 1000.000000000000000 ) ;
#2410 = AXIS2_PLACEMENT_3D ( 'NONE', #331, #350, #3659 ) ;
#2411 = EDGE_CURVE ( 'NONE', #2188, #679, #875, .T. ) ;
#2413 = ORIENTED_EDGE ( 'NONE', *, *, #1591, .F. ) ;
#2412 = LINE ( 'NONE', #1547, #1224 ) ;
#2414 = VECTOR ( 'NONE', #3605, 1000.000000000000000 ) ;
#2415 = ADVANCED_FACE ( 'NONE', ( #3577 ), #31, .T. ) ;
#2416 = ORIENTED_EDGE ( 'NONE', *, *, #1349, .F. ) ;
#2417 = CARTESIAN_POINT ( 'NONE',  ( 3.520000000000006679, 6.750000000000000000, 0.8449999999999990852 ) ) ;
#2418 = CIRCLE ( 'NONE', #520, 0.8662318899741467959 ) ;
#2419 = ADVANCED_FACE ( 'NONE', ( #4 ), #938, .T. ) ;
#2420 = AXIS2_PLACEMENT_3D ( 'NONE', #2061, #594, #3022 ) ;
#2421 = VERTEX_POINT ( 'NONE', #346 ) ;
#2422 = ORIENTED_EDGE ( 'NONE', *, *, #2919, .F. ) ;
#2423 = PLANE ( 'NONE',  #378 ) ;
#2424 = ORIENTED_EDGE ( 'NONE', *, *, #3019, .T. ) ;
#2425 = CARTESIAN_POINT ( 'NONE',  ( -3.459999999999993747, 0.000000000000000000, 0.000000000000000000 ) ) ;
#2426 = FACE_OUTER_BOUND ( 'NONE', #1483, .T. ) ;
#2427 = CARTESIAN_POINT ( 'NONE',  ( -8.769999999999994245, 7.000000000000000000, 2.874999999999999112 ) ) ;
#2428 = LINE ( 'NONE', #2406, #2725 ) ;
#2429 = DIRECTION ( 'NONE',  ( 1.000000000000000000, 0.000000000000000000, 0.000000000000000000 ) ) ;
#2430 = LINE ( 'NONE', #934, #1329 ) ;
#2432 = ORIENTED_EDGE ( 'NONE', *, *, #3852, .F. ) ;
#2431 = FACE_OUTER_BOUND ( 'NONE', #3455, .T. ) ;
#2433 = ORIENTED_EDGE ( 'NONE', *, *, #1807, .F. ) ;
#2434 = FACE_OUTER_BOUND ( 'NONE', #906, .T. ) ;
#2435 = ADVANCED_BREP_SHAPE_REPRESENTATION ( 'JST XH 6 S6B-XH-A1 shrouded header connector', ( #2353, #2284 ), #3170 ) ;
#2436 = ORIENTED_EDGE ( 'NONE', *, *, #1827, .F. ) ;
#2437 = EDGE_CURVE ( 'NONE', #792, #1780, #2071, .T. ) ;
#2438 = ADVANCED_FACE ( 'NONE', ( #2990 ), #3653, .T. ) ;
#2439 = ORIENTED_EDGE ( 'NONE', *, *, #3128, .T. ) ;
#2440 = LINE ( 'NONE', #2137, #2274 ) ;
#2441 = ORIENTED_EDGE ( 'NONE', *, *, #1703, .F. ) ;
#2442 = ADVANCED_FACE ( 'NONE', ( #2434 ), #2673, .T. ) ;
#2443 = PLANE ( 'NONE',  #3105 ) ;
#2444 = DIRECTION ( 'NONE',  ( -0.000000000000000000, 0.000000000000000000, 1.000000000000000000 ) ) ;
#2445 = DIRECTION ( 'NONE',  ( 0.000000000000000000, 0.000000000000000000, 1.000000000000000000 ) ) ;
#2446 = DIRECTION ( 'NONE',  ( -1.000000000000000000, 0.000000000000000000, -0.000000000000000000 ) ) ;
#2448 = EDGE_LOOP ( 'NONE', ( #1493, #456, #2093, #1762, #1553, #2944, #2620, #1006 ) ) ;
#2447 = CARTESIAN_POINT ( 'NONE',  ( -3.899999999999991918, -3.450000000000000178, 0.6449999999999967981 ) ) ;
#2449 = VERTEX_POINT ( 'NONE', #1490 ) ;
#2450 = CARTESIAN_POINT ( 'NONE',  ( 0.000000000000000000, 0.8000000000000000444, 0.2049999999999990163 ) ) ;
#2451 = EDGE_LOOP ( 'NONE', ( #3677, #1900, #1537, #3787 ) ) ;
#2452 = ORIENTED_EDGE ( 'NONE', *, *, #744, .T. ) ;
#2453 = EDGE_CURVE ( 'NONE', #3571, #3165, #578, .T. ) ;
#2454 = EDGE_CURVE ( 'NONE', #899, #2046, #1218, .T. ) ;
#2455 = CARTESIAN_POINT ( 'NONE',  ( -7.969999999999994422, 7.000000000000000000, 1.193012820497851401 ) ) ;
#2456 = EDGE_LOOP ( 'NONE', ( #2668, #1757, #1609, #2799 ) ) ;
#2457 = PLANE ( 'NONE',  #1779 ) ;
#2458 = VECTOR ( 'NONE', #1472, 1000.000000000000000 ) ;
#2459 = ADVANCED_FACE ( 'NONE', ( #2134 ), #953, .T. ) ;
#2460 = AXIS2_PLACEMENT_3D ( 'NONE', #2499, #968, #54 ) ;
#2461 = PLANE ( 'NONE',  #696 ) ;
#2462 = DIRECTION ( 'NONE',  ( 0.000000000000000000, -1.000000000000000000, 0.000000000000000000 ) ) ;
#2463 = CARTESIAN_POINT ( 'NONE',  ( 0.000000000000000000, -3.450000000000000178, 0.000000000000000000 ) ) ;
#2464 = AXIS2_PLACEMENT_3D ( 'NONE', #1300, #1317, #730 ) ;
#2465 = VECTOR ( 'NONE', #2632, 1000.000000000000000 ) ;
#2467 = ORIENTED_EDGE ( 'NONE', *, *, #1898, .T. ) ;
#2466 = PLANE ( 'NONE',  #1409 ) ;
#2468 = VECTOR ( 'NONE', #2153, 1000.000000000000000 ) ;
#2469 = VECTOR ( 'NONE', #3430, 1000.000000000000000 ) ;
#2470 = CARTESIAN_POINT ( 'NONE',  ( -4.099999999999994316, 6.750000000000000000, 0.8449999999999990852 ) ) ;
#2471 = FACE_OUTER_BOUND ( 'NONE', #363, .T. ) ;
#2472 = ORIENTED_EDGE ( 'NONE', *, *, #3709, .T. ) ;
#2473 = VECTOR ( 'NONE', #981, 1000.000000000000114 ) ;
#2474 = CARTESIAN_POINT ( 'NONE',  ( -3.899999999999993694, 6.750000000000000000, 0.4049999999999995270 ) ) ;
#2475 = VECTOR ( 'NONE', #450, 1000.000000000000000 ) ;
#2476 = ORIENTED_EDGE ( 'NONE', *, *, #361, .T. ) ;
#2477 = ORIENTED_EDGE ( 'NONE', *, *, #3045, .F. ) ;
#2478 = CARTESIAN_POINT ( 'NONE',  ( -3.459999999999993747, 6.750000000000000000, 0.8449999999999990852 ) ) ;
#2479 = ORIENTED_EDGE ( 'NONE', *, *, #3806, .T. ) ;
#2480 = EDGE_CURVE ( 'NONE', #1666, #877, #922, .T. ) ;
#2481 = LINE ( 'NONE', #653, #649 ) ;
#2482 = LINE ( 'NONE', #316, #2210 ) ;
#2483 = DIRECTION ( 'NONE',  ( -0.5773502691896245098, 0.5773502691896281735, -0.5773502691896245098 ) ) ;
#2484 = DIRECTION ( 'NONE',  ( -1.000000000000000000, 0.000000000000000000, -0.000000000000000000 ) ) ;
#2485 = ADVANCED_FACE ( 'NONE', ( #1510 ), #3030, .F. ) ;
#2486 = ADVANCED_FACE ( 'NONE', ( #624 ), #323, .T. ) ;
#2488 = EDGE_LOOP ( 'NONE', ( #2452, #2115, #3892, #980 ) ) ;
#2487 = DIRECTION ( 'NONE',  ( -1.000000000000000000, -0.000000000000000000, -0.000000000000000000 ) ) ;
#2489 = ORIENTED_EDGE ( 'NONE', *, *, #527, .F. ) ;
#2490 = FACE_BOUND ( 'NONE', #3068, .T. ) ;
#2491 = VERTEX_POINT ( 'NONE', #3052 ) ;
#2492 = FACE_OUTER_BOUND ( 'NONE', #3264, .T. ) ;
#2493 = ORIENTED_EDGE ( 'NONE', *, *, #160, .T. ) ;
#2494 = VERTEX_POINT ( 'NONE', #2753 ) ;
#2495 = CARTESIAN_POINT ( 'NONE',  ( 0.000000000000000000, 7.000000000000000000, 0.000000000000000000 ) ) ;
#2496 = ORIENTED_EDGE ( 'NONE', *, *, #3880, .T. ) ;
#2497 = CARTESIAN_POINT ( 'NONE',  ( 8.770000000000004903, 4.379603983657458066, 1.193012820497851401 ) ) ;
#2498 = PLANE ( 'NONE',  #3414 ) ;
#2499 = CARTESIAN_POINT ( 'NONE',  ( 6.060000000000007603, 6.750000000000000000, 0.2049999999999990163 ) ) ;
#2500 = PLANE ( 'NONE',  #1391 ) ;
#2502 = ORIENTED_EDGE ( 'NONE', *, *, #1680, .F. ) ;
#2501 = DIRECTION ( 'NONE',  ( -0.000000000000000000, -0.000000000000000000, -1.000000000000000000 ) ) ;
#2503 = EDGE_CURVE ( 'NONE', #2038, #453, #1254, .T. ) ;
#2504 = EDGE_CURVE ( 'NONE', #3706, #3270, #1758, .T. ) ;
#2505 = ORIENTED_EDGE ( 'NONE', *, *, #3830, .F. ) ;
#2506 = CARTESIAN_POINT ( 'NONE',  ( -8.769999999999994245, 7.000000000000000000, 2.074999999999999289 ) ) ;
#2507 = VERTEX_POINT ( 'NONE', #1083 ) ;
#2508 = DIRECTION ( 'NONE',  ( 0.7071067811865497932, -0.7071067811865452413, 0.000000000000000000 ) ) ;
#2509 = EDGE_CURVE ( 'NONE', #2741, #1344, #1730, .T. ) ;
#2510 = ORIENTED_EDGE ( 'NONE', *, *, #71, .F. ) ;
#2511 = ORIENTED_EDGE ( 'NONE', *, *, #2679, .F. ) ;
#2512 = LINE ( 'NONE', #1882, #1137 ) ;
#2513 = ORIENTED_EDGE ( 'NONE', *, *, #2870, .F. ) ;
#2514 = CARTESIAN_POINT ( 'NONE',  ( -4.099999999999994316, 6.750000000000000000, 0.2049999999999990163 ) ) ;
#2515 = CARTESIAN_POINT ( 'NONE',  ( -6.769999999999995133, 6.423193712908852326, 2.874999999999999112 ) ) ;
#2516 = LINE ( 'NONE', #354, #3151 ) ;
#2517 = CARTESIAN_POINT ( 'NONE',  ( 7.970000000000003304, 4.379603983657458066, 1.193012820497851401 ) ) ;
#2518 = VECTOR ( 'NONE', #3500, 1000.000000000000000 ) ;
#2520 = ORIENTED_EDGE ( 'NONE', *, *, #343, .T. ) ;
#2519 = CARTESIAN_POINT ( 'NONE',  ( -6.439999999999995062, 6.750000000000000000, 0.6450000000000002398 ) ) ;
#2521 = EDGE_LOOP ( 'NONE', ( #841, #79, #1305, #1839 ) ) ;
#2522 = CARTESIAN_POINT ( 'NONE',  ( 8.770000000000004903, 7.000000000000000000, -2.875000000000000888 ) ) ;
#2523 = EDGE_LOOP ( 'NONE', ( #1700, #2676, #1959, #398 ) ) ;
#2524 = AXIS2_PLACEMENT_3D ( 'NONE', #3077, #2164, #2279 ) ;
#2525 = ADVANCED_FACE ( 'NONE', ( #1670 ), #1983, .F. ) ;
#2526 = EDGE_CURVE ( 'NONE', #1540, #2374, #3727, .T. ) ;
#2527 = LINE ( 'NONE', #3106, #1535 ) ;
#2528 = VECTOR ( 'NONE', #2917, 1000.000000000000000 ) ;
#2529 = VECTOR ( 'NONE', #858, 1000.000000000000000 ) ;
#2530 = VERTEX_POINT ( 'NONE', #2000 ) ;
#2531 = VECTOR ( 'NONE', #2379, 1000.000000000000114 ) ;
#2532 = ADVANCED_FACE ( 'NONE', ( #3743 ), #3819, .T. ) ;
#2533 = VECTOR ( 'NONE', #669, 1000.000000000000000 ) ;
#2534 = CARTESIAN_POINT ( 'NONE',  ( -5.999999999999993783, 6.750000000000000000, 0.2049999999999990163 ) ) ;
#2535 = ORIENTED_EDGE ( 'NONE', *, *, #3908, .T. ) ;
#2536 = VECTOR ( 'NONE', #2282, 1000.000000000000000 ) ;
#2537 = DIRECTION ( 'NONE',  ( 0.000000000000000000, -0.000000000000000000, 1.000000000000000000 ) ) ;
#2538 = FACE_OUTER_BOUND ( 'NONE', #1304, .T. ) ;
#2539 = LINE ( 'NONE', #816, #3475 ) ;
#2540 = CARTESIAN_POINT ( 'NONE',  ( -0.9199999999999937117, -3.450000000000000178, 0.4050000000000013034 ) ) ;
#2541 = CARTESIAN_POINT ( 'NONE',  ( 3.520000000000006679, 6.750000000000000000, 0.8449999999999990852 ) ) ;
#2543 = VERTEX_POINT ( 'NONE', #3466 ) ;
#2542 = CARTESIAN_POINT ( 'NONE',  ( 4.333333333333346360, -5.616666666666674246, 2.571666666666660550 ) ) ;
#2544 = ORIENTED_EDGE ( 'NONE', *, *, #638, .T. ) ;
#2545 = LINE ( 'NONE', #733, #1389 ) ;
#2546 = DIRECTION ( 'NONE',  ( 1.000000000000000000, 0.000000000000000000, 0.000000000000000000 ) ) ;
#2547 = ORIENTED_EDGE ( 'NONE', *, *, #1952, .T. ) ;
#2548 = DIRECTION ( 'NONE',  ( 0.5773502691896245098, 0.5773502691896281735, 0.5773502691896245098 ) ) ;
#2549 = VERTEX_POINT ( 'NONE', #449 ) ;
#2550 = ADVANCED_FACE ( 'NONE', ( #1120 ), #746, .F. ) ;
#2551 = DIRECTION ( 'NONE',  ( 1.000000000000000000, -0.000000000000000000, -0.000000000000000000 ) ) ;
#2552 = EDGE_CURVE ( 'NONE', #1891, #42, #467, .T. ) ;
#2553 = ORIENTED_EDGE ( 'NONE', *, *, #1054, .F. ) ;
#2554 = DIRECTION ( 'NONE',  ( 0.7071067811865444641, -0.7071067811865505703, 0.000000000000000000 ) ) ;
#2555 = PLANE ( 'NONE',  #1385 ) ;
#2556 = CARTESIAN_POINT ( 'NONE',  ( -6.639999999999994351, 6.750000000000000000, 0.2049999999999990163 ) ) ;
#2557 = LINE ( 'NONE', #526, #2146 ) ;
#2558 = DIRECTION ( 'NONE',  ( -1.000000000000000000, 0.000000000000000000, 0.000000000000000000 ) ) ;
#2560 = VERTEX_POINT ( 'NONE', #1358 ) ;
#2559 = DIRECTION ( 'NONE',  ( 0.7071067811865444641, 0.7071067811865505703, 0.000000000000000000 ) ) ;
#2561 = ORIENTED_EDGE ( 'NONE', *, *, #925, .T. ) ;
#2562 = CARTESIAN_POINT ( 'NONE',  ( -8.769999999999994245, 7.000000000000000000, 2.074999999999999289 ) ) ;
#2563 = DIRECTION ( 'NONE',  ( 0.000000000000000000, 0.000000000000000000, -1.000000000000000000 ) ) ;
#2564 = ORIENTED_EDGE ( 'NONE', *, *, #3065, .T. ) ;
#2565 = DIRECTION ( 'NONE',  ( -1.000000000000000000, -0.000000000000000000, 0.000000000000000000 ) ) ;
#2566 = DIRECTION ( 'NONE',  ( -0.000000000000000000, 0.000000000000000000, 1.000000000000000000 ) ) ;
#2567 = ORIENTED_EDGE ( 'NONE', *, *, #1682, .T. ) ;
#2568 = CARTESIAN_POINT ( 'NONE',  ( 6.060000000000007603, 6.550000000000000711, 0.8449999999999990852 ) ) ;
#2569 = EDGE_LOOP ( 'NONE', ( #2203, #986, #360, #994 ) ) ;
#2570 = EDGE_CURVE ( 'NONE', #2741, #1321, #2241, .T. ) ;
#2571 = EDGE_CURVE ( 'NONE', #2639, #1011, #3524, .T. ) ;
#2572 = CARTESIAN_POINT ( 'NONE',  ( -8.769999999999994245, 7.000000000000000000, 2.874999999999999112 ) ) ;
#2573 = CARTESIAN_POINT ( 'NONE',  ( 3.960000000000004405, -3.450000000000000178, 0.000000000000000000 ) ) ;
#2574 = CARTESIAN_POINT ( 'NONE',  ( -3.459999999999993747, 6.750000000000000000, 0.2049999999999990163 ) ) ;
#2575 = EDGE_CURVE ( 'NONE', #1258, #1915, #3780, .T. ) ;
#2576 = CARTESIAN_POINT ( 'NONE',  ( 0.000000000000000000, 7.000000000000000000, 0.000000000000000000 ) ) ;
#2578 = EDGE_LOOP ( 'NONE', ( #1862, #2564, #3136, #1528 ) ) ;
#2577 = LINE ( 'NONE', #486, #2158 ) ;
#2579 = ORIENTED_EDGE ( 'NONE', *, *, #1281, .T. ) ;
#2580 = CARTESIAN_POINT ( 'NONE',  ( -4.099999999999994316, 0.000000000000000000, 0.000000000000000000 ) ) ;
#2581 = CARTESIAN_POINT ( 'NONE',  ( 0.000000000000000000, 6.750000000000000000, 0.6449999999999985745 ) ) ;
#2582 = EDGE_LOOP ( 'NONE', ( #2306, #697, #973, #491 ) ) ;
#2583 = VECTOR ( 'NONE', #3313, 1000.000000000000000 ) ;
#2584 = CARTESIAN_POINT ( 'NONE',  ( 1.620000000000005880, 0.8000000000000000444, 0.000000000000000000 ) ) ;
#2585 = VECTOR ( 'NONE', #1988, 1000.000000000000000 ) ;
#2586 = VECTOR ( 'NONE', #39, 1000.000000000000000 ) ;
#2587 = CARTESIAN_POINT ( 'NONE',  ( -1.559999999999993614, 6.750000000000000000, 0.8449999999999990852 ) ) ;
#2588 = CIRCLE ( 'NONE', #2653, 0.7539044080675718629 ) ;
#2589 = AXIS2_PLACEMENT_3D ( 'NONE', #2299, #1688, #167 ) ;
#2590 = PLANE ( 'NONE',  #1453 ) ;
#2591 = VECTOR ( 'NONE', #3445, 1000.000000000000000 ) ;
#2592 = ORIENTED_EDGE ( 'NONE', *, *, #2775, .T. ) ;
#2593 = VECTOR ( 'NONE', #3230, 1000.000000000000000 ) ;
#2594 = CARTESIAN_POINT ( 'NONE',  ( 1.420000000000003704, -3.450000000000000178, 0.4050000000000013034 ) ) ;
#2595 = FACE_OUTER_BOUND ( 'NONE', #3029, .T. ) ;
#2596 = PLANE ( 'NONE',  #327 ) ;
#2597 = ADVANCED_FACE ( 'NONE', ( #1101 ), #1945, .T. ) ;
#2598 = VECTOR ( 'NONE', #1755, 1000.000000000000000 ) ;
#2599 = EDGE_CURVE ( 'NONE', #3323, #569, #3505, .T. ) ;
#2600 = DIRECTION ( 'NONE',  ( 0.000000000000000000, 0.000000000000000000, -1.000000000000000000 ) ) ;
#2602 = ORIENTED_EDGE ( 'NONE', *, *, #139, .T. ) ;
#2601 = CARTESIAN_POINT ( 'NONE',  ( -1.559999999999993614, 0.8000000000000000444, 0.8449999999999990852 ) ) ;
#2603 = VECTOR ( 'NONE', #3334, 1000.000000000000000 ) ;
#2604 = DIRECTION ( 'NONE',  ( -1.000000000000000000, 0.000000000000000000, 0.000000000000000000 ) ) ;
#2605 = ORIENTED_EDGE ( 'NONE', *, *, #3140, .F. ) ;
#2606 = LINE ( 'NONE', #1949, #1583 ) ;
#2607 = CARTESIAN_POINT ( 'NONE',  ( -5.999999999999993783, 6.750000000000000000, 0.8449999999999990852 ) ) ;
#2608 = ORIENTED_EDGE ( 'NONE', *, *, #137, .T. ) ;
#2609 = EDGE_CURVE ( 'NONE', #679, #3270, #3150, .T. ) ;
#2610 = EDGE_CURVE ( 'NONE', #3637, #3628, #485, .T. ) ;
#2611 = DIRECTION ( 'NONE',  ( -1.000000000000000000, 0.000000000000000000, 0.000000000000000000 ) ) ;
#2612 = CARTESIAN_POINT ( 'NONE',  ( -1.359999999999991438, -3.450000000000000178, 0.4050000000000013034 ) ) ;
#2613 = PLANE ( 'NONE',  #700 ) ;
#2614 = ORIENTED_EDGE ( 'NONE', *, *, #434, .F. ) ;
#2615 = CARTESIAN_POINT ( 'NONE',  ( -8.769999999999994245, 5.133508391725029263, 1.946917228565423263 ) ) ;
#2616 = DIRECTION ( 'NONE',  ( 1.000000000000000000, -0.000000000000000000, -0.000000000000000000 ) ) ;
#2617 = LINE ( 'NONE', #2574, #1214 ) ;
#2618 = DIRECTION ( 'NONE',  ( -0.000000000000000000, 0.000000000000000000, 1.000000000000000000 ) ) ;
#2620 = ORIENTED_EDGE ( 'NONE', *, *, #2822, .T. ) ;
#2619 = CARTESIAN_POINT ( 'NONE',  ( 7.970000000000005080, 7.000000000000000000, -2.075000000000001066 ) ) ;
#2621 = LINE ( 'NONE', #2942, #3404 ) ;
#2622 = ORIENTED_EDGE ( 'NONE', *, *, #2018, .F. ) ;
#2623 = PLANE ( 'NONE',  #3405 ) ;
#2624 = LINE ( 'NONE', #1089, #184 ) ;
#2625 = EDGE_LOOP ( 'NONE', ( #1893, #3033, #3308, #3028 ) ) ;
#2626 = ADVANCED_FACE ( 'NONE', ( #186 ), #1399, .T. ) ;
#2627 = LINE ( 'NONE', #1365, #2918 ) ;
#2628 = EDGE_CURVE ( 'NONE', #374, #1134, #1340, .T. ) ;
#2629 = FACE_OUTER_BOUND ( 'NONE', #1190, .T. ) ;
#2630 = EDGE_CURVE ( 'NONE', #2530, #2696, #3761, .T. ) ;
#2631 = DIRECTION ( 'NONE',  ( 0.7071067811865444641, -0.7071067811865505703, 0.000000000000000000 ) ) ;
#2632 = DIRECTION ( 'NONE',  ( -1.000000000000000000, 0.000000000000000000, 0.000000000000000000 ) ) ;
#2633 = ORIENTED_EDGE ( 'NONE', *, *, #2609, .F. ) ;
#2634 = LINE ( 'NONE', #2974, #904 ) ;
#2635 = PLANE ( 'NONE',  #886 ) ;
#2636 = CARTESIAN_POINT ( 'NONE',  ( 7.970000000000003304, 7.000000000000000000, -2.075000000000001066 ) ) ;
#2637 = DIRECTION ( 'NONE',  ( 0.000000000000000000, 0.000000000000000000, -1.000000000000000000 ) ) ;
#2639 = VERTEX_POINT ( 'NONE', #2060 ) ;
#2638 = DIRECTION ( 'NONE',  ( 0.000000000000000000, 0.000000000000000000, -1.000000000000000000 ) ) ;
#2640 = LINE ( 'NONE', #213, #2329 ) ;
#2641 = EDGE_LOOP ( 'NONE', ( #533, #2962, #1879, #1407 ) ) ;
#2642 = CARTESIAN_POINT ( 'NONE',  ( 3.745000000000006324, -3.665000000000000036, 0.4299999999999988276 ) ) ;
#2643 = DIRECTION ( 'NONE',  ( -1.000000000000000000, 0.000000000000000000, 0.000000000000000000 ) ) ;
#2644 = CARTESIAN_POINT ( 'NONE',  ( -5.999999999999993783, 6.550000000000002487, 0.2049999999999990163 ) ) ;
#2645 = FACE_OUTER_BOUND ( 'NONE', #3636, .T. ) ;
#2646 = EDGE_CURVE ( 'NONE', #2744, #3541, #3884, .T. ) ;
#2647 = EDGE_CURVE ( 'NONE', #2080, #3102, #2044, .T. ) ;
#2648 = VECTOR ( 'NONE', #1306, 1000.000000000000000 ) ;
#2649 = AXIS2_PLACEMENT_3D ( 'NONE', #3667, #394, #91 ) ;
#2650 = CARTESIAN_POINT ( 'NONE',  ( 6.770000000000004903, 6.999999999999989342, 2.874999999999999112 ) ) ;
#2651 = CARTESIAN_POINT ( 'NONE',  ( 2.480000000000011084, -2.209999999999994635, -0.8349999999999965228 ) ) ;
#2652 = VERTEX_POINT ( 'NONE', #864 ) ;
#2653 = AXIS2_PLACEMENT_3D ( 'NONE', #3447, #2858, #3523 ) ;
#2654 = EDGE_CURVE ( 'NONE', #940, #3823, #313, .T. ) ;
#2655 = VECTOR ( 'NONE', #1544, 1000.000000000000000 ) ;
#2656 = ORIENTED_EDGE ( 'NONE', *, *, #1924, .T. ) ;
#2657 = DIRECTION ( 'NONE',  ( 1.000000000000000000, 0.000000000000000000, 0.000000000000000000 ) ) ;
#2658 = AXIS2_PLACEMENT_3D ( 'NONE', #3638, #2116, #3325 ) ;
#2659 = VECTOR ( 'NONE', #1067, 1000.000000000000000 ) ;
#2660 = DIRECTION ( 'NONE',  ( 1.000000000000000000, 0.000000000000000000, 0.000000000000000000 ) ) ;
#2661 = LINE ( 'NONE', #1435, #1219 ) ;
#2662 = AXIS2_PLACEMENT_3D ( 'NONE', #1878, #1347, #82 ) ;
#2663 = LINE ( 'NONE', #3315, #3050 ) ;
#2665 = EDGE_LOOP ( 'NONE', ( #772, #3284, #1068, #286 ) ) ;
#2664 = DIRECTION ( 'NONE',  ( 0.000000000000000000, -0.000000000000000000, 1.000000000000000000 ) ) ;
#2666 = VECTOR ( 'NONE', #2487, 1000.000000000000000 ) ;
#2667 = LINE ( 'NONE', #3298, #2779 ) ;
#2668 = ORIENTED_EDGE ( 'NONE', *, *, #3705, .T. ) ;
#2669 = FACE_OUTER_BOUND ( 'NONE', #3214, .T. ) ;
#2670 = PLANE ( 'NONE',  #3723 ) ;
#2671 = CARTESIAN_POINT ( 'NONE',  ( -3.459999999999993747, 0.8000000000000000444, 0.8449999999999990852 ) ) ;
#2672 = EDGE_LOOP ( 'NONE', ( #21, #1673, #3415, #1801 ) ) ;
#2673 = PLANE ( 'NONE',  #646 ) ;
#2674 = LINE ( 'NONE', #2968, #2458 ) ;
#2675 = DIRECTION ( 'NONE',  ( -0.5773502691896273964, -0.5773502691896224004, 0.5773502691896273964 ) ) ;
#2676 = ORIENTED_EDGE ( 'NONE', *, *, #1350, .T. ) ;
#2677 = VERTEX_POINT ( 'NONE', #545 ) ;
#2678 = LINE ( 'NONE', #2935, #1845 ) ;
#2679 = EDGE_CURVE ( 'NONE', #383, #3594, #2343, .T. ) ;
#2680 = EDGE_CURVE ( 'NONE', #1048, #3084, #1458, .T. ) ;
#2681 = DIRECTION ( 'NONE',  ( -1.000000000000000000, 0.000000000000000000, 0.000000000000000000 ) ) ;
#2682 = DIRECTION ( 'NONE',  ( 0.000000000000000000, -0.000000000000000000, 1.000000000000000000 ) ) ;
#2683 = CARTESIAN_POINT ( 'NONE',  ( 3.520000000000006679, 6.550000000000000711, 0.8449999999999990852 ) ) ;
#2685 = ORIENTED_EDGE ( 'NONE', *, *, #2285, .T. ) ;
#2684 = SHAPE_DEFINITION_REPRESENTATION ( #2073, #2435 ) ;
#2686 = ADVANCED_FACE ( 'NONE', ( #3001 ), #3584, .T. ) ;
#2687 = DIRECTION ( 'NONE',  ( 0.7071067811865497932, -0.7071067811865452413, 0.000000000000000000 ) ) ;
#2688 = ORIENTED_EDGE ( 'NONE', *, *, #2292, .F. ) ;
#2689 = PLANE ( 'NONE',  #440 ) ;
#2690 = DIRECTION ( 'NONE',  ( -1.000000000000000000, 0.000000000000000000, 0.000000000000000000 ) ) ;
#2692 = ORIENTED_EDGE ( 'NONE', *, *, #2646, .T. ) ;
#2691 = DIRECTION ( 'NONE',  ( -0.5773502691896273964, -0.5773502691896224004, 0.5773502691896273964 ) ) ;
#2693 = ORIENTED_EDGE ( 'NONE', *, *, #137, .F. ) ;
#2694 = DIRECTION ( 'NONE',  ( -1.000000000000000000, 0.000000000000000000, -0.000000000000000000 ) ) ;
#2695 = PLANE ( 'NONE',  #898 ) ;
#2696 = VERTEX_POINT ( 'NONE', #2106 ) ;
#2697 = ORIENTED_EDGE ( 'NONE', *, *, #3281, .T. ) ;
#2698 = CARTESIAN_POINT ( 'NONE',  ( -6.639999999999994351, 6.550000000000002487, 0.2049999999999990163 ) ) ;
#2699 = CARTESIAN_POINT ( 'NONE',  ( 3.520000000000006679, 0.8000000000000000444, 0.000000000000000000 ) ) ;
#2700 = ORIENTED_EDGE ( 'NONE', *, *, #2848, .T. ) ;
#2701 = FILL_AREA_STYLE_COLOUR ( '', #3413 ) ;
#2702 = EDGE_CURVE ( 'NONE', #1323, #3189, #883, .T. ) ;
#2703 = ADVANCED_FACE ( 'NONE', ( #3839 ), #564, .F. ) ;
#2704 = CARTESIAN_POINT ( 'NONE',  ( -0.9199999999999937117, 0.8000000000000000444, 0.000000000000000000 ) ) ;
#2705 = EDGE_LOOP ( 'NONE', ( #827, #1243, #2287, #3296 ) ) ;
#2706 = DIRECTION ( 'NONE',  ( 0.000000000000000000, 0.000000000000000000, -1.000000000000000000 ) ) ;
#2707 = VERTEX_POINT ( 'NONE', #246 ) ;
#2708 = FACE_BOUND ( 'NONE', #3439, .T. ) ;
#2709 = LINE ( 'NONE', #3321, #2082 ) ;
#2710 = EDGE_CURVE ( 'NONE', #1237, #1695, #3294, .T. ) ;
#2711 = APPLICATION_CONTEXT ( 'automotive_design' ) ;
#2713 = ORIENTED_EDGE ( 'NONE', *, *, #3623, .T. ) ;
#2712 = DIRECTION ( 'NONE',  ( -0.5773502691896273964, 0.5773502691896224004, 0.5773502691896273964 ) ) ;
#2714 = ORIENTED_EDGE ( 'NONE', *, *, #2754, .T. ) ;
#2715 = CARTESIAN_POINT ( 'NONE',  ( 6.060000000000007603, 6.750000000000000000, 0.2049999999999990163 ) ) ;
#2716 = ORIENTED_EDGE ( 'NONE', *, *, #1181, .T. ) ;
#2717 = CIRCLE ( 'NONE', #15, 0.8662318899741467959 ) ;
#2718 = ORIENTED_EDGE ( 'NONE', *, *, #1213, .T. ) ;
#2719 = FACE_OUTER_BOUND ( 'NONE', #2625, .T. ) ;
#2720 = AXIS2_PLACEMENT_3D ( 'NONE', #1861, #1269, #3690 ) ;
#2721 = PLANE ( 'NONE',  #1010 ) ;
#2722 = EDGE_LOOP ( 'NONE', ( #2688, #1554, #17, #3841 ) ) ;
#2723 = VECTOR ( 'NONE', #2690, 1000.000000000000000 ) ;
#2724 = CARTESIAN_POINT ( 'NONE',  ( -6.639999999999994351, 6.550000000000002487, 0.8449999999999990852 ) ) ;
#2725 = VECTOR ( 'NONE', #3615, 1000.000000000000000 ) ;
#2727 = ORIENTED_EDGE ( 'NONE', *, *, #1899, .F. ) ;
#2726 = DIRECTION ( 'NONE',  ( -0.7071067811865455743, 0.7071067811865495711, 0.000000000000000000 ) ) ;
#2728 = CARTESIAN_POINT ( 'NONE',  ( 5.903768110025854554, 4.300076335521231030, 2.074999999999999734 ) ) ;
#2729 = ADVANCED_FACE ( 'NONE', ( #2426 ), #614, .T. ) ;
#2730 = DIRECTION ( 'NONE',  ( 1.000000000000000000, 0.000000000000000000, 0.000000000000000000 ) ) ;
#2731 = CARTESIAN_POINT ( 'NONE',  ( -4.099999999999994316, -3.450000000000000178, 0.6449999999999967981 ) ) ;
#2732 = VECTOR ( 'NONE', #1551, 1000.000000000000114 ) ;
#2734 = ORIENTED_EDGE ( 'NONE', *, *, #2191, .F. ) ;
#2733 = PLANE ( 'NONE',  #78 ) ;
#2735 = VECTOR ( 'NONE', #1639, 1000.000000000000000 ) ;
#2736 = ADVANCED_FACE ( 'NONE', ( #593 ), #1502, .T. ) ;
#2737 = EDGE_CURVE ( 'NONE', #3509, #3562, #1794, .T. ) ;
#2738 = ORIENTED_EDGE ( 'NONE', *, *, #2165, .T. ) ;
#2739 = DIRECTION ( 'NONE',  ( 0.5773502691896273964, -0.5773502691896224004, 0.5773502691896273964 ) ) ;
#2740 = VECTOR ( 'NONE', #3063, 1000.000000000000000 ) ;
#2741 = VERTEX_POINT ( 'NONE', #1481 ) ;
#2742 = EDGE_LOOP ( 'NONE', ( #43, #1361, #602, #433, #2989, #1823, #3343, #136, #1267, #3712, #2776, #3359, #3299, #1548, #788, #2290, #3626, #436 ) ) ;
#2743 = DIRECTION ( 'NONE',  ( 1.000000000000000000, -0.000000000000000000, 0.000000000000000000 ) ) ;
#2744 = VERTEX_POINT ( 'NONE', #848 ) ;
#2745 = CARTESIAN_POINT ( 'NONE',  ( -3.673333333333328898, 6.763333333333333641, 0.6316666666666643781 ) ) ;
#2746 = LINE ( 'NONE', #1910, #770 ) ;
#2747 = DIRECTION ( 'NONE',  ( 0.7071067811865444641, -0.7071067811865505703, 0.000000000000000000 ) ) ;
#2748 = FACE_OUTER_BOUND ( 'NONE', #975, .T. ) ;
#2749 = CARTESIAN_POINT ( 'NONE',  ( 0.9800000000000060885, 6.550000000000000711, 0.8449999999999990852 ) ) ;
#2751 = ORIENTED_EDGE ( 'NONE', *, *, #2775, .F. ) ;
#2750 = DIRECTION ( 'NONE',  ( 1.000000000000000000, 0.000000000000000000, 0.000000000000000000 ) ) ;
#2752 = VERTEX_POINT ( 'NONE', #3250 ) ;
#2753 = CARTESIAN_POINT ( 'NONE',  ( 3.720000000000007301, 6.750000000000000000, 0.4049999999999995270 ) ) ;
#2754 = EDGE_CURVE ( 'NONE', #3108, #3452, #228, .T. ) ;
#2755 = EDGE_CURVE ( 'NONE', #279, #3469, #2663, .T. ) ;
#2756 = ORIENTED_EDGE ( 'NONE', *, *, #658, .T. ) ;
#2757 = ADVANCED_FACE ( 'NONE', ( #3865 ), #2125, .F. ) ;
#2758 = VERTEX_POINT ( 'NONE', #3429 ) ;
#2759 = CARTESIAN_POINT ( 'NONE',  ( 0.000000000000000000, -3.450000000000000178, 0.4049999999999978062 ) ) ;
#2760 = ORIENTED_EDGE ( 'NONE', *, *, #3307, .T. ) ;
#2761 = DIRECTION ( 'NONE',  ( -0.000000000000000000, -0.7071067811865452413, -0.7071067811865497932 ) ) ;
#2762 = CARTESIAN_POINT ( 'NONE',  ( 3.520000000000006679, 6.750000000000000000, 0.2049999999999990163 ) ) ;
#2763 = CARTESIAN_POINT ( 'NONE',  ( -5.999999999999993783, 6.550000000000002487, 0.8449999999999990852 ) ) ;
#2764 = CARTESIAN_POINT ( 'NONE',  ( 6.700000000000007283, 6.750000000000000000, 0.2049999999999990163 ) ) ;
#2766 = VERTEX_POINT ( 'NONE', #3352 ) ;
#2765 = CARTESIAN_POINT ( 'NONE',  ( -3.459999999999993747, -3.249999999999996891, 0.8449999999999990852 ) ) ;
#2767 = CARTESIAN_POINT ( 'NONE',  ( 3.720000000000007301, 6.750000000000000000, 0.000000000000000000 ) ) ;
#2768 = DIRECTION ( 'NONE',  ( 0.000000000000000000, 1.000000000000000000, 0.000000000000000000 ) ) ;
#2769 = ORIENTED_EDGE ( 'NONE', *, *, #793, .T. ) ;
#2770 = ADVANCED_FACE ( 'NONE', ( #3681 ), #2457, .T. ) ;
#2771 = ADVANCED_FACE ( 'NONE', ( #707 ), #1262, .F. ) ;
#2772 = EDGE_LOOP ( 'NONE', ( #577, #3641, #850, #1676 ) ) ;
#2773 = EDGE_LOOP ( 'NONE', ( #1166, #939, #2366, #1792 ) ) ;
#2774 = CARTESIAN_POINT ( 'NONE',  ( 6.770000000000004903, 6.728922615252661110, 2.874999999999999112 ) ) ;
#2775 = EDGE_CURVE ( 'NONE', #279, #2758, #3369, .T. ) ;
#2776 = ORIENTED_EDGE ( 'NONE', *, *, #3552, .F. ) ;
#2777 = VECTOR ( 'NONE', #2222, 1000.000000000000000 ) ;
#2778 = LINE ( 'NONE', #69, #2914 ) ;
#2779 = VECTOR ( 'NONE', #2604, 1000.000000000000000 ) ;
#2780 = DIRECTION ( 'NONE',  ( 1.000000000000000000, 0.000000000000000000, 0.000000000000000000 ) ) ;
#2781 = DIRECTION ( 'NONE',  ( -0.5773502691896245098, -0.5773502691896281735, 0.5773502691896245098 ) ) ;
#2782 = CARTESIAN_POINT ( 'NONE',  ( -5.999999999999993783, 6.750000000000000000, 0.8449999999999990852 ) ) ;
#2783 = VECTOR ( 'NONE', #155, 1000.000000000000000 ) ;
#2784 = AXIS2_PLACEMENT_3D ( 'NONE', #2949, #538, #1129 ) ;
#2786 = EDGE_LOOP ( 'NONE', ( #3526, #1423, #3770, #3123 ) ) ;
#2785 = CARTESIAN_POINT ( 'NONE',  ( 6.700000000000007283, 6.750000000000000000, 0.8449999999999990852 ) ) ;
#2787 = VECTOR ( 'NONE', #766, 1000.000000000000000 ) ;
#2788 = AXIS2_PLACEMENT_3D ( 'NONE', #724, #103, #421 ) ;
#2789 = ORIENTED_EDGE ( 'NONE', *, *, #1859, .T. ) ;
#2790 = LINE ( 'NONE', #2506, #1327 ) ;
#2791 = ORIENTED_EDGE ( 'NONE', *, *, #2166, .F. ) ;
#2792 = AXIS2_PLACEMENT_3D ( 'NONE', #3171, #464, #122 ) ;
#2793 = CARTESIAN_POINT ( 'NONE',  ( 3.520000000000006679, 6.550000000000000711, 0.2049999999999990163 ) ) ;
#2794 = VECTOR ( 'NONE', #2807, 1000.000000000000000 ) ;
#2795 = ORIENTED_EDGE ( 'NONE', *, *, #3350, .F. ) ;
#2796 = ORIENTED_EDGE ( 'NONE', *, *, #528, .F. ) ;
#2797 = VECTOR ( 'NONE', #546, 1000.000000000000000 ) ;
#2798 = CARTESIAN_POINT ( 'NONE',  ( -0.9199999999999937117, 6.550000000000000711, 0.2049999999999990163 ) ) ;
#2799 = ORIENTED_EDGE ( 'NONE', *, *, #3498, .F. ) ;
#2800 = EDGE_CURVE ( 'NONE', #881, #1323, #2481, .T. ) ;
#2801 = EDGE_CURVE ( 'NONE', #3331, #1891, #1829, .T. ) ;
#2802 = DIRECTION ( 'NONE',  ( 1.000000000000000000, -0.000000000000000000, 0.000000000000000000 ) ) ;
#2803 = CARTESIAN_POINT ( 'NONE',  ( 6.770000000000004903, 6.999999999999989342, -2.876000000000000778 ) ) ;
#2804 = PLANE ( 'NONE',  #2460 ) ;
#2805 = CARTESIAN_POINT ( 'NONE',  ( 8.770000000000004903, 7.000000000000000000, 2.874999999999999112 ) ) ;
#2806 = EDGE_CURVE ( 'NONE', #3541, #1873, #1613, .T. ) ;
#2808 = VERTEX_POINT ( 'NONE', #2196 ) ;
#2807 = DIRECTION ( 'NONE',  ( -0.000000000000000000, -0.000000000000000000, 1.000000000000000000 ) ) ;
#2809 = ORIENTED_EDGE ( 'NONE', *, *, #798, .F. ) ;
#2810 = CARTESIAN_POINT ( 'NONE',  ( -8.769999999999994245, 0.000000000000000000, -2.875000000000000888 ) ) ;
#2811 = EDGE_LOOP ( 'NONE', ( #3877, #2553, #1883, #3728 ) ) ;
#2812 = FACE_OUTER_BOUND ( 'NONE', #2722, .T. ) ;
#2813 = VERTEX_POINT ( 'NONE', #2220 ) ;
#2814 = ORIENTED_EDGE ( 'NONE', *, *, #1905, .T. ) ;
#2815 = PLANE ( 'NONE',  #2788 ) ;
#2816 = VERTEX_POINT ( 'NONE', #1851 ) ;
#2817 = LINE ( 'NONE', #1314, #1277 ) ;
#2818 = PLANE ( 'NONE',  #1576 ) ;
#2819 = CARTESIAN_POINT ( 'NONE',  ( 3.520000000000006679, -3.249999999999996891, 0.8449999999999990852 ) ) ;
#2820 = FACE_OUTER_BOUND ( 'NONE', #3003, .T. ) ;
#2821 = EDGE_CURVE ( 'NONE', #2405, #1018, #2746, .T. ) ;
#2822 = EDGE_CURVE ( 'NONE', #2813, #214, #945, .T. ) ;
#2824 = VERTEX_POINT ( 'NONE', #368 ) ;
#2823 = PLANE ( 'NONE',  #588 ) ;
#2825 = ORIENTED_EDGE ( 'NONE', *, *, #1808, .F. ) ;
#2826 = FACE_BOUND ( 'NONE', #2321, .T. ) ;
#2827 = EDGE_LOOP ( 'NONE', ( #296, #1916, #2995, #3897 ) ) ;
#2828 = EDGE_CURVE ( 'NONE', #3291, #3480, #391, .T. ) ;
#2829 = DIRECTION ( 'NONE',  ( 0.000000000000000000, -1.000000000000000000, 0.000000000000000000 ) ) ;
#2830 = EDGE_LOOP ( 'NONE', ( #3417, #224, #585, #560 ) ) ;
#2831 = DIRECTION ( 'NONE',  ( 0.000000000000000000, -0.000000000000000000, 1.000000000000000000 ) ) ;
#2832 = ORIENTED_EDGE ( 'NONE', *, *, #32, .F. ) ;
#2833 = DIRECTION ( 'NONE',  ( -0.000000000000000000, 0.000000000000000000, 1.000000000000000000 ) ) ;
#2834 = CARTESIAN_POINT ( 'NONE',  ( 0.7866666666666738417, -3.056666666666663090, 1.038333333333331110 ) ) ;
#2835 = LINE ( 'NONE', #1630, #257 ) ;
#2836 = DIRECTION ( 'NONE',  ( 0.000000000000000000, -0.000000000000000000, -1.000000000000000000 ) ) ;
#2837 = VECTOR ( 'NONE', #1750, 1000.000000000000114 ) ;
#2839 = ORIENTED_EDGE ( 'NONE', *, *, #1204, .F. ) ;
#2838 = CARTESIAN_POINT ( 'NONE',  ( -8.769999999999994245, 4.379603983657458066, 1.193012820497851401 ) ) ;
#2840 = ORIENTED_EDGE ( 'NONE', *, *, #29, .T. ) ;
#2841 = CARTESIAN_POINT ( 'NONE',  ( -3.659999999999994369, 6.750000000000000000, 0.000000000000000000 ) ) ;
#2842 = ORIENTED_EDGE ( 'NONE', *, *, #2754, .F. ) ;
#2843 = AXIS2_PLACEMENT_3D ( 'NONE', #3776, #3818, #2836 ) ;
#2844 = CLOSED_SHELL ( 'NONE', ( #1256, #1239, #3274, #1741, #2485, #2232, #2099, #2597, #260, #3086, #923, #1635, #51, #1737, #2886, #2771, #1324, #3110, #1036, #1180, #2286, #2892, #769, #2333, #3085, #3596, #319, #581, #1524, #942, #1013, #2550, #2185, #3835, #2122, #500, #2736, #2069, #2212, #676, #3862, #1880, #2626, #1240, #2256, #550, #3309, #903, #379, #3520, #3752, #664, #3395, #843, #2486, #1445, #2729, #1215, #2118, #604, #698, #499, #2359, #965, #1996, #2941, #2459, #2101, #3831, #727, #2419, #2525, #2386, #893, #3778, #2532, #3812, #364, #2438, #946, #1993, #2043, #3909, #3624, #3328, #117, #988, #312, #1395, #3202, #1111, #3515, #1525, #3516, #2148, #3663, #871, #179, #2869, #384, #3827, #1326, #2845, #2442, #1131, #219, #941, #1546, #3258, #2770, #2415, #3661, #993, #778, #1471, #1113, #1373, #2703, #2948, #2360, #2757, #2051, #290, #3777, #842, #1634, #2042, #3014, #94, #1567, #1301, #2993, #2891, #1130, #3229, #1428, #1788, #3686, #2686, #673 ) ) ;
#2845 = ADVANCED_FACE ( 'NONE', ( #3646 ), #2443, .T. ) ;
#2846 = CARTESIAN_POINT ( 'NONE',  ( 6.285000000000006359, -3.665000000000000036, 0.4299999999999988276 ) ) ;
#2847 = AXIS2_PLACEMENT_3D ( 'NONE', #3622, #603, #2372 ) ;
#2848 = EDGE_CURVE ( 'NONE', #2652, #3509, #2778, .T. ) ;
#2849 = VECTOR ( 'NONE', #2037, 1000.000000000000000 ) ;
#2850 = ORIENTED_EDGE ( 'NONE', *, *, #3133, .F. ) ;
#2851 = EDGE_CURVE ( 'NONE', #3480, #1378, #2817, .T. ) ;
#2852 = VECTOR ( 'NONE', #1632, 1000.000000000000000 ) ;
#2853 = LINE ( 'NONE', #144, #3655 ) ;
#2854 = ORIENTED_EDGE ( 'NONE', *, *, #3164, .T. ) ;
#2855 = DIRECTION ( 'NONE',  ( 1.000000000000000000, -0.000000000000000000, 0.000000000000000000 ) ) ;
#2856 = FACE_OUTER_BOUND ( 'NONE', #2902, .T. ) ;
#2857 = CARTESIAN_POINT ( 'NONE',  ( 3.520000000000006679, 0.000000000000000000, 0.000000000000000000 ) ) ;
#2858 = DIRECTION ( 'NONE',  ( 1.000000000000000000, 0.000000000000000000, -0.000000000000000000 ) ) ;
#2859 = DIRECTION ( 'NONE',  ( -0.000000000000000000, 1.000000000000000000, 0.000000000000000000 ) ) ;
#2861 = ORIENTED_EDGE ( 'NONE', *, *, #162, .F. ) ;
#2860 = DIRECTION ( 'NONE',  ( 0.000000000000000000, 0.000000000000000000, -1.000000000000000000 ) ) ;
#2862 = ORIENTED_EDGE ( 'NONE', *, *, #2822, .F. ) ;
#2863 = LINE ( 'NONE', #2642, #1702 ) ;
#2864 = CARTESIAN_POINT ( 'NONE',  ( 6.700000000000007283, -3.249999999999996891, 0.2049999999999990163 ) ) ;
#2865 = ORIENTED_EDGE ( 'NONE', *, *, #460, .F. ) ;
#2866 = CARTESIAN_POINT ( 'NONE',  ( 3.520000000000006679, -3.249999999999996891, 0.2049999999999990163 ) ) ;
#2867 = DIRECTION ( 'NONE',  ( -1.285016683100711396E-15, -1.000000000000000000, -0.000000000000000000 ) ) ;
#2868 = VERTEX_POINT ( 'NONE', #1246 ) ;
#2869 = ADVANCED_FACE ( 'NONE', ( #1020 ), #105, .T. ) ;
#2870 = EDGE_CURVE ( 'NONE', #3491, #601, #335, .T. ) ;
#2871 = DIRECTION ( 'NONE',  ( 1.000000000000000000, 0.000000000000000000, 0.000000000000000000 ) ) ;
#2872 = ORIENTED_EDGE ( 'NONE', *, *, #1618, .T. ) ;
#2873 = EDGE_CURVE ( 'NONE', #3226, #685, #3040, .T. ) ;
#2874 = DIRECTION ( 'NONE',  ( 1.000000000000000000, 0.000000000000000000, 0.000000000000000000 ) ) ;
#2875 = FACE_OUTER_BOUND ( 'NONE', #3180, .T. ) ;
#2876 = DIRECTION ( 'NONE',  ( -0.000000000000000000, 0.000000000000000000, 1.000000000000000000 ) ) ;
#2877 = CARTESIAN_POINT ( 'NONE',  ( 5.903768110025854554, 5.166308225495377826, 2.074999999999999734 ) ) ;
#2879 = ORIENTED_EDGE ( 'NONE', *, *, #2873, .T. ) ;
#2878 = DIRECTION ( 'NONE',  ( 0.000000000000000000, -0.000000000000000000, 1.000000000000000000 ) ) ;
#2880 = VERTEX_POINT ( 'NONE', #1542 ) ;
#2881 = CARTESIAN_POINT ( 'NONE',  ( -5.999999999999993783, 0.8000000000000000444, 0.000000000000000000 ) ) ;
#2882 = LINE ( 'NONE', #774, #832 ) ;
#2883 = VERTEX_POINT ( 'NONE', #2497 ) ;
#2884 = PLANE ( 'NONE',  #2097 ) ;
#2885 = CARTESIAN_POINT ( 'NONE',  ( -0.9199999999999937117, 0.000000000000000000, 0.8449999999999990852 ) ) ;
#2886 = ADVANCED_FACE ( 'NONE', ( #3403 ), #410, .F. ) ;
#2887 = EDGE_CURVE ( 'NONE', #3715, #1237, #498, .T. ) ;
#2888 = CARTESIAN_POINT ( 'NONE',  ( -6.439999999999995062, -3.450000000000000178, 0.4049999999999978062 ) ) ;
#2889 = ORIENTED_EDGE ( 'NONE', *, *, #2628, .F. ) ;
#2890 = CARTESIAN_POINT ( 'NONE',  ( -0.9199999999999937117, 6.550000000000000711, 0.8449999999999990852 ) ) ;
#2891 = ADVANCED_FACE ( 'NONE', ( #3502 ), #1074, .F. ) ;
#2892 = ADVANCED_FACE ( 'NONE', ( #1628 ), #2915, .F. ) ;
#2893 = DIRECTION ( 'NONE',  ( 0.000000000000000000, 0.000000000000000000, 1.000000000000000000 ) ) ;
#2894 = LINE ( 'NONE', #3232, #385 ) ;
#2895 = CARTESIAN_POINT ( 'NONE',  ( 4.160000000000006359, 0.000000000000000000, 0.000000000000000000 ) ) ;
#2897 = ORIENTED_EDGE ( 'NONE', *, *, #460, .T. ) ;
#2896 = CARTESIAN_POINT ( 'NONE',  ( 6.770000000000001350, 5.166308225495376938, -2.876000000000000778 ) ) ;
#2898 = LINE ( 'NONE', #2029, #2010 ) ;
#2899 = EDGE_LOOP ( 'NONE', ( #508, #1438, #3821, #665 ) ) ;
#2900 = LINE ( 'NONE', #2881, #1073 ) ;
#2901 = CARTESIAN_POINT ( 'NONE',  ( -8.769999999999994245, 7.000000000000000000, -2.875000000000000888 ) ) ;
#2902 = EDGE_LOOP ( 'NONE', ( #3660, #1289, #1679, #2070 ) ) ;
#2903 = VECTOR ( 'NONE', #2059, 1000.000000000000000 ) ;
#2904 = CARTESIAN_POINT ( 'NONE',  ( -4.099999999999994316, -3.249999999999996891, 0.2049999999999990163 ) ) ;
#2905 = VECTOR ( 'NONE', #1760, 1000.000000000000000 ) ;
#2906 = AXIS2_PLACEMENT_3D ( 'NONE', #171, #471, #1063 ) ;
#2907 = LINE ( 'NONE', #1444, #3724 ) ;
#2908 = VECTOR ( 'NONE', #656, 1000.000000000000000 ) ;
#2909 = VECTOR ( 'NONE', #983, 1000.000000000000000 ) ;
#2910 = VECTOR ( 'NONE', #2365, 1000.000000000000000 ) ;
#2911 = CARTESIAN_POINT ( 'NONE',  ( 6.617135548828095182, 6.576058164080752277, 2.874999999999999112 ) ) ;
#2912 = VECTOR ( 'NONE', #967, 1000.000000000000000 ) ;
#2913 = ORIENTED_EDGE ( 'NONE', *, *, #2387, .T. ) ;
#2914 = VECTOR ( 'NONE', #37, 1000.000000000000000 ) ;
#2915 = PLANE ( 'NONE',  #75 ) ;
#2916 = CARTESIAN_POINT ( 'NONE',  ( -8.769999999999994245, 7.000000000000000000, -2.875000000000000888 ) ) ;
#2917 = DIRECTION ( 'NONE',  ( -1.000000000000000000, 0.000000000000000000, -0.000000000000000000 ) ) ;
#2918 = VECTOR ( 'NONE', #834, 1000.000000000000000 ) ;
#2919 = EDGE_CURVE ( 'NONE', #3169, #2494, #423, .T. ) ;
#2920 = EDGE_CURVE ( 'NONE', #1625, #860, #740, .T. ) ;
#2921 = CARTESIAN_POINT ( 'NONE',  ( 6.260000000000009557, -3.450000000000000178, 0.2049999999999990163 ) ) ;
#2923 = ORIENTED_EDGE ( 'NONE', *, *, #1877, .T. ) ;
#2922 = DIRECTION ( 'NONE',  ( 1.000000000000000000, 0.000000000000000000, 0.000000000000000000 ) ) ;
#2924 = VECTOR ( 'NONE', #20, 1000.000000000000000 ) ;
#2925 = DIRECTION ( 'NONE',  ( 0.7071067811865474617, -0.7071067811865474617, 0.000000000000000000 ) ) ;
#2926 = ORIENTED_EDGE ( 'NONE', *, *, #3422, .F. ) ;
#2927 = PLANE ( 'NONE',  #2906 ) ;
#2928 = DIRECTION ( 'NONE',  ( 0.000000000000000000, -1.000000000000000000, 0.000000000000000000 ) ) ;
#2929 = EDGE_LOOP ( 'NONE', ( #188, #3695, #1864, #1604 ) ) ;
#2930 = LINE ( 'NONE', #3476, #1909 ) ;
#2931 = DIRECTION ( 'NONE',  ( -0.000000000000000000, 0.000000000000000000, 1.000000000000000000 ) ) ;
#2932 = CARTESIAN_POINT ( 'NONE',  ( -3.459999999999993747, 6.550000000000000711, 0.8449999999999990852 ) ) ;
#2933 = DIRECTION ( 'NONE',  ( 0.000000000000000000, -1.000000000000000000, 0.000000000000000000 ) ) ;
#2934 = ORIENTED_EDGE ( 'NONE', *, *, #627, .F. ) ;
#2935 = CARTESIAN_POINT ( 'NONE',  ( 6.617135548828095182, 6.576058164080752277, 2.874999999999999112 ) ) ;
#2936 = DIRECTION ( 'NONE',  ( 0.000000000000000000, 0.000000000000000000, 1.000000000000000000 ) ) ;
#2937 = DIRECTION ( 'NONE',  ( -0.7071067811865444641, -0.7071067811865505703, 0.000000000000000000 ) ) ;
#2938 = CARTESIAN_POINT ( 'NONE',  ( -5.999999999999993783, 6.750000000000000000, 0.8449999999999990852 ) ) ;
#2940 = EDGE_LOOP ( 'NONE', ( #81, #1371, #2433, #2205 ) ) ;
#2939 = CARTESIAN_POINT ( 'NONE',  ( 6.770000000000004903, 6.999999999999989342, 2.074999999999999734 ) ) ;
#2941 = ADVANCED_FACE ( 'NONE', ( #801 ), #759, .T. ) ;
#2942 = CARTESIAN_POINT ( 'NONE',  ( 3.520000000000006679, 6.550000000000000711, 0.2049999999999990163 ) ) ;
#2943 = EDGE_CURVE ( 'NONE', #1891, #1237, #146, .T. ) ;
#2944 = ORIENTED_EDGE ( 'NONE', *, *, #3574, .T. ) ;
#2945 = CARTESIAN_POINT ( 'NONE',  ( -5.999999999999993783, 0.000000000000000000, 0.2049999999999990163 ) ) ;
#2946 = CARTESIAN_POINT ( 'NONE',  ( -4.099999999999994316, 0.8000000000000000444, 0.2049999999999990163 ) ) ;
#2947 = CARTESIAN_POINT ( 'NONE',  ( -7.969999999999994422, 0.8000000000000003775, -2.875000000000000888 ) ) ;
#2948 = ADVANCED_FACE ( 'NONE', ( #2252 ), #3460, .F. ) ;
#2949 = CARTESIAN_POINT ( 'NONE',  ( 0.000000000000000000, -3.450000000000000178, 0.000000000000000000 ) ) ;
#2950 = DIRECTION ( 'NONE',  ( -0.7071067811865444641, -0.7071067811865505703, 0.000000000000000000 ) ) ;
#2951 = DIRECTION ( 'NONE',  ( 0.000000000000000000, -1.000000000000000000, 0.000000000000000000 ) ) ;
#2952 = ORIENTED_EDGE ( 'NONE', *, *, #2737, .T. ) ;
#2953 = DIRECTION ( 'NONE',  ( -0.000000000000000000, 0.000000000000000000, -1.000000000000000000 ) ) ;
#2954 = DIRECTION ( 'NONE',  ( -1.285016683100711593E-15, -1.000000000000000000, 0.000000000000000000 ) ) ;
#2955 = CARTESIAN_POINT ( 'NONE',  ( -3.874999999999994227, -3.665000000000000036, 0.4299999999999988276 ) ) ;
#2957 = VERTEX_POINT ( 'NONE', #441 ) ;
#2956 = DIRECTION ( 'NONE',  ( 0.000000000000000000, 0.000000000000000000, 1.000000000000000000 ) ) ;
#2958 = CARTESIAN_POINT ( 'NONE',  ( -1.559999999999993614, 6.550000000000000711, 0.8449999999999990852 ) ) ;
#2959 = FACE_OUTER_BOUND ( 'NONE', #800, .T. ) ;
#2960 = LINE ( 'NONE', #3618, #10 ) ;
#2961 = CARTESIAN_POINT ( 'NONE',  ( 6.770000000000001350, 5.166308225495376938, 2.874999999999999112 ) ) ;
#2962 = ORIENTED_EDGE ( 'NONE', *, *, #1952, .F. ) ;
#2963 = CARTESIAN_POINT ( 'NONE',  ( -1.559999999999993614, 6.750000000000000000, 0.8449999999999990852 ) ) ;
#2964 = EDGE_CURVE ( 'NONE', #3237, #2813, #1648, .T. ) ;
#2965 = EDGE_CURVE ( 'NONE', #2399, #3715, #1925, .T. ) ;
#2966 = VECTOR ( 'NONE', #2187, 1000.000000000000000 ) ;
#2967 = VECTOR ( 'NONE', #3337, 1000.000000000000000 ) ;
#2968 = CARTESIAN_POINT ( 'NONE',  ( -8.769999999999994245, 5.133508391725029263, 1.946917228565423041 ) ) ;
#2969 = DIRECTION ( 'NONE',  ( -0.000000000000000000, 0.000000000000000000, 1.000000000000000000 ) ) ;
#2970 = ORIENTED_EDGE ( 'NONE', *, *, #1756, .F. ) ;
#2971 = VECTOR ( 'NONE', #1854, 1000.000000000000227 ) ;
#2972 = VECTOR ( 'NONE', #2163, 1000.000000000000000 ) ;
#2973 = ORIENTED_EDGE ( 'NONE', *, *, #3544, .T. ) ;
#2974 = CARTESIAN_POINT ( 'NONE',  ( 6.700000000000007283, -3.249999999999996891, 0.8449999999999990852 ) ) ;
#2975 = VECTOR ( 'NONE', #3901, 1000.000000000000000 ) ;
#2976 = VECTOR ( 'NONE', #1539, 1000.000000000000000 ) ;
#2977 = DIRECTION ( 'NONE',  ( 0.000000000000000000, 0.000000000000000000, 1.000000000000000000 ) ) ;
#2978 = DIRECTION ( 'NONE',  ( -1.000000000000000000, 0.000000000000000000, -0.000000000000000000 ) ) ;
#2979 = VECTOR ( 'NONE', #1597, 1000.000000000000000 ) ;
#2980 = DIRECTION ( 'NONE',  ( -1.000000000000000000, 0.000000000000000000, 0.000000000000000000 ) ) ;
#2982 = ORIENTED_EDGE ( 'NONE', *, *, #2165, .F. ) ;
#2981 = DIRECTION ( 'NONE',  ( 0.000000000000000000, -1.000000000000000000, 0.000000000000000000 ) ) ;
#2983 = VECTOR ( 'NONE', #3322, 1000.000000000000000 ) ;
#2984 = DIRECTION ( 'NONE',  ( 0.7071067811865455743, -0.7071067811865495711, 0.000000000000000000 ) ) ;
#2985 = ORIENTED_EDGE ( 'NONE', *, *, #3019, .F. ) ;
#2986 = CARTESIAN_POINT ( 'NONE',  ( 6.060000000000007603, 6.550000000000000711, 0.8449999999999990852 ) ) ;
#2987 = LINE ( 'NONE', #300, #3409 ) ;
#2988 = DIRECTION ( 'NONE',  ( -0.000000000000000000, -0.000000000000000000, 1.000000000000000000 ) ) ;
#2989 = ORIENTED_EDGE ( 'NONE', *, *, #745, .F. ) ;
#2990 = FACE_OUTER_BOUND ( 'NONE', #2488, .T. ) ;
#2991 = EDGE_CURVE ( 'NONE', #2530, #279, #1684, .T. ) ;
#2992 = DIRECTION ( 'NONE',  ( 0.7071067811865495711, 0.7071067811865455743, 0.000000000000000000 ) ) ;
#2993 = ADVANCED_FACE ( 'NONE', ( #726 ), #3190, .F. ) ;
#2994 = ORIENTED_EDGE ( 'NONE', *, *, #2233, .T. ) ;
#2995 = ORIENTED_EDGE ( 'NONE', *, *, #64, .F. ) ;
#2996 = CARTESIAN_POINT ( 'NONE',  ( 7.970000000000005080, 5.133508391725029263, 1.946917228565423041 ) ) ;
#2997 = CARTESIAN_POINT ( 'NONE',  ( 1.620000000000005880, 6.750000000000000000, 0.8449999999999990852 ) ) ;
#2998 = EDGE_CURVE ( 'NONE', #2080, #899, #180, .T. ) ;
#2999 = ORIENTED_EDGE ( 'NONE', *, *, #3425, .T. ) ;
#3000 = DIRECTION ( 'NONE',  ( -0.5773502691896245098, 0.5773502691896281735, 0.5773502691896245098 ) ) ;
#3001 = FACE_OUTER_BOUND ( 'NONE', #1245, .T. ) ;
#3003 = EDGE_LOOP ( 'NONE', ( #3763, #1931, #2970, #287 ) ) ;
#3002 = CARTESIAN_POINT ( 'NONE',  ( -8.769999999999994245, 7.000000000000000000, 2.074999999999999289 ) ) ;
#3004 = DIRECTION ( 'NONE',  ( 0.000000000000000000, -1.000000000000000000, 0.000000000000000000 ) ) ;
#3005 = ORIENTED_EDGE ( 'NONE', *, *, #3335, .T. ) ;
#3006 = CARTESIAN_POINT ( 'NONE',  ( 0.000000000000000000, -3.450000000000000178, 0.6449999999999967981 ) ) ;
#3007 = CARTESIAN_POINT ( 'NONE',  ( -6.769999999999995133, 7.000000000000000000, 2.874999999999999112 ) ) ;
#3009 = ORIENTED_EDGE ( 'NONE', *, *, #387, .F. ) ;
#3008 = CARTESIAN_POINT ( 'NONE',  ( 6.500000000000006217, 6.750000000000000000, 0.6449999999999985745 ) ) ;
#3010 = ORIENTED_EDGE ( 'NONE', *, *, #387, .T. ) ;
#3011 = DIRECTION ( 'NONE',  ( 1.000000000000000000, 0.000000000000000000, 0.000000000000000000 ) ) ;
#3012 = VERTEX_POINT ( 'NONE', #2594 ) ;
#3013 = VERTEX_POINT ( 'NONE', #1098 ) ;
#3014 = ADVANCED_FACE ( 'NONE', ( #1705 ), #1117, .F. ) ;
#3015 = CARTESIAN_POINT ( 'NONE',  ( 7.970000000000005080, 7.000000000000000000, 2.074999999999998845 ) ) ;
#3016 = CARTESIAN_POINT ( 'NONE',  ( -4.099999999999994316, 6.550000000000000711, 0.2049999999999990163 ) ) ;
#3017 = ORIENTED_EDGE ( 'NONE', *, *, #1905, .F. ) ;
#3018 = FACE_OUTER_BOUND ( 'NONE', #415, .T. ) ;
#3019 = EDGE_CURVE ( 'NONE', #1387, #1508, #3739, .T. ) ;
#3020 = EDGE_CURVE ( 'NONE', #3893, #2275, #2236, .T. ) ;
#3021 = CARTESIAN_POINT ( 'NONE',  ( -4.099999999999994316, 6.550000000000000711, 0.8449999999999990852 ) ) ;
#3023 = ORIENTED_EDGE ( 'NONE', *, *, #722, .F. ) ;
#3022 = DIRECTION ( 'NONE',  ( 1.000000000000000000, 0.000000000000000000, 0.000000000000000000 ) ) ;
#3024 = DIRECTION ( 'NONE',  ( 0.000000000000000000, -1.000000000000000000, 0.000000000000000000 ) ) ;
#3025 = DIRECTION ( 'NONE',  ( 0.000000000000000000, -0.000000000000000000, 1.000000000000000000 ) ) ;
#3026 = CARTESIAN_POINT ( 'NONE',  ( 4.160000000000006359, 0.8000000000000003775, 0.2049999999999990163 ) ) ;
#3028 = ORIENTED_EDGE ( 'NONE', *, *, #3376, .F. ) ;
#3027 = LINE ( 'NONE', #1211, #2280 ) ;
#3029 = EDGE_LOOP ( 'NONE', ( #3401, #2756, #365, #2348 ) ) ;
#3030 = PLANE ( 'NONE',  #2658 ) ;
#3031 = VERTEX_POINT ( 'NONE', #1433 ) ;
#3032 = AXIS2_PLACEMENT_3D ( 'NONE', #979, #1331, #1351 ) ;
#3033 = ORIENTED_EDGE ( 'NONE', *, *, #1828, .T. ) ;
#3034 = VECTOR ( 'NONE', #3786, 1000.000000000000000 ) ;
#3035 = DIRECTION ( 'NONE',  ( 1.000000000000000000, 0.000000000000000000, 0.000000000000000000 ) ) ;
#3036 = AXIS2_PLACEMENT_3D ( 'NONE', #619, #2049, #889 ) ;
#3037 = EDGE_LOOP ( 'NONE', ( #110, #663, #3878, #3900 ) ) ;
#3038 = DIRECTION ( 'NONE',  ( -0.000000000000000000, 1.000000000000000000, 0.000000000000000000 ) ) ;
#3039 = AXIS2_PLACEMENT_3D ( 'NONE', #1770, #1230, #2083 ) ;
#3040 = LINE ( 'NONE', #1884, #264 ) ;
#3041 = VECTOR ( 'NONE', #1975, 1000.000000000000000 ) ;
#3042 = CARTESIAN_POINT ( 'NONE',  ( -3.459999999999993747, 0.8000000000000003775, 0.2049999999999990163 ) ) ;
#3043 = LINE ( 'NONE', #1774, #892 ) ;
#3044 = FACE_OUTER_BOUND ( 'NONE', #1606, .T. ) ;
#3045 = EDGE_CURVE ( 'NONE', #1134, #1732, #288, .T. ) ;
#3046 = AXIS2_PLACEMENT_3D ( 'NONE', #1469, #1192, #2391 ) ;
#3047 = EDGE_CURVE ( 'NONE', #818, #3012, #271, .T. ) ;
#3049 = ORIENTED_EDGE ( 'NONE', *, *, #1501, .T. ) ;
#3048 = CARTESIAN_POINT ( 'NONE',  ( 3.520000000000006679, 6.550000000000000711, 0.8449999999999990852 ) ) ;
#3050 = VECTOR ( 'NONE', #1812, 1000.000000000000114 ) ;
#3051 = ORIENTED_EDGE ( 'NONE', *, *, #2654, .T. ) ;
#3052 = CARTESIAN_POINT ( 'NONE',  ( -1.359999999999991438, -3.450000000000000178, 0.6449999999999967981 ) ) ;
#3053 = AXIS2_PLACEMENT_3D ( 'NONE', #2026, #2922, #151 ) ;
#3054 = ORIENTED_EDGE ( 'NONE', *, *, #1450, .T. ) ;
#3055 = ORIENTED_EDGE ( 'NONE', *, *, #3804, .T. ) ;
#3056 = FACE_OUTER_BOUND ( 'NONE', #3616, .T. ) ;
#3057 = ORIENTED_EDGE ( 'NONE', *, *, #2480, .T. ) ;
#3058 = CARTESIAN_POINT ( 'NONE',  ( 8.770000000000004903, 0.000000000000000000, -2.875000000000000888 ) ) ;
#3059 = CARTESIAN_POINT ( 'NONE',  ( -0.9199999999999937117, 6.750000000000000000, 0.8449999999999990852 ) ) ;
#3060 = DIRECTION ( 'NONE',  ( 1.000000000000000000, -2.760352463845663710E-15, 0.000000000000000000 ) ) ;
#3061 = CARTESIAN_POINT ( 'NONE',  ( 6.500000000000005329, -3.450000000000000178, 0.6449999999999967981 ) ) ;
#3062 = EDGE_CURVE ( 'NONE', #1515, #1261, #3312, .T. ) ;
#3064 = ORIENTED_EDGE ( 'NONE', *, *, #2873, .F. ) ;
#3063 = DIRECTION ( 'NONE',  ( 0.000000000000000000, 0.000000000000000000, 1.000000000000000000 ) ) ;
#3065 = EDGE_CURVE ( 'NONE', #2301, #1367, #2678, .T. ) ;
#3066 = ORIENTED_EDGE ( 'NONE', *, *, #2570, .T. ) ;
#3067 = PLANE ( 'NONE',  #504 ) ;
#3068 = EDGE_LOOP ( 'NONE', ( #2413, #2135, #193, #416 ) ) ;
#3069 = EDGE_CURVE ( 'NONE', #3815, #3697, #243, .T. ) ;
#3070 = EDGE_LOOP ( 'NONE', ( #666, #2897, #1328, #2215 ) ) ;
#3071 = ORIENTED_EDGE ( 'NONE', *, *, #1260, .T. ) ;
#3072 = DIRECTION ( 'NONE',  ( 0.000000000000000000, -1.000000000000000000, 0.000000000000000000 ) ) ;
#3073 = EDGE_LOOP ( 'NONE', ( #1432, #2692, #463, #45 ) ) ;
#3074 = DIRECTION ( 'NONE',  ( 0.000000000000000000, -1.000000000000000000, 0.000000000000000000 ) ) ;
#3075 = LINE ( 'NONE', #1852, #263 ) ;
#3076 = DIRECTION ( 'NONE',  ( -0.000000000000000000, 0.000000000000000000, 1.000000000000000000 ) ) ;
#3077 = CARTESIAN_POINT ( 'NONE',  ( 0.000000000000000000, -3.450000000000000178, 0.4050000000000013034 ) ) ;
#3079 = VERTEX_POINT ( 'NONE', #1496 ) ;
#3078 = LINE ( 'NONE', #2838, #964 ) ;
#3080 = EDGE_LOOP ( 'NONE', ( #241, #641, #995, #3064 ) ) ;
#3081 = CARTESIAN_POINT ( 'NONE',  ( 0.9800000000000060885, -3.249999999999996891, 0.2049999999999990163 ) ) ;
#3082 = ORIENTED_EDGE ( 'NONE', *, *, #2504, .T. ) ;
#3083 = LINE ( 'NONE', #3693, #1960 ) ;
#3084 = VERTEX_POINT ( 'NONE', #2039 ) ;
#3085 = ADVANCED_FACE ( 'NONE', ( #2719 ), #3836, .F. ) ;
#3086 = ADVANCED_FACE ( 'NONE', ( #1727 ), #307, .T. ) ;
#3087 = ORIENTED_EDGE ( 'NONE', *, *, #362, .T. ) ;
#3088 = DIRECTION ( 'NONE',  ( 1.000000000000000000, 0.000000000000000000, 0.000000000000000000 ) ) ;
#3089 = ORIENTED_EDGE ( 'NONE', *, *, #3227, .F. ) ;
#3090 = VECTOR ( 'NONE', #244, 1000.000000000000000 ) ;
#3091 = CARTESIAN_POINT ( 'NONE',  ( -3.899999999999993694, 6.750000000000000000, 0.000000000000000000 ) ) ;
#3092 = VECTOR ( 'NONE', #2563, 1000.000000000000000 ) ;
#3093 = DIRECTION ( 'NONE',  ( -1.000000000000000000, 0.000000000000000000, -0.000000000000000000 ) ) ;
#3094 = CARTESIAN_POINT ( 'NONE',  ( 1.620000000000005880, 6.750000000000000000, 0.2049999999999990163 ) ) ;
#3095 = PLANE ( 'NONE',  #1956 ) ;
#3096 = VECTOR ( 'NONE', #318, 1000.000000000000000 ) ;
#3097 = VECTOR ( 'NONE', #1740, 1000.000000000000000 ) ;
#3099 = ORIENTED_EDGE ( 'NONE', *, *, #3204, .T. ) ;
#3098 = PLANE ( 'NONE',  #1027 ) ;
#3100 = VECTOR ( 'NONE', #1712, 1000.000000000000000 ) ;
#3101 = VECTOR ( 'NONE', #2660, 1000.000000000000000 ) ;
#3102 = VERTEX_POINT ( 'NONE', #1159 ) ;
#3103 = CARTESIAN_POINT ( 'NONE',  ( 0.000000000000000000, 0.8000000000000000444, 0.000000000000000000 ) ) ;
#3104 = ORIENTED_EDGE ( 'NONE', *, *, #427, .T. ) ;
#3105 = AXIS2_PLACEMENT_3D ( 'NONE', #1297, #3385, #1572 ) ;
#3106 = CARTESIAN_POINT ( 'NONE',  ( 6.060000000000007603, 6.750000000000000000, 0.2049999999999990163 ) ) ;
#3107 = VECTOR ( 'NONE', #3433, 1000.000000000000227 ) ;
#3108 = VERTEX_POINT ( 'NONE', #2396 ) ;
#3109 = VERTEX_POINT ( 'NONE', #2698 ) ;
#3110 = ADVANCED_FACE ( 'NONE', ( #542 ), #524, .F. ) ;
#3111 = EDGE_CURVE ( 'NONE', #2085, #1105, #13, .T. ) ;
#3112 = DIRECTION ( 'NONE',  ( -0.5773502691896273964, -0.5773502691896224004, 0.5773502691896273964 ) ) ;
#3113 = ORIENTED_EDGE ( 'NONE', *, *, #3329, .F. ) ;
#3114 = DIRECTION ( 'NONE',  ( 0.000000000000000000, 0.000000000000000000, -1.000000000000000000 ) ) ;
#3115 = EDGE_CURVE ( 'NONE', #402, #2639, #1477, .T. ) ;
#3116 = DIRECTION ( 'NONE',  ( -1.000000000000000000, 0.000000000000000000, 0.000000000000000000 ) ) ;
#3117 = FACE_OUTER_BOUND ( 'NONE', #3326, .T. ) ;
#3118 = DIRECTION ( 'NONE',  ( 0.000000000000000000, 0.000000000000000000, -1.000000000000000000 ) ) ;
#3120 = VERTEX_POINT ( 'NONE', #2996 ) ;
#3119 = DIRECTION ( 'NONE',  ( 0.000000000000000000, -1.000000000000000000, 0.000000000000000000 ) ) ;
#3121 = ORIENTED_EDGE ( 'NONE', *, *, #3376, .T. ) ;
#3122 = DIRECTION ( 'NONE',  ( 1.000000000000000000, -0.000000000000000000, -0.000000000000000000 ) ) ;
#3123 = ORIENTED_EDGE ( 'NONE', *, *, #1079, .T. ) ;
#3124 = LINE ( 'NONE', #1049, #712 ) ;
#3125 = EDGE_LOOP ( 'NONE', ( #1627, #780, #322, #3087 ) ) ;
#3126 = DIRECTION ( 'NONE',  ( 0.000000000000000000, 1.000000000000000000, 0.000000000000000000 ) ) ;
#3127 = ORIENTED_EDGE ( 'NONE', *, *, #1907, .T. ) ;
#3128 = EDGE_CURVE ( 'NONE', #3165, #3452, #2058, .T. ) ;
#3129 = CARTESIAN_POINT ( 'NONE',  ( 1.620000000000005880, 6.550000000000000711, 0.8449999999999990852 ) ) ;
#3130 = PLANE ( 'NONE',  #3607 ) ;
#3131 = DIRECTION ( 'NONE',  ( 0.000000000000000000, 0.000000000000000000, 1.000000000000000000 ) ) ;
#3132 = CARTESIAN_POINT ( 'NONE',  ( 0.000000000000000000, 0.8000000000000000444, 0.8449999999999990852 ) ) ;
#3133 = EDGE_CURVE ( 'NONE', #1018, #1989, #2634, .T. ) ;
#3134 = EDGE_CURVE ( 'NONE', #2957, #214, #879, .T. ) ;
#3136 = ORIENTED_EDGE ( 'NONE', *, *, #408, .F. ) ;
#3135 = LINE ( 'NONE', #414, #3167 ) ;
#3137 = ORIENTED_EDGE ( 'NONE', *, *, #3133, .T. ) ;
#3138 = LINE ( 'NONE', #693, #1271 ) ;
#3139 = ORIENTED_EDGE ( 'NONE', *, *, #1738, .F. ) ;
#3140 = EDGE_CURVE ( 'NONE', #541, #404, #2337, .T. ) ;
#3141 = LINE ( 'NONE', #1953, #201 ) ;
#3142 = ORIENTED_EDGE ( 'NONE', *, *, #1080, .F. ) ;
#3143 = FACE_OUTER_BOUND ( 'NONE', #1461, .T. ) ;
#3144 = ORIENTED_EDGE ( 'NONE', *, *, #2255, .F. ) ;
#3145 = CARTESIAN_POINT ( 'NONE',  ( -6.639999999999994351, 6.750000000000000000, 0.4049999999999978062 ) ) ;
#3146 = CARTESIAN_POINT ( 'NONE',  ( -8.769999999999994245, 5.133508391725029263, 1.946917228565423041 ) ) ;
#3147 = DIRECTION ( 'NONE',  ( 0.5773502691896245098, -0.5773502691896281735, 0.5773502691896245098 ) ) ;
#3148 = CARTESIAN_POINT ( 'NONE',  ( -8.769999999999994245, 0.8000000000000003775, -2.075000000000001066 ) ) ;
#3149 = VECTOR ( 'NONE', #717, 1000.000000000000000 ) ;
#3150 = LINE ( 'NONE', #2025, #1643 ) ;
#3151 = VECTOR ( 'NONE', #710, 1000.000000000000000 ) ;
#3153 = ORIENTED_EDGE ( 'NONE', *, *, #3154, .T. ) ;
#3152 = CARTESIAN_POINT ( 'NONE',  ( 6.770000000000004903, 6.728922615252661110, 2.074999999999999734 ) ) ;
#3154 = EDGE_CURVE ( 'NONE', #940, #3815, #2376, .T. ) ;
#3155 = EDGE_CURVE ( 'NONE', #2375, #1105, #589, .T. ) ;
#3156 = ORIENTED_EDGE ( 'NONE', *, *, #3045, .T. ) ;
#3157 = DIRECTION ( 'NONE',  ( 0.000000000000000000, -1.000000000000000000, 0.000000000000000000 ) ) ;
#3158 = LINE ( 'NONE', #2864, #1585 ) ;
#3159 = ORIENTED_EDGE ( 'NONE', *, *, #2503, .T. ) ;
#3160 = VECTOR ( 'NONE', #1338, 1000.000000000000000 ) ;
#3161 = DIRECTION ( 'NONE',  ( 0.000000000000000000, -0.000000000000000000, 1.000000000000000000 ) ) ;
#3162 = VECTOR ( 'NONE', #259, 1000.000000000000000 ) ;
#3163 = VECTOR ( 'NONE', #2179, 1000.000000000000227 ) ;
#3164 = EDGE_CURVE ( 'NONE', #3084, #2808, #609, .T. ) ;
#3165 = VERTEX_POINT ( 'NONE', #1624 ) ;
#3166 = VECTOR ( 'NONE', #913, 1000.000000000000114 ) ;
#3167 = VECTOR ( 'NONE', #2501, 1000.000000000000000 ) ;
#3168 = FACE_OUTER_BOUND ( 'NONE', #2231, .T. ) ;
#3169 = VERTEX_POINT ( 'NONE', #2793 ) ;
#3170 =( GEOMETRIC_REPRESENTATION_CONTEXT ( 3 ) GLOBAL_UNCERTAINTY_ASSIGNED_CONTEXT ( ( #1855 ) ) GLOBAL_UNIT_ASSIGNED_CONTEXT ( ( #2404, #3631, #3612 ) ) REPRESENTATION_CONTEXT ( 'NONE', 'WORKASPACE' ) );
#3171 = CARTESIAN_POINT ( 'NONE',  ( 6.060000000000007603, 6.550000000000000711, 0.8449999999999990852 ) ) ;
#3172 = LINE ( 'NONE', #2834, #902 ) ;
#3173 = DIRECTION ( 'NONE',  ( 0.000000000000000000, 0.000000000000000000, -1.000000000000000000 ) ) ;
#3174 = DIRECTION ( 'NONE',  ( -0.000000000000000000, -0.000000000000000000, 1.000000000000000000 ) ) ;
#3176 = ORIENTED_EDGE ( 'NONE', *, *, #2011, .T. ) ;
#3175 = DIRECTION ( 'NONE',  ( 0.000000000000000000, 0.000000000000000000, -1.000000000000000000 ) ) ;
#3177 = ORIENTED_EDGE ( 'NONE', *, *, #1474, .F. ) ;
#3178 = LINE ( 'NONE', #2580, #506 ) ;
#3179 = CARTESIAN_POINT ( 'NONE',  ( -0.000000000000000000, 6.750000000000000000, 0.4049999999999995270 ) ) ;
#3180 = EDGE_LOOP ( 'NONE', ( #1672, #2249, #3580, #3317 ) ) ;
#3181 = EDGE_CURVE ( 'NONE', #3594, #3551, #3083, .T. ) ;
#3182 = EDGE_CURVE ( 'NONE', #1223, #1276, #3124, .T. ) ;
#3183 = CARTESIAN_POINT ( 'NONE',  ( 0.000000000000000000, 0.8000000000000000444, 0.2049999999999990163 ) ) ;
#3184 = DIRECTION ( 'NONE',  ( 1.000000000000000000, 0.000000000000000000, 0.000000000000000000 ) ) ;
#3185 = ORIENTED_EDGE ( 'NONE', *, *, #794, .F. ) ;
#3186 = APPLICATION_CONTEXT ( 'automotive_design' ) ;
#3187 = EDGE_CURVE ( 'NONE', #2707, #33, #2248, .T. ) ;
#3188 = CARTESIAN_POINT ( 'NONE',  ( 3.720000000000009077, -3.450000000000000178, 0.2049999999999990163 ) ) ;
#3189 = VERTEX_POINT ( 'NONE', #403 ) ;
#3190 = PLANE ( 'NONE',  #1086 ) ;
#3191 = DIRECTION ( 'NONE',  ( 0.000000000000000000, 0.000000000000000000, -1.000000000000000000 ) ) ;
#3192 = CARTESIAN_POINT ( 'NONE',  ( 1.620000000000005880, -3.249999999999996891, 0.8449999999999990852 ) ) ;
#3193 = DIRECTION ( 'NONE',  ( 0.000000000000000000, 1.000000000000000000, 0.000000000000000000 ) ) ;
#3195 = ORIENTED_EDGE ( 'NONE', *, *, #3736, .F. ) ;
#3194 = DIRECTION ( 'NONE',  ( -0.000000000000000000, 0.000000000000000000, 1.000000000000000000 ) ) ;
#3196 = ORIENTED_EDGE ( 'NONE', *, *, #3589, .T. ) ;
#3197 = DIRECTION ( 'NONE',  ( 0.5773502691896273964, -0.5773502691896224004, 0.5773502691896273964 ) ) ;
#3198 = LINE ( 'NONE', #2325, #3092 ) ;
#3199 = VERTEX_POINT ( 'NONE', #1584 ) ;
#3200 = DIRECTION ( 'NONE',  ( -1.000000000000000000, 0.000000000000000000, 0.000000000000000000 ) ) ;
#3201 = LINE ( 'NONE', #796, #1645 ) ;
#3202 = ADVANCED_FACE ( 'NONE', ( #736 ), #680, .T. ) ;
#3203 = CARTESIAN_POINT ( 'NONE',  ( -0.000000000000000000, 6.750000000000000000, 0.4049999999999995270 ) ) ;
#3204 = EDGE_CURVE ( 'NONE', #2048, #1989, #2173, .T. ) ;
#3205 = VERTEX_POINT ( 'NONE', #116 ) ;
#3206 = CARTESIAN_POINT ( 'NONE',  ( -0.9199999999999937117, 6.750000000000000000, 0.2049999999999990163 ) ) ;
#3207 = CARTESIAN_POINT ( 'NONE',  ( -8.769999999999994245, 5.133508391725029263, 1.193012820497851401 ) ) ;
#3208 = EDGE_CURVE ( 'NONE', #2100, #1276, #1309, .T. ) ;
#3209 = CARTESIAN_POINT ( 'NONE',  ( -1.559999999999993614, -3.450000000000000178, 0.6449999999999967981 ) ) ;
#3210 = DIRECTION ( 'NONE',  ( 0.000000000000000000, -0.000000000000000000, 1.000000000000000000 ) ) ;
#3212 = VERTEX_POINT ( 'NONE', #1292 ) ;
#3211 = CARTESIAN_POINT ( 'NONE',  ( 0.000000000000000000, 0.000000000000000000, 0.2049999999999990163 ) ) ;
#3213 = DIRECTION ( 'NONE',  ( 1.000000000000000000, 0.000000000000000000, 0.000000000000000000 ) ) ;
#3214 = EDGE_LOOP ( 'NONE', ( #2608, #2889, #1922, #2432 ) ) ;
#3215 = LINE ( 'NONE', #1674, #573 ) ;
#3216 = FACE_OUTER_BOUND ( 'NONE', #597, .T. ) ;
#3217 = ORIENTED_EDGE ( 'NONE', *, *, #872, .T. ) ;
#3218 = LINE ( 'NONE', #3533, #3795 ) ;
#3219 = VECTOR ( 'NONE', #3771, 1000.000000000000000 ) ;
#3220 = VECTOR ( 'NONE', #1186, 1000.000000000000000 ) ;
#3221 = DIRECTION ( 'NONE',  ( -1.000000000000000000, 0.000000000000000000, -0.000000000000000000 ) ) ;
#3222 = AXIS2_PLACEMENT_3D ( 'NONE', #1100, #149, #3173 ) ;
#3223 = VECTOR ( 'NONE', #930, 1000.000000000000000 ) ;
#3224 = DIRECTION ( 'NONE',  ( 0.000000000000000000, 0.000000000000000000, -1.000000000000000000 ) ) ;
#3225 = LINE ( 'NONE', #240, #704 ) ;
#3226 = VERTEX_POINT ( 'NONE', #992 ) ;
#3227 = EDGE_CURVE ( 'NONE', #3084, #2283, #435, .T. ) ;
#3228 = VECTOR ( 'NONE', #2017, 1000.000000000000227 ) ;
#3229 = ADVANCED_FACE ( 'NONE', ( #2492 ), #419, .F. ) ;
#3230 = DIRECTION ( 'NONE',  ( -1.000000000000000000, 0.000000000000000000, 0.000000000000000000 ) ) ;
#3231 = LINE ( 'NONE', #3837, #2903 ) ;
#3232 = CARTESIAN_POINT ( 'NONE',  ( -4.099999999999994316, 6.550000000000000711, 0.2049999999999990163 ) ) ;
#3233 = VECTOR ( 'NONE', #747, 1000.000000000000000 ) ;
#3234 = EDGE_CURVE ( 'NONE', #383, #1726, #2527, .T. ) ;
#3235 = DIRECTION ( 'NONE',  ( 0.5773502691896245098, -0.5773502691896281735, 0.5773502691896245098 ) ) ;
#3237 = VERTEX_POINT ( 'NONE', #140 ) ;
#3236 = LINE ( 'NONE', #2258, #1652 ) ;
#3238 = CARTESIAN_POINT ( 'NONE',  ( 1.406666666666671617, 6.763333333333333641, 0.6316666666666644891 ) ) ;
#3239 = ORIENTED_EDGE ( 'NONE', *, *, #1420, .F. ) ;
#3240 = DIRECTION ( 'NONE',  ( -1.000000000000000000, 0.000000000000000000, -0.000000000000000000 ) ) ;
#3241 = CARTESIAN_POINT ( 'NONE',  ( 0.000000000000000000, -3.450000000000000178, 0.000000000000000000 ) ) ;
#3242 = DIRECTION ( 'NONE',  ( 0.000000000000000000, -1.000000000000000000, 0.000000000000000000 ) ) ;
#3243 = CARTESIAN_POINT ( 'NONE',  ( 0.000000000000000000, 0.000000000000000000, 0.2049999999999990163 ) ) ;
#3244 = DIRECTION ( 'NONE',  ( 0.000000000000000000, 0.000000000000000000, -1.000000000000000000 ) ) ;
#3245 = DIRECTION ( 'NONE',  ( -1.000000000000000000, 0.000000000000000000, 0.000000000000000000 ) ) ;
#3246 = ORIENTED_EDGE ( 'NONE', *, *, #2680, .T. ) ;
#3247 = DIRECTION ( 'NONE',  ( -0.7071067811865455743, 0.7071067811865495711, -0.000000000000000000 ) ) ;
#3248 = LINE ( 'NONE', #543, #1902 ) ;
#3249 = LINE ( 'NONE', #2425, #14 ) ;
#3250 = CARTESIAN_POINT ( 'NONE',  ( 3.960000000000004405, -3.450000000000000178, 0.4050000000000013034 ) ) ;
#3252 = ORIENTED_EDGE ( 'NONE', *, *, #1422, .F. ) ;
#3251 = LINE ( 'NONE', #3269, #912 ) ;
#3253 = CARTESIAN_POINT ( 'NONE',  ( -6.199999999999993072, 6.750000000000000000, 0.2049999999999990163 ) ) ;
#3254 = EDGE_LOOP ( 'NONE', ( #1352, #1033, #2383, #1419 ) ) ;
#3255 = LINE ( 'NONE', #598, #1142 ) ;
#3256 = DIRECTION ( 'NONE',  ( -1.000000000000000000, 0.000000000000000000, -0.000000000000000000 ) ) ;
#3257 = EDGE_CURVE ( 'NONE', #2808, #2543, #3710, .T. ) ;
#3258 = ADVANCED_FACE ( 'NONE', ( #2812 ), #753, .T. ) ;
#3259 = LINE ( 'NONE', #2947, #141 ) ;
#3260 = DIRECTION ( 'NONE',  ( -1.000000000000000000, -0.000000000000000000, 0.000000000000000000 ) ) ;
#3261 = CARTESIAN_POINT ( 'NONE',  ( -7.969999999999994422, 5.133508391725029263, 1.193012820497851401 ) ) ;
#3262 = CARTESIAN_POINT ( 'NONE',  ( 3.520000000000006679, 0.8000000000000000444, 0.2049999999999990163 ) ) ;
#3263 = VERTEX_POINT ( 'NONE', #1009 ) ;
#3264 = EDGE_LOOP ( 'NONE', ( #2057, #1786, #267, #102 ) ) ;
#3265 = CARTESIAN_POINT ( 'NONE',  ( 3.520000000000006679, 6.550000000000000711, 0.8449999999999990852 ) ) ;
#3266 = CARTESIAN_POINT ( 'NONE',  ( 1.620000000000005880, -3.249999999999996891, 0.8449999999999990852 ) ) ;
#3267 = DIRECTION ( 'NONE',  ( 0.000000000000000000, -1.000000000000000000, 0.000000000000000000 ) ) ;
#3268 = CARTESIAN_POINT ( 'NONE',  ( 1.620000000000005880, 6.550000000000000711, 0.8449999999999990852 ) ) ;
#3270 = VERTEX_POINT ( 'NONE', #2208 ) ;
#3269 = CARTESIAN_POINT ( 'NONE',  ( 6.617135548828095182, 6.576058164080752277, 2.074999999999999734 ) ) ;
#3271 = CARTESIAN_POINT ( 'NONE',  ( 0.000000000000000000, 6.750000000000000000, 0.6449999999999985745 ) ) ;
#3272 = LINE ( 'NONE', #2986, #2586 ) ;
#3273 = CARTESIAN_POINT ( 'NONE',  ( -3.459999999999993747, -3.450000000000000178, 0.4050000000000013034 ) ) ;
#3274 = ADVANCED_FACE ( 'NONE', ( #3419 ), #720, .T. ) ;
#3275 = LINE ( 'NONE', #3891, #3733 ) ;
#3276 = EDGE_CURVE ( 'NONE', #2375, #818, #3141, .T. ) ;
#3277 = ORIENTED_EDGE ( 'NONE', *, *, #586, .T. ) ;
#3278 = DIRECTION ( 'NONE',  ( -0.000000000000000000, 0.000000000000000000, 1.000000000000000000 ) ) ;
#3279 = VECTOR ( 'NONE', #2362, 1000.000000000000000 ) ;
#3280 = VECTOR ( 'NONE', #80, 1000.000000000000000 ) ;
#3281 = EDGE_CURVE ( 'NONE', #1732, #1822, #1662, .T. ) ;
#3282 = AXIS2_PLACEMENT_3D ( 'NONE', #2562, #191, #3240 ) ;
#3283 = CARTESIAN_POINT ( 'NONE',  ( -4.099999999999994316, 6.750000000000000000, 0.8449999999999990852 ) ) ;
#3284 = ORIENTED_EDGE ( 'NONE', *, *, #65, .T. ) ;
#3285 = VECTOR ( 'NONE', #890, 1000.000000000000000 ) ;
#3286 = ORIENTED_EDGE ( 'NONE', *, *, #3644, .T. ) ;
#3287 = DIRECTION ( 'NONE',  ( 0.000000000000000000, 0.000000000000000000, -1.000000000000000000 ) ) ;
#3288 = STYLED_ITEM ( 'NONE', ( #1516 ), #2353 ) ;
#3289 = VECTOR ( 'NONE', #821, 1000.000000000000000 ) ;
#3290 = CARTESIAN_POINT ( 'NONE',  ( -6.769999999999995133, 5.166308225495386708, 2.074999999999999734 ) ) ;
#3291 = VERTEX_POINT ( 'NONE', #2474 ) ;
#3292 = CARTESIAN_POINT ( 'NONE',  ( 0.9800000000000060885, -3.249999999999996891, 0.2049999999999990163 ) ) ;
#3293 = VECTOR ( 'NONE', #2103, 1000.000000000000000 ) ;
#3294 = LINE ( 'NONE', #2704, #1330 ) ;
#3296 = ORIENTED_EDGE ( 'NONE', *, *, #2887, .T. ) ;
#3295 = FACE_OUTER_BOUND ( 'NONE', #3070, .T. ) ;
#3297 = VECTOR ( 'NONE', #3768, 1000.000000000000000 ) ;
#3298 = CARTESIAN_POINT ( 'NONE',  ( 0.000000000000000000, 0.8000000000000000444, 0.2049999999999990163 ) ) ;
#3299 = ORIENTED_EDGE ( 'NONE', *, *, #1500, .F. ) ;
#3300 = CARTESIAN_POINT ( 'NONE',  ( -6.439999999999995062, -3.450000000000000178, 0.000000000000000000 ) ) ;
#3301 = DIRECTION ( 'NONE',  ( 1.000000000000000000, 0.000000000000000000, 0.000000000000000000 ) ) ;
#3303 = EDGE_LOOP ( 'NONE', ( #2395, #3689, #3340, #3645 ) ) ;
#3302 = CARTESIAN_POINT ( 'NONE',  ( 1.180000000000006599, 6.750000000000000000, 0.6449999999999985745 ) ) ;
#3304 = ORIENTED_EDGE ( 'NONE', *, *, #2189, .F. ) ;
#3305 = CARTESIAN_POINT ( 'NONE',  ( 3.946666666666672096, 6.763333333333333641, 0.6316666666666644891 ) ) ;
#3306 = EDGE_CURVE ( 'NONE', #2283, #3657, #3676, .T. ) ;
#3307 = EDGE_CURVE ( 'NONE', #3109, #2211, #2008, .T. ) ;
#3308 = ORIENTED_EDGE ( 'NONE', *, *, #237, .F. ) ;
#3309 = ADVANCED_FACE ( 'NONE', ( #3847 ), #2884, .T. ) ;
#3310 = EDGE_CURVE ( 'NONE', #547, #2744, #3218, .T. ) ;
#3311 = ORIENTED_EDGE ( 'NONE', *, *, #3208, .T. ) ;
#3312 = LINE ( 'NONE', #3015, #396 ) ;
#3313 = DIRECTION ( 'NONE',  ( 0.000000000000000000, -0.000000000000000000, 1.000000000000000000 ) ) ;
#3314 = ORIENTED_EDGE ( 'NONE', *, *, #2526, .T. ) ;
#3315 = CARTESIAN_POINT ( 'NONE',  ( -6.617135548828085412, 6.576058164080762047, 2.074999999999999734 ) ) ;
#3317 = ORIENTED_EDGE ( 'NONE', *, *, #3757, .F. ) ;
#3316 = DIRECTION ( 'NONE',  ( -0.000000000000000000, 0.000000000000000000, 1.000000000000000000 ) ) ;
#3318 = CARTESIAN_POINT ( 'NONE',  ( -8.769999999999994245, 5.133508391725029263, 1.946917228565423263 ) ) ;
#3319 = VERTEX_POINT ( 'NONE', #2961 ) ;
#3320 = PLANE ( 'NONE',  #1455 ) ;
#3321 = CARTESIAN_POINT ( 'NONE',  ( 0.000000000000000000, 6.750000000000000000, 0.6449999999999985745 ) ) ;
#3323 = VERTEX_POINT ( 'NONE', #2904 ) ;
#3322 = DIRECTION ( 'NONE',  ( 0.000000000000000000, -1.000000000000000000, 0.000000000000000000 ) ) ;
#3324 = ORIENTED_EDGE ( 'NONE', *, *, #1593, .F. ) ;
#3325 = DIRECTION ( 'NONE',  ( 1.000000000000000000, 0.000000000000000000, -0.000000000000000000 ) ) ;
#3326 = EDGE_LOOP ( 'NONE', ( #1492, #2697, #1595, #3139 ) ) ;
#3327 = EDGE_LOOP ( 'NONE', ( #3341, #1968, #789, #2476 ) ) ;
#3328 = ADVANCED_FACE ( 'NONE', ( #516 ), #795, .T. ) ;
#3329 = EDGE_CURVE ( 'NONE', #2002, #1044, #2627, .T. ) ;
#3330 = CARTESIAN_POINT ( 'NONE',  ( -6.199999999999993072, 6.750000000000000000, 0.6450000000000002398 ) ) ;
#3331 = VERTEX_POINT ( 'NONE', #1677 ) ;
#3332 = CARTESIAN_POINT ( 'NONE',  ( -1.359999999999991438, -3.450000000000000178, 0.2049999999999990163 ) ) ;
#3333 = DIRECTION ( 'NONE',  ( 0.7071067811865444641, -0.7071067811865505703, 0.000000000000000000 ) ) ;
#3334 = DIRECTION ( 'NONE',  ( 1.000000000000000000, 0.000000000000000000, 0.000000000000000000 ) ) ;
#3335 = EDGE_CURVE ( 'NONE', #134, #1198, #3259, .T. ) ;
#3336 = DIRECTION ( 'NONE',  ( -1.285016683100711593E-15, -1.000000000000000000, 0.000000000000000000 ) ) ;
#3337 = DIRECTION ( 'NONE',  ( 0.000000000000000000, 0.000000000000000000, -1.000000000000000000 ) ) ;
#3338 = LINE ( 'NONE', #2731, #1897 ) ;
#3340 = ORIENTED_EDGE ( 'NONE', *, *, #1552, .F. ) ;
#3339 = LINE ( 'NONE', #2113, #1154 ) ;
#3341 = ORIENTED_EDGE ( 'NONE', *, *, #1206, .T. ) ;
#3342 = DIRECTION ( 'NONE',  ( -0.000000000000000000, 0.000000000000000000, 1.000000000000000000 ) ) ;
#3343 = ORIENTED_EDGE ( 'NONE', *, *, #658, .F. ) ;
#3344 = VECTOR ( 'NONE', #815, 1000.000000000000000 ) ;
#3345 = ORIENTED_EDGE ( 'NONE', *, *, #1080, .T. ) ;
#3346 = VECTOR ( 'NONE', #2199, 1000.000000000000000 ) ;
#3347 = DIRECTION ( 'NONE',  ( 1.000000000000000000, -0.000000000000000000, 0.000000000000000000 ) ) ;
#3348 = EDGE_LOOP ( 'NONE', ( #3726, #3678, #2633, #691 ) ) ;
#3349 = EDGE_CURVE ( 'NONE', #1279, #3263, #2052, .T. ) ;
#3350 = EDGE_CURVE ( 'NONE', #3384, #1061, #1151, .T. ) ;
#3351 = VECTOR ( 'NONE', #2319, 1000.000000000000114 ) ;
#3352 = CARTESIAN_POINT ( 'NONE',  ( -1.119999999999996110, -3.450000000000000178, 0.6449999999999967981 ) ) ;
#3353 = PLANE ( 'NONE',  #1958 ) ;
#3354 = LINE ( 'NONE', #655, #2972 ) ;
#3355 = CARTESIAN_POINT ( 'NONE',  ( -7.969999999999994422, 7.000000000000000000, -2.875000000000000888 ) ) ;
#3356 = VECTOR ( 'NONE', #1513, 1000.000000000000000 ) ;
#3357 = EDGE_CURVE ( 'NONE', #2169, #3637, #174, .T. ) ;
#3359 = ORIENTED_EDGE ( 'NONE', *, *, #47, .F. ) ;
#3358 = CARTESIAN_POINT ( 'NONE',  ( -1.559999999999993614, -3.249999999999996891, 0.8449999999999990852 ) ) ;
#3360 = VECTOR ( 'NONE', #3200, 1000.000000000000000 ) ;
#3361 = VERTEX_POINT ( 'NONE', #3790 ) ;
#3362 = DIRECTION ( 'NONE',  ( 1.000000000000000000, 0.000000000000000000, 0.000000000000000000 ) ) ;
#3363 = VERTEX_POINT ( 'NONE', #1739 ) ;
#3364 = AXIS2_PLACEMENT_3D ( 'NONE', #3802, #3194, #3525 ) ;
#3365 = ORIENTED_EDGE ( 'NONE', *, *, #1533, .F. ) ;
#3366 = ORIENTED_EDGE ( 'NONE', *, *, #3685, .F. ) ;
#3367 = DIRECTION ( 'NONE',  ( 0.000000000000000000, 0.000000000000000000, -1.000000000000000000 ) ) ;
#3368 = ORIENTED_EDGE ( 'NONE', *, *, #3181, .F. ) ;
#3369 = LINE ( 'NONE', #3717, #2533 ) ;
#3370 = DIRECTION ( 'NONE',  ( -0.7071067811865475727, 0.7071067811865475727, 0.000000000000000000 ) ) ;
#3371 = CARTESIAN_POINT ( 'NONE',  ( 2.640000000000008562, -4.770000000000004903, 1.724999999999997202 ) ) ;
#3372 = CARTESIAN_POINT ( 'NONE',  ( -6.769999999999995133, 6.423193712908852326, 2.074999999999999734 ) ) ;
#3374 = ORIENTED_EDGE ( 'NONE', *, *, #3276, .T. ) ;
#3373 = CARTESIAN_POINT ( 'NONE',  ( 3.960000000000006182, 6.750000000000000000, 0.6449999999999985745 ) ) ;
#3375 = EDGE_CURVE ( 'NONE', #1044, #3323, #3557, .T. ) ;
#3376 = EDGE_CURVE ( 'NONE', #1157, #881, #2418, .T. ) ;
#3377 = VERTEX_POINT ( 'NONE', #812 ) ;
#3378 = DIRECTION ( 'NONE',  ( -1.000000000000000000, 0.000000000000000000, 0.000000000000000000 ) ) ;
#3379 = EDGE_LOOP ( 'NONE', ( #3688, #559, #461, #1195 ) ) ;
#3380 = DIRECTION ( 'NONE',  ( 0.000000000000000000, 0.000000000000000000, 1.000000000000000000 ) ) ;
#3381 = ORIENTED_EDGE ( 'NONE', *, *, #2646, .F. ) ;
#3382 = EDGE_LOOP ( 'NONE', ( #2520, #716, #351, #3621 ) ) ;
#3383 = CARTESIAN_POINT ( 'NONE',  ( -5.903768110025848337, 7.000000000000000000, 2.074999999999999289 ) ) ;
#3384 = VERTEX_POINT ( 'NONE', #196 ) ;
#3385 = DIRECTION ( 'NONE',  ( -0.000000000000000000, -0.7071067811865452413, -0.7071067811865497932 ) ) ;
#3386 = CARTESIAN_POINT ( 'NONE',  ( -4.099999999999994316, 6.750000000000000000, 0.2049999999999990163 ) ) ;
#3387 = CARTESIAN_POINT ( 'NONE',  ( -1.119999999999996110, -3.450000000000000178, 0.8449999999999990852 ) ) ;
#3388 = DIRECTION ( 'NONE',  ( -0.000000000000000000, 1.000000000000000000, 0.000000000000000000 ) ) ;
#3390 = ORIENTED_EDGE ( 'NONE', *, *, #1495, .T. ) ;
#3389 = LINE ( 'NONE', #1318, #2666 ) ;
#3391 = EDGE_LOOP ( 'NONE', ( #2467, #910, #1288, #625 ) ) ;
#3392 = DIRECTION ( 'NONE',  ( 0.000000000000000000, -0.000000000000000000, 1.000000000000000000 ) ) ;
#3393 = ORIENTED_EDGE ( 'NONE', *, *, #2330, .F. ) ;
#3394 = EDGE_CURVE ( 'NONE', #2046, #618, #2930, .T. ) ;
#3395 = ADVANCED_FACE ( 'NONE', ( #2034 ), #1410, .T. ) ;
#3396 = DIRECTION ( 'NONE',  ( -0.000000000000000000, -0.7071067811865505703, -0.7071067811865444641 ) ) ;
#3397 = ORIENTED_EDGE ( 'NONE', *, *, #2117, .F. ) ;
#3398 = EDGE_CURVE ( 'NONE', #3657, #888, #1427, .T. ) ;
#3399 = ORIENTED_EDGE ( 'NONE', *, *, #3257, .F. ) ;
#3400 = CARTESIAN_POINT ( 'NONE',  ( -1.359999999999993214, 6.750000000000000000, 0.4049999999999995270 ) ) ;
#3401 = ORIENTED_EDGE ( 'NONE', *, *, #1598, .T. ) ;
#3402 = VECTOR ( 'NONE', #1849, 1000.000000000000000 ) ;
#3403 = FACE_OUTER_BOUND ( 'NONE', #749, .T. ) ;
#3404 = VECTOR ( 'NONE', #1439, 1000.000000000000000 ) ;
#3405 = AXIS2_PLACEMENT_3D ( 'NONE', #1088, #233, #3844 ) ;
#3406 = DIRECTION ( 'NONE',  ( 0.000000000000000000, 0.000000000000000000, 1.000000000000000000 ) ) ;
#3407 = LINE ( 'NONE', #1912, #1332 ) ;
#3408 = PLANE ( 'NONE',  #1835 ) ;
#3409 = VECTOR ( 'NONE', #3907, 1000.000000000000000 ) ;
#3410 = AXIS2_PLACEMENT_3D ( 'NONE', #1761, #2314, #2969 ) ;
#3412 = ORIENTED_EDGE ( 'NONE', *, *, #1660, .F. ) ;
#3411 = CARTESIAN_POINT ( 'NONE',  ( -6.769999999999995133, 6.423193712908852326, -2.876000000000000778 ) ) ;
#3413 = COLOUR_RGB ( '',0.7921568627450980005, 0.8196078431372548767, 0.9333333333333333481 ) ;
#3414 = AXIS2_PLACEMENT_3D ( 'NONE', #1629, #3406, #1885 ) ;
#3415 = ORIENTED_EDGE ( 'NONE', *, *, #1876, .T. ) ;
#3416 = CARTESIAN_POINT ( 'NONE',  ( 0.9800000000000060885, 6.550000000000000711, 0.2049999999999990163 ) ) ;
#3417 = ORIENTED_EDGE ( 'NONE', *, *, #1568, .T. ) ;
#3418 = VECTOR ( 'NONE', #1038, 1000.000000000000000 ) ;
#3419 = FACE_OUTER_BOUND ( 'NONE', #1296, .T. ) ;
#3420 = EDGE_CURVE ( 'NONE', #1223, #3109, #1128, .T. ) ;
#3421 = VECTOR ( 'NONE', #2988, 1000.000000000000000 ) ;
#3422 = EDGE_CURVE ( 'NONE', #2260, #3361, #3497, .T. ) ;
#3423 = ORIENTED_EDGE ( 'NONE', *, *, #235, .F. ) ;
#3424 = AXIS2_PLACEMENT_3D ( 'NONE', #2320, #3467, #3175 ) ;
#3425 = EDGE_CURVE ( 'NONE', #1344, #1611, #1990, .T. ) ;
#3426 = LINE ( 'NONE', #2478, #1701 ) ;
#3427 = EDGE_CURVE ( 'NONE', #1157, #2677, #3872, .T. ) ;
#3428 = ORIENTED_EDGE ( 'NONE', *, *, #1711, .T. ) ;
#3429 = CARTESIAN_POINT ( 'NONE',  ( -6.617135548828085412, 6.576058164080762047, 2.874999999999999112 ) ) ;
#3430 = DIRECTION ( 'NONE',  ( 0.000000000000000000, -1.000000000000000000, 0.000000000000000000 ) ) ;
#3431 = DIRECTION ( 'NONE',  ( -0.7071067811865497932, -0.7071067811865452413, 0.000000000000000000 ) ) ;
#3432 = PLANE ( 'NONE',  #2464 ) ;
#3434 = VERTEX_POINT ( 'NONE', #3302 ) ;
#3433 = DIRECTION ( 'NONE',  ( -0.5773502691896245098, -0.5773502691896281735, 0.5773502691896245098 ) ) ;
#3435 = ORIENTED_EDGE ( 'NONE', *, *, #143, .T. ) ;
#3436 = CARTESIAN_POINT ( 'NONE',  ( 0.000000000000000000, 0.000000000000000000, 0.8449999999999990852 ) ) ;
#3437 = ORIENTED_EDGE ( 'NONE', *, *, #3307, .F. ) ;
#3438 = DIRECTION ( 'NONE',  ( 0.000000000000000000, 1.000000000000000000, 0.000000000000000000 ) ) ;
#3439 = EDGE_LOOP ( 'NONE', ( #1804, #3176, #473, #3501 ) ) ;
#3440 = LINE ( 'NONE', #437, #1388 ) ;
#3441 = VERTEX_POINT ( 'NONE', #2671 ) ;
#3442 = EDGE_CURVE ( 'NONE', #3551, #2260, #1488, .T. ) ;
#3443 = EDGE_CURVE ( 'NONE', #2507, #3205, #1235, .T. ) ;
#3444 = DIRECTION ( 'NONE',  ( 0.7071067811865474617, -0.7071067811865474617, 0.000000000000000000 ) ) ;
#3445 = DIRECTION ( 'NONE',  ( 0.000000000000000000, -1.000000000000000000, -0.000000000000000000 ) ) ;
#3446 = DIRECTION ( 'NONE',  ( 1.000000000000000000, -0.000000000000000000, 0.000000000000000000 ) ) ;
#3447 = CARTESIAN_POINT ( 'NONE',  ( 8.770000000000004903, 5.133508391725029263, 1.193012820497851401 ) ) ;
#3448 = EDGE_CURVE ( 'NONE', #33, #972, #1856, .T. ) ;
#3449 = DIRECTION ( 'NONE',  ( 0.000000000000000000, -0.000000000000000000, 1.000000000000000000 ) ) ;
#3451 = ORIENTED_EDGE ( 'NONE', *, *, #2509, .F. ) ;
#3450 = DIRECTION ( 'NONE',  ( 0.000000000000000000, 0.000000000000000000, 1.000000000000000000 ) ) ;
#3452 = VERTEX_POINT ( 'NONE', #3048 ) ;
#3453 = DIRECTION ( 'NONE',  ( 0.5773502691896245098, 0.5773502691896281735, 0.5773502691896245098 ) ) ;
#3454 = CARTESIAN_POINT ( 'NONE',  ( -5.999999999999993783, -3.250000000000000444, 0.8449999999999990852 ) ) ;
#3455 = EDGE_LOOP ( 'NONE', ( #2007, #3082, #3896, #1536 ) ) ;
#3456 = DIRECTION ( 'NONE',  ( 0.000000000000000000, -1.000000000000000000, 0.000000000000000000 ) ) ;
#3457 = ORIENTED_EDGE ( 'NONE', *, *, #817, .T. ) ;
#3458 = DIRECTION ( 'NONE',  ( -0.000000000000000000, -0.000000000000000000, 1.000000000000000000 ) ) ;
#3459 = ORIENTED_EDGE ( 'NONE', *, *, #64, .T. ) ;
#3460 = PLANE ( 'NONE',  #2792 ) ;
#3461 = CARTESIAN_POINT ( 'NONE',  ( 0.000000000000000000, -3.450000000000000178, 0.4050000000000013034 ) ) ;
#3462 = FACE_OUTER_BOUND ( 'NONE', #2030, .T. ) ;
#3463 = EDGE_CURVE ( 'NONE', #36, #2114, #3275, .T. ) ;
#3464 = EDGE_CURVE ( 'NONE', #3452, #3169, #2412, .T. ) ;
#3465 = VECTOR ( 'NONE', #3392, 1000.000000000000000 ) ;
#3466 = CARTESIAN_POINT ( 'NONE',  ( 0.9800000000000060885, 0.8000000000000000444, 0.8449999999999990852 ) ) ;
#3468 = EDGE_LOOP ( 'NONE', ( #2235, #3324, #3023, #1311 ) ) ;
#3467 = DIRECTION ( 'NONE',  ( 0.7071067811865497932, -0.7071067811865452413, 0.000000000000000000 ) ) ;
#3469 = VERTEX_POINT ( 'NONE', #282 ) ;
#3470 = CARTESIAN_POINT ( 'NONE',  ( 0.9466666666666713192, -3.923333333333336004, 0.8783333333333339654 ) ) ;
#3471 = CARTESIAN_POINT ( 'NONE',  ( -4.293333333333339219, -5.596666666666670231, -1.501666666666655825 ) ) ;
#3472 = VERTEX_POINT ( 'NONE', #1 ) ;
#3473 = VECTOR ( 'NONE', #472, 1000.000000000000000 ) ;
#3474 = EDGE_CURVE ( 'NONE', #3628, #1732, #3027, .T. ) ;
#3475 = VECTOR ( 'NONE', #1473, 1000.000000000000227 ) ;
#3476 = CARTESIAN_POINT ( 'NONE',  ( -0.9066666666666629570, -3.903333333333331989, 0.8583333333333298398 ) ) ;
#3477 =( GEOMETRIC_REPRESENTATION_CONTEXT ( 3 ) GLOBAL_UNCERTAINTY_ASSIGNED_CONTEXT ( ( #3702 ) ) GLOBAL_UNIT_ASSIGNED_CONTEXT ( ( #3838, #3863, #563 ) ) REPRESENTATION_CONTEXT ( 'NONE', 'WORKASPACE' ) );
#3478 = AXIS2_PLACEMENT_3D ( 'NONE', #2143, #3370, #2109 ) ;
#3479 = CARTESIAN_POINT ( 'NONE',  ( -1.559999999999993614, 0.000000000000000000, 0.000000000000000000 ) ) ;
#3480 = VERTEX_POINT ( 'NONE', #341 ) ;
#3481 = AXIS2_PLACEMENT_3D ( 'NONE', #2615, #205, #783 ) ;
#3482 = VECTOR ( 'NONE', #2691, 1000.000000000000114 ) ;
#3483 = CARTESIAN_POINT ( 'NONE',  ( 3.520000000000006679, 6.750000000000000000, 0.8449999999999990852 ) ) ;
#3484 = ORIENTED_EDGE ( 'NONE', *, *, #3155, .F. ) ;
#3485 = VECTOR ( 'NONE', #2084, 1000.000000000000000 ) ;
#3486 = DIRECTION ( 'NONE',  ( 0.000000000000000000, 0.000000000000000000, 1.000000000000000000 ) ) ;
#3487 = DIRECTION ( 'NONE',  ( -0.5773502691896245098, 0.5773502691896281735, 0.5773502691896245098 ) ) ;
#3488 = CARTESIAN_POINT ( 'NONE',  ( 1.406666666666671617, 6.763333333333333641, 0.4183333333333336124 ) ) ;
#3489 = CARTESIAN_POINT ( 'NONE',  ( -2.600000000000000533, -4.750000000000000888, 1.704999999999993188 ) ) ;
#3491 = VERTEX_POINT ( 'NONE', #3619 ) ;
#3490 = FACE_OUTER_BOUND ( 'NONE', #811, .T. ) ;
#3492 = ORIENTED_EDGE ( 'NONE', *, *, #362, .F. ) ;
#3493 = PLANE ( 'NONE',  #3282 ) ;
#3494 = CARTESIAN_POINT ( 'NONE',  ( -6.639999999999994351, 6.550000000000002487, 0.2049999999999990163 ) ) ;
#3495 = EDGE_LOOP ( 'NONE', ( #3104, #2303, #3252, #626 ) ) ;
#3496 = EDGE_CURVE ( 'NONE', #660, #2301, #919, .T. ) ;
#3497 = LINE ( 'NONE', #2327, #2351 ) ;
#3498 = EDGE_CURVE ( 'NONE', #2374, #660, #3339, .T. ) ;
#3499 = CARTESIAN_POINT ( 'NONE',  ( -6.639999999999994351, 6.750000000000000000, 0.8449999999999990852 ) ) ;
#3500 = DIRECTION ( 'NONE',  ( -0.000000000000000000, 1.000000000000000000, -0.000000000000000000 ) ) ;
#3501 = ORIENTED_EDGE ( 'NONE', *, *, #1661, .T. ) ;
#3502 = FACE_OUTER_BOUND ( 'NONE', #3803, .T. ) ;
#3503 = FACE_OUTER_BOUND ( 'NONE', #2371, .T. ) ;
#3504 = CARTESIAN_POINT ( 'NONE',  ( 3.520000000000006679, 0.000000000000000000, 0.8449999999999990852 ) ) ;
#3505 = LINE ( 'NONE', #3489, #2151 ) ;
#3507 = ORIENTED_EDGE ( 'NONE', *, *, #1160, .F. ) ;
#3506 = LINE ( 'NONE', #2896, #2033 ) ;
#3508 = LINE ( 'NONE', #3253, #1210 ) ;
#3509 = VERTEX_POINT ( 'NONE', #1171 ) ;
#3510 = DIRECTION ( 'NONE',  ( -0.7071067811865474617, -0.7071067811865474617, 0.000000000000000000 ) ) ;
#3511 = DIRECTION ( 'NONE',  ( 0.000000000000000000, -1.000000000000000000, 0.000000000000000000 ) ) ;
#3512 = ORIENTED_EDGE ( 'NONE', *, *, #2063, .T. ) ;
#3513 = CARTESIAN_POINT ( 'NONE',  ( 0.000000000000000000, 0.000000000000000000, 0.8449999999999990852 ) ) ;
#3514 = LINE ( 'NONE', #3479, #3097 ) ;
#3515 = ADVANCED_FACE ( 'NONE', ( #2431 ), #2733, .F. ) ;
#3516 = ADVANCED_FACE ( 'NONE', ( #574 ), #320, .T. ) ;
#3517 = DIRECTION ( 'NONE',  ( -1.000000000000000000, 0.000000000000000000, 0.000000000000000000 ) ) ;
#3518 = LINE ( 'NONE', #148, #1216 ) ;
#3519 = ORIENTED_EDGE ( 'NONE', *, *, #1754, .F. ) ;
#3520 = ADVANCED_FACE ( 'NONE', ( #27 ), #1251, .T. ) ;
#3521 = DIRECTION ( 'NONE',  ( 0.000000000000000000, 0.000000000000000000, 1.000000000000000000 ) ) ;
#3522 = FACE_OUTER_BOUND ( 'NONE', #591, .T. ) ;
#3523 = DIRECTION ( 'NONE',  ( 0.000000000000000000, 0.000000000000000000, 1.000000000000000000 ) ) ;
#3524 = LINE ( 'NONE', #150, #2787 ) ;
#3526 = ORIENTED_EDGE ( 'NONE', *, *, #3852, .T. ) ;
#3525 = DIRECTION ( 'NONE',  ( 1.000000000000000000, 0.000000000000000000, 0.000000000000000000 ) ) ;
#3527 = PLANE ( 'NONE',  #757 ) ;
#3528 = VERTEX_POINT ( 'NONE', #2447 ) ;
#3529 = LINE ( 'NONE', #3765, #825 ) ;
#3530 = LINE ( 'NONE', #3809, #3473 ) ;
#3531 = VERTEX_POINT ( 'NONE', #3008 ) ;
#3532 = VECTOR ( 'NONE', #2047, 1000.000000000000000 ) ;
#3533 = CARTESIAN_POINT ( 'NONE',  ( -4.099999999999994316, 6.550000000000000711, 0.8449999999999990852 ) ) ;
#3534 = AXIS2_PLACEMENT_3D ( 'NONE', #2463, #3388, #1575 ) ;
#3535 = CARTESIAN_POINT ( 'NONE',  ( 0.9800000000000060885, 6.550000000000000711, 0.2049999999999990163 ) ) ;
#3536 = AXIS2_PLACEMENT_3D ( 'NONE', #3630, #275, #3549 ) ;
#3537 = AXIS2_PLACEMENT_3D ( 'NONE', #2198, #412, #1615 ) ;
#3538 = AXIS2_PLACEMENT_3D ( 'NONE', #2683, #3333, #1164 ) ;
#3539 = CARTESIAN_POINT ( 'NONE',  ( 8.770000000000004903, 5.133508391725029263, 1.946917228565423263 ) ) ;
#3540 = CARTESIAN_POINT ( 'NONE',  ( -6.769999999999995133, 7.000000000000000000, 2.074999999999999289 ) ) ;
#3541 = VERTEX_POINT ( 'NONE', #935 ) ;
#3542 = VECTOR ( 'NONE', #3444, 1000.000000000000114 ) ;
#3543 = CARTESIAN_POINT ( 'NONE',  ( -7.969999999999994422, 7.000000000000000000, -2.875000000000000888 ) ) ;
#3544 = EDGE_CURVE ( 'NONE', #1780, #2494, #950, .T. ) ;
#3545 = EDGE_CURVE ( 'NONE', #2046, #694, #2131, .T. ) ;
#3546 = LINE ( 'NONE', #206, #3289 ) ;
#3547 = CARTESIAN_POINT ( 'NONE',  ( 6.700000000000007283, 6.550000000000000711, 0.8449999999999990852 ) ) ;
#3548 = VECTOR ( 'NONE', #1671, 1000.000000000000227 ) ;
#3549 = DIRECTION ( 'NONE',  ( -1.000000000000000000, 0.000000000000000000, -0.000000000000000000 ) ) ;
#3551 = VERTEX_POINT ( 'NONE', #1838 ) ;
#3550 = PLANE ( 'NONE',  #204 ) ;
#3552 = EDGE_CURVE ( 'NONE', #920, #2677, #659, .T. ) ;
#3553 = CARTESIAN_POINT ( 'NONE',  ( 3.960000000000006182, 6.750000000000000000, 0.000000000000000000 ) ) ;
#3554 = ORIENTED_EDGE ( 'NONE', *, *, #896, .T. ) ;
#3555 = PLANE ( 'NONE',  #2649 ) ;
#3556 = FACE_OUTER_BOUND ( 'NONE', #2786, .T. ) ;
#3557 = LINE ( 'NONE', #1696, #3360 ) ;
#3558 = DIRECTION ( 'NONE',  ( 0.000000000000000000, -1.000000000000000000, 0.000000000000000000 ) ) ;
#3559 = LINE ( 'NONE', #1132, #1765 ) ;
#3560 = CARTESIAN_POINT ( 'NONE',  ( 6.060000000000007603, 0.000000000000000000, 0.000000000000000000 ) ) ;
#3561 = EDGE_LOOP ( 'NONE', ( #3713, #2923, #1207, #1257 ) ) ;
#3562 = VERTEX_POINT ( 'NONE', #2765 ) ;
#3563 = CARTESIAN_POINT ( 'NONE',  ( 4.160000000000006359, -3.249999999999996891, 0.2049999999999990163 ) ) ;
#3564 = LINE ( 'NONE', #226, #3279 ) ;
#3565 = EDGE_CURVE ( 'NONE', #685, #2080, #1303, .T. ) ;
#3566 = EDGE_CURVE ( 'NONE', #2957, #1666, #3389, .T. ) ;
#3567 = CARTESIAN_POINT ( 'NONE',  ( -8.769999999999994245, 7.000000000000000000, 2.074999999999999289 ) ) ;
#3569 = ORIENTED_EDGE ( 'NONE', *, *, #814, .T. ) ;
#3568 = FACE_OUTER_BOUND ( 'NONE', #3680, .T. ) ;
#3570 = CARTESIAN_POINT ( 'NONE',  ( -0.9199999999999937117, -3.249999999999996891, 0.8449999999999990852 ) ) ;
#3571 = VERTEX_POINT ( 'NONE', #3373 ) ;
#3572 = CARTESIAN_POINT ( 'NONE',  ( 8.770000000000004903, 0.000000000000000000, -2.875000000000000888 ) ) ;
#3573 = DIRECTION ( 'NONE',  ( 0.000000000000000000, -1.000000000000000000, 0.000000000000000000 ) ) ;
#3574 = EDGE_CURVE ( 'NONE', #2114, #2813, #109, .T. ) ;
#3575 = DIRECTION ( 'NONE',  ( 0.000000000000000000, -0.000000000000000000, 1.000000000000000000 ) ) ;
#3576 = ORIENTED_EDGE ( 'NONE', *, *, #1160, .T. ) ;
#3577 = FACE_OUTER_BOUND ( 'NONE', #2641, .T. ) ;
#3578 = DIRECTION ( 'NONE',  ( -1.000000000000000000, 0.000000000000000000, -0.000000000000000000 ) ) ;
#3579 = VERTEX_POINT ( 'NONE', #2519 ) ;
#3580 = ORIENTED_EDGE ( 'NONE', *, *, #1907, .F. ) ;
#3581 = CARTESIAN_POINT ( 'NONE',  ( -8.769999999999994245, 7.000000000000000000, -2.075000000000001066 ) ) ;
#3582 = CARTESIAN_POINT ( 'NONE',  ( 0.000000000000000000, 0.8000000000000000444, 0.8449999999999990852 ) ) ;
#3583 = LINE ( 'NONE', #1179, #1457 ) ;
#3584 = PLANE ( 'NONE',  #835 ) ;
#3586 = ORIENTED_EDGE ( 'NONE', *, *, #160, .F. ) ;
#3585 = FACE_OUTER_BOUND ( 'NONE', #28, .T. ) ;
#3587 = EDGE_CURVE ( 'NONE', #3323, #2549, #2201, .T. ) ;
#3588 = CARTESIAN_POINT ( 'NONE',  ( 6.770000000000004903, 6.728922615252661110, -2.876000000000000778 ) ) ;
#3589 = EDGE_CURVE ( 'NONE', #3590, #2449, #3078, .T. ) ;
#3590 = VERTEX_POINT ( 'NONE', #2183 ) ;
#3591 = LINE ( 'NONE', #1462, #2016 ) ;
#3592 = CARTESIAN_POINT ( 'NONE',  ( 7.970000000000005080, 7.000000000000000000, 1.193012820497851401 ) ) ;
#3594 = VERTEX_POINT ( 'NONE', #1602 ) ;
#3593 = CARTESIAN_POINT ( 'NONE',  ( 0.000000000000000000, -3.450000000000000178, 0.000000000000000000 ) ) ;
#3595 = EDGE_CURVE ( 'NONE', #2114, #283, #3135, .T. ) ;
#3596 = ADVANCED_FACE ( 'NONE', ( #1025 ), #2823, .F. ) ;
#3597 = ORIENTED_EDGE ( 'NONE', *, *, #6, .F. ) ;
#3598 = DIRECTION ( 'NONE',  ( 0.000000000000000000, 0.000000000000000000, -1.000000000000000000 ) ) ;
#3599 = VECTOR ( 'NONE', #2780, 1000.000000000000000 ) ;
#3600 = AXIS2_PLACEMENT_3D ( 'NONE', #1051, #2250, #462 ) ;
#3601 = ORIENTED_EDGE ( 'NONE', *, *, #2702, .F. ) ;
#3602 = VECTOR ( 'NONE', #1041, 1000.000000000000114 ) ;
#3603 = AXIS2_PLACEMENT_3D ( 'NONE', #1384, #836, #2035 ) ;
#3604 = ORIENTED_EDGE ( 'NONE', *, *, #1877, .F. ) ;
#3605 = DIRECTION ( 'NONE',  ( 0.000000000000000000, 0.000000000000000000, 1.000000000000000000 ) ) ;
#3606 = VECTOR ( 'NONE', #1821, 1000.000000000000000 ) ;
#3607 = AXIS2_PLACEMENT_3D ( 'NONE', #3386, #741, #3093 ) ;
#3608 = CARTESIAN_POINT ( 'NONE',  ( 0.9800000000000060885, -3.249999999999996891, 0.8449999999999990852 ) ) ;
#3609 = ORIENTED_EDGE ( 'NONE', *, *, #2509, .T. ) ;
#3610 = VECTOR ( 'NONE', #2855, 1000.000000000000000 ) ;
#3611 = CARTESIAN_POINT ( 'NONE',  ( -8.769999999999994245, 7.000000000000000000, 1.193012820497851401 ) ) ;
#3613 = ORIENTED_EDGE ( 'NONE', *, *, #494, .T. ) ;
#3612 =( NAMED_UNIT ( * ) SI_UNIT ( $, .STERADIAN. ) SOLID_ANGLE_UNIT ( ) );
#3614 = AXIS2_PLACEMENT_3D ( 'NONE', #397, #1002, #3450 ) ;
#3615 = DIRECTION ( 'NONE',  ( 2.760352463845662921E-15, 1.000000000000000000, -0.000000000000000000 ) ) ;
#3616 = EDGE_LOOP ( 'NONE', ( #1333, #1860, #859, #1310 ) ) ;
#3617 = DIRECTION ( 'NONE',  ( 1.000000000000000000, -0.000000000000000000, 0.000000000000000000 ) ) ;
#3618 = CARTESIAN_POINT ( 'NONE',  ( 7.970000000000005080, 7.000000000000000000, -2.875000000000000888 ) ) ;
#3620 = EDGE_LOOP ( 'NONE', ( #104, #587, #2138, #3311 ) ) ;
#3619 = CARTESIAN_POINT ( 'NONE',  ( -5.999999999999993783, 0.000000000000000000, 0.8449999999999990852 ) ) ;
#3621 = ORIENTED_EDGE ( 'NONE', *, *, #3357, .F. ) ;
#3622 = CARTESIAN_POINT ( 'NONE',  ( 0.9800000000000060885, 6.750000000000000000, 0.2049999999999990163 ) ) ;
#3623 = EDGE_CURVE ( 'NONE', #3012, #3893, #3703, .T. ) ;
#3624 = ADVANCED_FACE ( 'NONE', ( #1889 ), #3098, .T. ) ;
#3625 = ORIENTED_EDGE ( 'NONE', *, *, #1206, .F. ) ;
#3626 = ORIENTED_EDGE ( 'NONE', *, *, #2964, .T. ) ;
#3627 = CARTESIAN_POINT ( 'NONE',  ( -5.903768110025848337, 4.300076335521239912, 2.874999999999999112 ) ) ;
#3628 = VERTEX_POINT ( 'NONE', #1577 ) ;
#3629 = LINE ( 'NONE', #1456, #517 ) ;
#3630 = CARTESIAN_POINT ( 'NONE',  ( -1.559999999999993614, 6.750000000000000000, 0.2049999999999990163 ) ) ;
#3631 =( NAMED_UNIT ( * ) PLANE_ANGLE_UNIT ( ) SI_UNIT ( $, .RADIAN. ) );
#3632 = FACE_OUTER_BOUND ( 'NONE', #1348, .T. ) ;
#3633 = LINE ( 'NONE', #570, #2655 ) ;
#3634 = CARTESIAN_POINT ( 'NONE',  ( 6.700000000000007283, -3.249999999999996891, 0.8449999999999990852 ) ) ;
#3636 = EDGE_LOOP ( 'NONE', ( #2493, #2102, #438, #2865 ) ) ;
#3635 = DIRECTION ( 'NONE',  ( -0.000000000000000000, 0.000000000000000000, 1.000000000000000000 ) ) ;
#3637 = VERTEX_POINT ( 'NONE', #95 ) ;
#3638 = CARTESIAN_POINT ( 'NONE',  ( -8.769999999999994245, 7.000000000000000000, -2.875000000000000888 ) ) ;
#3639 = EDGE_CURVE ( 'NONE', #3469, #920, #1561, .T. ) ;
#3640 = EDGE_CURVE ( 'NONE', #972, #152, #1930, .T. ) ;
#3641 = ORIENTED_EDGE ( 'NONE', *, *, #1686, .T. ) ;
#3642 = ORIENTED_EDGE ( 'NONE', *, *, #2392, .F. ) ;
#3643 = FACE_OUTER_BOUND ( 'NONE', #2244, .T. ) ;
#3644 = EDGE_CURVE ( 'NONE', #1404, #402, #1266, .T. ) ;
#3645 = ORIENTED_EDGE ( 'NONE', *, *, #1612, .F. ) ;
#3646 = FACE_OUTER_BOUND ( 'NONE', #232, .T. ) ;
#3647 = DIRECTION ( 'NONE',  ( 0.000000000000000000, -0.000000000000000000, 1.000000000000000000 ) ) ;
#3648 = CARTESIAN_POINT ( 'NONE',  ( -6.199999999999993072, -3.450000000000000178, 0.4049999999999978062 ) ) ;
#3649 = DIRECTION ( 'NONE',  ( -0.5773502691896245098, -0.5773502691896281735, 0.5773502691896245098 ) ) ;
#3651 = ORIENTED_EDGE ( 'NONE', *, *, #2828, .T. ) ;
#3650 = DIRECTION ( 'NONE',  ( 2.760352463845663710E-15, 1.000000000000000000, 0.000000000000000000 ) ) ;
#3652 = EDGE_LOOP ( 'NONE', ( #3745, #269, #3435, #2074 ) ) ;
#3653 = PLANE ( 'NONE',  #2338 ) ;
#3654 = ORIENTED_EDGE ( 'NONE', *, *, #26, .T. ) ;
#3655 = VECTOR ( 'NONE', #2551, 1000.000000000000000 ) ;
#3656 = VECTOR ( 'NONE', #3617, 1000.000000000000000 ) ;
#3657 = VERTEX_POINT ( 'NONE', #713 ) ;
#3658 = VECTOR ( 'NONE', #3573, 1000.000000000000000 ) ;
#3659 = DIRECTION ( 'NONE',  ( 0.000000000000000000, 0.000000000000000000, -1.000000000000000000 ) ) ;
#3660 = ORIENTED_EDGE ( 'NONE', *, *, #2065, .T. ) ;
#3661 = ADVANCED_FACE ( 'NONE', ( #690 ), #2466, .T. ) ;
#3662 = VECTOR ( 'NONE', #294, 1000.000000000000227 ) ;
#3663 = ADVANCED_FACE ( 'NONE', ( #1619 ), #1871, .T. ) ;
#3664 = CARTESIAN_POINT ( 'NONE',  ( 0.000000000000000000, -3.450000000000000178, 0.6449999999999967981 ) ) ;
#3665 = VECTOR ( 'NONE', #1809, 1000.000000000000114 ) ;
#3666 = CARTESIAN_POINT ( 'NONE',  ( 0.9800000000000060885, 0.000000000000000000, 0.000000000000000000 ) ) ;
#3667 = CARTESIAN_POINT ( 'NONE',  ( 3.520000000000006679, 6.550000000000000711, 0.8449999999999990852 ) ) ;
#3668 = FACE_OUTER_BOUND ( 'NONE', #3620, .T. ) ;
#3669 = VECTOR ( 'NONE', #3521, 1000.000000000000000 ) ;
#3671 = ORIENTED_EDGE ( 'NONE', *, *, #1711, .F. ) ;
#3670 = CARTESIAN_POINT ( 'NONE',  ( -0.9199999999999937117, 0.000000000000000000, 0.000000000000000000 ) ) ;
#3672 = AXIS2_PLACEMENT_3D ( 'NONE', #2230, #3438, #3161 ) ;
#3673 = ORIENTED_EDGE ( 'NONE', *, *, #434, .T. ) ;
#3674 = PLANE ( 'NONE',  #2720 ) ;
#3675 = EDGE_LOOP ( 'NONE', ( #3397, #2716, #2105, #752 ) ) ;
#3676 = LINE ( 'NONE', #2584, #1964 ) ;
#3677 = ORIENTED_EDGE ( 'NONE', *, *, #2610, .T. ) ;
#3678 = ORIENTED_EDGE ( 'NONE', *, *, #1091, .F. ) ;
#3679 = CARTESIAN_POINT ( 'NONE',  ( -1.359999999999993214, 6.750000000000000000, 0.000000000000000000 ) ) ;
#3680 = EDGE_LOOP ( 'NONE', ( #1562, #1581, #3704, #470 ) ) ;
#3681 = FACE_OUTER_BOUND ( 'NONE', #315, .T. ) ;
#3682 = LINE ( 'NONE', #2728, #2091 ) ;
#3683 = CARTESIAN_POINT ( 'NONE',  ( 1.180000000000006599, 6.750000000000000000, 0.000000000000000000 ) ) ;
#3684 = DIRECTION ( 'NONE',  ( 0.000000000000000000, 0.000000000000000000, -1.000000000000000000 ) ) ;
#3685 = EDGE_CURVE ( 'NONE', #3331, #1611, #1287, .T. ) ;
#3686 = ADVANCED_FACE ( 'NONE', ( #3687 ), #356, .T. ) ;
#3688 = ORIENTED_EDGE ( 'NONE', *, *, #1783, .T. ) ;
#3687 = FACE_OUTER_BOUND ( 'NONE', #1934, .T. ) ;
#3689 = ORIENTED_EDGE ( 'NONE', *, *, #3164, .F. ) ;
#3690 = DIRECTION ( 'NONE',  ( 0.000000000000000000, 0.000000000000000000, -1.000000000000000000 ) ) ;
#3691 = ORIENTED_EDGE ( 'NONE', *, *, #344, .T. ) ;
#3692 = EDGE_CURVE ( 'NONE', #601, #2639, #1102, .T. ) ;
#3693 = CARTESIAN_POINT ( 'NONE',  ( 6.260000000000007780, 6.750000000000000000, 0.000000000000000000 ) ) ;
#3694 = ORIENTED_EDGE ( 'NONE', *, *, #2182, .F. ) ;
#3695 = ORIENTED_EDGE ( 'NONE', *, *, #3349, .F. ) ;
#3696 = CARTESIAN_POINT ( 'NONE',  ( -6.639999999999994351, 0.8000000000000000444, 0.8449999999999990852 ) ) ;
#3697 = VERTEX_POINT ( 'NONE', #468 ) ;
#3698 = DIRECTION ( 'NONE',  ( 0.000000000000000000, -1.000000000000000000, 0.000000000000000000 ) ) ;
#3699 = DIRECTION ( 'NONE',  ( 0.7071067811865497932, -0.7071067811865452413, 0.000000000000000000 ) ) ;
#3700 = FACE_OUTER_BOUND ( 'NONE', #2456, .T. ) ;
#3701 = DIRECTION ( 'NONE',  ( 0.000000000000000000, -0.7071067811865505703, 0.7071067811865444641 ) ) ;
#3702 = UNCERTAINTY_MEASURE_WITH_UNIT (LENGTH_MEASURE( 1.000000000000000082E-05 ), #3838, 'distance_accuracy_value', 'NONE');
#3704 = ORIENTED_EDGE ( 'NONE', *, *, #1353, .T. ) ;
#3703 = LINE ( 'NONE', #429, #2740 ) ;
#3705 = EDGE_CURVE ( 'NONE', #2374, #3319, #3506, .T. ) ;
#3706 = VERTEX_POINT ( 'NONE', #1084 ) ;
#3707 = DIRECTION ( 'NONE',  ( 1.000000000000000000, -0.000000000000000000, 0.000000000000000000 ) ) ;
#3708 = EDGE_LOOP ( 'NONE', ( #2510, #230, #400, #3390 ) ) ;
#3709 = EDGE_CURVE ( 'NONE', #3079, #2880, #826, .T. ) ;
#3710 = LINE ( 'NONE', #1607, #2028 ) ;
#3711 = EDGE_CURVE ( 'NONE', #2816, #3472, #2300, .T. ) ;
#3712 = ORIENTED_EDGE ( 'NONE', *, *, #1828, .F. ) ;
#3713 = ORIENTED_EDGE ( 'NONE', *, *, #6, .T. ) ;
#3714 = DIRECTION ( 'NONE',  ( 1.000000000000000000, 0.000000000000000000, 0.000000000000000000 ) ) ;
#3715 = VERTEX_POINT ( 'NONE', #2601 ) ;
#3716 = AXIS2_PLACEMENT_3D ( 'NONE', #1077, #687, #2197 ) ;
#3717 = CARTESIAN_POINT ( 'NONE',  ( -6.617135548828085412, 6.576058164080762047, -2.876000000000000778 ) ) ;
#3718 = AXIS2_PLACEMENT_3D ( 'NONE', #2568, #2631, #3224 ) ;
#3719 = VECTOR ( 'NONE', #1657, 1000.000000000000000 ) ;
#3720 = FACE_OUTER_BOUND ( 'NONE', #1511, .T. ) ;
#3721 = FACE_OUTER_BOUND ( 'NONE', #905, .T. ) ;
#3722 = DIRECTION ( 'NONE',  ( 1.000000000000000000, 0.000000000000000000, 0.000000000000000000 ) ) ;
#3723 = AXIS2_PLACEMENT_3D ( 'NONE', #1753, #2112, #1463 ) ;
#3724 = VECTOR ( 'NONE', #2867, 1000.000000000000000 ) ;
#3726 = ORIENTED_EDGE ( 'NONE', *, *, #3640, .T. ) ;
#3725 = CARTESIAN_POINT ( 'NONE',  ( -4.099999999999994316, -3.249999999999996891, 0.8449999999999990852 ) ) ;
#3727 = CIRCLE ( 'NONE', #262, 0.8662318899741467959 ) ;
#3728 = ORIENTED_EDGE ( 'NONE', *, *, #1944, .F. ) ;
#3729 = DIRECTION ( 'NONE',  ( -1.000000000000000000, 0.000000000000000000, 0.000000000000000000 ) ) ;
#3730 = ORIENTED_EDGE ( 'NONE', *, *, #1054, .T. ) ;
#3731 = AXIS2_PLACEMENT_3D ( 'NONE', #1354, #2554, #3756 ) ;
#3732 = DIRECTION ( 'NONE',  ( 0.000000000000000000, -1.000000000000000000, 0.000000000000000000 ) ) ;
#3733 = VECTOR ( 'NONE', #41, 1000.000000000000000 ) ;
#3734 = ORIENTED_EDGE ( 'NONE', *, *, #3498, .T. ) ;
#3735 = EDGE_CURVE ( 'NONE', #2275, #83, #3236, .T. ) ;
#3736 = EDGE_CURVE ( 'NONE', #1918, #1571, #229, .T. ) ;
#3737 = CARTESIAN_POINT ( 'NONE',  ( -5.999999999999993783, 0.8000000000000003775, 0.8449999999999990852 ) ) ;
#3738 = ORIENTED_EDGE ( 'NONE', *, *, #3115, .F. ) ;
#3739 = LINE ( 'NONE', #3145, #3418 ) ;
#3740 = CARTESIAN_POINT ( 'NONE',  ( 1.620000000000005880, 6.750000000000000000, 0.8449999999999990852 ) ) ;
#3741 = DIRECTION ( 'NONE',  ( 0.000000000000000000, -1.000000000000000000, 0.000000000000000000 ) ) ;
#3742 = DIRECTION ( 'NONE',  ( 1.000000000000000000, 0.000000000000000000, 0.000000000000000000 ) ) ;
#3743 = FACE_OUTER_BOUND ( 'NONE', #2120, .T. ) ;
#3745 = ORIENTED_EDGE ( 'NONE', *, *, #2311, .T. ) ;
#3744 = DIRECTION ( 'NONE',  ( 0.000000000000000000, 0.000000000000000000, -1.000000000000000000 ) ) ;
#3746 = EDGE_LOOP ( 'NONE', ( #497, #595, #1489, #1503 ) ) ;
#3747 = ORIENTED_EDGE ( 'NONE', *, *, #3047, .F. ) ;
#3748 = LINE ( 'NONE', #2810, #3149 ) ;
#3749 = ORIENTED_EDGE ( 'NONE', *, *, #3443, .F. ) ;
#3750 = CARTESIAN_POINT ( 'NONE',  ( 0.9800000000000060885, 6.550000000000000711, 0.8449999999999990852 ) ) ;
#3751 = ORIENTED_EDGE ( 'NONE', *, *, #2821, .T. ) ;
#3752 = ADVANCED_FACE ( 'NONE', ( #2344 ), #1143, .T. ) ;
#3753 = EDGE_CURVE ( 'NONE', #3491, #101, #3762, .T. ) ;
#3754 = PLANE ( 'NONE',  #3600 ) ;
#3755 = ORIENTED_EDGE ( 'NONE', *, *, #3425, .F. ) ;
#3756 = DIRECTION ( 'NONE',  ( 0.000000000000000000, 0.000000000000000000, -1.000000000000000000 ) ) ;
#3757 = EDGE_CURVE ( 'NONE', #2002, #936, #530, .T. ) ;
#3758 = DIRECTION ( 'NONE',  ( 0.000000000000000000, 0.000000000000000000, -1.000000000000000000 ) ) ;
#3759 = CARTESIAN_POINT ( 'NONE',  ( -3.459999999999993747, 6.550000000000000711, 0.8449999999999990852 ) ) ;
#3760 = DIRECTION ( 'NONE',  ( 0.000000000000000000, 0.000000000000000000, 1.000000000000000000 ) ) ;
#3761 = LINE ( 'NONE', #1059, #901 ) ;
#3763 = ORIENTED_EDGE ( 'NONE', *, *, #2020, .T. ) ;
#3762 = LINE ( 'NONE', #1060, #2346 ) ;
#3764 = EDGE_LOOP ( 'NONE', ( #1085, #345, #357, #2713 ) ) ;
#3765 = CARTESIAN_POINT ( 'NONE',  ( -6.639999999999994351, 6.550000000000002487, 0.2049999999999990163 ) ) ;
#3766 = CARTESIAN_POINT ( 'NONE',  ( 3.960000000000006182, 6.750000000000000000, 0.4049999999999995270 ) ) ;
#3767 = ORIENTED_EDGE ( 'NONE', *, *, #2214, .F. ) ;
#3768 = DIRECTION ( 'NONE',  ( 1.000000000000000000, 0.000000000000000000, 0.000000000000000000 ) ) ;
#3769 = CARTESIAN_POINT ( 'NONE',  ( 6.060000000000007603, -3.249999999999996891, 0.2049999999999990163 ) ) ;
#3770 = ORIENTED_EDGE ( 'NONE', *, *, #2166, .T. ) ;
#3771 = DIRECTION ( 'NONE',  ( 0.000000000000000000, -1.000000000000000000, 0.000000000000000000 ) ) ;
#3772 = ORIENTED_EDGE ( 'NONE', *, *, #2117, .T. ) ;
#3773 = CARTESIAN_POINT ( 'NONE',  ( -0.9199999999999937117, 6.750000000000000000, 0.8449999999999990852 ) ) ;
#3774 = CIRCLE ( 'NONE', #1520, 0.7539044080675718629 ) ;
#3775 = CARTESIAN_POINT ( 'NONE',  ( -0.9199999999999937117, 6.750000000000000000, 0.8449999999999990852 ) ) ;
#3776 = CARTESIAN_POINT ( 'NONE',  ( 0.000000000000000000, 6.750000000000000000, 0.000000000000000000 ) ) ;
#3777 = ADVANCED_FACE ( 'NONE', ( #1984 ), #211, .F. ) ;
#3778 = ADVANCED_FACE ( 'NONE', ( #3490 ), #1377, .T. ) ;
#3779 = VECTOR ( 'NONE', #2086, 1000.000000000000114 ) ;
#3780 = LINE ( 'NONE', #824, #2024 ) ;
#3781 = VECTOR ( 'NONE', #1147, 1000.000000000000000 ) ;
#3783 = ORIENTED_EDGE ( 'NONE', *, *, #1704, .F. ) ;
#3782 = CARTESIAN_POINT ( 'NONE',  ( -5.999999999999993783, 6.550000000000002487, 0.8449999999999990852 ) ) ;
#3784 = ORIENTED_EDGE ( 'NONE', *, *, #3623, .F. ) ;
#3785 = CARTESIAN_POINT ( 'NONE',  ( 6.700000000000007283, 0.000000000000000000, 0.2049999999999990163 ) ) ;
#3786 = DIRECTION ( 'NONE',  ( 0.000000000000000000, -1.000000000000000000, 0.000000000000000000 ) ) ;
#3787 = ORIENTED_EDGE ( 'NONE', *, *, #3357, .T. ) ;
#3788 = VECTOR ( 'NONE', #1023, 1000.000000000000000 ) ;
#3789 = VECTOR ( 'NONE', #2951, 1000.000000000000000 ) ;
#3790 = CARTESIAN_POINT ( 'NONE',  ( 6.060000000000007603, 0.8000000000000000444, 0.8449999999999990852 ) ) ;
#3791 = VECTOR ( 'NONE', #3801, 1000.000000000000000 ) ;
#3792 = AXIS2_PLACEMENT_3D ( 'NONE', #119, #1644, #2234 ) ;
#3793 = CARTESIAN_POINT ( 'NONE',  ( -6.639999999999994351, 6.750000000000000000, 0.2049999999999990163 ) ) ;
#3794 = VECTOR ( 'NONE', #998, 1000.000000000000000 ) ;
#3795 = VECTOR ( 'NONE', #2565, 1000.000000000000000 ) ;
#3796 = DIRECTION ( 'NONE',  ( -0.7071067811865497932, 0.7071067811865452413, -0.000000000000000000 ) ) ;
#3797 = ORIENTED_EDGE ( 'NONE', *, *, #26, .F. ) ;
#3798 = DIRECTION ( 'NONE',  ( 0.000000000000000000, -0.000000000000000000, 1.000000000000000000 ) ) ;
#3799 = CARTESIAN_POINT ( 'NONE',  ( 5.903768110025854554, 4.300076335521231030, -2.876000000000000778 ) ) ;
#3800 = LINE ( 'NONE', #2540, #3160 ) ;
#3801 = DIRECTION ( 'NONE',  ( 0.000000000000000000, 0.000000000000000000, -1.000000000000000000 ) ) ;
#3803 = EDGE_LOOP ( 'NONE', ( #332, #829, #2982, #3381 ) ) ;
#3802 = CARTESIAN_POINT ( 'NONE',  ( 3.520000000000006679, 6.750000000000000000, 0.8449999999999990852 ) ) ;
#3804 = EDGE_CURVE ( 'NONE', #3697, #134, #2577, .T. ) ;
#3805 = LINE ( 'NONE', #3570, #7 ) ;
#3806 = EDGE_CURVE ( 'NONE', #989, #2816, #1689, .T. ) ;
#3807 = ORIENTED_EDGE ( 'NONE', *, *, #2647, .T. ) ;
#3808 = LINE ( 'NONE', #2304, #3781 ) ;
#3809 = CARTESIAN_POINT ( 'NONE',  ( -8.769999999999994245, 7.000000000000000000, 1.946917228565423263 ) ) ;
#3810 = EDGE_LOOP ( 'NONE', ( #607, #3153, #1459, #2832, #2251, #1789, #476, #156 ) ) ;
#3811 = DIRECTION ( 'NONE',  ( 0.000000000000000000, 0.000000000000000000, -1.000000000000000000 ) ) ;
#3812 = ADVANCED_FACE ( 'NONE', ( #1437 ), #3550, .T. ) ;
#3813 = LINE ( 'NONE', #3243, #11 ) ;
#3814 = CARTESIAN_POINT ( 'NONE',  ( -6.199999999999993072, 6.750000000000000000, 0.4049999999999978062 ) ) ;
#3815 = VERTEX_POINT ( 'NONE', #2619 ) ;
#3816 = CARTESIAN_POINT ( 'NONE',  ( 0.9800000000000060885, 6.750000000000000000, 0.8449999999999990852 ) ) ;
#3817 = LINE ( 'NONE', #2022, #2075 ) ;
#3818 = DIRECTION ( 'NONE',  ( 0.000000000000000000, -1.000000000000000000, 0.000000000000000000 ) ) ;
#3819 = PLANE ( 'NONE',  #580 ) ;
#3821 = ORIENTED_EDGE ( 'NONE', *, *, #2437, .F. ) ;
#3820 = CARTESIAN_POINT ( 'NONE',  ( 8.770000000000004903, 7.000000000000000000, 1.193012820497851401 ) ) ;
#3822 = CARTESIAN_POINT ( 'NONE',  ( 5.903768110025854554, 4.300076335521231030, 2.074999999999999734 ) ) ;
#3823 = VERTEX_POINT ( 'NONE', #3820 ) ;
#3824 = DIRECTION ( 'NONE',  ( 0.000000000000000000, -1.000000000000000000, 0.000000000000000000 ) ) ;
#3825 = DIRECTION ( 'NONE',  ( 0.000000000000000000, -1.000000000000000000, 0.000000000000000000 ) ) ;
#3826 = ORIENTED_EDGE ( 'NONE', *, *, #2821, .F. ) ;
#3827 = ADVANCED_FACE ( 'NONE', ( #1121 ), #1654, .T. ) ;
#3828 = DIRECTION ( 'NONE',  ( -1.000000000000000000, 0.000000000000000000, 0.000000000000000000 ) ) ;
#3829 = LINE ( 'NONE', #238, #1150 ) ;
#3830 = EDGE_CURVE ( 'NONE', #404, #513, #767, .T. ) ;
#3831 = ADVANCED_FACE ( 'NONE', ( #276 ), #2107, .T. ) ;
#3832 = DIRECTION ( 'NONE',  ( 0.000000000000000000, -1.000000000000000000, 0.000000000000000000 ) ) ;
#3833 = CARTESIAN_POINT ( 'NONE',  ( -3.899999999999991918, -3.450000000000000178, 0.4050000000000013034 ) ) ;
#3834 = ORIENTED_EDGE ( 'NONE', *, *, #3234, .T. ) ;
#3835 = ADVANCED_FACE ( 'NONE', ( #3295 ), #3885, .T. ) ;
#3836 = CYLINDRICAL_SURFACE ( 'NONE', #1402, 0.8662318899741467959 ) ;
#3837 = CARTESIAN_POINT ( 'NONE',  ( -6.769999999999995133, 7.000000000000000000, 2.074999999999999734 ) ) ;
#3838 =( LENGTH_UNIT ( ) NAMED_UNIT ( * ) SI_UNIT ( .MILLI., .METRE. ) );
#3839 = FACE_OUTER_BOUND ( 'NONE', #1796, .T. ) ;
#3841 = ORIENTED_EDGE ( 'NONE', *, *, #2848, .F. ) ;
#3840 = DIRECTION ( 'NONE',  ( -0.000000000000000000, -0.000000000000000000, 1.000000000000000000 ) ) ;
#3842 = DIRECTION ( 'NONE',  ( 1.000000000000000000, -0.000000000000000000, 0.000000000000000000 ) ) ;
#3843 = ORIENTED_EDGE ( 'NONE', *, *, #1255, .T. ) ;
#3844 = DIRECTION ( 'NONE',  ( -0.000000000000000000, 0.000000000000000000, 1.000000000000000000 ) ) ;
#3845 = DIRECTION ( 'NONE',  ( 0.000000000000000000, -1.000000000000000000, 0.000000000000000000 ) ) ;
#3846 = VECTOR ( 'NONE', #1005, 1000.000000000000000 ) ;
#3847 = FACE_OUTER_BOUND ( 'NONE', #3746, .T. ) ;
#3848 = VECTOR ( 'NONE', #1687, 1000.000000000000000 ) ;
#3849 = VECTOR ( 'NONE', #3157, 1000.000000000000000 ) ;
#3850 = DIRECTION ( 'NONE',  ( -0.000000000000000000, 0.7071067811865505703, 0.7071067811865444641 ) ) ;
#3851 = VECTOR ( 'NONE', #2933, 1000.000000000000000 ) ;
#3852 = EDGE_CURVE ( 'NONE', #367, #3199, #1518, .T. ) ;
#3853 = AXIS2_PLACEMENT_3D ( 'NONE', #1806, #561, #3860 ) ;
#3854 = PLANE ( 'NONE',  #3718 ) ;
#3855 = CARTESIAN_POINT ( 'NONE',  ( 0.000000000000000000, -3.450000000000000178, 0.000000000000000000 ) ) ;
#3856 = EDGE_CURVE ( 'NONE', #3120, #349, #2380, .T. ) ;
#3857 = ORIENTED_EDGE ( 'NONE', *, *, #1974, .F. ) ;
#3858 = EDGE_LOOP ( 'NONE', ( #298, #1062, #1146, #675 ) ) ;
#3859 = VECTOR ( 'NONE', #2068, 1000.000000000000114 ) ;
#3860 = DIRECTION ( 'NONE',  ( 0.000000000000000000, 0.000000000000000000, 1.000000000000000000 ) ) ;
#3861 = CARTESIAN_POINT ( 'NONE',  ( 4.173333333333347994, -1.363333333333325736, 2.731666666666658028 ) ) ;
#3862 = ADVANCED_FACE ( 'NONE', ( #3585 ), #884, .T. ) ;
#3863 =( NAMED_UNIT ( * ) PLANE_ANGLE_UNIT ( ) SI_UNIT ( $, .RADIAN. ) );
#3864 = VECTOR ( 'NONE', #565, 1000.000000000000000 ) ;
#3865 = FACE_OUTER_BOUND ( 'NONE', #177, .T. ) ;
#3867 = ORIENTED_EDGE ( 'NONE', *, *, #2140, .T. ) ;
#3866 = CARTESIAN_POINT ( 'NONE',  ( 1.420000000000003704, -3.450000000000000178, 0.6449999999999967981 ) ) ;
#3868 = DIRECTION ( 'NONE',  ( -0.7071067811865497932, -0.7071067811865452413, 0.000000000000000000 ) ) ;
#3869 = ORIENTED_EDGE ( 'NONE', *, *, #3753, .F. ) ;
#3870 = LINE ( 'NONE', #2384, #3220 ) ;
#3871 = LINE ( 'NONE', #3592, #3096 ) ;
#3872 = LINE ( 'NONE', #2370, #138 ) ;
#3873 = ORIENTED_EDGE ( 'NONE', *, *, #3692, .F. ) ;
#3874 = DIRECTION ( 'NONE',  ( 0.000000000000000000, 0.000000000000000000, 1.000000000000000000 ) ) ;
#3875 = CARTESIAN_POINT ( 'NONE',  ( -1.559999999999993614, 6.750000000000000000, 0.2049999999999990163 ) ) ;
#3876 = LINE ( 'NONE', #1174, #2465 ) ;
#3877 = ORIENTED_EDGE ( 'NONE', *, *, #495, .F. ) ;
#3878 = ORIENTED_EDGE ( 'NONE', *, *, #3111, .F. ) ;
#3879 = EDGE_CURVE ( 'NONE', #660, #989, #3251, .T. ) ;
#3880 = EDGE_CURVE ( 'NONE', #3169, #453, #295, .T. ) ;
#3881 = CARTESIAN_POINT ( 'NONE',  ( -5.903768110025848337, 5.166308225495386708, -2.876000000000000778 ) ) ;
#3882 = CARTESIAN_POINT ( 'NONE',  ( -6.439999999999995062, -3.450000000000000178, 0.6450000000000002398 ) ) ;
#3883 = EDGE_CURVE ( 'NONE', #3893, #2421, #1482, .T. ) ;
#3884 = LINE ( 'NONE', #3021, #706 ) ;
#3886 = EDGE_LOOP ( 'NONE', ( #2738, #1802, #2795, #3185 ) ) ;
#3885 = PLANE ( 'NONE',  #2420 ) ;
#3887 = DIRECTION ( 'NONE',  ( 0.000000000000000000, -0.7071067811865505703, 0.7071067811865444641 ) ) ;
#3888 = ORIENTED_EDGE ( 'NONE', *, *, #3310, .T. ) ;
#3889 = DIRECTION ( 'NONE',  ( 0.000000000000000000, -0.000000000000000000, 1.000000000000000000 ) ) ;
#3890 = DIRECTION ( 'NONE',  ( 0.000000000000000000, -1.000000000000000000, 0.000000000000000000 ) ) ;
#3892 = ORIENTED_EDGE ( 'NONE', *, *, #343, .F. ) ;
#3891 = CARTESIAN_POINT ( 'NONE',  ( -8.769999999999994245, 7.000000000000000000, 2.874999999999999112 ) ) ;
#3893 = VERTEX_POINT ( 'NONE', #3866 ) ;
#3894 = LINE ( 'NONE', #1803, #3162 ) ;
#3895 = FACE_OUTER_BOUND ( 'NONE', #2578, .T. ) ;
#3896 = ORIENTED_EDGE ( 'NONE', *, *, #1091, .T. ) ;
#3897 = ORIENTED_EDGE ( 'NONE', *, *, #1929, .F. ) ;
#3898 = DIRECTION ( 'NONE',  ( 0.000000000000000000, -1.000000000000000000, 0.000000000000000000 ) ) ;
#3899 = DIRECTION ( 'NONE',  ( 0.7071067811865497932, -0.7071067811865452413, 0.000000000000000000 ) ) ;
#3900 = ORIENTED_EDGE ( 'NONE', *, *, #817, .F. ) ;
#3901 = DIRECTION ( 'NONE',  ( 0.000000000000000000, -1.000000000000000000, 0.000000000000000000 ) ) ;
#3902 = DIRECTION ( 'NONE',  ( 1.000000000000000000, 0.000000000000000000, 0.000000000000000000 ) ) ;
#3903 = ORIENTED_EDGE ( 'NONE', *, *, #2654, .F. ) ;
#3904 = LINE ( 'NONE', #3775, #2469 ) ;
#3905 = ORIENTED_EDGE ( 'NONE', *, *, #3020, .T. ) ;
#3906 = FACE_BOUND ( 'NONE', #2451, .T. ) ;
#3907 = DIRECTION ( 'NONE',  ( 1.000000000000000000, -0.000000000000000000, -0.000000000000000000 ) ) ;
#3908 = EDGE_CURVE ( 'NONE', #2824, #1976, #615, .T. ) ;
#3909 = ADVANCED_FACE ( 'NONE', ( #3568 ), #849, .T. ) ;
ENDSEC;
END-ISO-10303-21;
