ISO-10303-21;
HEADER;
FILE_DESCRIPTION (( 'STEP AP214' ),
    '1' );
FILE_NAME ('Molex 3 Pin.STEP',
    '2026-04-21T21:16:09',
    ( '' ),
    ( '' ),
    'SwSTEP 2.0',
    'SolidWorks 2024',
    '' );
FILE_SCHEMA (( 'AUTOMOTIVE_DESIGN' ));
ENDSEC;

DATA;
#1 = DIRECTION ( 'NONE',  ( -1.097926250618232273E-16, -0.000000000000000000, -1.000000000000000000 ) ) ;
#2 = VERTEX_POINT ( 'NONE', #492 ) ;
#3 = AXIS2_PLACEMENT_3D ( 'NONE', #1829, #1590, #1042 ) ;
#4 = EDGE_CURVE ( 'NONE', #2131, #364, #1893, .T. ) ;
#5 = EDGE_LOOP ( 'NONE', ( #2209, #1870, #720, #586 ) ) ;
#6 = CARTESIAN_POINT ( 'NONE',  ( 1.129999999999999893, 10.40000000000000036, 1.699999999999999956 ) ) ;
#7 = DIRECTION ( 'NONE',  ( 8.992967021831382811E-16, 0.000000000000000000, -1.000000000000000000 ) ) ;
#8 = CARTESIAN_POINT ( 'NONE',  ( 3.930000000000000160, -3.649999999999999911, 1.699999999999999956 ) ) ;
#9 = DIRECTION ( 'NONE',  ( -1.000000000000000000, 0.000000000000000000, 0.000000000000000000 ) ) ;
#10 = AXIS2_PLACEMENT_3D ( 'NONE', #1806, #1158, #1351 ) ;
#11 = EDGE_CURVE ( 'NONE', #1241, #1584, #2453, .T. ) ;
#12 = DIRECTION ( 'NONE',  ( -0.7071067811865474617, -0.7071067811865474617, 0.000000000000000000 ) ) ;
#13 = VERTEX_POINT ( 'NONE', #541 ) ;
#14 = LINE ( 'NONE', #791, #1403 ) ;
#15 = DIRECTION ( 'NONE',  ( 1.000000000000000000, 0.000000000000000000, 0.000000000000000000 ) ) ;
#16 = EDGE_LOOP ( 'NONE', ( #2457, #1417, #947, #2288 ) ) ;
#17 = CARTESIAN_POINT ( 'NONE',  ( 5.029999999999999361, -3.649999999999999911, 1.699999999999999956 ) ) ;
#18 = EDGE_LOOP ( 'NONE', ( #845, #2471, #1998, #2140, #1230, #1140, #744, #830 ) ) ;
#19 = CARTESIAN_POINT ( 'NONE',  ( 0.8299999999999999600, 10.69999999999999929, 2.000000000000000000 ) ) ;
#20 = CARTESIAN_POINT ( 'NONE',  ( 0.8299999999999999600, 10.69999999999999929, 2.500000000000000000 ) ) ;
#21 = EDGE_CURVE ( 'NONE', #1613, #536, #2059, .T. ) ;
#22 = AXIS2_PLACEMENT_3D ( 'NONE', #570, #1717, #165 ) ;
#23 = DIRECTION ( 'NONE',  ( 0.000000000000000000, 0.000000000000000000, -1.000000000000000000 ) ) ;
#24 = DIRECTION ( 'NONE',  ( 0.000000000000000000, -1.000000000000000000, 0.000000000000000000 ) ) ;
#25 = EDGE_CURVE ( 'NONE', #1194, #65, #1666, .T. ) ;
#26 = CARTESIAN_POINT ( 'NONE',  ( 5.029999999999999361, 10.40000000000000036, 2.799999999999999822 ) ) ;
#27 = ORIENTED_EDGE ( 'NONE', *, *, #2152, .F. ) ;
#28 = DIRECTION ( 'NONE',  ( 4.286263797015740046E-16, -1.000000000000000000, 0.000000000000000000 ) ) ;
#29 = CARTESIAN_POINT ( 'NONE',  ( 3.930000000000000160, 0.5999999999999999778, 2.600000000000000089 ) ) ;
#30 = ORIENTED_EDGE ( 'NONE', *, *, #1260, .F. ) ;
#31 = EDGE_CURVE ( 'NONE', #620, #1510, #704, .T. ) ;
#32 = DIRECTION ( 'NONE',  ( 1.000000000000000000, 0.000000000000000000, 0.000000000000000000 ) ) ;
#33 = VERTEX_POINT ( 'NONE', #896 ) ;
#34 = DIRECTION ( 'NONE',  ( 0.000000000000000000, 0.000000000000000000, 1.000000000000000000 ) ) ;
#35 = CARTESIAN_POINT ( 'NONE',  ( 3.795000000000000373, 3.200000000000000178, 0.000000000000000000 ) ) ;
#36 = DIRECTION ( 'NONE',  ( 0.000000000000000000, -0.9467727448197127416, -0.3219027332387019436 ) ) ;
#37 = CARTESIAN_POINT ( 'NONE',  ( 0.03000000000000100156, 10.40000000000000036, 1.699999999999999956 ) ) ;
#38 = ORIENTED_EDGE ( 'NONE', *, *, #2483, .F. ) ;
#39 = VECTOR ( 'NONE', #1300, 1000.000000000000000 ) ;
#40 = PLANE ( 'NONE',  #2434 ) ;
#41 = ORIENTED_EDGE ( 'NONE', *, *, #2478, .T. ) ;
#42 = EDGE_LOOP ( 'NONE', ( #1657, #1438, #1388, #1222 ) ) ;
#43 = LINE ( 'NONE', #2369, #1686 ) ;
#44 = ORIENTED_EDGE ( 'NONE', *, *, #858, .F. ) ;
#45 = DIRECTION ( 'NONE',  ( -7.930164461608259453E-16, 0.000000000000000000, 1.000000000000000000 ) ) ;
#46 = EDGE_CURVE ( 'NONE', #55, #2306, #1700, .T. ) ;
#47 = ORIENTED_EDGE ( 'NONE', *, *, #579, .T. ) ;
#48 = PLANE ( 'NONE',  #2028 ) ;
#49 = DIRECTION ( 'NONE',  ( 0.000000000000000000, -0.7071067811865435759, 0.7071067811865515695 ) ) ;
#50 = DIRECTION ( 'NONE',  ( 0.000000000000000000, 0.000000000000000000, -1.000000000000000000 ) ) ;
#51 = LINE ( 'NONE', #2379, #1840 ) ;
#52 = EDGE_LOOP ( 'NONE', ( #2242, #167, #1110, #2372 ) ) ;
#53 = CARTESIAN_POINT ( 'NONE',  ( 8.929999999999997939, 0.1999999977648257987, 1.700000000000000178 ) ) ;
#54 = ORIENTED_EDGE ( 'NONE', *, *, #1713, .F. ) ;
#55 = VERTEX_POINT ( 'NONE', #505 ) ;
#56 = VECTOR ( 'NONE', #132, 1000.000000000000000 ) ;
#57 = ADVANCED_FACE ( 'NONE', ( #1507 ), #316, .T. ) ;
#58 = CARTESIAN_POINT ( 'NONE',  ( 3.530000120168550026, 3.200000000000000178, 2.849999986588950041 ) ) ;
#59 = ORIENTED_EDGE ( 'NONE', *, *, #21, .F. ) ;
#60 = PLANE ( 'NONE',  #2495 ) ;
#61 = ORIENTED_EDGE ( 'NONE', *, *, #2351, .T. ) ;
#62 = CARTESIAN_POINT ( 'NONE',  ( 5.429999999999999716, 2.428612866367529439E-16, 0.000000000000000000 ) ) ;
#63 = CARTESIAN_POINT ( 'NONE',  ( 3.930000000000000160, 0.1999999977648260208, 2.600000000000000089 ) ) ;
#64 = CARTESIAN_POINT ( 'NONE',  ( 3.530000120168550026, 3.200000000000000178, 1.399999973177910029 ) ) ;
#65 = VERTEX_POINT ( 'NONE', #2095 ) ;
#66 = VECTOR ( 'NONE', #2196, 1000.000000000000000 ) ;
#67 = LINE ( 'NONE', #296, #423 ) ;
#68 = ORIENTED_EDGE ( 'NONE', *, *, #1182, .T. ) ;
#69 = VECTOR ( 'NONE', #1074, 1000.000000000000000 ) ;
#70 = DIRECTION ( 'NONE',  ( 0.000000000000000000, 0.000000000000000000, 1.000000000000000000 ) ) ;
#71 = ORIENTED_EDGE ( 'NONE', *, *, #1740, .F. ) ;
#72 = LINE ( 'NONE', #1605, #294 ) ;
#73 = VERTEX_POINT ( 'NONE', #716 ) ;
#74 = CARTESIAN_POINT ( 'NONE',  ( 2.759999999999999787, 0.2000000000000000111, 6.700000000000000178 ) ) ;
#75 = EDGE_CURVE ( 'NONE', #2046, #1513, #1496, .T. ) ;
#76 = CARTESIAN_POINT ( 'NONE',  ( 5.029999999999999361, 0.5999999999999999778, 1.699999999999999956 ) ) ;
#77 = LINE ( 'NONE', #2408, #2048 ) ;
#78 = VECTOR ( 'NONE', #127, 1000.000000000000000 ) ;
#79 = EDGE_CURVE ( 'NONE', #939, #1613, #1085, .T. ) ;
#80 = VERTEX_POINT ( 'NONE', #1305 ) ;
#81 = VECTOR ( 'NONE', #1964, 1000.000000000000000 ) ;
#82 = FACE_OUTER_BOUND ( 'NONE', #481, .T. ) ;
#83 = VERTEX_POINT ( 'NONE', #2082 ) ;
#84 = AXIS2_PLACEMENT_3D ( 'NONE', #356, #2133, #1938 ) ;
#85 = ORIENTED_EDGE ( 'NONE', *, *, #1491, .T. ) ;
#86 = DIRECTION ( 'NONE',  ( -1.316927397977848015E-16, 1.000000000000000000, 0.000000000000000000 ) ) ;
#87 = PLANE ( 'NONE',  #524 ) ;
#88 = EDGE_CURVE ( 'NONE', #2388, #1843, #139, .T. ) ;
#89 = ORIENTED_EDGE ( 'NONE', *, *, #147, .F. ) ;
#90 = CARTESIAN_POINT ( 'NONE',  ( 10.42999999999999972, 3.200000000000000178, 0.000000000000000000 ) ) ;
#91 = AXIS2_PLACEMENT_3D ( 'NONE', #2105, #1376, #2524 ) ;
#92 = AXIS2_PLACEMENT_3D ( 'NONE', #2526, #968, #2186 ) ;
#93 = CARTESIAN_POINT ( 'NONE',  ( 1.529999999999999805, 0.2000000000000000111, 0.000000000000000000 ) ) ;
#94 = ORIENTED_EDGE ( 'NONE', *, *, #1679, .F. ) ;
#95 = EDGE_CURVE ( 'NONE', #589, #547, #935, .T. ) ;
#96 = CARTESIAN_POINT ( 'NONE',  ( 4.129999999999999893, 3.200000000000000178, 1.699999999999999956 ) ) ;
#97 = ORIENTED_EDGE ( 'NONE', *, *, #11, .T. ) ;
#98 = VECTOR ( 'NONE', #288, 1000.000000000000000 ) ;
#99 = EDGE_LOOP ( 'NONE', ( #71, #180, #1978, #1855 ) ) ;
#100 = VERTEX_POINT ( 'NONE', #740 ) ;
#101 = LINE ( 'NONE', #1315, #2243 ) ;
#102 = CARTESIAN_POINT ( 'NONE',  ( 4.129999999999999893, 0.5999999999999999778, 1.699999999999999956 ) ) ;
#103 = DIRECTION ( 'NONE',  ( -0.000000000000000000, -0.000000000000000000, -1.000000000000000000 ) ) ;
#104 = DIRECTION ( 'NONE',  ( -0.000000000000000000, 0.000000000000000000, 1.000000000000000000 ) ) ;
#105 = ADVANCED_FACE ( 'NONE', ( #1329 ), #886, .T. ) ;
#106 = DIRECTION ( 'NONE',  ( 0.000000000000000000, 1.000000000000000000, 0.000000000000000000 ) ) ;
#107 = AXIS2_PLACEMENT_3D ( 'NONE', #2189, #2000, #12 ) ;
#108 = ORIENTED_EDGE ( 'NONE', *, *, #1289, .T. ) ;
#109 =( NAMED_UNIT ( * ) PLANE_ANGLE_UNIT ( ) SI_UNIT ( $, .RADIAN. ) );
#110 = ORIENTED_EDGE ( 'NONE', *, *, #1231, .F. ) ;
#111 = VERTEX_POINT ( 'NONE', #1583 ) ;
#112 = CARTESIAN_POINT ( 'NONE',  ( 3.930000000000000160, 0.5999999999999999778, 1.699999999999999956 ) ) ;
#113 = DIRECTION ( 'NONE',  ( 1.000000000000000000, 4.228174589884199454E-17, 0.000000000000000000 ) ) ;
#114 = EDGE_CURVE ( 'NONE', #33, #1796, #969, .T. ) ;
#115 = CARTESIAN_POINT ( 'NONE',  ( 0.000000000000000000, 0.000000000000000000, 0.000000000000000000 ) ) ;
#116 = CARTESIAN_POINT ( 'NONE',  ( 5.029999999999999361, -3.649999999999999911, 2.799999999999999822 ) ) ;
#117 = ADVANCED_FACE ( 'NONE', ( #163 ), #2158, .T. ) ;
#118 = LINE ( 'NONE', #1851, #225 ) ;
#119 = ORIENTED_EDGE ( 'NONE', *, *, #1313, .F. ) ;
#120 = AXIS2_PLACEMENT_3D ( 'NONE', #2443, #692, #1918 ) ;
#121 = CARTESIAN_POINT ( 'NONE',  ( 9.029999999999999361, 0.2000000000000003719, 0.000000000000000000 ) ) ;
#122 = VERTEX_POINT ( 'NONE', #1393 ) ;
#123 = EDGE_CURVE ( 'NONE', #2072, #429, #1766, .T. ) ;
#124 = CARTESIAN_POINT ( 'NONE',  ( 4.929999999999998828, 10.69999999999999929, 1.999999999999999556 ) ) ;
#125 = CARTESIAN_POINT ( 'NONE',  ( 1.129999999999999893, 0.5999999999999999778, 2.799999999999999822 ) ) ;
#126 = CARTESIAN_POINT ( 'NONE',  ( 3.930000000000000160, 0.5999999999999999778, 2.799999999999999822 ) ) ;
#127 = DIRECTION ( 'NONE',  ( -4.228174589884200071E-17, 1.000000000000000000, -0.000000000000000000 ) ) ;
#128 = VECTOR ( 'NONE', #2354, 1000.000000000000000 ) ;
#129 = DIRECTION ( 'NONE',  ( 0.000000000000000000, 0.000000000000000000, 1.000000000000000000 ) ) ;
#130 = ORIENTED_EDGE ( 'NONE', *, *, #478, .T. ) ;
#131 = ADVANCED_FACE ( 'NONE', ( #1753 ), #1132, .F. ) ;
#132 = DIRECTION ( 'NONE',  ( 0.000000000000000000, 1.000000000000000000, 0.000000000000000000 ) ) ;
#133 = ORIENTED_EDGE ( 'NONE', *, *, #687, .F. ) ;
#134 = VECTOR ( 'NONE', #1382, 1000.000000000000000 ) ;
#135 = VERTEX_POINT ( 'NONE', #1568 ) ;
#136 = FACE_OUTER_BOUND ( 'NONE', #1604, .T. ) ;
#137 = CARTESIAN_POINT ( 'NONE',  ( 3.930000000000000160, 10.40000000000000036, 1.699999999999999956 ) ) ;
#138 = LINE ( 'NONE', #126, #2378 ) ;
#139 = LINE ( 'NONE', #2262, #284 ) ;
#140 = EDGE_CURVE ( 'NONE', #2246, #698, #373, .T. ) ;
#141 = FACE_OUTER_BOUND ( 'NONE', #155, .T. ) ;
#142 = ORIENTED_EDGE ( 'NONE', *, *, #1009, .T. ) ;
#143 = VECTOR ( 'NONE', #1078, 1000.000000000000000 ) ;
#144 = LINE ( 'NONE', #2317, #2137 ) ;
#145 = ORIENTED_EDGE ( 'NONE', *, *, #1522, .F. ) ;
#146 = ORIENTED_EDGE ( 'NONE', *, *, #2185, .F. ) ;
#147 = EDGE_CURVE ( 'NONE', #2229, #889, #2516, .T. ) ;
#148 = CARTESIAN_POINT ( 'NONE',  ( 0.3300000000000000155, 10.69999999999999929, 2.000000000000000000 ) ) ;
#149 = FACE_OUTER_BOUND ( 'NONE', #1067, .T. ) ;
#150 = LINE ( 'NONE', #175, #1398 ) ;
#151 = DIRECTION ( 'NONE',  ( 0.000000000000000000, -1.000000000000000000, 0.000000000000000000 ) ) ;
#152 = AXIS2_PLACEMENT_3D ( 'NONE', #397, #1377, #226 ) ;
#153 = EDGE_CURVE ( 'NONE', #429, #1194, #1728, .T. ) ;
#154 = DIRECTION ( 'NONE',  ( 0.000000000000000000, -1.000000000000000000, 0.000000000000000000 ) ) ;
#155 = EDGE_LOOP ( 'NONE', ( #817, #2201, #85, #1781 ) ) ;
#156 = CARTESIAN_POINT ( 'NONE',  ( 5.294999999999999929, 0.1999999977648260208, 2.799999999999999822 ) ) ;
#157 = VECTOR ( 'NONE', #654, 1000.000000000000000 ) ;
#158 = ORIENTED_EDGE ( 'NONE', *, *, #848, .T. ) ;
#159 = DIRECTION ( 'NONE',  ( 1.000000000000000000, 0.000000000000000000, 0.000000000000000000 ) ) ;
#160 = PLANE ( 'NONE',  #899 ) ;
#161 = EDGE_CURVE ( 'NONE', #1280, #2072, #787, .T. ) ;
#162 = CARTESIAN_POINT ( 'NONE',  ( 8.929999999999997939, -5.205634918610405393, 1.700000000000000178 ) ) ;
#163 = FACE_OUTER_BOUND ( 'NONE', #1562, .T. ) ;
#164 = ORIENTED_EDGE ( 'NONE', *, *, #793, .F. ) ;
#165 = DIRECTION ( 'NONE',  ( 0.000000000000000000, 0.000000000000000000, -1.000000000000000000 ) ) ;
#166 = ORIENTED_EDGE ( 'NONE', *, *, #2205, .T. ) ;
#167 = ORIENTED_EDGE ( 'NONE', *, *, #1602, .T. ) ;
#168 = CARTESIAN_POINT ( 'NONE',  ( 2.030000096419830147, 0.1999999977648259930, -1.199999999999999956 ) ) ;
#169 = VECTOR ( 'NONE', #957, 1000.000000000000000 ) ;
#170 = ORIENTED_EDGE ( 'NONE', *, *, #2013, .F. ) ;
#171 = VERTEX_POINT ( 'NONE', #1941 ) ;
#172 = FACE_BOUND ( 'NONE', #1252, .T. ) ;
#173 = DIRECTION ( 'NONE',  ( -8.992967021831382811E-16, -3.744074642749471498E-32, 1.000000000000000000 ) ) ;
#174 = VECTOR ( 'NONE', #1945, 1000.000000000000000 ) ;
#175 = CARTESIAN_POINT ( 'NONE',  ( 8.929999999999997939, -5.205634918610405393, 1.700000000000000178 ) ) ;
#176 = CARTESIAN_POINT ( 'NONE',  ( 3.030000120168550026, 2.399999999999999911, 1.399999973177910029 ) ) ;
#177 = CARTESIAN_POINT ( 'NONE',  ( 5.029999999999999361, 0.5999999999999999778, 2.799999999999999822 ) ) ;
#178 = ORIENTED_EDGE ( 'NONE', *, *, #1769, .F. ) ;
#179 = EDGE_CURVE ( 'NONE', #391, #1194, #2527, .T. ) ;
#180 = ORIENTED_EDGE ( 'NONE', *, *, #2161, .F. ) ;
#181 = FACE_OUTER_BOUND ( 'NONE', #754, .T. ) ;
#182 = ORIENTED_EDGE ( 'NONE', *, *, #2521, .F. ) ;
#183 = VECTOR ( 'NONE', #839, 1000.000000000000000 ) ;
#184 = ORIENTED_EDGE ( 'NONE', *, *, #852, .T. ) ;
#185 = AXIS2_PLACEMENT_3D ( 'NONE', #1767, #2381, #215 ) ;
#186 = ORIENTED_EDGE ( 'NONE', *, *, #790, .T. ) ;
#187 = LINE ( 'NONE', #966, #1506 ) ;
#188 = FACE_OUTER_BOUND ( 'NONE', #1887, .T. ) ;
#189 = LINE ( 'NONE', #624, #1706 ) ;
#190 = LINE ( 'NONE', #594, #857 ) ;
#191 = LINE ( 'NONE', #1810, #2102 ) ;
#192 = EDGE_CURVE ( 'NONE', #1219, #1500, #776, .T. ) ;
#193 = CARTESIAN_POINT ( 'NONE',  ( 2.299999999999999822, 1.387778780781450113E-16, 6.700000000000000178 ) ) ;
#194 = EDGE_LOOP ( 'NONE', ( #629, #248, #1499, #950 ) ) ;
#195 = VERTEX_POINT ( 'NONE', #2350 ) ;
#196 = LINE ( 'NONE', #6, #1161 ) ;
#197 = PLANE ( 'NONE',  #84 ) ;
#198 = VECTOR ( 'NONE', #1651, 1000.000000000000000 ) ;
#199 = EDGE_CURVE ( 'NONE', #1307, #2070, #190, .T. ) ;
#200 = FACE_OUTER_BOUND ( 'NONE', #244, .T. ) ;
#201 = DIRECTION ( 'NONE',  ( 1.000000000000000000, 0.000000000000000000, 0.000000000000000000 ) ) ;
#202 = CARTESIAN_POINT ( 'NONE',  ( 7.430000000000004157, 3.141533720283961933E-16, -1.199999999999999956 ) ) ;
#203 = ORIENTED_EDGE ( 'NONE', *, *, #1260, .T. ) ;
#204 = CARTESIAN_POINT ( 'NONE',  ( 8.929999999999997939, -3.649999999999999911, 2.800000000000000266 ) ) ;
#205 = CARTESIAN_POINT ( 'NONE',  ( 1.500000000000000000, 0.2000000000000000111, 6.700000000000000178 ) ) ;
#206 = EDGE_CURVE ( 'NONE', #1827, #1259, #2505, .T. ) ;
#207 = ORIENTED_EDGE ( 'NONE', *, *, #1912, .T. ) ;
#208 = VECTOR ( 'NONE', #811, 1000.000000000000000 ) ;
#209 = FACE_OUTER_BOUND ( 'NONE', #472, .T. ) ;
#210 = ORIENTED_EDGE ( 'NONE', *, *, #598, .F. ) ;
#211 = CARTESIAN_POINT ( 'NONE',  ( 7.429999999999999716, 2.400000000000000355, 4.899999986588953860 ) ) ;
#212 = DIRECTION ( 'NONE',  ( -0.000000000000000000, 1.000000000000000000, -0.000000000000000000 ) ) ;
#213 = DIRECTION ( 'NONE',  ( -0.000000000000000000, -0.000000000000000000, -1.000000000000000000 ) ) ;
#214 = LINE ( 'NONE', #995, #1014 ) ;
#215 = DIRECTION ( 'NONE',  ( 1.000000000000000000, 0.000000000000000000, 0.000000000000000000 ) ) ;
#216 = ORIENTED_EDGE ( 'NONE', *, *, #579, .F. ) ;
#217 = ADVANCED_FACE ( 'NONE', ( #2121 ), #2364, .T. ) ;
#218 = DIRECTION ( 'NONE',  ( 0.000000000000000000, -1.000000000000000000, 0.000000000000000000 ) ) ;
#219 = PLANE ( 'NONE',  #870 ) ;
#220 = ORIENTED_EDGE ( 'NONE', *, *, #330, .F. ) ;
#221 = CARTESIAN_POINT ( 'NONE',  ( 2.530000120168550026, 2.399999999999999911, 3.949999973177909851 ) ) ;
#222 = ORIENTED_EDGE ( 'NONE', *, *, #2084, .F. ) ;
#223 = CARTESIAN_POINT ( 'NONE',  ( 5.029999999999999361, 3.200000000000000178, 2.799999999999999822 ) ) ;
#224 = LINE ( 'NONE', #1610, #1959 ) ;
#225 = VECTOR ( 'NONE', #2444, 1000.000000000000000 ) ;
#226 = DIRECTION ( 'NONE',  ( 0.000000000000000000, 0.000000000000000000, 1.000000000000000000 ) ) ;
#227 = CARTESIAN_POINT ( 'NONE',  ( 5.429999999999999716, 2.400000000000000355, 1.399999999999999911 ) ) ;
#228 = ORIENTED_EDGE ( 'NONE', *, *, #551, .F. ) ;
#229 = DIRECTION ( 'NONE',  ( 0.000000000000000000, -0.7071067811865440200, -0.7071067811865511255 ) ) ;
#230 = ORIENTED_EDGE ( 'NONE', *, *, #291, .F. ) ;
#231 = ADVANCED_FACE ( 'NONE', ( #1170 ), #1953, .F. ) ;
#232 = LINE ( 'NONE', #1413, #134 ) ;
#233 = ORIENTED_EDGE ( 'NONE', *, *, #140, .F. ) ;
#234 = LINE ( 'NONE', #1235, #2011 ) ;
#235 = ORIENTED_EDGE ( 'NONE', *, *, #374, .T. ) ;
#236 = DIRECTION ( 'NONE',  ( -1.000000000000000000, 0.000000000000000000, 2.168404344971008868E-16 ) ) ;
#237 = LINE ( 'NONE', #814, #1802 ) ;
#238 = CARTESIAN_POINT ( 'NONE',  ( -0.06999999999999999278, 7.499999738484619982, -2.278000000000000025 ) ) ;
#239 = PLANE ( 'NONE',  #2446 ) ;
#240 = EDGE_CURVE ( 'NONE', #1907, #1427, #214, .T. ) ;
#241 = ORIENTED_EDGE ( 'NONE', *, *, #2109, .T. ) ;
#242 = VECTOR ( 'NONE', #477, 1000.000000000000000 ) ;
#243 = DIRECTION ( 'NONE',  ( -0.5773502691896238437, 0.5773502691896267303, -0.5773502691896267303 ) ) ;
#244 = EDGE_LOOP ( 'NONE', ( #2508, #878, #1641, #749 ) ) ;
#245 = ADVANCED_FACE ( 'NONE', ( #801 ), #609, .T. ) ;
#246 =( GEOMETRIC_REPRESENTATION_CONTEXT ( 3 ) GLOBAL_UNCERTAINTY_ASSIGNED_CONTEXT ( ( #1800 ) ) GLOBAL_UNIT_ASSIGNED_CONTEXT ( ( #2225, #1055, #699 ) ) REPRESENTATION_CONTEXT ( 'NONE', 'WORKASPACE' ) );
#247 = LINE ( 'NONE', #2385, #2177 ) ;
#248 = ORIENTED_EDGE ( 'NONE', *, *, #291, .T. ) ;
#249 = PLANE ( 'NONE',  #1397 ) ;
#250 = VERTEX_POINT ( 'NONE', #37 ) ;
#251 = LINE ( 'NONE', #2032, #924 ) ;
#252 = CARTESIAN_POINT ( 'NONE',  ( 4.929999999999998828, 4.349999999999939249, -4.349999999999988098 ) ) ;
#253 = VECTOR ( 'NONE', #1958, 1000.000000000000000 ) ;
#254 = LINE ( 'NONE', #1638, #856 ) ;
#255 = EDGE_LOOP ( 'NONE', ( #2499, #1000, #1626, #233 ) ) ;
#256 = CARTESIAN_POINT ( 'NONE',  ( 7.429999999999997939, 3.200000000000000178, 0.000000000000000000 ) ) ;
#257 = ORIENTED_EDGE ( 'NONE', *, *, #959, .F. ) ;
#258 = VECTOR ( 'NONE', #70, 1000.000000000000000 ) ;
#259 = CARTESIAN_POINT ( 'NONE',  ( 10.42999999999999972, 0.000000000000000000, 0.000000000000000000 ) ) ;
#260 = EDGE_CURVE ( 'NONE', #2246, #542, #426, .T. ) ;
#261 = EDGE_LOOP ( 'NONE', ( #1963, #1490, #1865, #439 ) ) ;
#262 = CARTESIAN_POINT ( 'NONE',  ( 3.559999999999999609, 1.387778780781450113E-16, 6.700000000000000178 ) ) ;
#263 = ORIENTED_EDGE ( 'NONE', *, *, #2054, .F. ) ;
#264 = CARTESIAN_POINT ( 'NONE',  ( 0.000000000000000000, 7.499999738484619982, -2.278000000000000025 ) ) ;
#265 = LINE ( 'NONE', #1650, #1675 ) ;
#266 = ORIENTED_EDGE ( 'NONE', *, *, #1897, .T. ) ;
#267 = EDGE_CURVE ( 'NONE', #1846, #709, #2417, .T. ) ;
#268 = DIRECTION ( 'NONE',  ( -7.930164461608259453E-16, 0.000000000000000000, 1.000000000000000000 ) ) ;
#269 = AXIS2_PLACEMENT_3D ( 'NONE', #1325, #2104, #553 ) ;
#270 = DIRECTION ( 'NONE',  ( 0.5773502691896260641, 0.5773502691896260641, 0.5773502691896250649 ) ) ;
#271 = ORIENTED_EDGE ( 'NONE', *, *, #1289, .F. ) ;
#272 = VECTOR ( 'NONE', #2160, 1000.000000000000000 ) ;
#273 = CARTESIAN_POINT ( 'NONE',  ( 9.330000000000000071, 3.944886892361958473E-16, 0.000000000000000000 ) ) ;
#274 = ORIENTED_EDGE ( 'NONE', *, *, #1655, .T. ) ;
#275 = EDGE_CURVE ( 'NONE', #1324, #299, #829, .T. ) ;
#276 = LINE ( 'NONE', #2437, #1729 ) ;
#277 = AXIS2_PLACEMENT_3D ( 'NONE', #1213, #2156, #608 ) ;
#278 = ORIENTED_EDGE ( 'NONE', *, *, #652, .T. ) ;
#279 = PLANE ( 'NONE',  #1617 ) ;
#280 = PLANE ( 'NONE',  #2529 ) ;
#281 = LINE ( 'NONE', #411, #2525 ) ;
#282 = EDGE_CURVE ( 'NONE', #1510, #1872, #668, .T. ) ;
#283 = LINE ( 'NONE', #2420, #545 ) ;
#284 = VECTOR ( 'NONE', #1905, 1000.000000000000000 ) ;
#285 = ORIENTED_EDGE ( 'NONE', *, *, #762, .F. ) ;
#286 = DIRECTION ( 'NONE',  ( 0.000000000000000000, 0.000000000000000000, 1.000000000000000000 ) ) ;
#287 = VERTEX_POINT ( 'NONE', #2406 ) ;
#288 = DIRECTION ( 'NONE',  ( -1.000000000000000000, 0.000000000000000000, 0.000000000000000000 ) ) ;
#289 = ADVANCED_FACE ( 'NONE', ( #1449 ), #2392, .T. ) ;
#290 = VERTEX_POINT ( 'NONE', #1821 ) ;
#291 = EDGE_CURVE ( 'NONE', #653, #2046, #1848, .T. ) ;
#292 = LINE ( 'NONE', #322, #392 ) ;
#293 = CARTESIAN_POINT ( 'NONE',  ( 9.330000000000001847, 0.2000000000000003997, 6.700000000000000178 ) ) ;
#294 = VECTOR ( 'NONE', #2220, 1000.000000000000000 ) ;
#295 = VECTOR ( 'NONE', #1109, 1000.000000000000000 ) ;
#296 = CARTESIAN_POINT ( 'NONE',  ( 8.929999999999997939, 12.25563491861040255, 2.799999999999999822 ) ) ;
#297 = ORIENTED_EDGE ( 'NONE', *, *, #669, .F. ) ;
#298 = CARTESIAN_POINT ( 'NONE',  ( 10.42999999999999972, 3.200000000000000178, 0.000000000000000000 ) ) ;
#299 = VERTEX_POINT ( 'NONE', #90 ) ;
#300 = VECTOR ( 'NONE', #2398, 1000.000000000000000 ) ;
#301 = LINE ( 'NONE', #2255, #1357 ) ;
#302 = ORIENTED_EDGE ( 'NONE', *, *, #762, .T. ) ;
#303 = DIRECTION ( 'NONE',  ( 0.000000000000000000, -1.000000000000000000, 0.000000000000000000 ) ) ;
#304 = PLANE ( 'NONE',  #2130 ) ;
#305 = PLANE ( 'NONE',  #550 ) ;
#306 = DIRECTION ( 'NONE',  ( 0.000000000000000000, 0.000000000000000000, -1.000000000000000000 ) ) ;
#307 = DIRECTION ( 'NONE',  ( 0.000000000000000000, 0.3219027332387019991, -0.9467727448197128526 ) ) ;
#308 = ORIENTED_EDGE ( 'NONE', *, *, #1114, .T. ) ;
#309 = EDGE_CURVE ( 'NONE', #1584, #1745, #254, .T. ) ;
#310 = CARTESIAN_POINT ( 'NONE',  ( -1.469999999999999973, -5.925961452369459190E-16, 0.000000000000000000 ) ) ;
#311 = ORIENTED_EDGE ( 'NONE', *, *, #2351, .F. ) ;
#312 = CARTESIAN_POINT ( 'NONE',  ( 10.42999999999999972, 3.200000000000000178, 6.700000000000000178 ) ) ;
#313 = CARTESIAN_POINT ( 'NONE',  ( 7.829999999999998295, 12.25563491861040255, 2.799999999999999822 ) ) ;
#314 = CARTESIAN_POINT ( 'NONE',  ( -0.06999999999999999278, 11.69999973848460151, -0.1499999999999999944 ) ) ;
#315 = EDGE_CURVE ( 'NONE', #1796, #655, #2187, .T. ) ;
#316 = PLANE ( 'NONE',  #2324 ) ;
#317 = DIRECTION ( 'NONE',  ( -1.000000000000000000, -4.228174589884199454E-17, 1.097926250618232273E-16 ) ) ;
#318 = VERTEX_POINT ( 'NONE', #872 ) ;
#319 = AXIS2_PLACEMENT_3D ( 'NONE', #1240, #859, #268 ) ;
#320 = CARTESIAN_POINT ( 'NONE',  ( 8.086666666666674885, 11.24333333333332163, 1.956666666666680321 ) ) ;
#321 = ORIENTED_EDGE ( 'NONE', *, *, #1385, .T. ) ;
#322 = CARTESIAN_POINT ( 'NONE',  ( 5.429999999999999716, 3.200000000000000178, 3.099999973177910650 ) ) ;
#323 = DIRECTION ( 'NONE',  ( 0.000000000000000000, 0.000000000000000000, -1.000000000000000000 ) ) ;
#324 = LINE ( 'NONE', #2477, #2497 ) ;
#325 = DIRECTION ( 'NONE',  ( 0.000000000000000000, 0.000000000000000000, 1.000000000000000000 ) ) ;
#326 = VECTOR ( 'NONE', #2272, 1000.000000000000000 ) ;
#327 = DIRECTION ( 'NONE',  ( 0.7071067811865474617, -0.7071067811865474617, 0.000000000000000000 ) ) ;
#328 = VERTEX_POINT ( 'NONE', #2033 ) ;
#329 = DIRECTION ( 'NONE',  ( -0.000000000000000000, -0.000000000000000000, 1.000000000000000000 ) ) ;
#330 = EDGE_CURVE ( 'NONE', #1500, #838, #281, .T. ) ;
#331 = EDGE_LOOP ( 'NONE', ( #917, #511, #158, #2193 ) ) ;
#332 = CARTESIAN_POINT ( 'NONE',  ( 3.930000000000000160, -3.649999999999999911, 1.699999999999999956 ) ) ;
#333 = DIRECTION ( 'NONE',  ( 0.000000000000000000, -1.000000000000000000, 0.000000000000000000 ) ) ;
#334 = EDGE_CURVE ( 'NONE', #547, #2126, #51, .T. ) ;
#335 = DIRECTION ( 'NONE',  ( 0.000000000000000000, -1.000000000000000000, 0.000000000000000000 ) ) ;
#336 = CARTESIAN_POINT ( 'NONE',  ( 8.929999999999997939, -3.649999999999999911, 1.700000000000000178 ) ) ;
#337 = FACE_OUTER_BOUND ( 'NONE', #1536, .T. ) ;
#338 = EDGE_LOOP ( 'NONE', ( #1293, #812, #38, #1721 ) ) ;
#339 = VECTOR ( 'NONE', #34, 1000.000000000000000 ) ;
#340 = DIRECTION ( 'NONE',  ( 1.000000000000000000, 0.000000000000000000, 0.000000000000000000 ) ) ;
#341 = ADVANCED_FACE ( 'NONE', ( #2429 ), #239, .T. ) ;
#342 = VERTEX_POINT ( 'NONE', #1007 ) ;
#343 = ORIENTED_EDGE ( 'NONE', *, *, #114, .T. ) ;
#344 = CARTESIAN_POINT ( 'NONE',  ( 8.929999999999997939, 0.1999999977648260208, 2.800000000000000266 ) ) ;
#345 = CARTESIAN_POINT ( 'NONE',  ( 1.530000072671099831, 0.000000000000000000, -1.199999999999999956 ) ) ;
#346 = CARTESIAN_POINT ( 'NONE',  ( 1.500000000000000000, 0.2000000000000000111, 0.000000000000000000 ) ) ;
#347 = EDGE_CURVE ( 'NONE', #1364, #2, #679, .T. ) ;
#348 = ORIENTED_EDGE ( 'NONE', *, *, #260, .T. ) ;
#349 = DIRECTION ( 'NONE',  ( -0.7071067811865475727, -0.7071067811865475727, 0.000000000000000000 ) ) ;
#350 = ORIENTED_EDGE ( 'NONE', *, *, #1296, .T. ) ;
#351 = CARTESIAN_POINT ( 'NONE',  ( 2.069999999999999840, 8.752321401060289050E-17, 0.000000000000000000 ) ) ;
#352 = CLOSED_SHELL ( 'NONE', ( #1117, #500, #2401, #1933, #1335, #907, #912, #1285, #672, #1999, #582, #745, #217, #1451, #1275, #377, #982, #604, #2019, #2366, #131, #454, #613, #2438, #117, #1908, #808, #474, #2125, #802, #2286, #537, #1702, #1566, #2506, #231, #2355, #532, #2464, #1637, #733, #2074, #1558, #367, #1094, #1030, #105, #2258, #844, #390, #739, #902, #1145, #2473, #1077, #1056, #2058, #695, #1551, #341, #2237, #1977, #245, #2098, #1442, #975, #2297, #1732, #1299, #2035, #1456, #440, #1141, #1820, #57, #1488, #1204, #1642, #2393, #864, #289, #821, #2336, #2148, #885 ) ) ;
#353 = ORIENTED_EDGE ( 'NONE', *, *, #1912, .F. ) ;
#354 = ORIENTED_EDGE ( 'NONE', *, *, #1740, .T. ) ;
#355 = FACE_BOUND ( 'NONE', #42, .T. ) ;
#356 = CARTESIAN_POINT ( 'NONE',  ( 2.530000120168550026, 2.399999999999999911, 1.699999973177910073 ) ) ;
#357 = VECTOR ( 'NONE', #173, 1000.000000000000000 ) ;
#358 = CARTESIAN_POINT ( 'NONE',  ( 9.029999999999999361, 3.200000000000000178, 0.000000000000000000 ) ) ;
#359 = EDGE_CURVE ( 'NONE', #1049, #1731, #438, .T. ) ;
#360 = CARTESIAN_POINT ( 'NONE',  ( 3.530000000000000249, 2.014543984597400070E-16, 0.000000000000000000 ) ) ;
#361 = LINE ( 'NONE', #1498, #1988 ) ;
#362 = AXIS2_PLACEMENT_3D ( 'NONE', #351, #2088, #1115 ) ;
#363 = ORIENTED_EDGE ( 'NONE', *, *, #516, .T. ) ;
#364 = VERTEX_POINT ( 'NONE', #1020 ) ;
#365 = CARTESIAN_POINT ( 'NONE',  ( 0.4049999999999999711, 10.55000000000000071, 1.850000000000000089 ) ) ;
#366 = EDGE_LOOP ( 'NONE', ( #44, #616, #297, #1537 ) ) ;
#367 = ADVANCED_FACE ( 'NONE', ( #1408 ), #1792, .F. ) ;
#368 = EDGE_LOOP ( 'NONE', ( #420, #1343, #1011, #1631 ) ) ;
#369 = CARTESIAN_POINT ( 'NONE',  ( -0.07000000332482160526, 7.499999738484619982, -1.199999999999999956 ) ) ;
#370 = LINE ( 'NONE', #1181, #1022 ) ;
#371 = VECTOR ( 'NONE', #2294, 1000.000000000000000 ) ;
#372 = PLANE ( 'NONE',  #1239 ) ;
#373 = LINE ( 'NONE', #1533, #1954 ) ;
#374 = EDGE_CURVE ( 'NONE', #1621, #676, #843, .T. ) ;
#375 = CARTESIAN_POINT ( 'NONE',  ( 9.664999999999997371, 9.664999999999997371, -1.200000000000000178 ) ) ;
#376 = LINE ( 'NONE', #1356, #174 ) ;
#377 = ADVANCED_FACE ( 'NONE', ( #1433 ), #2023, .T. ) ;
#378 = VERTEX_POINT ( 'NONE', #713 ) ;
#379 = VECTOR ( 'NONE', #86, 1000.000000000000000 ) ;
#380 = VERTEX_POINT ( 'NONE', #725 ) ;
#381 = CARTESIAN_POINT ( 'NONE',  ( 1.530000120168550026, 2.399999999999999911, 5.324999973177909851 ) ) ;
#382 = CARTESIAN_POINT ( 'NONE',  ( 9.329999999999998295, 0.2000000000000004274, 2.657955826515501219 ) ) ;
#383 = EDGE_CURVE ( 'NONE', #1219, #698, #2489, .T. ) ;
#384 = CARTESIAN_POINT ( 'NONE',  ( 5.429999999999999716, 2.400000000000000355, 1.399999999999999911 ) ) ;
#385 = DIRECTION ( 'NONE',  ( 0.000000000000000000, 0.000000000000000000, -1.000000000000000000 ) ) ;
#386 = EDGE_CURVE ( 'NONE', #2126, #2100, #292, .T. ) ;
#387 = DIRECTION ( 'NONE',  ( 0.000000000000000000, 0.000000000000000000, -1.000000000000000000 ) ) ;
#388 = CARTESIAN_POINT ( 'NONE',  ( 3.530000167665999999, 0.000000000000000000, -1.199999999999999956 ) ) ;
#389 = CARTESIAN_POINT ( 'NONE',  ( 7.829999999999998295, -5.205634918610405393, 2.800000000000000266 ) ) ;
#390 = ADVANCED_FACE ( 'NONE', ( #1866 ), #501, .T. ) ;
#391 = VERTEX_POINT ( 'NONE', #2271 ) ;
#392 = VECTOR ( 'NONE', #1683, 1000.000000000000000 ) ;
#393 = ORIENTED_EDGE ( 'NONE', *, *, #1660, .F. ) ;
#394 = PLANE ( 'NONE',  #467 ) ;
#395 = LINE ( 'NONE', #1530, #1435 ) ;
#396 = EDGE_CURVE ( 'NONE', #1882, #518, #1082, .T. ) ;
#397 = CARTESIAN_POINT ( 'NONE',  ( 0.03000000000000100156, 0.5999999999999999778, 2.600000000000000089 ) ) ;
#398 = DIRECTION ( 'NONE',  ( -0.5773502691896280625, 0.5773502691896280625, 0.5773502691896212902 ) ) ;
#399 = LINE ( 'NONE', #643, #1741 ) ;
#400 = CARTESIAN_POINT ( 'NONE',  ( 5.029999999999999361, 0.5999999999999999778, 2.799999999999999822 ) ) ;
#401 = DIRECTION ( 'NONE',  ( -7.930164461608259453E-16, 0.000000000000000000, 1.000000000000000000 ) ) ;
#402 = ORIENTED_EDGE ( 'NONE', *, *, #996, .F. ) ;
#403 = AXIS2_PLACEMENT_3D ( 'NONE', #956, #1168, #1725 ) ;
#404 = AXIS2_PLACEMENT_3D ( 'NONE', #514, #2300, #335 ) ;
#405 = CARTESIAN_POINT ( 'NONE',  ( 9.029999999999999361, 0.03300119475741913194, 0.5500199126236318126 ) ) ;
#406 = ORIENTED_EDGE ( 'NONE', *, *, #1304, .F. ) ;
#407 = CARTESIAN_POINT ( 'NONE',  ( -0.3699999999999999956, -1.585917604895820247E-16, 0.000000000000000000 ) ) ;
#408 = DIRECTION ( 'NONE',  ( -1.000000000000000000, 0.000000000000000000, 0.000000000000000000 ) ) ;
#409 = DIRECTION ( 'NONE',  ( 1.000000000000000000, 0.000000000000000000, 0.000000000000000000 ) ) ;
#410 = COLOUR_RGB ( '',0.7921568627450980005, 0.8196078431372548767, 0.9333333333333333481 ) ;
#411 = CARTESIAN_POINT ( 'NONE',  ( 4.929999999999998828, 10.69999999999999929, 2.499999999999999556 ) ) ;
#412 = EDGE_CURVE ( 'NONE', #1682, #2388, #101, .T. ) ;
#413 = ORIENTED_EDGE ( 'NONE', *, *, #1793, .T. ) ;
#414 = DIRECTION ( 'NONE',  ( 0.000000000000000000, 0.7071067811865511255, -0.7071067811865440200 ) ) ;
#415 = FACE_OUTER_BOUND ( 'NONE', #2289, .T. ) ;
#416 = LINE ( 'NONE', #205, #450 ) ;
#417 = ORIENTED_EDGE ( 'NONE', *, *, #712, .F. ) ;
#418 = DIRECTION ( 'NONE',  ( 1.000000000000000000, 0.000000000000000000, 0.000000000000000000 ) ) ;
#419 = EDGE_CURVE ( 'NONE', #2190, #328, #2065, .T. ) ;
#420 = ORIENTED_EDGE ( 'NONE', *, *, #1607, .F. ) ;
#421 = CARTESIAN_POINT ( 'NONE',  ( 0.4049999999999999711, 10.40000000000000036, 1.699999999999999956 ) ) ;
#422 = FACE_OUTER_BOUND ( 'NONE', #255, .T. ) ;
#423 = VECTOR ( 'NONE', #1048, 1000.000000000000000 ) ;
#424 = DIRECTION ( 'NONE',  ( 0.000000000000000000, 1.000000000000000000, 0.000000000000000000 ) ) ;
#425 = EDGE_CURVE ( 'NONE', #287, #495, #1092, .T. ) ;
#426 = LINE ( 'NONE', #1214, #2076 ) ;
#427 = ORIENTED_EDGE ( 'NONE', *, *, #1904, .T. ) ;
#428 = PLANE ( 'NONE',  #2472 ) ;
#429 = VERTEX_POINT ( 'NONE', #2055 ) ;
#430 = DIRECTION ( 'NONE',  ( 0.000000000000000000, 0.000000000000000000, 1.000000000000000000 ) ) ;
#431 = ORIENTED_EDGE ( 'NONE', *, *, #990, .F. ) ;
#432 = DIRECTION ( 'NONE',  ( 0.000000000000000000, 1.000000000000000000, 0.000000000000000000 ) ) ;
#433 = ORIENTED_EDGE ( 'NONE', *, *, #953, .F. ) ;
#434 = LINE ( 'NONE', #1223, #66 ) ;
#435 = FACE_OUTER_BOUND ( 'NONE', #1850, .T. ) ;
#436 = DIRECTION ( 'NONE',  ( 0.000000000000000000, 0.000000000000000000, -1.000000000000000000 ) ) ;
#437 = AXIS2_PLACEMENT_3D ( 'NONE', #2174, #1544, #2327 ) ;
#438 = LINE ( 'NONE', #1997, #937 ) ;
#439 = ORIENTED_EDGE ( 'NONE', *, *, #179, .F. ) ;
#440 = ADVANCED_FACE ( 'NONE', ( #1470 ), #1696, .T. ) ;
#441 = FACE_OUTER_BOUND ( 'NONE', #2414, .T. ) ;
#442 = EDGE_LOOP ( 'NONE', ( #445, #1830, #2512, #2374 ) ) ;
#443 = VECTOR ( 'NONE', #2323, 1000.000000000000000 ) ;
#444 = DIRECTION ( 'NONE',  ( 0.000000000000000000, 0.000000000000000000, -1.000000000000000000 ) ) ;
#445 = ORIENTED_EDGE ( 'NONE', *, *, #334, .T. ) ;
#446 = PLANE ( 'NONE',  #3 ) ;
#447 = ORIENTED_EDGE ( 'NONE', *, *, #1104, .F. ) ;
#448 = CARTESIAN_POINT ( 'NONE',  ( 5.029999999999999361, 0.5999999999999999778, 1.899999999999999911 ) ) ;
#449 = LINE ( 'NONE', #2390, #2005 ) ;
#450 = VECTOR ( 'NONE', #1588, 1000.000000000000000 ) ;
#451 = DIRECTION ( 'NONE',  ( 0.000000000000000000, 0.000000000000000000, -1.000000000000000000 ) ) ;
#452 = ORIENTED_EDGE ( 'NONE', *, *, #25, .F. ) ;
#453 = DIRECTION ( 'NONE',  ( 7.930164461608259453E-16, 0.000000000000000000, -1.000000000000000000 ) ) ;
#454 = ADVANCED_FACE ( 'NONE', ( #1663 ), #1888, .T. ) ;
#455 = ORIENTED_EDGE ( 'NONE', *, *, #727, .F. ) ;
#456 = VECTOR ( 'NONE', #779, 1000.000000000000000 ) ;
#457 = LINE ( 'NONE', #298, #2435 ) ;
#458 = VERTEX_POINT ( 'NONE', #1480 ) ;
#459 = SURFACE_STYLE_USAGE ( .BOTH. , #1489 ) ;
#460 = EDGE_CURVE ( 'NONE', #2306, #1907, #2259, .T. ) ;
#461 = ORIENTED_EDGE ( 'NONE', *, *, #793, .T. ) ;
#462 = LINE ( 'NONE', #264, #1694 ) ;
#463 = DIRECTION ( 'NONE',  ( 0.000000000000000000, 0.000000000000000000, 1.000000000000000000 ) ) ;
#464 = ORIENTED_EDGE ( 'NONE', *, *, #687, .T. ) ;
#465 = ORIENTED_EDGE ( 'NONE', *, *, #2458, .T. ) ;
#466 = CARTESIAN_POINT ( 'NONE',  ( 5.029999999999999361, 3.200000000000000178, 1.899999999999999911 ) ) ;
#467 = AXIS2_PLACEMENT_3D ( 'NONE', #782, #2345, #590 ) ;
#468 = CARTESIAN_POINT ( 'NONE',  ( 8.929999999999997939, 3.200000000000000178, 2.799999999999999822 ) ) ;
#469 = ORIENTED_EDGE ( 'NONE', *, *, #852, .F. ) ;
#470 = EDGE_CURVE ( 'NONE', #2256, #767, #1672, .T. ) ;
#471 = CARTESIAN_POINT ( 'NONE',  ( 7.430000000000003268, 0.2000000000000003442, -1.200000000000000844 ) ) ;
#472 = EDGE_LOOP ( 'NONE', ( #1228, #97, #711, #891, #1065, #1923, #2278, #1474, #1323, #1138, #2466, #2175 ) ) ;
#473 = FACE_OUTER_BOUND ( 'NONE', #964, .T. ) ;
#474 = ADVANCED_FACE ( 'NONE', ( #136 ), #736, .F. ) ;
#475 = VECTOR ( 'NONE', #409, 1000.000000000000000 ) ;
#476 = EDGE_LOOP ( 'NONE', ( #534, #1550, #558, #1993 ) ) ;
#477 = DIRECTION ( 'NONE',  ( -1.000000000000000000, 0.000000000000000000, 2.168404344971008868E-16 ) ) ;
#478 = EDGE_CURVE ( 'NONE', #122, #549, #2092, .T. ) ;
#479 = CARTESIAN_POINT ( 'NONE',  ( 0.1800000000000000211, 10.55000000000000071, 2.425000000000000266 ) ) ;
#480 = AXIS2_PLACEMENT_3D ( 'NONE', #1107, #1287, #1877 ) ;
#481 = EDGE_LOOP ( 'NONE', ( #1116, #1088, #1618, #941, #2114, #1404 ) ) ;
#482 = FACE_OUTER_BOUND ( 'NONE', #52, .T. ) ;
#483 = ORIENTED_EDGE ( 'NONE', *, *, #1961, .T. ) ;
#484 = LINE ( 'NONE', #2051, #98 ) ;
#485 = ORIENTED_EDGE ( 'NONE', *, *, #2405, .F. ) ;
#486 = DIRECTION ( 'NONE',  ( 1.000000000000000000, 0.000000000000000000, 0.000000000000000000 ) ) ;
#487 = DIRECTION ( 'NONE',  ( 1.000000000000000000, 0.000000000000000000, 0.000000000000000000 ) ) ;
#488 = LINE ( 'NONE', #1073, #1027 ) ;
#489 = VECTOR ( 'NONE', #2326, 1000.000000000000000 ) ;
#490 = LINE ( 'NONE', #2044, #1163 ) ;
#491 = EDGE_CURVE ( 'NONE', #809, #1669, #701, .T. ) ;
#492 = CARTESIAN_POINT ( 'NONE',  ( 3.530000167665999999, 0.1999999977648259930, -1.199999999999999956 ) ) ;
#493 = EDGE_CURVE ( 'NONE', #589, #2319, #2077, .T. ) ;
#494 = FACE_OUTER_BOUND ( 'NONE', #976, .T. ) ;
#495 = VERTEX_POINT ( 'NONE', #332 ) ;
#496 = VECTOR ( 'NONE', #1, 1000.000000000000000 ) ;
#497 = DIRECTION ( 'NONE',  ( 0.000000000000000000, -1.000000000000000000, 0.000000000000000000 ) ) ;
#498 = ORIENTED_EDGE ( 'NONE', *, *, #1719, .T. ) ;
#499 = VERTEX_POINT ( 'NONE', #148 ) ;
#500 = ADVANCED_FACE ( 'NONE', ( #1118 ), #1901, .F. ) ;
#501 = PLANE ( 'NONE',  #480 ) ;
#502 = CARTESIAN_POINT ( 'NONE',  ( 4.729999999999999538, 10.69999999999999929, 2.000000000000000000 ) ) ;
#503 = DIRECTION ( 'NONE',  ( 4.228174589884199454E-17, -1.000000000000000000, 0.000000000000000000 ) ) ;
#504 = EDGE_CURVE ( 'NONE', #913, #380, #564, .T. ) ;
#505 = CARTESIAN_POINT ( 'NONE',  ( 1.129999999999999893, 0.2000000000000000944, 1.699999999999999956 ) ) ;
#506 = VECTOR ( 'NONE', #606, 1000.000000000000000 ) ;
#507 = DIRECTION ( 'NONE',  ( 0.000000000000000000, -1.000000000000000000, 0.000000000000000000 ) ) ;
#508 = VECTOR ( 'NONE', #1472, 1000.000000000000000 ) ;
#509 = ORIENTED_EDGE ( 'NONE', *, *, #1355, .F. ) ;
#510 = LINE ( 'NONE', #1101, #2460 ) ;
#511 = ORIENTED_EDGE ( 'NONE', *, *, #1245, .T. ) ;
#512 = CARTESIAN_POINT ( 'NONE',  ( 0.000000000000000000, 0.000000000000000000, 0.000000000000000000 ) ) ;
#513 = DIRECTION ( 'NONE',  ( 1.000000000000000000, 0.000000000000000000, 0.000000000000000000 ) ) ;
#514 = CARTESIAN_POINT ( 'NONE',  ( 0.2300000000000000100, 0.5999999999999999778, 1.699999999999999956 ) ) ;
#515 = DIRECTION ( 'NONE',  ( 0.000000000000000000, 0.000000000000000000, 1.000000000000000000 ) ) ;
#516 = EDGE_CURVE ( 'NONE', #1563, #2394, #943, .T. ) ;
#517 = DIRECTION ( 'NONE',  ( -1.000000000000000000, 0.000000000000000000, 0.000000000000000000 ) ) ;
#518 = VERTEX_POINT ( 'NONE', #760 ) ;
#519 = AXIS2_PLACEMENT_3D ( 'NONE', #958, #2136, #1739 ) ;
#520 = DIRECTION ( 'NONE',  ( 0.000000000000000000, 0.000000000000000000, 1.000000000000000000 ) ) ;
#521 = EDGE_CURVE ( 'NONE', #1324, #1786, #1541, .T. ) ;
#522 = ORIENTED_EDGE ( 'NONE', *, *, #1655, .F. ) ;
#523 = PRODUCT_CONTEXT ( 'NONE', #1359, 'mechanical' ) ;
#524 = AXIS2_PLACEMENT_3D ( 'NONE', #2022, #2008, #1033 ) ;
#525 = ORIENTED_EDGE ( 'NONE', *, *, #275, .F. ) ;
#526 = CARTESIAN_POINT ( 'NONE',  ( 3.830000181915239832, 0.1999999977648259930, -1.199999999999999956 ) ) ;
#527 = DIRECTION ( 'NONE',  ( -0.000000000000000000, -1.000000000000000000, -0.000000000000000000 ) ) ;
#528 = DIRECTION ( 'NONE',  ( -1.000000000000000000, 0.000000000000000000, 0.000000000000000000 ) ) ;
#529 = CARTESIAN_POINT ( 'NONE',  ( 8.929999999999997939, -5.205634918610405393, 2.800000000000000266 ) ) ;
#530 = AXIS2_PLACEMENT_3D ( 'NONE', #29, #2179, #401 ) ;
#531 = VECTOR ( 'NONE', #2107, 1000.000000000000000 ) ;
#532 = ADVANCED_FACE ( 'NONE', ( #1362 ), #2154, .F. ) ;
#533 = FACE_OUTER_BOUND ( 'NONE', #18, .T. ) ;
#534 = ORIENTED_EDGE ( 'NONE', *, *, #1171, .T. ) ;
#535 = LINE ( 'NONE', #2099, #625 ) ;
#536 = VERTEX_POINT ( 'NONE', #344 ) ;
#537 = ADVANCED_FACE ( 'NONE', ( #2523, #1143 ), #2132, .T. ) ;
#538 = PLANE ( 'NONE',  #269 ) ;
#539 = DIRECTION ( 'NONE',  ( -4.228174589884200071E-17, 1.000000000000000000, -0.000000000000000000 ) ) ;
#540 = CARTESIAN_POINT ( 'NONE',  ( 5.029999999999999361, 0.1999999977648260208, 1.899999999999999911 ) ) ;
#541 = CARTESIAN_POINT ( 'NONE',  ( 9.029999999999999361, 7.499999738484620870, -1.199999999999999956 ) ) ;
#542 = VERTEX_POINT ( 'NONE', #1375 ) ;
#543 = DIRECTION ( 'NONE',  ( -1.246830967311769467E-16, 0.9467727448197127416, 0.3219027332387019436 ) ) ;
#544 = EDGE_LOOP ( 'NONE', ( #2064, #1983, #1396, #1934 ) ) ;
#545 = VECTOR ( 'NONE', #270, 1000.000000000000114 ) ;
#546 = VECTOR ( 'NONE', #543, 1000.000000000000227 ) ;
#547 = VERTEX_POINT ( 'NONE', #1776 ) ;
#548 = CARTESIAN_POINT ( 'NONE',  ( 0.7550000000000000044, 10.40000000000000036, 2.799999999999999822 ) ) ;
#549 = VERTEX_POINT ( 'NONE', #369 ) ;
#550 = AXIS2_PLACEMENT_3D ( 'NONE', #1084, #1868, #1823 ) ;
#551 = EDGE_CURVE ( 'NONE', #1510, #589, #576, .T. ) ;
#552 = EDGE_LOOP ( 'NONE', ( #2482, #781, #465, #1257 ) ) ;
#553 = DIRECTION ( 'NONE',  ( 1.000000000000000000, 0.000000000000000000, 0.000000000000000000 ) ) ;
#554 = CARTESIAN_POINT ( 'NONE',  ( 9.329999999999998295, 3.944886892361957487E-16, 2.657955826515501219 ) ) ;
#555 = CARTESIAN_POINT ( 'NONE',  ( 3.530000000000000249, 1.492545630229119831E-16, 0.000000000000000000 ) ) ;
#556 = DIRECTION ( 'NONE',  ( -1.156482317317869950E-15, 1.000000000000000000, 0.000000000000000000 ) ) ;
#557 = DIRECTION ( 'NONE',  ( 7.930164461608259453E-16, 0.000000000000000000, -1.000000000000000000 ) ) ;
#558 = ORIENTED_EDGE ( 'NONE', *, *, #1508, .F. ) ;
#559 = ORIENTED_EDGE ( 'NONE', *, *, #1852, .T. ) ;
#560 = FACE_OUTER_BOUND ( 'NONE', #2416, .T. ) ;
#561 = ORIENTED_EDGE ( 'NONE', *, *, #727, .T. ) ;
#562 = AXIS2_PLACEMENT_3D ( 'NONE', #931, #1710, #159 ) ;
#563 = ORIENTED_EDGE ( 'NONE', *, *, #260, .F. ) ;
#564 = LINE ( 'NONE', #1564, #1058 ) ;
#565 = LINE ( 'NONE', #2311, #2081 ) ;
#566 = AXIS2_PLACEMENT_3D ( 'NONE', #252, #49, #651 ) ;
#567 = LINE ( 'NONE', #1567, #1909 ) ;
#568 = DIRECTION ( 'NONE',  ( 0.000000000000000000, 0.000000000000000000, -1.000000000000000000 ) ) ;
#569 = EDGE_CURVE ( 'NONE', #299, #2190, #1937, .T. ) ;
#570 = CARTESIAN_POINT ( 'NONE',  ( 5.130000243661929638, 0.1999999977648259930, 0.000000000000000000 ) ) ;
#571 = AXIS2_PLACEMENT_3D ( 'NONE', #1878, #920, #737 ) ;
#572 = APPLICATION_CONTEXT ( 'automotive_design' ) ;
#573 = DIRECTION ( 'NONE',  ( 0.000000000000000000, 0.000000000000000000, -1.000000000000000000 ) ) ;
#574 = ORIENTED_EDGE ( 'NONE', *, *, #2273, .F. ) ;
#575 = VERTEX_POINT ( 'NONE', #1180 ) ;
#576 = LINE ( 'NONE', #211, #1715 ) ;
#577 = DIRECTION ( 'NONE',  ( 0.000000000000000000, -1.000000000000000000, 0.000000000000000000 ) ) ;
#578 = STYLED_ITEM ( 'NONE', ( #1262 ), #1705 ) ;
#579 = EDGE_CURVE ( 'NONE', #988, #1846, #187, .T. ) ;
#580 = CARTESIAN_POINT ( 'NONE',  ( -0.06999999999999999278, 9.199999738484619272, -1.699999999999999956 ) ) ;
#581 = CARTESIAN_POINT ( 'NONE',  ( 4.129999999999999893, 0.5999999999999999778, 1.699999999999999956 ) ) ;
#582 = ADVANCED_FACE ( 'NONE', ( #2310 ), #773, .T. ) ;
#583 = LINE ( 'NONE', #2530, #1253 ) ;
#584 = CARTESIAN_POINT ( 'NONE',  ( 5.029999999999999361, 10.40000000000000036, 1.699999999999999956 ) ) ;
#585 = CARTESIAN_POINT ( 'NONE',  ( 5.429999999999999716, 3.200000000000000178, 0.000000000000000000 ) ) ;
#586 = ORIENTED_EDGE ( 'NONE', *, *, #2161, .T. ) ;
#587 = EDGE_CURVE ( 'NONE', #1600, #1097, #1553, .T. ) ;
#588 = VECTOR ( 'NONE', #1579, 1000.000000000000000 ) ;
#589 = VERTEX_POINT ( 'NONE', #1949 ) ;
#590 = DIRECTION ( 'NONE',  ( 0.000000000000000000, 0.000000000000000000, -1.000000000000000000 ) ) ;
#591 = DIRECTION ( 'NONE',  ( 0.000000000000000000, -1.000000000000000000, 0.000000000000000000 ) ) ;
#592 = ORIENTED_EDGE ( 'NONE', *, *, #669, .T. ) ;
#593 = LINE ( 'NONE', #1951, #805 ) ;
#594 = CARTESIAN_POINT ( 'NONE',  ( -0.06999999999999999278, 11.69999973848460151, -0.4249999999999999889 ) ) ;
#595 = DIRECTION ( 'NONE',  ( 0.5773502691896260641, 0.5773502691896260641, 0.5773502691896250649 ) ) ;
#596 = ORIENTED_EDGE ( 'NONE', *, *, #1842, .F. ) ;
#597 = VECTOR ( 'NONE', #36, 1000.000000000000227 ) ;
#598 = EDGE_CURVE ( 'NONE', #1268, #612, #196, .T. ) ;
#599 = PLANE ( 'NONE',  #1448 ) ;
#600 = CARTESIAN_POINT ( 'NONE',  ( 5.029999999999999361, 0.5999999999999999778, 1.899999999999999911 ) ) ;
#601 = ORIENTED_EDGE ( 'NONE', *, *, #723, .T. ) ;
#602 = VECTOR ( 'NONE', #104, 1000.000000000000000 ) ;
#603 = FACE_OUTER_BOUND ( 'NONE', #2291, .T. ) ;
#604 = ADVANCED_FACE ( 'NONE', ( #1914 ), #394, .T. ) ;
#605 = ORIENTED_EDGE ( 'NONE', *, *, #2185, .T. ) ;
#606 = DIRECTION ( 'NONE',  ( 1.000000000000000000, 4.228174589884197606E-17, 0.000000000000000000 ) ) ;
#607 = DIRECTION ( 'NONE',  ( 1.000000000000000000, 4.228174589884200071E-17, -0.000000000000000000 ) ) ;
#608 = DIRECTION ( 'NONE',  ( 1.000000000000000000, 0.000000000000000000, 0.000000000000000000 ) ) ;
#609 = PLANE ( 'NONE',  #437 ) ;
#610 = VERTEX_POINT ( 'NONE', #1924 ) ;
#611 = CARTESIAN_POINT ( 'NONE',  ( 0.000000000000000000, 7.499999738484619982, 0.000000000000000000 ) ) ;
#612 = VERTEX_POINT ( 'NONE', #19 ) ;
#613 = ADVANCED_FACE ( 'NONE', ( #1515, #355, #172, #2298 ), #538, .T. ) ;
#614 = CARTESIAN_POINT ( 'NONE',  ( 3.930000000000000160, 0.5999999999999999778, 2.799999999999999822 ) ) ;
#615 = DIRECTION ( 'NONE',  ( -4.228174589884199454E-17, 1.000000000000000000, 0.000000000000000000 ) ) ;
#616 = ORIENTED_EDGE ( 'NONE', *, *, #504, .T. ) ;
#617 = VECTOR ( 'NONE', #2004, 1000.000000000000000 ) ;
#618 = AXIS2_PLACEMENT_3D ( 'NONE', #162, #1340, #752 ) ;
#619 = CARTESIAN_POINT ( 'NONE',  ( 3.930000000000000160, 0.5999999999999999778, 2.600000000000000089 ) ) ;
#620 = VERTEX_POINT ( 'NONE', #1338 ) ;
#621 = DIRECTION ( 'NONE',  ( -2.168404344971008868E-16, 0.000000000000000000, -1.000000000000000000 ) ) ;
#622 = LINE ( 'NONE', #1018, #2287 ) ;
#623 = ORIENTED_EDGE ( 'NONE', *, *, #934, .T. ) ;
#624 = CARTESIAN_POINT ( 'NONE',  ( -0.06999999999999999278, 11.69999973848460151, -0.1499999999999999944 ) ) ;
#625 = VECTOR ( 'NONE', #573, 1000.000000000000000 ) ;
#626 = DIRECTION ( 'NONE',  ( 0.000000000000000000, -1.000000000000000000, 0.000000000000000000 ) ) ;
#627 = ORIENTED_EDGE ( 'NONE', *, *, #79, .F. ) ;
#628 = LINE ( 'NONE', #2176, #2270 ) ;
#629 = ORIENTED_EDGE ( 'NONE', *, *, #2109, .F. ) ;
#630 = ORIENTED_EDGE ( 'NONE', *, *, #1098, .T. ) ;
#631 = LINE ( 'NONE', #1825, #1857 ) ;
#632 = VERTEX_POINT ( 'NONE', #2021 ) ;
#633 = CARTESIAN_POINT ( 'NONE',  ( 4.129999999999999893, 0.1999999977648260208, 1.699999999999999956 ) ) ;
#634 = ORIENTED_EDGE ( 'NONE', *, *, #1162, .F. ) ;
#635 = CARTESIAN_POINT ( 'NONE',  ( 8.929999999999997939, 12.25563491861040255, 2.799999999999999822 ) ) ;
#636 = DIRECTION ( 'NONE',  ( 1.000000000000000000, 4.286263797015740046E-16, 0.000000000000000000 ) ) ;
#637 = VECTOR ( 'NONE', #743, 1000.000000000000000 ) ;
#638 = EDGE_CURVE ( 'NONE', #1563, #1268, #434, .T. ) ;
#639 = AXIS2_PLACEMENT_3D ( 'NONE', #1780, #1172, #387 ) ;
#640 = PLANE ( 'NONE',  #1153 ) ;
#641 = DIRECTION ( 'NONE',  ( 0.000000000000000000, -1.000000000000000000, 0.000000000000000000 ) ) ;
#642 = ORIENTED_EDGE ( 'NONE', *, *, #2431, .T. ) ;
#643 = CARTESIAN_POINT ( 'NONE',  ( 4.887500000000000178, 10.40000000000000036, 2.799999999999999822 ) ) ;
#644 = ORIENTED_EDGE ( 'NONE', *, *, #2050, .T. ) ;
#645 = ORIENTED_EDGE ( 'NONE', *, *, #2318, .T. ) ;
#646 = CARTESIAN_POINT ( 'NONE',  ( 1.530000120168550026, 3.200000000000000178, 3.349999986588950041 ) ) ;
#647 = EDGE_LOOP ( 'NONE', ( #794, #203, #2307, #1282 ) ) ;
#648 = CARTESIAN_POINT ( 'NONE',  ( 7.829999999999998295, 0.1999999977648260208, 2.800000000000000266 ) ) ;
#649 = VERTEX_POINT ( 'NONE', #407 ) ;
#650 = LINE ( 'NONE', #798, #506 ) ;
#651 = DIRECTION ( 'NONE',  ( 0.000000000000000000, -0.7071067811865515695, -0.7071067811865435759 ) ) ;
#652 = EDGE_CURVE ( 'NONE', #73, #1690, #1445, .T. ) ;
#653 = VERTEX_POINT ( 'NONE', #2415 ) ;
#654 = DIRECTION ( 'NONE',  ( 0.000000000000000000, 0.000000000000000000, 1.000000000000000000 ) ) ;
#655 = VERTEX_POINT ( 'NONE', #223 ) ;
#656 = CARTESIAN_POINT ( 'NONE',  ( 1.129999999999999893, 10.40000000000000036, 1.699999999999999956 ) ) ;
#657 = ORIENTED_EDGE ( 'NONE', *, *, #1652, .T. ) ;
#658 = EDGE_CURVE ( 'NONE', #536, #1100, #2183, .T. ) ;
#659 = VECTOR ( 'NONE', #1446, 1000.000000000000000 ) ;
#660 = CARTESIAN_POINT ( 'NONE',  ( 1.529999999999999805, 0.5999999999999999778, 0.000000000000000000 ) ) ;
#661 = EDGE_LOOP ( 'NONE', ( #1346, #2332, #2127, #2439 ) ) ;
#662 = FACE_OUTER_BOUND ( 'NONE', #661, .T. ) ;
#663 = ORIENTED_EDGE ( 'NONE', *, *, #1266, .T. ) ;
#664 = LINE ( 'NONE', #74, #2309 ) ;
#665 = DIRECTION ( 'NONE',  ( 0.000000000000000000, 0.000000000000000000, 1.000000000000000000 ) ) ;
#666 = VECTOR ( 'NONE', #1711, 1000.000000000000000 ) ;
#667 = ORIENTED_EDGE ( 'NONE', *, *, #934, .F. ) ;
#668 = LINE ( 'NONE', #2212, #1952 ) ;
#669 = EDGE_CURVE ( 'NONE', #1364, #380, #664, .T. ) ;
#670 = LINE ( 'NONE', #1653, #1208 ) ;
#671 = ORIENTED_EDGE ( 'NONE', *, *, #1327, .T. ) ;
#672 = ADVANCED_FACE ( 'NONE', ( #1249 ), #1211, .T. ) ;
#673 = CARTESIAN_POINT ( 'NONE',  ( 8.629999999999997229, 10.69999999999999929, 2.499999999999998668 ) ) ;
#674 = ORIENTED_EDGE ( 'NONE', *, *, #2528, .T. ) ;
#675 = DIRECTION ( 'NONE',  ( 0.000000000000000000, -1.000000000000000000, 0.000000000000000000 ) ) ;
#676 = VERTEX_POINT ( 'NONE', #1004 ) ;
#677 = CARTESIAN_POINT ( 'NONE',  ( 7.430000000000004157, 0.1999999977648259930, -1.199999999999999956 ) ) ;
#678 = EDGE_CURVE ( 'NONE', #1761, #1457, #251, .T. ) ;
#679 = LINE ( 'NONE', #816, #730 ) ;
#680 = AXIS2_PLACEMENT_3D ( 'NONE', #2218, #307, #1871 ) ;
#681 = CARTESIAN_POINT ( 'NONE',  ( 1.530000120168550026, 2.399999999999999911, 1.399999973177910029 ) ) ;
#682 = VERTEX_POINT ( 'NONE', #2223 ) ;
#683 = LINE ( 'NONE', #2230, #1046 ) ;
#684 = ORIENTED_EDGE ( 'NONE', *, *, #1624, .F. ) ;
#685 = LINE ( 'NONE', #2041, #1606 ) ;
#686 = EDGE_LOOP ( 'NONE', ( #1930, #667, #133, #1124 ) ) ;
#687 = EDGE_CURVE ( 'NONE', #1452, #318, #462, .T. ) ;
#688 = DIRECTION ( 'NONE',  ( 0.000000000000000000, 1.000000000000000000, 0.000000000000000000 ) ) ;
#689 = LINE ( 'NONE', #1301, #666 ) ;
#690 = CARTESIAN_POINT ( 'NONE',  ( 1.529999999999999805, 8.780493638755430769E-17, 6.700000000000000178 ) ) ;
#691 = VECTOR ( 'NONE', #1185, 1000.000000000000000 ) ;
#692 = DIRECTION ( 'NONE',  ( -0.000000000000000000, 0.05989229072794678699, 0.9982048454657787007 ) ) ;
#693 = DIRECTION ( 'NONE',  ( 1.000000000000000000, -0.000000000000000000, 0.000000000000000000 ) ) ;
#694 = ORIENTED_EDGE ( 'NONE', *, *, #2090, .T. ) ;
#695 = ADVANCED_FACE ( 'NONE', ( #1237 ), #279, .F. ) ;
#696 = VECTOR ( 'NONE', #855, 1000.000000000000000 ) ;
#697 = CARTESIAN_POINT ( 'NONE',  ( 0.7866666666666219943, 3.356666666666622501, -5.343333333333293744 ) ) ;
#698 = VERTEX_POINT ( 'NONE', #2403 ) ;
#699 =( NAMED_UNIT ( * ) SI_UNIT ( $, .STERADIAN. ) SOLID_ANGLE_UNIT ( ) );
#700 = VECTOR ( 'NONE', #1707, 1000.000000000000000 ) ;
#701 = LINE ( 'NONE', #512, #39 ) ;
#702 = CARTESIAN_POINT ( 'NONE',  ( -0.06999999999999999278, 7.499999738484619982, 0.000000000000000000 ) ) ;
#703 = LINE ( 'NONE', #1461, #69 ) ;
#704 = LINE ( 'NONE', #729, #1468 ) ;
#705 = VERTEX_POINT ( 'NONE', #1622 ) ;
#706 = DIRECTION ( 'NONE',  ( 1.000000000000000000, 0.000000000000000000, 0.000000000000000000 ) ) ;
#707 = ORIENTED_EDGE ( 'NONE', *, *, #1591, .T. ) ;
#708 = VECTOR ( 'NONE', #940, 1000.000000000000000 ) ;
#709 = VERTEX_POINT ( 'NONE', #1789 ) ;
#710 =( LENGTH_UNIT ( ) NAMED_UNIT ( * ) SI_UNIT ( .MILLI., .METRE. ) );
#711 = ORIENTED_EDGE ( 'NONE', *, *, #2448, .F. ) ;
#712 = EDGE_CURVE ( 'NONE', #73, #1041, #650, .T. ) ;
#713 = CARTESIAN_POINT ( 'NONE',  ( 9.029999999999997584, 11.69999973848460328, -0.1500000000000000777 ) ) ;
#714 = CARTESIAN_POINT ( 'NONE',  ( 4.929999999999998828, 10.39999999999999680, 1.699999999999999734 ) ) ;
#715 = LINE ( 'NONE', #540, #1854 ) ;
#716 = CARTESIAN_POINT ( 'NONE',  ( 5.429999999999999716, 2.295898802307120563E-16, -1.199999999999999956 ) ) ;
#717 = VECTOR ( 'NONE', #1439, 1000.000000000000000 ) ;
#718 = EDGE_CURVE ( 'NONE', #2388, #1274, #1593, .T. ) ;
#719 = DIRECTION ( 'NONE',  ( 0.000000000000000000, 0.000000000000000000, 1.000000000000000000 ) ) ;
#720 = ORIENTED_EDGE ( 'NONE', *, *, #46, .T. ) ;
#721 = DIRECTION ( 'NONE',  ( 0.5773502691896280625, 0.5773502691896280625, 0.5773502691896212902 ) ) ;
#722 = EDGE_LOOP ( 'NONE', ( #627, #1447, #1336, #59 ) ) ;
#723 = EDGE_CURVE ( 'NONE', #1333, #1324, #1405, .T. ) ;
#724 = VERTEX_POINT ( 'NONE', #1389 ) ;
#725 = CARTESIAN_POINT ( 'NONE',  ( 5.429999999999999716, 0.2000000000000000111, 6.700000000000000178 ) ) ;
#726 = CARTESIAN_POINT ( 'NONE',  ( 8.929999999999997939, 10.39999999999999680, 1.699999999999999734 ) ) ;
#727 = EDGE_CURVE ( 'NONE', #1268, #250, #2389, .T. ) ;
#728 = DIRECTION ( 'NONE',  ( -4.228174589884200071E-17, 1.000000000000000000, -0.000000000000000000 ) ) ;
#729 = CARTESIAN_POINT ( 'NONE',  ( 5.430000000000000604, 2.400000000000000355, 6.700000000000000178 ) ) ;
#730 = VECTOR ( 'NONE', #451, 1000.000000000000000 ) ;
#731 = FACE_BOUND ( 'NONE', #2091, .T. ) ;
#732 = ORIENTED_EDGE ( 'NONE', *, *, #4, .F. ) ;
#733 = ADVANCED_FACE ( 'NONE', ( #2360 ), #48, .F. ) ;
#734 = DIRECTION ( 'NONE',  ( -0.000000000000000000, -1.000000000000000000, -0.000000000000000000 ) ) ;
#735 = ORIENTED_EDGE ( 'NONE', *, *, #718, .F. ) ;
#736 = PLANE ( 'NONE',  #1137 ) ;
#737 = DIRECTION ( 'NONE',  ( 1.000000000000000000, 0.000000000000000000, 0.000000000000000000 ) ) ;
#738 = DIRECTION ( 'NONE',  ( 1.156482317317869950E-15, -1.000000000000000000, 0.000000000000000000 ) ) ;
#739 = ADVANCED_FACE ( 'NONE', ( #1994 ), #1831, .F. ) ;
#740 = CARTESIAN_POINT ( 'NONE',  ( -1.469999999999999973, -5.861465742419029882E-16, 6.700000000000000178 ) ) ;
#741 = VECTOR ( 'NONE', #1443, 1000.000000000000000 ) ;
#742 = VECTOR ( 'NONE', #1699, 1000.000000000000000 ) ;
#743 = DIRECTION ( 'NONE',  ( 0.000000000000000000, 1.000000000000000000, 0.000000000000000000 ) ) ;
#744 = ORIENTED_EDGE ( 'NONE', *, *, #11, .F. ) ;
#745 = ADVANCED_FACE ( 'NONE', ( #1418 ), #2210, .T. ) ;
#746 = LINE ( 'NONE', #768, #1764 ) ;
#747 = AXIS2_PLACEMENT_3D ( 'NONE', #2178, #2149, #430 ) ;
#748 = EDGE_LOOP ( 'NONE', ( #1434, #1575, #447, #2214 ) ) ;
#749 = ORIENTED_EDGE ( 'NONE', *, *, #2244, .F. ) ;
#750 = CARTESIAN_POINT ( 'NONE',  ( 9.029999999999999361, 1.184980201755356466E-15, 0.000000000000000000 ) ) ;
#751 = PLANE ( 'NONE',  #91 ) ;
#752 = DIRECTION ( 'NONE',  ( 4.228174589884200071E-17, -1.000000000000000000, 0.000000000000000000 ) ) ;
#753 = CARTESIAN_POINT ( 'NONE',  ( 7.430000000000004157, 0.2000000000000003442, 6.700000000000000178 ) ) ;
#754 = EDGE_LOOP ( 'NONE', ( #186, #210, #561, #2365 ) ) ;
#755 = LINE ( 'NONE', #1160, #1001 ) ;
#756 = ORIENTED_EDGE ( 'NONE', *, *, #1628, .T. ) ;
#757 = ORIENTED_EDGE ( 'NONE', *, *, #1847, .F. ) ;
#758 = CARTESIAN_POINT ( 'NONE',  ( 3.530000120168550026, 3.200000000000000178, 3.099999973177910206 ) ) ;
#759 = ORIENTED_EDGE ( 'NONE', *, *, #347, .F. ) ;
#760 = CARTESIAN_POINT ( 'NONE',  ( 1.129999999999999893, 3.200000000000000178, 1.699999999999999956 ) ) ;
#761 = PLANE ( 'NONE',  #403 ) ;
#762 = EDGE_CURVE ( 'NONE', #2256, #13, #2427, .T. ) ;
#763 = DIRECTION ( 'NONE',  ( 0.5773502691896257311, 0.5773502691896257311, -0.5773502691896257311 ) ) ;
#764 = CARTESIAN_POINT ( 'NONE',  ( 8.129999999999999005, 10.69999999999999929, 2.250000000000000000 ) ) ;
#765 = LINE ( 'NONE', #177, #637 ) ;
#766 = VERTEX_POINT ( 'NONE', #868 ) ;
#767 = VERTEX_POINT ( 'NONE', #677 ) ;
#768 = CARTESIAN_POINT ( 'NONE',  ( 7.430000000000003268, 0.2000000000000003442, -1.200000000000000844 ) ) ;
#769 = VECTOR ( 'NONE', #2227, 1000.000000000000000 ) ;
#770 = EDGE_CURVE ( 'NONE', #724, #1796, #2038, .T. ) ;
#771 = VERTEX_POINT ( 'NONE', #2060 ) ;
#772 = ORIENTED_EDGE ( 'NONE', *, *, #953, .T. ) ;
#773 = PLANE ( 'NONE',  #1384 ) ;
#774 = DIRECTION ( 'NONE',  ( 1.000000000000000000, 0.000000000000000000, -0.000000000000000000 ) ) ;
#775 = CARTESIAN_POINT ( 'NONE',  ( -1.469999999999999973, 3.200000000000000178, 6.700000000000000178 ) ) ;
#776 = LINE ( 'NONE', #764, #1586 ) ;
#777 = CARTESIAN_POINT ( 'NONE',  ( 1.530000120168550026, 2.399999999999999911, 3.099999973177910206 ) ) ;
#778 = VECTOR ( 'NONE', #32, 1000.000000000000000 ) ;
#779 = DIRECTION ( 'NONE',  ( -1.000000000000000000, 0.000000000000000000, 0.000000000000000000 ) ) ;
#780 = ORIENTED_EDGE ( 'NONE', *, *, #315, .F. ) ;
#781 = ORIENTED_EDGE ( 'NONE', *, *, #493, .T. ) ;
#782 = CARTESIAN_POINT ( 'NONE',  ( 4.879999999999999893, 10.55000000000000071, 2.075000000000000178 ) ) ;
#783 = LINE ( 'NONE', #554, #357 ) ;
#784 = VECTOR ( 'NONE', #1720, 1000.000000000000000 ) ;
#785 = PLANE ( 'NONE',  #277 ) ;
#786 = EDGE_CURVE ( 'NONE', #632, #111, #1475, .T. ) ;
#787 = LINE ( 'NONE', #1779, #2117 ) ;
#788 = LINE ( 'NONE', #26, #796 ) ;
#789 = ORIENTED_EDGE ( 'NONE', *, *, #412, .T. ) ;
#790 = EDGE_CURVE ( 'NONE', #499, #612, #2253, .T. ) ;
#791 = CARTESIAN_POINT ( 'NONE',  ( 1.265000060084280120, 7.499999738484619982, -1.199999999999999956 ) ) ;
#792 = LINE ( 'NONE', #1785, #128 ) ;
#793 = EDGE_CURVE ( 'NONE', #135, #33, #683, .T. ) ;
#794 = ORIENTED_EDGE ( 'NONE', *, *, #929, .T. ) ;
#795 = CARTESIAN_POINT ( 'NONE',  ( 7.829999999999998295, 12.25563491861040255, 1.699999999999999734 ) ) ;
#796 = VECTOR ( 'NONE', #243, 1000.000000000000114 ) ;
#797 = EDGE_LOOP ( 'NONE', ( #2402, #1411, #1319, #1192 ) ) ;
#798 = CARTESIAN_POINT ( 'NONE',  ( 5.429999999999999716, 2.295898802307120563E-16, -1.199999999999999956 ) ) ;
#799 = FACE_OUTER_BOUND ( 'NONE', #2111, .T. ) ;
#800 = PLANE ( 'NONE',  #92 ) ;
#801 = FACE_OUTER_BOUND ( 'NONE', #2016, .T. ) ;
#802 = ADVANCED_FACE ( 'NONE', ( #82 ), #2456, .F. ) ;
#803 = CARTESIAN_POINT ( 'NONE',  ( 0.03000000000000137973, 3.200000000000000178, 1.699999999999999956 ) ) ;
#804 = ORIENTED_EDGE ( 'NONE', *, *, #1086, .T. ) ;
#805 = VECTOR ( 'NONE', #2335, 1000.000000000000000 ) ;
#806 = CARTESIAN_POINT ( 'NONE',  ( 0.03000000000000100156, 10.40000000000000036, 2.799999999999999822 ) ) ;
#807 = DIRECTION ( 'NONE',  ( 0.000000000000000000, 0.000000000000000000, -1.000000000000000000 ) ) ;
#808 = ADVANCED_FACE ( 'NONE', ( #494 ), #1630, .T. ) ;
#809 = VERTEX_POINT ( 'NONE', #273 ) ;
#810 = VECTOR ( 'NONE', #9, 1000.000000000000000 ) ;
#811 = DIRECTION ( 'NONE',  ( 0.000000000000000000, 0.000000000000000000, 1.000000000000000000 ) ) ;
#812 = ORIENTED_EDGE ( 'NONE', *, *, #359, .T. ) ;
#813 = DIRECTION ( 'NONE',  ( 0.000000000000000000, 0.000000000000000000, -1.000000000000000000 ) ) ;
#814 = CARTESIAN_POINT ( 'NONE',  ( 5.429999999999999716, 2.400000000000000355, 3.099999973177910650 ) ) ;
#815 = DIRECTION ( 'NONE',  ( 1.000000000000000000, 0.000000000000000000, 0.000000000000000000 ) ) ;
#816 = CARTESIAN_POINT ( 'NONE',  ( 3.530000000000000249, 0.1999999977648259930, 0.000000000000000000 ) ) ;
#817 = ORIENTED_EDGE ( 'NONE', *, *, #1835, .F. ) ;
#818 = DIRECTION ( 'NONE',  ( 0.000000000000000000, -1.000000000000000000, 0.000000000000000000 ) ) ;
#819 = VERTEX_POINT ( 'NONE', #1667 ) ;
#820 = LINE ( 'NONE', #58, #258 ) ;
#821 = ADVANCED_FACE ( 'NONE', ( #2027 ), #2422, .F. ) ;
#822 = ORIENTED_EDGE ( 'NONE', *, *, #1197, .T. ) ;
#823 = CARTESIAN_POINT ( 'NONE',  ( 5.430000000000000604, 3.200000000000000178, 6.700000000000000178 ) ) ;
#824 = ORIENTED_EDGE ( 'NONE', *, *, #2050, .F. ) ;
#825 = DIRECTION ( 'NONE',  ( 4.228174589884199454E-17, -1.000000000000000000, 0.000000000000000000 ) ) ;
#826 = LINE ( 'NONE', #1845, #1759 ) ;
#827 = CARTESIAN_POINT ( 'NONE',  ( 0.9300000000000000488, 0.5999999999999999778, 2.799999999999999822 ) ) ;
#828 = VECTOR ( 'NONE', #2063, 1000.000000000000000 ) ;
#829 = LINE ( 'NONE', #1226, #769 ) ;
#830 = ORIENTED_EDGE ( 'NONE', *, *, #1528, .T. ) ;
#831 = PLANE ( 'NONE',  #1698 ) ;
#832 = ORIENTED_EDGE ( 'NONE', *, *, #1890, .T. ) ;
#833 = EDGE_LOOP ( 'NONE', ( #2167, #54, #1487, #2217 ) ) ;
#834 = LINE ( 'NONE', #614, #2018 ) ;
#835 = ORIENTED_EDGE ( 'NONE', *, *, #1039, .T. ) ;
#836 = EDGE_CURVE ( 'NONE', #1814, #1097, #2264, .T. ) ;
#837 = DIRECTION ( 'NONE',  ( 0.000000000000000000, 0.000000000000000000, 1.000000000000000000 ) ) ;
#838 = VERTEX_POINT ( 'NONE', #673 ) ;
#839 = DIRECTION ( 'NONE',  ( 0.000000000000000000, 0.000000000000000000, 1.000000000000000000 ) ) ;
#840 = PLANE ( 'NONE',  #1063 ) ;
#841 = VECTOR ( 'NONE', #1431, 1000.000000000000000 ) ;
#842 = VECTOR ( 'NONE', #1849, 1000.000000000000000 ) ;
#843 = LINE ( 'NONE', #1625, #157 ) ;
#844 = ADVANCED_FACE ( 'NONE', ( #1087 ), #875, .T. ) ;
#845 = ORIENTED_EDGE ( 'NONE', *, *, #199, .T. ) ;
#846 = DIRECTION ( 'NONE',  ( 0.000000000000000000, 1.000000000000000000, 0.000000000000000000 ) ) ;
#847 = ORIENTED_EDGE ( 'NONE', *, *, #1943, .F. ) ;
#848 = EDGE_CURVE ( 'NONE', #1669, #299, #457, .T. ) ;
#849 = LINE ( 'NONE', #1012, #1892 ) ;
#850 = ORIENTED_EDGE ( 'NONE', *, *, #267, .F. ) ;
#851 = CARTESIAN_POINT ( 'NONE',  ( 1.129999999999999893, 0.5999999999999999778, 1.899999999999999911 ) ) ;
#852 = EDGE_CURVE ( 'NONE', #1646, #2131, #118, .T. ) ;
#853 = EDGE_LOOP ( 'NONE', ( #1991, #2480, #923, #674, #645, #2426, #1043, #657, #1273, #274, #965, #756, #2518, #1552, #2263, #146, #2219, #2120, #525, #2113, #1811, #2383 ) ) ;
#854 = DIRECTION ( 'NONE',  ( -1.000000000000000000, 0.000000000000000000, 0.000000000000000000 ) ) ;
#855 = DIRECTION ( 'NONE',  ( 0.000000000000000000, -1.000000000000000000, 0.000000000000000000 ) ) ;
#856 = VECTOR ( 'NONE', #1596, 1000.000000000000000 ) ;
#857 = VECTOR ( 'NONE', #2313, 1000.000000000000000 ) ;
#858 = EDGE_CURVE ( 'NONE', #913, #2, #1677, .T. ) ;
#859 = DIRECTION ( 'NONE',  ( -0.7071067811865475727, 0.7071067811865475727, -5.607473066727767713E-16 ) ) ;
#860 = LINE ( 'NONE', #1627, #2308 ) ;
#861 = ORIENTED_EDGE ( 'NONE', *, *, #1569, .F. ) ;
#862 = AXIS2_PLACEMENT_3D ( 'NONE', #1750, #2143, #1925 ) ;
#863 = DIRECTION ( 'NONE',  ( -1.000000000000000000, 0.000000000000000000, 0.000000000000000000 ) ) ;
#864 = ADVANCED_FACE ( 'NONE', ( #482 ), #2071, .F. ) ;
#865 = EDGE_LOOP ( 'NONE', ( #119, #257, #1464, #230 ) ) ;
#866 = LINE ( 'NONE', #2245, #1034 ) ;
#867 = ORIENTED_EDGE ( 'NONE', *, *, #1576, .F. ) ;
#868 = CARTESIAN_POINT ( 'NONE',  ( 9.329999999999998295, 3.944886892361957487E-16, 6.700000000000000178 ) ) ;
#869 = DIRECTION ( 'NONE',  ( 0.000000000000000000, -1.000000000000000000, 0.000000000000000000 ) ) ;
#870 = AXIS2_PLACEMENT_3D ( 'NONE', #600, #15, #2163 ) ;
#871 = VECTOR ( 'NONE', #738, 1000.000000000000000 ) ;
#872 = CARTESIAN_POINT ( 'NONE',  ( 9.029999999999999361, 7.499999738484620870, -2.277999999999999137 ) ) ;
#873 = DIRECTION ( 'NONE',  ( -0.000000000000000000, 1.000000000000000000, -0.000000000000000000 ) ) ;
#874 = EDGE_LOOP ( 'NONE', ( #1743, #1102, #644, #1311 ) ) ;
#875 = PLANE ( 'NONE',  #680 ) ;
#876 = VERTEX_POINT ( 'NONE', #1269 ) ;
#877 = EDGE_CURVE ( 'NONE', #676, #1600, #1258, .T. ) ;
#878 = ORIENTED_EDGE ( 'NONE', *, *, #836, .T. ) ;
#879 = EDGE_CURVE ( 'NONE', #33, #2129, #1099, .T. ) ;
#880 = CARTESIAN_POINT ( 'NONE',  ( -0.07000000332482160526, 11.69999973848460151, -1.199999999999999956 ) ) ;
#881 = PLANE ( 'NONE',  #2215 ) ;
#882 = AXIS2_PLACEMENT_3D ( 'NONE', #479, #1267, #1482 ) ;
#883 = AXIS2_PLACEMENT_3D ( 'NONE', #1523, #517, #1354 ) ;
#884 = DIRECTION ( 'NONE',  ( 0.000000000000000000, 0.000000000000000000, 1.000000000000000000 ) ) ;
#885 = ADVANCED_FACE ( 'NONE', ( #1656 ), #1050, .T. ) ;
#886 = PLANE ( 'NONE',  #120 ) ;
#887 = VECTOR ( 'NONE', #846, 1000.000000000000000 ) ;
#888 = DIRECTION ( 'NONE',  ( 1.000000000000000000, 0.000000000000000000, 0.000000000000000000 ) ) ;
#889 = VERTEX_POINT ( 'NONE', #1689 ) ;
#890 = DIRECTION ( 'NONE',  ( 1.000000000000000000, 1.156482317317869950E-15, 0.000000000000000000 ) ) ;
#891 = ORIENTED_EDGE ( 'NONE', *, *, #2405, .T. ) ;
#892 = DIRECTION ( 'NONE',  ( 0.000000000000000000, 0.000000000000000000, 1.000000000000000000 ) ) ;
#893 = LINE ( 'NONE', #1684, #1350 ) ;
#894 = CARTESIAN_POINT ( 'NONE',  ( 3.530000120168550026, 3.200000000000000178, -1.341104505225840035E-08 ) ) ;
#895 = VECTOR ( 'NONE', #1861, 1000.000000000000000 ) ;
#896 = CARTESIAN_POINT ( 'NONE',  ( 5.029999999999999361, 10.40000000000000036, 1.699999999999999956 ) ) ;
#897 = DIRECTION ( 'NONE',  ( -1.000000000000000000, 0.000000000000000000, 0.000000000000000000 ) ) ;
#898 = EDGE_LOOP ( 'NONE', ( #574, #1298, #1648, #2191 ) ) ;
#899 = AXIS2_PLACEMENT_3D ( 'NONE', #1965, #774, #1542 ) ;
#900 = EDGE_LOOP ( 'NONE', ( #605, #928, #228, #1856 ) ) ;
#901 = LINE ( 'NONE', #1681, #56 ) ;
#902 = ADVANCED_FACE ( 'NONE', ( #337 ), #2517, .F. ) ;
#903 = ORIENTED_EDGE ( 'NONE', *, *, #1483, .T. ) ;
#904 = AXIS2_PLACEMENT_3D ( 'NONE', #389, #807, #1574 ) ;
#905 = CARTESIAN_POINT ( 'NONE',  ( 0.9300000000000000488, 0.5999999999999999778, 2.799999999999999822 ) ) ;
#906 = DIRECTION ( 'NONE',  ( -1.000000000000000000, 0.000000000000000000, 0.000000000000000000 ) ) ;
#907 = ADVANCED_FACE ( 'NONE', ( #2302, #1135 ), #2085, .T. ) ;
#908 = LINE ( 'NONE', #1495, #169 ) ;
#909 = DIRECTION ( 'NONE',  ( 1.000000000000000000, 0.000000000000000000, 0.000000000000000000 ) ) ;
#910 = VERTEX_POINT ( 'NONE', #2138 ) ;
#911 = CARTESIAN_POINT ( 'NONE',  ( 2.030000120168550026, 2.399999999999999911, 3.099999973177910206 ) ) ;
#912 = ADVANCED_FACE ( 'NONE', ( #2507, #731 ), #1342, .T. ) ;
#913 = VERTEX_POINT ( 'NONE', #2467 ) ;
#914 = MECHANICAL_DESIGN_GEOMETRIC_PRESENTATION_REPRESENTATION (  '', ( #578 ), #1772 ) ;
#915 = CARTESIAN_POINT ( 'NONE',  ( 5.029999999999999361, 3.200000000000000178, 1.699999999999999956 ) ) ;
#916 = EDGE_CURVE ( 'NONE', #1097, #1621, #1111, .T. ) ;
#917 = ORIENTED_EDGE ( 'NONE', *, *, #419, .T. ) ;
#918 = EDGE_LOOP ( 'NONE', ( #1248, #1527, #2097, #485 ) ) ;
#919 = CARTESIAN_POINT ( 'NONE',  ( 7.429999999999999716, 2.400000000000000355, 3.099999973177910206 ) ) ;
#920 = DIRECTION ( 'NONE',  ( -0.000000000000000000, 0.000000000000000000, 1.000000000000000000 ) ) ;
#921 = DIRECTION ( 'NONE',  ( -1.000000000000000000, -1.301042606982599897E-16, 0.000000000000000000 ) ) ;
#922 = EDGE_CURVE ( 'NONE', #698, #838, #755, .T. ) ;
#923 = ORIENTED_EDGE ( 'NONE', *, *, #161, .T. ) ;
#924 = VECTOR ( 'NONE', #1054, 1000.000000000000000 ) ;
#925 = CARTESIAN_POINT ( 'NONE',  ( 4.230000000000000426, 10.69999999999999929, 2.425000000000000266 ) ) ;
#926 = ORIENTED_EDGE ( 'NONE', *, *, #858, .T. ) ;
#927 = LINE ( 'NONE', #1538, #1279 ) ;
#928 = ORIENTED_EDGE ( 'NONE', *, *, #95, .F. ) ;
#929 = EDGE_CURVE ( 'NONE', #1513, #290, #1920, .T. ) ;
#930 = VECTOR ( 'NONE', #424, 1000.000000000000000 ) ;
#931 = CARTESIAN_POINT ( 'NONE',  ( 7.829999999999998295, -5.205634918610405393, 1.700000000000000178 ) ) ;
#932 = PLANE ( 'NONE',  #571 ) ;
#933 = PLANE ( 'NONE',  #618 ) ;
#934 = EDGE_CURVE ( 'NONE', #318, #1425, #1535, .T. ) ;
#935 = LINE ( 'NONE', #1716, #1220 ) ;
#936 = ORIENTED_EDGE ( 'NONE', *, *, #1379, .F. ) ;
#937 = VECTOR ( 'NONE', #1460, 1000.000000000000000 ) ;
#938 = DIRECTION ( 'NONE',  ( 0.000000000000000000, 0.000000000000000000, -1.000000000000000000 ) ) ;
#939 = VERTEX_POINT ( 'NONE', #1149 ) ;
#940 = DIRECTION ( 'NONE',  ( -1.000000000000000000, 0.000000000000000000, 0.000000000000000000 ) ) ;
#941 = ORIENTED_EDGE ( 'NONE', *, *, #848, .F. ) ;
#942 = EDGE_LOOP ( 'NONE', ( #461, #2188, #1479, #634 ) ) ;
#943 = LINE ( 'NONE', #977, #1469 ) ;
#944 = LINE ( 'NONE', #2501, #1473 ) ;
#945 = DIRECTION ( 'NONE',  ( 0.000000000000000000, -1.000000000000000000, 0.000000000000000000 ) ) ;
#946 = DIRECTION ( 'NONE',  ( -1.000000000000000000, 0.000000000000000000, -0.000000000000000000 ) ) ;
#947 = ORIENTED_EDGE ( 'NONE', *, *, #383, .F. ) ;
#948 = VECTOR ( 'NONE', #2118, 1000.000000000000000 ) ;
#949 = DIRECTION ( 'NONE',  ( -1.000000000000000000, 0.000000000000000000, 0.000000000000000000 ) ) ;
#950 = ORIENTED_EDGE ( 'NONE', *, *, #425, .F. ) ;
#951 = CARTESIAN_POINT ( 'NONE',  ( 7.829999999999998295, 12.25563491861040255, 1.699999999999999734 ) ) ;
#952 = VECTOR ( 'NONE', #2015, 1000.000000000000000 ) ;
#953 = EDGE_CURVE ( 'NONE', #1578, #2304, #361, .T. ) ;
#954 = ORIENTED_EDGE ( 'NONE', *, *, #460, .F. ) ;
#955 = CARTESIAN_POINT ( 'NONE',  ( 10.42999999999999972, 3.200000000000000178, 6.700000000000000178 ) ) ;
#956 = CARTESIAN_POINT ( 'NONE',  ( 1.129999999999999893, 0.5999999999999999778, 1.899999999999999911 ) ) ;
#957 = DIRECTION ( 'NONE',  ( -0.000000000000000000, 1.000000000000000000, -0.000000000000000000 ) ) ;
#958 = CARTESIAN_POINT ( 'NONE',  ( 1.530000120168550026, 3.200000000000000178, 2.199999973177909851 ) ) ;
#959 = EDGE_CURVE ( 'NONE', #1513, #1895, #765, .T. ) ;
#960 = LINE ( 'NONE', #925, #962 ) ;
#961 = ORIENTED_EDGE ( 'NONE', *, *, #1835, .T. ) ;
#962 = VECTOR ( 'NONE', #557, 1000.000000000000000 ) ;
#963 = LINE ( 'NONE', #548, #2338 ) ;
#964 = EDGE_LOOP ( 'NONE', ( #642, #1025, #2153, #1601 ) ) ;
#965 = ORIENTED_EDGE ( 'NONE', *, *, #2424, .T. ) ;
#966 = CARTESIAN_POINT ( 'NONE',  ( 5.429999999999999716, 2.400000000000000355, 0.000000000000000000 ) ) ;
#967 = PLANE ( 'NONE',  #862 ) ;
#968 = DIRECTION ( 'NONE',  ( -0.000000000000000000, 1.000000000000000000, 0.000000000000000000 ) ) ;
#969 = LINE ( 'NONE', #1366, #1670 ) ;
#970 = PLANE ( 'NONE',  #107 ) ;
#971 = DIRECTION ( 'NONE',  ( 1.000000000000000000, 4.228174589884199454E-17, 0.000000000000000000 ) ) ;
#972 = VECTOR ( 'NONE', #2440, 1000.000000000000000 ) ;
#973 = ORIENTED_EDGE ( 'NONE', *, *, #790, .F. ) ;
#974 = UNCERTAINTY_MEASURE_WITH_UNIT (LENGTH_MEASURE( 1.000000000000000082E-05 ), #710, 'distance_accuracy_value', 'NONE');
#975 = ADVANCED_FACE ( 'NONE', ( #141 ), #1894, .T. ) ;
#976 = EDGE_LOOP ( 'NONE', ( #2010, #2479, #1394, #1150 ) ) ;
#977 = CARTESIAN_POINT ( 'NONE',  ( 1.129999999999999893, 10.40000000000000036, 2.799999999999999822 ) ) ;
#978 = CARTESIAN_POINT ( 'NONE',  ( 7.829999999999998295, -3.649999999999999911, 2.800000000000000266 ) ) ;
#979 = VECTOR ( 'NONE', #869, 1000.000000000000000 ) ;
#980 = FACE_OUTER_BOUND ( 'NONE', #99, .T. ) ;
#981 = CARTESIAN_POINT ( 'NONE',  ( 7.829999999999998295, 12.25563491861040255, 2.799999999999999822 ) ) ;
#982 = ADVANCED_FACE ( 'NONE', ( #1332 ), #2110, .T. ) ;
#983 = PLANE ( 'NONE',  #185 ) ;
#984 = ORIENTED_EDGE ( 'NONE', *, *, #374, .F. ) ;
#985 = VECTOR ( 'NONE', #615, 1000.000000000000000 ) ;
#986 = CARTESIAN_POINT ( 'NONE',  ( 5.429999999999999716, 2.130057800130980045E-16, 6.700000000000000178 ) ) ;
#987 = LINE ( 'NONE', #1176, #253 ) ;
#988 = VERTEX_POINT ( 'NONE', #1929 ) ;
#989 = CARTESIAN_POINT ( 'NONE',  ( 0.8299999999999999600, 10.69999999999999929, 2.075000000000000178 ) ) ;
#990 = EDGE_CURVE ( 'NONE', #1678, #1646, #960, .T. ) ;
#991 = ORIENTED_EDGE ( 'NONE', *, *, #1391, .F. ) ;
#992 = DIRECTION ( 'NONE',  ( 1.000000000000000000, 0.000000000000000000, 0.000000000000000000 ) ) ;
#993 = CARTESIAN_POINT ( 'NONE',  ( 7.829999999999998295, 0.1999999977648260208, 1.700000000000000178 ) ) ;
#994 = CARTESIAN_POINT ( 'NONE',  ( 7.430000000000000604, 2.400000000000000355, 6.700000000000000178 ) ) ;
#995 = CARTESIAN_POINT ( 'NONE',  ( 0.03000000000000100156, 0.5999999999999999778, 2.799999999999999822 ) ) ;
#996 = EDGE_CURVE ( 'NONE', #1270, #2001, #2277, .T. ) ;
#997 = CARTESIAN_POINT ( 'NONE',  ( 0.03000000000000107789, -3.649999999999999911, 1.699999999999999956 ) ) ;
#998 = DIRECTION ( 'NONE',  ( 1.000000000000000000, 0.000000000000000000, 0.000000000000000000 ) ) ;
#999 = LINE ( 'NONE', #2342, #1644 ) ;
#1000 = ORIENTED_EDGE ( 'NONE', *, *, #1755, .T. ) ;
#1001 = VECTOR ( 'NONE', #719, 1000.000000000000000 ) ;
#1002 = FACE_OUTER_BOUND ( 'NONE', #2455, .T. ) ;
#1003 = ORIENTED_EDGE ( 'NONE', *, *, #1713, .T. ) ;
#1004 = CARTESIAN_POINT ( 'NONE',  ( 3.530000120168550026, 2.399999999999999911, 6.700000000000000178 ) ) ;
#1005 = DIRECTION ( 'NONE',  ( 0.000000000000000000, 0.000000000000000000, 1.000000000000000000 ) ) ;
#1006 = PLANE ( 'NONE',  #1188 ) ;
#1007 = CARTESIAN_POINT ( 'NONE',  ( 3.930000000000000160, 3.200000000000000178, 2.799999999999999822 ) ) ;
#1008 = ORIENTED_EDGE ( 'NONE', *, *, #1308, .T. ) ;
#1009 = EDGE_CURVE ( 'NONE', #2304, #499, #2481, .T. ) ;
#1010 = DIRECTION ( 'NONE',  ( 0.000000000000000000, 0.000000000000000000, -1.000000000000000000 ) ) ;
#1011 = ORIENTED_EDGE ( 'NONE', *, *, #1984, .F. ) ;
#1012 = CARTESIAN_POINT ( 'NONE',  ( 0.000000000000000000, 11.69999973848460151, -0.8499999999999999778 ) ) ;
#1013 = ORIENTED_EDGE ( 'NONE', *, *, #1421, .F. ) ;
#1014 = VECTOR ( 'NONE', #24, 1000.000000000000000 ) ;
#1015 = LINE ( 'NONE', #2208, #1068 ) ;
#1016 = EDGE_LOOP ( 'NONE', ( #780, #2049, #164, #393 ) ) ;
#1017 = DIRECTION ( 'NONE',  ( 0.000000000000000000, 0.000000000000000000, 1.000000000000000000 ) ) ;
#1018 = CARTESIAN_POINT ( 'NONE',  ( 5.429999999999999716, 3.200000000000000178, 0.000000000000000000 ) ) ;
#1019 = PLANE ( 'NONE',  #10 ) ;
#1020 = CARTESIAN_POINT ( 'NONE',  ( 4.729999999999999538, 10.69999999999999929, 2.500000000000000000 ) ) ;
#1021 = ORIENTED_EDGE ( 'NONE', *, *, #2198, .F. ) ;
#1022 = VECTOR ( 'NONE', #2116, 1000.000000000000000 ) ;
#1023 = PLANE ( 'NONE',  #639 ) ;
#1024 = ORIENTED_EDGE ( 'NONE', *, *, #1313, .T. ) ;
#1025 = ORIENTED_EDGE ( 'NONE', *, *, #2198, .T. ) ;
#1026 = CARTESIAN_POINT ( 'NONE',  ( 1.530000120168550026, 2.399999999999999911, 6.700000000000000178 ) ) ;
#1027 = VECTOR ( 'NONE', #906, 1000.000000000000000 ) ;
#1028 = EDGE_LOOP ( 'NONE', ( #1071, #2343, #1539, #350 ) ) ;
#1029 = LINE ( 'NONE', #2413, #741 ) ;
#1030 = ADVANCED_FACE ( 'NONE', ( #533 ), #1320, .T. ) ;
#1031 = ORIENTED_EDGE ( 'NONE', *, *, #1421, .T. ) ;
#1032 = DIRECTION ( 'NONE',  ( 1.000000000000000000, 0.000000000000000000, 0.000000000000000000 ) ) ;
#1033 = DIRECTION ( 'NONE',  ( 0.000000000000000000, -1.000000000000000000, 0.000000000000000000 ) ) ;
#1034 = VECTOR ( 'NONE', #2470, 1000.000000000000000 ) ;
#1035 = DIRECTION ( 'NONE',  ( -0.000000000000000000, 1.000000000000000000, -0.000000000000000000 ) ) ;
#1036 = ORIENTED_EDGE ( 'NONE', *, *, #2045, .T. ) ;
#1037 = LINE ( 'NONE', #93, #1942 ) ;
#1038 = ORIENTED_EDGE ( 'NONE', *, *, #1769, .T. ) ;
#1039 = EDGE_CURVE ( 'NONE', #2129, #1646, #583, .T. ) ;
#1040 = CARTESIAN_POINT ( 'NONE',  ( 4.230000000000000426, 10.69999999999999929, 2.500000000000000000 ) ) ;
#1041 = VERTEX_POINT ( 'NONE', #202 ) ;
#1042 = DIRECTION ( 'NONE',  ( 2.409338143127931464E-16, 0.000000000000000000, 1.000000000000000000 ) ) ;
#1043 = ORIENTED_EDGE ( 'NONE', *, *, #1828, .F. ) ;
#1044 = CARTESIAN_POINT ( 'NONE',  ( 9.029999999999999361, 1.184980201755356466E-15, 0.000000000000000000 ) ) ;
#1045 = CARTESIAN_POINT ( 'NONE',  ( -1.469999999999999973, -5.551115123125779744E-16, 0.000000000000000000 ) ) ;
#1046 = VECTOR ( 'NONE', #2411, 1000.000000000000000 ) ;
#1047 = DIRECTION ( 'NONE',  ( -1.316927397977848015E-16, 1.000000000000000000, 0.000000000000000000 ) ) ;
#1048 = DIRECTION ( 'NONE',  ( -0.000000000000000000, -1.000000000000000000, -0.000000000000000000 ) ) ;
#1049 = VERTEX_POINT ( 'NONE', #803 ) ;
#1050 = PLANE ( 'NONE',  #1900 ) ;
#1051 = ORIENTED_EDGE ( 'NONE', *, *, #2498, .F. ) ;
#1052 = DIRECTION ( 'NONE',  ( 0.000000000000000000, 0.000000000000000000, -1.000000000000000000 ) ) ;
#1053 = EDGE_LOOP ( 'NONE', ( #110, #402, #166, #2281 ) ) ;
#1054 = DIRECTION ( 'NONE',  ( -1.000000000000000000, 0.000000000000000000, 0.000000000000000000 ) ) ;
#1055 =( NAMED_UNIT ( * ) PLANE_ANGLE_UNIT ( ) SI_UNIT ( $, .RADIAN. ) );
#1056 = ADVANCED_FACE ( 'NONE', ( #2339 ), #428, .F. ) ;
#1057 = VECTOR ( 'NONE', #1927, 1000.000000000000000 ) ;
#1058 = VECTOR ( 'NONE', #2142, 1000.000000000000000 ) ;
#1059 = CARTESIAN_POINT ( 'NONE',  ( 9.029999999999999361, 1.184980201755356466E-15, 0.000000000000000000 ) ) ;
#1060 = LINE ( 'NONE', #2251, #842 ) ;
#1061 = EDGE_CURVE ( 'NONE', #913, #73, #191, .T. ) ;
#1062 = ORIENTED_EDGE ( 'NONE', *, *, #2084, .T. ) ;
#1063 = AXIS2_PLACEMENT_3D ( 'NONE', #2211, #1980, #1005 ) ;
#1064 = DIRECTION ( 'NONE',  ( -0.000000000000000000, 1.000000000000000000, -0.000000000000000000 ) ) ;
#1065 = ORIENTED_EDGE ( 'NONE', *, *, #2013, .T. ) ;
#1066 = LINE ( 'NONE', #697, #2221 ) ;
#1067 = EDGE_LOOP ( 'NONE', ( #694, #1899, #850, #2042 ) ) ;
#1068 = VECTOR ( 'NONE', #837, 1000.000000000000000 ) ;
#1069 = VECTOR ( 'NONE', #921, 1000.000000000000000 ) ;
#1070 = EDGE_CURVE ( 'NONE', #1788, #876, #1380, .T. ) ;
#1071 = ORIENTED_EDGE ( 'NONE', *, *, #990, .T. ) ;
#1072 = DIRECTION ( 'NONE',  ( -1.000000000000000000, 0.000000000000000000, 0.000000000000000000 ) ) ;
#1073 = CARTESIAN_POINT ( 'NONE',  ( 3.795000000000000373, 3.200000000000000178, 0.000000000000000000 ) ) ;
#1074 = DIRECTION ( 'NONE',  ( 0.000000000000000000, 0.000000000000000000, -1.000000000000000000 ) ) ;
#1075 = VECTOR ( 'NONE', #1370, 1000.000000000000114 ) ;
#1076 = VERTEX_POINT ( 'NONE', #1795 ) ;
#1077 = ADVANCED_FACE ( 'NONE', ( #1368 ), #831, .F. ) ;
#1078 = DIRECTION ( 'NONE',  ( -1.000000000000000000, 0.000000000000000000, 0.000000000000000000 ) ) ;
#1079 = ORIENTED_EDGE ( 'NONE', *, *, #1842, .T. ) ;
#1080 = FILL_AREA_STYLE ('',( #2235 ) ) ;
#1081 = ORIENTED_EDGE ( 'NONE', *, *, #1104, .T. ) ;
#1082 = LINE ( 'NONE', #1858, #2485 ) ;
#1083 = DIRECTION ( 'NONE',  ( -4.818676286255858984E-16, -0.000000000000000000, -1.000000000000000000 ) ) ;
#1084 = CARTESIAN_POINT ( 'NONE',  ( 4.887500000000000178, 10.55000000000000071, 2.649999999999999911 ) ) ;
#1085 = LINE ( 'NONE', #336, #1504 ) ;
#1086 = EDGE_CURVE ( 'NONE', #364, #1678, #1756, .T. ) ;
#1087 = FACE_OUTER_BOUND ( 'NONE', #686, .T. ) ;
#1088 = ORIENTED_EDGE ( 'NONE', *, *, #521, .F. ) ;
#1089 = PLANE ( 'NONE',  #1816 ) ;
#1090 = ORIENTED_EDGE ( 'NONE', *, *, #2478, .F. ) ;
#1091 = APPLICATION_PROTOCOL_DEFINITION ( 'draft international standard', 'automotive_design', 1998, #1359 ) ;
#1092 = LINE ( 'NONE', #112, #972 ) ;
#1093 = CARTESIAN_POINT ( 'NONE',  ( 7.829999999999998295, -5.205634918610405393, 1.700000000000000178 ) ) ;
#1094 = ADVANCED_FACE ( 'NONE', ( #1585 ), #40, .T. ) ;
#1095 = PLANE ( 'NONE',  #404 ) ;
#1096 = VECTOR ( 'NONE', #626, 1000.000000000000000 ) ;
#1097 = VERTEX_POINT ( 'NONE', #777 ) ;
#1098 = EDGE_CURVE ( 'NONE', #2, #1682, #2147, .T. ) ;
#1099 = LINE ( 'NONE', #1244, #1571 ) ;
#1100 = VERTEX_POINT ( 'NONE', #53 ) ;
#1101 = CARTESIAN_POINT ( 'NONE',  ( 7.829999999999998295, 0.1999999977648260208, 2.800000000000000266 ) ) ;
#1102 = ORIENTED_EDGE ( 'NONE', *, *, #1751, .T. ) ;
#1103 = APPLICATION_PROTOCOL_DEFINITION ( 'draft international standard', 'automotive_design', 1998, #572 ) ;
#1104 = EDGE_CURVE ( 'NONE', #2014, #135, #399, .T. ) ;
#1105 = EDGE_LOOP ( 'NONE', ( #2182, #832, #2412, #509 ) ) ;
#1106 = VECTOR ( 'NONE', #1206, 1000.000000000000000 ) ;
#1107 = CARTESIAN_POINT ( 'NONE',  ( 10.42999999999999972, 0.000000000000000000, 0.000000000000000000 ) ) ;
#1108 = DIRECTION ( 'NONE',  ( 0.000000000000000000, -1.000000000000000000, 0.000000000000000000 ) ) ;
#1109 = DIRECTION ( 'NONE',  ( 0.000000000000000000, -1.000000000000000000, 0.000000000000000000 ) ) ;
#1110 = ORIENTED_EDGE ( 'NONE', *, *, #1873, .T. ) ;
#1111 = LINE ( 'NONE', #911, #2103 ) ;
#1112 = ORIENTED_EDGE ( 'NONE', *, *, #206, .T. ) ;
#1113 = AXIS2_PLACEMENT_3D ( 'NONE', #365, #1152, #2112 ) ;
#1114 = EDGE_CURVE ( 'NONE', #1268, #518, #628, .T. ) ;
#1115 = DIRECTION ( 'NONE',  ( 0.000000000000000000, 0.000000000000000000, -1.000000000000000000 ) ) ;
#1116 = ORIENTED_EDGE ( 'NONE', *, *, #1569, .T. ) ;
#1117 = ADVANCED_FACE ( 'NONE', ( #1216 ), #1023, .T. ) ;
#1118 = FACE_OUTER_BOUND ( 'NONE', #2265, .T. ) ;
#1119 = CARTESIAN_POINT ( 'NONE',  ( 10.42999999999999972, 3.200000000000000178, 6.700000000000000178 ) ) ;
#1120 = LINE ( 'NONE', #1926, #742 ) ;
#1121 = VERTEX_POINT ( 'NONE', #1599 ) ;
#1122 = AXIS2_PLACEMENT_3D ( 'NONE', #375, #349, #327 ) ;
#1123 = DIRECTION ( 'NONE',  ( -1.000000000000000000, 0.000000000000000000, 0.000000000000000000 ) ) ;
#1124 = ORIENTED_EDGE ( 'NONE', *, *, #1512, .F. ) ;
#1125 = ORIENTED_EDGE ( 'NONE', *, *, #267, .T. ) ;
#1126 = LINE ( 'NONE', #1896, #371 ) ;
#1127 = ORIENTED_EDGE ( 'NONE', *, *, #1758, .T. ) ;
#1128 = ORIENTED_EDGE ( 'NONE', *, *, #2292, .T. ) ;
#1129 = DIRECTION ( 'NONE',  ( 0.000000000000000000, 0.000000000000000000, 1.000000000000000000 ) ) ;
#1130 = CARTESIAN_POINT ( 'NONE',  ( 5.429999999999999716, 2.400000000000000355, 3.099999973177910650 ) ) ;
#1131 = FACE_OUTER_BOUND ( 'NONE', #722, .T. ) ;
#1132 = PLANE ( 'NONE',  #1712 ) ;
#1133 = VECTOR ( 'NONE', #303, 1000.000000000000000 ) ;
#1134 = EDGE_CURVE ( 'NONE', #1425, #378, #1202, .T. ) ;
#1135 = FACE_BOUND ( 'NONE', #874, .T. ) ;
#1136 = ORIENTED_EDGE ( 'NONE', *, *, #1491, .F. ) ;
#1137 = AXIS2_PLACEMENT_3D ( 'NONE', #1502, #1493, #2043 ) ;
#1138 = ORIENTED_EDGE ( 'NONE', *, *, #786, .T. ) ;
#1139 = LINE ( 'NONE', #1746, #700 ) ;
#1140 = ORIENTED_EDGE ( 'NONE', *, *, #309, .F. ) ;
#1141 = ADVANCED_FACE ( 'NONE', ( #441 ), #983, .T. ) ;
#1142 = EDGE_LOOP ( 'NONE', ( #1760, #847, #1374, #2320, #2296, #1441 ) ) ;
#1143 = FACE_OUTER_BOUND ( 'NONE', #1142, .T. ) ;
#1144 = CARTESIAN_POINT ( 'NONE',  ( 7.829999999999998295, 3.200000000000000178, 2.799999999999999822 ) ) ;
#1145 = ADVANCED_FACE ( 'NONE', ( #1410 ), #970, .T. ) ;
#1146 = DIRECTION ( 'NONE',  ( 0.000000000000000000, -1.000000000000000000, 0.000000000000000000 ) ) ;
#1147 = DIRECTION ( 'NONE',  ( 0.000000000000000000, 1.000000000000000000, 0.000000000000000000 ) ) ;
#1148 = PRODUCT_DEFINITION ( 'UNKNOWN', '', #2164, #1261 ) ;
#1149 = CARTESIAN_POINT ( 'NONE',  ( 8.929999999999997939, -3.649999999999999911, 1.700000000000000178 ) ) ;
#1150 = ORIENTED_EDGE ( 'NONE', *, *, #1327, .F. ) ;
#1151 = ORIENTED_EDGE ( 'NONE', *, *, #2483, .T. ) ;
#1152 = DIRECTION ( 'NONE',  ( 0.000000000000000000, 0.7071067811865470176, -0.7071067811865480168 ) ) ;
#1153 = AXIS2_PLACEMENT_3D ( 'NONE', #1784, #28, #444 ) ;
#1154 = ORIENTED_EDGE ( 'NONE', *, *, #2521, .T. ) ;
#1155 = ORIENTED_EDGE ( 'NONE', *, *, #2279, .F. ) ;
#1156 = DIRECTION ( 'NONE',  ( 0.000000000000000000, 0.000000000000000000, -1.000000000000000000 ) ) ;
#1157 = FACE_OUTER_BOUND ( 'NONE', #2486, .T. ) ;
#1158 = DIRECTION ( 'NONE',  ( 0.000000000000000000, 1.000000000000000000, 0.000000000000000000 ) ) ;
#1159 = DIRECTION ( 'NONE',  ( 0.000000000000000000, -1.000000000000000000, 0.000000000000000000 ) ) ;
#1160 = CARTESIAN_POINT ( 'NONE',  ( 8.629999999999997229, 10.69999999999999929, 2.250000000000000000 ) ) ;
#1161 = VECTOR ( 'NONE', #1762, 1000.000000000000114 ) ;
#1162 = EDGE_CURVE ( 'NONE', #135, #364, #788, .T. ) ;
#1163 = VECTOR ( 'NONE', #873, 1000.000000000000000 ) ;
#1164 = CARTESIAN_POINT ( 'NONE',  ( -0.3699999999999999956, -1.456926184994950291E-16, 6.700000000000000178 ) ) ;
#1165 = ORIENTED_EDGE ( 'NONE', *, *, #1254, .T. ) ;
#1166 = ORIENTED_EDGE ( 'NONE', *, *, #1624, .T. ) ;
#1167 = CARTESIAN_POINT ( 'NONE',  ( 5.294999999999999929, 0.5999999999999999778, 2.799999999999999822 ) ) ;
#1168 = DIRECTION ( 'NONE',  ( 1.000000000000000000, 0.000000000000000000, 0.000000000000000000 ) ) ;
#1169 = DIRECTION ( 'NONE',  ( -0.000000000000000000, -0.000000000000000000, 1.000000000000000000 ) ) ;
#1170 = FACE_OUTER_BOUND ( 'NONE', #918, .T. ) ;
#1171 = EDGE_CURVE ( 'NONE', #458, #111, #1640, .T. ) ;
#1172 = DIRECTION ( 'NONE',  ( 0.000000000000000000, -1.000000000000000000, 0.000000000000000000 ) ) ;
#1173 = VERTEX_POINT ( 'NONE', #1256 ) ;
#1174 = EDGE_CURVE ( 'NONE', #2100, #83, #2036, .T. ) ;
#1175 = DIRECTION ( 'NONE',  ( 0.000000000000000000, 0.000000000000000000, -1.000000000000000000 ) ) ;
#1176 = CARTESIAN_POINT ( 'NONE',  ( 3.795000000000000373, 3.200000000000000178, 6.700000000000000178 ) ) ;
#1177 = ORIENTED_EDGE ( 'NONE', *, *, #1436, .F. ) ;
#1178 = DIRECTION ( 'NONE',  ( 0.000000000000000000, 0.000000000000000000, -1.000000000000000000 ) ) ;
#1179 = ORIENTED_EDGE ( 'NONE', *, *, #1352, .T. ) ;
#1180 = CARTESIAN_POINT ( 'NONE',  ( 7.829999999999998295, 3.200000000000000178, 1.699999999999999734 ) ) ;
#1181 = CARTESIAN_POINT ( 'NONE',  ( 1.530000120168550026, 3.200000000000000178, 1.099999986588960033 ) ) ;
#1182 = EDGE_CURVE ( 'NONE', #2436, #939, #860, .T. ) ;
#1183 = AXIS2_PLACEMENT_3D ( 'NONE', #382, #1763, #7 ) ;
#1184 = CARTESIAN_POINT ( 'NONE',  ( 0.03000000000000100156, 0.1999999999999999556, 0.000000000000000000 ) ) ;
#1185 = DIRECTION ( 'NONE',  ( 0.000000000000000000, -1.000000000000000000, 0.000000000000000000 ) ) ;
#1186 = DIRECTION ( 'NONE',  ( 0.000000000000000000, 0.000000000000000000, 1.000000000000000000 ) ) ;
#1187 = VECTOR ( 'NONE', #527, 1000.000000000000000 ) ;
#1188 = AXIS2_PLACEMENT_3D ( 'NONE', #827, #2172, #815 ) ;
#1189 = FACE_OUTER_BOUND ( 'NONE', #1534, .T. ) ;
#1190 = DIRECTION ( 'NONE',  ( 1.000000000000000000, 0.000000000000000000, 0.000000000000000000 ) ) ;
#1191 = EDGE_CURVE ( 'NONE', #250, #499, #283, .T. ) ;
#1192 = ORIENTED_EDGE ( 'NONE', *, *, #598, .T. ) ;
#1193 = LINE ( 'NONE', #1976, #2171 ) ;
#1194 = VERTEX_POINT ( 'NONE', #681 ) ;
#1195 = CARTESIAN_POINT ( 'NONE',  ( 8.929999999999997939, 0.1999999977648260208, 2.800000000000000266 ) ) ;
#1196 = DIRECTION ( 'NONE',  ( -1.000000000000000000, 0.000000000000000000, 0.000000000000000000 ) ) ;
#1197 = EDGE_CURVE ( 'NONE', #1773, #649, #1278, .T. ) ;
#1198 = ORIENTED_EDGE ( 'NONE', *, *, #1917, .F. ) ;
#1199 = FACE_OUTER_BOUND ( 'NONE', #2203, .T. ) ;
#1200 = DIRECTION ( 'NONE',  ( -1.000000000000000000, 0.000000000000000000, 2.168404344971008868E-16 ) ) ;
#1201 = ORIENTED_EDGE ( 'NONE', *, *, #1182, .F. ) ;
#1202 = LINE ( 'NONE', #1570, #1661 ) ;
#1203 = ORIENTED_EDGE ( 'NONE', *, *, #1367, .F. ) ;
#1204 = ADVANCED_FACE ( 'NONE', ( #1860 ), #2239, .T. ) ;
#1205 = DIRECTION ( 'NONE',  ( 4.228174589884199454E-17, -1.000000000000000000, -0.000000000000000000 ) ) ;
#1206 = DIRECTION ( 'NONE',  ( -1.000000000000000000, -0.000000000000000000, -0.000000000000000000 ) ) ;
#1207 = ORIENTED_EDGE ( 'NONE', *, *, #877, .F. ) ;
#1208 = VECTOR ( 'NONE', #1836, 1000.000000000000000 ) ;
#1209 = LINE ( 'NONE', #405, #2454 ) ;
#1210 = EDGE_LOOP ( 'NONE', ( #220, #2003, #1935, #178 ) ) ;
#1211 = PLANE ( 'NONE',  #2062 ) ;
#1212 = LINE ( 'NONE', #35, #1639 ) ;
#1213 = CARTESIAN_POINT ( 'NONE',  ( 0.7550000000000000044, 10.55000000000000071, 2.649999999999999911 ) ) ;
#1214 = CARTESIAN_POINT ( 'NONE',  ( 8.929999999999997939, 12.25563491861040255, 1.699999999999999734 ) ) ;
#1215 = ORIENTED_EDGE ( 'NONE', *, *, #1652, .F. ) ;
#1216 = FACE_OUTER_BOUND ( 'NONE', #1768, .T. ) ;
#1217 = ORIENTED_EDGE ( 'NONE', *, *, #2244, .T. ) ;
#1218 = CARTESIAN_POINT ( 'NONE',  ( 0.5799999999999999600, -3.649999999999999911, 2.250000000000000000 ) ) ;
#1219 = VERTEX_POINT ( 'NONE', #2442 ) ;
#1220 = VECTOR ( 'NONE', #1676, 1000.000000000000000 ) ;
#1221 = DIRECTION ( 'NONE',  ( 0.000000000000000000, 0.000000000000000000, 1.000000000000000000 ) ) ;
#1222 = ORIENTED_EDGE ( 'NONE', *, *, #359, .F. ) ;
#1223 = CARTESIAN_POINT ( 'NONE',  ( 1.129999999999999893, 10.40000000000000036, 2.075000000000000178 ) ) ;
#1224 = PLANE ( 'NONE',  #566 ) ;
#1225 = DIRECTION ( 'NONE',  ( 0.000000000000000000, -1.000000000000000000, 0.000000000000000000 ) ) ;
#1226 = CARTESIAN_POINT ( 'NONE',  ( 0.000000000000000000, 3.200000000000000178, 0.000000000000000000 ) ) ;
#1227 = EDGE_CURVE ( 'NONE', #655, #342, #670, .T. ) ;
#1228 = ORIENTED_EDGE ( 'NONE', *, *, #2279, .T. ) ;
#1229 = DIRECTION ( 'NONE',  ( 4.228174589884199454E-17, -1.000000000000000000, 0.000000000000000000 ) ) ;
#1230 = ORIENTED_EDGE ( 'NONE', *, *, #2224, .F. ) ;
#1231 = EDGE_CURVE ( 'NONE', #2001, #1243, #67, .T. ) ;
#1232 = LINE ( 'NONE', #646, #2502 ) ;
#1233 = AXIS2_PLACEMENT_3D ( 'NONE', #102, #323, #1471 ) ;
#1234 = ORIENTED_EDGE ( 'NONE', *, *, #1943, .T. ) ;
#1235 = CARTESIAN_POINT ( 'NONE',  ( 5.429999999999999716, 3.200000000000000178, 1.399999999999999911 ) ) ;
#1236 = ORIENTED_EDGE ( 'NONE', *, *, #1547, .T. ) ;
#1237 = FACE_OUTER_BOUND ( 'NONE', #442, .T. ) ;
#1238 = DIRECTION ( 'NONE',  ( 0.000000000000000000, 1.000000000000000000, 0.000000000000000000 ) ) ;
#1239 = AXIS2_PLACEMENT_3D ( 'NONE', #1420, #436, #1225 ) ;
#1240 = CARTESIAN_POINT ( 'NONE',  ( 4.080000000000000071, 10.55000000000000071, 2.425000000000000266 ) ) ;
#1241 = VERTEX_POINT ( 'NONE', #1450 ) ;
#1242 = CARTESIAN_POINT ( 'NONE',  ( 3.795000000000000373, 3.200000000000000178, 6.700000000000000178 ) ) ;
#1243 = VERTEX_POINT ( 'NONE', #468 ) ;
#1244 = CARTESIAN_POINT ( 'NONE',  ( 4.304999999999999716, 10.40000000000000036, 1.699999999999999956 ) ) ;
#1245 = EDGE_CURVE ( 'NONE', #328, #1669, #1060, .T. ) ;
#1246 = ORIENTED_EDGE ( 'NONE', *, *, #2069, .T. ) ;
#1247 = CARTESIAN_POINT ( 'NONE',  ( 0.2300000000000000100, 0.5999999999999999778, 1.699999999999999956 ) ) ;
#1248 = ORIENTED_EDGE ( 'NONE', *, *, #2318, .F. ) ;
#1249 = FACE_OUTER_BOUND ( 'NONE', #2356, .T. ) ;
#1250 = VECTOR ( 'NONE', #863, 1000.000000000000000 ) ;
#1251 = EDGE_CURVE ( 'NONE', #1843, #819, #1037, .T. ) ;
#1252 = EDGE_LOOP ( 'NONE', ( #1693, #108, #2386, #2236 ) ) ;
#1253 = VECTOR ( 'NONE', #595, 1000.000000000000114 ) ;
#1254 = EDGE_CURVE ( 'NONE', #620, #2100, #490, .T. ) ;
#1255 = DIRECTION ( 'NONE',  ( -0.000000000000000000, -1.000000000000000000, -0.000000000000000000 ) ) ;
#1256 = CARTESIAN_POINT ( 'NONE',  ( 3.530000120168550026, 2.399999999999999911, -2.682209010451689997E-08 ) ) ;
#1257 = ORIENTED_EDGE ( 'NONE', *, *, #31, .T. ) ;
#1258 = LINE ( 'NONE', #2047, #143 ) ;
#1259 = VERTEX_POINT ( 'NONE', #2430 ) ;
#1260 = EDGE_CURVE ( 'NONE', #290, #495, #703, .T. ) ;
#1261 = PRODUCT_DEFINITION_CONTEXT ( 'detailed design', #572, 'design' ) ;
#1262 = PRESENTATION_STYLE_ASSIGNMENT (( #459 ) ) ;
#1263 = ORIENTED_EDGE ( 'NONE', *, *, #2122, .T. ) ;
#1264 = VECTOR ( 'NONE', #556, 1000.000000000000000 ) ;
#1265 = CARTESIAN_POINT ( 'NONE',  ( 4.479999999999999538, 10.69999999999999929, 2.250000000000000000 ) ) ;
#1266 = EDGE_CURVE ( 'NONE', #1049, #250, #1437, .T. ) ;
#1267 = DIRECTION ( 'NONE',  ( -0.7071067811865480168, 0.7071067811865470176, 0.000000000000000000 ) ) ;
#1268 = VERTEX_POINT ( 'NONE', #656 ) ;
#1269 = CARTESIAN_POINT ( 'NONE',  ( 1.129999999999999893, -3.649999999999999911, 1.699999999999999956 ) ) ;
#1270 = VERTEX_POINT ( 'NONE', #1665 ) ;
#1271 = PRODUCT_DEFINITION_SHAPE ( 'NONE', 'NONE',  #1148 ) ;
#1272 = DIRECTION ( 'NONE',  ( -1.156482317317869950E-15, 1.000000000000000000, 0.000000000000000000 ) ) ;
#1273 = ORIENTED_EDGE ( 'NONE', *, *, #678, .F. ) ;
#1274 = VERTEX_POINT ( 'NONE', #690 ) ;
#1275 = ADVANCED_FACE ( 'NONE', ( #2057 ), #305, .T. ) ;
#1276 = CARTESIAN_POINT ( 'NONE',  ( 0.4699999999999999734, 0.2000000000000000111, 2.799999999999999822 ) ) ;
#1277 = DIRECTION ( 'NONE',  ( -0.5773502691896277295, -0.5773502691896277295, 0.5773502691896219563 ) ) ;
#1278 = LINE ( 'NONE', #115, #508 ) ;
#1279 = VECTOR ( 'NONE', #329, 1000.000000000000000 ) ;
#1280 = VERTEX_POINT ( 'NONE', #894 ) ;
#1281 = CARTESIAN_POINT ( 'NONE',  ( 1.530000120168550026, 3.200000000000000178, 3.099999973177910206 ) ) ;
#1282 = ORIENTED_EDGE ( 'NONE', *, *, #75, .T. ) ;
#1283 = LINE ( 'NONE', #320, #828 ) ;
#1284 = ORIENTED_EDGE ( 'NONE', *, *, #1009, .F. ) ;
#1285 = ADVANCED_FACE ( 'NONE', ( #1674 ), #2452, .T. ) ;
#1286 = VECTOR ( 'NONE', #1742, 1000.000000000000000 ) ;
#1287 = DIRECTION ( 'NONE',  ( 1.000000000000000000, 0.000000000000000000, 0.000000000000000000 ) ) ;
#1288 = LINE ( 'NONE', #125, #1809 ) ;
#1289 = EDGE_CURVE ( 'NONE', #342, #724, #77, .T. ) ;
#1290 = VECTOR ( 'NONE', #1614, 1000.000000000000000 ) ;
#1291 = LINE ( 'NONE', #2067, #1645 ) ;
#1292 = ORIENTED_EDGE ( 'NONE', *, *, #1191, .F. ) ;
#1293 = ORIENTED_EDGE ( 'NONE', *, *, #1266, .F. ) ;
#1294 = CARTESIAN_POINT ( 'NONE',  ( 3.830000181915239832, 0.1999999977648259930, -1.199999999999999956 ) ) ;
#1295 = ORIENTED_EDGE ( 'NONE', *, *, #1070, .T. ) ;
#1296 = EDGE_CURVE ( 'NONE', #2014, #1678, #2094, .T. ) ;
#1297 = CARTESIAN_POINT ( 'NONE',  ( 0.03000000000000051237, 3.200000000000000178, 2.799999999999999822 ) ) ;
#1298 = ORIENTED_EDGE ( 'NONE', *, *, #192, .F. ) ;
#1299 = ADVANCED_FACE ( 'NONE', ( #1714 ), #1095, .T. ) ;
#1300 = DIRECTION ( 'NONE',  ( 1.000000000000000000, 4.228174589884199454E-17, 0.000000000000000000 ) ) ;
#1301 = CARTESIAN_POINT ( 'NONE',  ( -0.06999999999999999278, 0.1999999977648259930, 0.000000000000000000 ) ) ;
#1302 = CARTESIAN_POINT ( 'NONE',  ( 9.029999999999997584, 11.69999973848460506, -0.8500000000000065281 ) ) ;
#1303 = VECTOR ( 'NONE', #2450, 1000.000000000000000 ) ;
#1304 = EDGE_CURVE ( 'NONE', #13, #318, #1903, .T. ) ;
#1305 = CARTESIAN_POINT ( 'NONE',  ( -1.469999999999999973, 3.200000000000000178, 0.000000000000000000 ) ) ;
#1306 = DIRECTION ( 'NONE',  ( 0.000000000000000000, -0.000000000000000000, 1.000000000000000000 ) ) ;
#1307 = VERTEX_POINT ( 'NONE', #314 ) ;
#1308 = EDGE_CURVE ( 'NONE', #1745, #705, #1532, .T. ) ;
#1309 = AXIS2_PLACEMENT_3D ( 'NONE', #2257, #2247, #486 ) ;
#1310 = CARTESIAN_POINT ( 'NONE',  ( 5.029999999999999361, 0.1999999977648260208, 2.799999999999999822 ) ) ;
#1311 = ORIENTED_EDGE ( 'NONE', *, *, #658, .T. ) ;
#1312 = ORIENTED_EDGE ( 'NONE', *, *, #2419, .F. ) ;
#1313 = EDGE_CURVE ( 'NONE', #1895, #653, #715, .T. ) ;
#1314 = AXIS2_PLACEMENT_3D ( 'NONE', #851, #418, #432 ) ;
#1315 = CARTESIAN_POINT ( 'NONE',  ( 3.530000167665999999, 0.000000000000000000, -1.199999999999999956 ) ) ;
#1316 = CARTESIAN_POINT ( 'NONE',  ( 0.000000000000000000, 11.69999973848460151, 0.000000000000000000 ) ) ;
#1317 = CARTESIAN_POINT ( 'NONE',  ( 9.029999999999999361, 7.499999738484620870, 0.000000000000000000 ) ) ;
#1318 = DIRECTION ( 'NONE',  ( 0.000000000000000000, 0.000000000000000000, -1.000000000000000000 ) ) ;
#1319 = ORIENTED_EDGE ( 'NONE', *, *, #638, .T. ) ;
#1320 = PLANE ( 'NONE',  #2106 ) ;
#1321 = ORIENTED_EDGE ( 'NONE', *, *, #2213, .T. ) ;
#1322 = PLANE ( 'NONE',  #1113 ) ;
#1323 = ORIENTED_EDGE ( 'NONE', *, *, #1970, .F. ) ;
#1324 = VERTEX_POINT ( 'NONE', #358 ) ;
#1325 = CARTESIAN_POINT ( 'NONE',  ( 5.060000000000000497, 3.200000000000000178, 0.000000000000000000 ) ) ;
#1326 = DIRECTION ( 'NONE',  ( 1.000000000000000000, -0.000000000000000000, -0.000000000000000000 ) ) ;
#1327 = EDGE_CURVE ( 'NONE', #819, #1274, #324, .T. ) ;
#1328 = LINE ( 'NONE', #1543, #531 ) ;
#1329 = FACE_OUTER_BOUND ( 'NONE', #1701, .T. ) ;
#1330 = AXIS2_PLACEMENT_3D ( 'NONE', #471, #317, #1453 ) ;
#1331 = ORIENTED_EDGE ( 'NONE', *, *, #1508, .T. ) ;
#1332 = FACE_OUTER_BOUND ( 'NONE', #1822, .T. ) ;
#1333 = VERTEX_POINT ( 'NONE', #2312 ) ;
#1334 = CARTESIAN_POINT ( 'NONE',  ( 1.129999999999999893, 3.200000000000000178, 2.799999999999999822 ) ) ;
#1335 = ADVANCED_FACE ( 'NONE', ( #1131 ), #933, .F. ) ;
#1336 = ORIENTED_EDGE ( 'NONE', *, *, #658, .F. ) ;
#1337 = ORIENTED_EDGE ( 'NONE', *, *, #2503, .F. ) ;
#1338 = CARTESIAN_POINT ( 'NONE',  ( 5.430000000000000604, 2.400000000000000355, 6.700000000000000178 ) ) ;
#1339 = DIRECTION ( 'NONE',  ( -1.000000000000000000, 0.000000000000000000, 0.000000000000000000 ) ) ;
#1340 = DIRECTION ( 'NONE',  ( -1.000000000000000000, -4.228174589884200071E-17, 0.000000000000000000 ) ) ;
#1341 = CARTESIAN_POINT ( 'NONE',  ( 3.530000120168550026, 3.200000000000000178, 1.399999973177910029 ) ) ;
#1342 = PLANE ( 'NONE',  #22 ) ;
#1343 = ORIENTED_EDGE ( 'NONE', *, *, #1783, .F. ) ;
#1344 = ORIENTED_EDGE ( 'NONE', *, *, #1355, .T. ) ;
#1345 = CARTESIAN_POINT ( 'NONE',  ( 1.530000120168550026, 3.200000000000000178, 3.099999973177910206 ) ) ;
#1346 = ORIENTED_EDGE ( 'NONE', *, *, #386, .T. ) ;
#1347 = ORIENTED_EDGE ( 'NONE', *, *, #1719, .F. ) ;
#1348 = DIRECTION ( 'NONE',  ( 0.000000000000000000, 0.000000000000000000, -1.000000000000000000 ) ) ;
#1349 = FACE_OUTER_BOUND ( 'NONE', #476, .T. ) ;
#1350 = VECTOR ( 'NONE', #2066, 1000.000000000000000 ) ;
#1351 = DIRECTION ( 'NONE',  ( 0.000000000000000000, -0.000000000000000000, 1.000000000000000000 ) ) ;
#1352 = EDGE_CURVE ( 'NONE', #1444, #2229, #1328, .T. ) ;
#1353 = DIRECTION ( 'NONE',  ( 0.000000000000000000, 0.000000000000000000, 1.000000000000000000 ) ) ;
#1354 = DIRECTION ( 'NONE',  ( 0.000000000000000000, 0.000000000000000000, 1.000000000000000000 ) ) ;
#1355 = EDGE_CURVE ( 'NONE', #649, #1827, #1120, .T. ) ;
#1356 = CARTESIAN_POINT ( 'NONE',  ( 5.060000000000000497, 3.200000000000000178, 2.799999999999999822 ) ) ;
#1357 = VECTOR ( 'NONE', #497, 1000.000000000000000 ) ;
#1358 = ORIENTED_EDGE ( 'NONE', *, *, #1813, .T. ) ;
#1359 = APPLICATION_CONTEXT ( 'automotive_design' ) ;
#1360 = EDGE_CURVE ( 'NONE', #2394, #2304, #1727, .T. ) ;
#1361 = EDGE_LOOP ( 'NONE', ( #170, #452, #2141, #2180 ) ) ;
#1362 = FACE_OUTER_BOUND ( 'NONE', #1875, .T. ) ;
#1363 = FACE_OUTER_BOUND ( 'NONE', #1361, .T. ) ;
#1364 = VERTEX_POINT ( 'NONE', #1891 ) ;
#1365 = LINE ( 'NONE', #1582, #2034 ) ;
#1366 = CARTESIAN_POINT ( 'NONE',  ( 5.029999999999999361, 0.5999999999999999778, 1.699999999999999956 ) ) ;
#1367 = EDGE_CURVE ( 'NONE', #939, #1100, #150, .T. ) ;
#1368 = FACE_OUTER_BOUND ( 'NONE', #1210, .T. ) ;
#1369 = AXIS2_PLACEMENT_3D ( 'NONE', #660, #897, #129 ) ;
#1370 = DIRECTION ( 'NONE',  ( -0.5773502691896260641, 0.5773502691896260641, 0.5773502691896250649 ) ) ;
#1371 = LINE ( 'NONE', #1974, #985 ) ;
#1372 = EDGE_CURVE ( 'NONE', #705, #649, #1505, .T. ) ;
#1373 = EDGE_LOOP ( 'NONE', ( #427, #2459, #684, #861, #1179, #1956 ) ) ;
#1374 = ORIENTED_EDGE ( 'NONE', *, *, #1890, .F. ) ;
#1375 = CARTESIAN_POINT ( 'NONE',  ( 8.929999999999997939, 3.200000000000000178, 1.699999999999999734 ) ) ;
#1376 = DIRECTION ( 'NONE',  ( 0.000000000000000000, 0.000000000000000000, 1.000000000000000000 ) ) ;
#1377 = DIRECTION ( 'NONE',  ( -1.000000000000000000, 0.000000000000000000, 0.000000000000000000 ) ) ;
#1378 = DIRECTION ( 'NONE',  ( 0.000000000000000000, -1.000000000000000000, 0.000000000000000000 ) ) ;
#1379 = EDGE_CURVE ( 'NONE', #380, #1690, #2285, .T. ) ;
#1380 = LINE ( 'NONE', #997, #272 ) ;
#1381 = AXIS2_PLACEMENT_3D ( 'NONE', #905, #892, #2238 ) ;
#1382 = DIRECTION ( 'NONE',  ( 4.228174589884199454E-17, -1.000000000000000000, 0.000000000000000000 ) ) ;
#1383 = PLANE ( 'NONE',  #530 ) ;
#1384 = AXIS2_PLACEMENT_3D ( 'NONE', #1167, #1129, #992 ) ;
#1385 = EDGE_CURVE ( 'NONE', #1682, #771, #2504, .T. ) ;
#1386 = ORIENTED_EDGE ( 'NONE', *, *, #1970, .T. ) ;
#1387 = CARTESIAN_POINT ( 'NONE',  ( 3.530000120168550026, 3.200000000000000178, 1.399999973177910029 ) ) ;
#1388 = ORIENTED_EDGE ( 'NONE', *, *, #1869, .F. ) ;
#1389 = CARTESIAN_POINT ( 'NONE',  ( 3.930000000000000160, 3.200000000000000178, 1.699999999999999956 ) ) ;
#1390 = DIRECTION ( 'NONE',  ( 2.409338143127930971E-16, 0.000000000000000000, 1.000000000000000000 ) ) ;
#1391 = EDGE_CURVE ( 'NONE', #2014, #342, #138, .T. ) ;
#1392 = CARTESIAN_POINT ( 'NONE',  ( 3.530000000000000249, 0.8000000000000000444, 6.700000000000000178 ) ) ;
#1393 = CARTESIAN_POINT ( 'NONE',  ( -0.07000000332482160526, 0.1999999977648259930, -1.199999999999999956 ) ) ;
#1394 = ORIENTED_EDGE ( 'NONE', *, *, #718, .T. ) ;
#1395 = DIRECTION ( 'NONE',  ( 0.000000000000000000, -1.000000000000000000, 0.000000000000000000 ) ) ;
#1396 = ORIENTED_EDGE ( 'NONE', *, *, #1245, .F. ) ;
#1397 = AXIS2_PLACEMENT_3D ( 'NONE', #795, #1633, #1774 ) ;
#1398 = VECTOR ( 'NONE', #728, 1000.000000000000000 ) ;
#1399 = CARTESIAN_POINT ( 'NONE',  ( 3.530000120168550026, 2.399999999999999911, 3.099999973177910206 ) ) ;
#1400 = FACE_OUTER_BOUND ( 'NONE', #1747, .T. ) ;
#1401 = ORIENTED_EDGE ( 'NONE', *, *, #412, .F. ) ;
#1403 = VECTOR ( 'NONE', #1573, 1000.000000000000000 ) ;
#1402 = DIRECTION ( 'NONE',  ( 1.314563309788127839E-16, -0.9982048454657787007, 0.05989229072794679393 ) ) ;
#1404 = ORIENTED_EDGE ( 'NONE', *, *, #1946, .T. ) ;
#1405 = LINE ( 'NONE', #1044, #588 ) ;
#1406 = FACE_OUTER_BOUND ( 'NONE', #1921, .T. ) ;
#1407 = DIRECTION ( 'NONE',  ( 0.000000000000000000, 0.9982048454657787007, -0.05989229072794678699 ) ) ;
#1408 = FACE_OUTER_BOUND ( 'NONE', #261, .T. ) ;
#1409 = ORIENTED_EDGE ( 'NONE', *, *, #1602, .F. ) ;
#1410 = FACE_OUTER_BOUND ( 'NONE', #898, .T. ) ;
#1411 = ORIENTED_EDGE ( 'NONE', *, *, #516, .F. ) ;
#1412 = EDGE_CURVE ( 'NONE', #988, #1972, #908, .T. ) ;
#1413 = CARTESIAN_POINT ( 'NONE',  ( 7.430000000000004157, 0.2000000000000003442, -1.199999999999999956 ) ) ;
#1414 = ORIENTED_EDGE ( 'NONE', *, *, #1114, .F. ) ;
#1415 = LINE ( 'NONE', #262, #1883 ) ;
#1416 = EDGE_CURVE ( 'NONE', #55, #876, #1685, .T. ) ;
#1417 = ORIENTED_EDGE ( 'NONE', *, *, #922, .F. ) ;
#1418 = FACE_OUTER_BOUND ( 'NONE', #1016, .T. ) ;
#1419 = DIRECTION ( 'NONE',  ( 1.000000000000000000, 0.000000000000000000, 0.000000000000000000 ) ) ;
#1420 = CARTESIAN_POINT ( 'NONE',  ( 1.530000120168550026, 3.200000000000000178, 3.099999973177910206 ) ) ;
#1421 = EDGE_CURVE ( 'NONE', #83, #676, #1291, .T. ) ;
#1422 = DIRECTION ( 'NONE',  ( 1.000000000000000000, -0.000000000000000000, -0.000000000000000000 ) ) ;
#1423 = ORIENTED_EDGE ( 'NONE', *, *, #2134, .T. ) ;
#1424 = CARTESIAN_POINT ( 'NONE',  ( 7.429999999999999716, 2.400000000000000355, 4.899999986588953860 ) ) ;
#1425 = VERTEX_POINT ( 'NONE', #1302 ) ;
#1426 = LINE ( 'NONE', #400, #952 ) ;
#1427 = VERTEX_POINT ( 'NONE', #2080 ) ;
#1428 = AXIS2_PLACEMENT_3D ( 'NONE', #64, #1982, #2200 ) ;
#1429 = LINE ( 'NONE', #989, #208 ) ;
#1430 = ORIENTED_EDGE ( 'NONE', *, *, #46, .F. ) ;
#1431 = DIRECTION ( 'NONE',  ( -1.000000000000000000, 0.000000000000000000, 0.000000000000000000 ) ) ;
#1432 = LINE ( 'NONE', #1832, #659 ) ;
#1433 = FACE_OUTER_BOUND ( 'NONE', #1028, .T. ) ;
#1434 = ORIENTED_EDGE ( 'NONE', *, *, #1227, .F. ) ;
#1435 = VECTOR ( 'NONE', #212, 1000.000000000000000 ) ;
#1436 = EDGE_CURVE ( 'NONE', #1846, #195, #1752, .T. ) ;
#1437 = LINE ( 'NONE', #2216, #887 ) ;
#1438 = ORIENTED_EDGE ( 'NONE', *, *, #396, .F. ) ;
#1439 = DIRECTION ( 'NONE',  ( -0.000000000000000000, 1.000000000000000000, -0.000000000000000000 ) ) ;
#1440 = VECTOR ( 'NONE', #2510, 1000.000000000000000 ) ;
#1441 = ORIENTED_EDGE ( 'NONE', *, *, #1813, .F. ) ;
#1442 = ADVANCED_FACE ( 'NONE', ( #980 ), #1006, .T. ) ;
#1443 = DIRECTION ( 'NONE',  ( -0.000000000000000000, 1.000000000000000000, -0.000000000000000000 ) ) ;
#1444 = VERTEX_POINT ( 'NONE', #2135 ) ;
#1445 = LINE ( 'NONE', #62, #183 ) ;
#1446 = DIRECTION ( 'NONE',  ( -1.000000000000000000, 0.000000000000000000, 0.000000000000000000 ) ) ;
#1447 = ORIENTED_EDGE ( 'NONE', *, *, #1367, .T. ) ;
#1448 = AXIS2_PLACEMENT_3D ( 'NONE', #2267, #890, #1272 ) ;
#1449 = FACE_OUTER_BOUND ( 'NONE', #1794, .T. ) ;
#1450 = CARTESIAN_POINT ( 'NONE',  ( -0.06999999999999999278, 9.199999738484619272, 0.000000000000000000 ) ) ;
#1451 = ADVANCED_FACE ( 'NONE', ( #1595 ), #800, .T. ) ;
#1452 = VERTEX_POINT ( 'NONE', #238 ) ;
#1453 = DIRECTION ( 'NONE',  ( 1.097926250618232273E-16, 0.000000000000000000, 1.000000000000000000 ) ) ;
#1454 = EDGE_LOOP ( 'NONE', ( #1021, #1136, #954, #1430 ) ) ;
#1455 = LINE ( 'NONE', #1884, #1561 ) ;
#1456 = ADVANCED_FACE ( 'NONE', ( #2349 ), #1981, .T. ) ;
#1457 = VERTEX_POINT ( 'NONE', #775 ) ;
#1458 = DIRECTION ( 'NONE',  ( 0.000000000000000000, 1.000000000000000000, 0.000000000000000000 ) ) ;
#1459 = AXIS2_PLACEMENT_3D ( 'NONE', #2124, #154, #938 ) ;
#1460 = DIRECTION ( 'NONE',  ( 0.000000000000000000, -0.000000000000000000, 1.000000000000000000 ) ) ;
#1461 = CARTESIAN_POINT ( 'NONE',  ( 3.930000000000000160, -3.649999999999999911, 2.799999999999999822 ) ) ;
#1462 = ORIENTED_EDGE ( 'NONE', *, *, #1061, .T. ) ;
#1463 = CARTESIAN_POINT ( 'NONE',  ( 5.429999999999999716, 2.400000000000000355, 0.000000000000000000 ) ) ;
#1464 = ORIENTED_EDGE ( 'NONE', *, *, #75, .F. ) ;
#1465 = SURFACE_STYLE_FILL_AREA ( #1080 ) ;
#1466 = EDGE_CURVE ( 'NONE', #495, #2046, #1940, .T. ) ;
#1467 = ORIENTED_EDGE ( 'NONE', *, *, #1528, .F. ) ;
#1468 = VECTOR ( 'NONE', #909, 1000.000000000000000 ) ;
#1469 = VECTOR ( 'NONE', #2115, 1000.000000000000114 ) ;
#1470 = FACE_OUTER_BOUND ( 'NONE', #2423, .T. ) ;
#1471 = DIRECTION ( 'NONE',  ( 0.000000000000000000, -1.000000000000000000, 0.000000000000000000 ) ) ;
#1472 = DIRECTION ( 'NONE',  ( 1.000000000000000000, 4.286263797015740046E-16, 0.000000000000000000 ) ) ;
#1473 = VECTOR ( 'NONE', #1594, 1000.000000000000000 ) ;
#1474 = ORIENTED_EDGE ( 'NONE', *, *, #1412, .F. ) ;
#1475 = LINE ( 'NONE', #1881, #717 ) ;
#1476 = ORIENTED_EDGE ( 'NONE', *, *, #2503, .T. ) ;
#1477 = VECTOR ( 'NONE', #1902, 1000.000000000000000 ) ;
#1478 = DIRECTION ( 'NONE',  ( 4.228174589884199454E-17, -1.000000000000000000, -0.000000000000000000 ) ) ;
#1479 = ORIENTED_EDGE ( 'NONE', *, *, #4, .T. ) ;
#1480 = CARTESIAN_POINT ( 'NONE',  ( 7.429999999999997939, 3.200000000000000178, 1.399999999999999911 ) ) ;
#1481 = LINE ( 'NONE', #2462, #2293 ) ;
#1482 = DIRECTION ( 'NONE',  ( 0.000000000000000000, 0.000000000000000000, 1.000000000000000000 ) ) ;
#1483 = EDGE_CURVE ( 'NONE', #518, #1049, #593, .T. ) ;
#1484 = ORIENTED_EDGE ( 'NONE', *, *, #419, .F. ) ;
#1485 = ORIENTED_EDGE ( 'NONE', *, *, #2170, .T. ) ;
#1486 = DIRECTION ( 'NONE',  ( 0.000000000000000000, 0.000000000000000000, 1.000000000000000000 ) ) ;
#1487 = ORIENTED_EDGE ( 'NONE', *, *, #1352, .F. ) ;
#1488 = ADVANCED_FACE ( 'NONE', ( #1199 ), #785, .T. ) ;
#1489 = SURFACE_SIDE_STYLE ('',( #1465 ) ) ;
#1490 = ORIENTED_EDGE ( 'NONE', *, *, #123, .T. ) ;
#1491 = EDGE_CURVE ( 'NONE', #1907, #610, #1556, .T. ) ;
#1492 = AXIS2_PLACEMENT_3D ( 'NONE', #448, #1635, #1458 ) ;
#1493 = DIRECTION ( 'NONE',  ( 0.000000000000000000, 0.000000000000000000, 1.000000000000000000 ) ) ;
#1494 = PLANE ( 'NONE',  #1233 ) ;
#1495 = CARTESIAN_POINT ( 'NONE',  ( 5.429999999999999716, 2.400000000000000355, 0.000000000000000000 ) ) ;
#1496 = LINE ( 'NONE', #116, #2040 ) ;
#1497 = VERTEX_POINT ( 'NONE', #1967 ) ;
#1498 = CARTESIAN_POINT ( 'NONE',  ( 0.03000000000000100156, 10.40000000000000036, 2.799999999999999822 ) ) ;
#1499 = ORIENTED_EDGE ( 'NONE', *, *, #1466, .F. ) ;
#1500 = VERTEX_POINT ( 'NONE', #2377 ) ;
#1501 = ORIENTED_EDGE ( 'NONE', *, *, #1873, .F. ) ;
#1502 = CARTESIAN_POINT ( 'NONE',  ( 2.530000000000000249, 1.600000000000000089, 0.000000000000000000 ) ) ;
#1503 = CARTESIAN_POINT ( 'NONE',  ( 3.930000000000000160, 0.1999999977648260208, 2.799999999999999822 ) ) ;
#1504 = VECTOR ( 'NONE', #515, 1000.000000000000000 ) ;
#1505 = LINE ( 'NONE', #2491, #871 ) ;
#1506 = VECTOR ( 'NONE', #2500, 1000.000000000000000 ) ;
#1507 = FACE_OUTER_BOUND ( 'NONE', #797, .T. ) ;
#1508 = EDGE_CURVE ( 'NONE', #709, #632, #1765, .T. ) ;
#1509 = CARTESIAN_POINT ( 'NONE',  ( 0.3300000000000000155, 10.69999999999999929, 2.425000000000000266 ) ) ;
#1510 = VERTEX_POINT ( 'NONE', #994 ) ;
#1511 = LINE ( 'NONE', #1734, #1440 ) ;
#1512 = EDGE_CURVE ( 'NONE', #2070, #1452, #1611, .T. ) ;
#1513 = VERTEX_POINT ( 'NONE', #1778 ) ;
#1514 = VECTOR ( 'NONE', #591, 1000.000000000000000 ) ;
#1515 = FACE_OUTER_BOUND ( 'NONE', #853, .T. ) ;
#1516 = CARTESIAN_POINT ( 'NONE',  ( 3.086666666666619374, 5.656666666666620991, 7.543333333333327673 ) ) ;
#1517 = AXIS2_PLACEMENT_3D ( 'NONE', #2261, #503, #2012 ) ;
#1518 = CARTESIAN_POINT ( 'NONE',  ( 5.429999999999999716, 1.100000000000000089, 6.700000000000000178 ) ) ;
#1519 = ORIENTED_EDGE ( 'NONE', *, *, #877, .T. ) ;
#1520 = ORIENTED_EDGE ( 'NONE', *, *, #1304, .T. ) ;
#1521 = AXIS2_PLACEMENT_3D ( 'NONE', #1218, #2002, #1175 ) ;
#1522 = EDGE_CURVE ( 'NONE', #2344, #2436, #567, .T. ) ;
#1523 = CARTESIAN_POINT ( 'NONE',  ( 0.03000000000000100156, 0.5999999999999999778, 2.600000000000000089 ) ) ;
#1524 = ORIENTED_EDGE ( 'NONE', *, *, #123, .F. ) ;
#1525 = ORIENTED_EDGE ( 'NONE', *, *, #79, .T. ) ;
#1526 = CARTESIAN_POINT ( 'NONE',  ( 1.530000072671099831, 0.1999999977648259930, -1.199999999999999956 ) ) ;
#1527 = ORIENTED_EDGE ( 'NONE', *, *, #179, .T. ) ;
#1528 = EDGE_CURVE ( 'NONE', #1241, #1307, #189, .T. ) ;
#1529 = CARTESIAN_POINT ( 'NONE',  ( 0.4699999999999999734, 0.2000000000000000111, 0.000000000000000000 ) ) ;
#1530 = CARTESIAN_POINT ( 'NONE',  ( 7.429999999999997939, 2.400000000000000355, 1.399999999999999911 ) ) ;
#1531 = ADVANCED_BREP_SHAPE_REPRESENTATION ( 'Molex 3 Pin', ( #1705, #1309 ), #246 ) ;
#1532 = LINE ( 'NONE', #346, #1069 ) ;
#1533 = CARTESIAN_POINT ( 'NONE',  ( 10.38666666666666494, 8.943333333333331581, 0.2433333333333510262 ) ) ;
#1534 = EDGE_LOOP ( 'NONE', ( #522, #1833, #2151, #1718 ) ) ;
#1535 = LINE ( 'NONE', #1906, #546 ) ;
#1536 = EDGE_LOOP ( 'NONE', ( #2474, #1038, #1913, #2316 ) ) ;
#1537 = ORIENTED_EDGE ( 'NONE', *, *, #347, .T. ) ;
#1538 = CARTESIAN_POINT ( 'NONE',  ( 8.929999999999999716, 10.39999999999999680, -1.200000000000000178 ) ) ;
#1539 = ORIENTED_EDGE ( 'NONE', *, *, #1917, .T. ) ;
#1540 = EDGE_CURVE ( 'NONE', #575, #2359, #1365, .T. ) ;
#1541 = LINE ( 'NONE', #750, #2487 ) ;
#1542 = DIRECTION ( 'NONE',  ( -0.000000000000000000, 0.000000000000000000, -1.000000000000000000 ) ) ;
#1543 = CARTESIAN_POINT ( 'NONE',  ( 9.329999999999998295, 0.2000000000000004274, 6.700000000000000178 ) ) ;
#1544 = DIRECTION ( 'NONE',  ( 0.000000000000000000, 0.000000000000000000, 1.000000000000000000 ) ) ;
#1545 = VECTOR ( 'NONE', #1969, 1000.000000000000000 ) ;
#1546 = DIRECTION ( 'NONE',  ( 1.000000000000000000, 0.000000000000000000, 0.000000000000000000 ) ) ;
#1547 = EDGE_CURVE ( 'NONE', #771, #1364, #2362, .T. ) ;
#1548 = DIRECTION ( 'NONE',  ( -1.097926250618232273E-16, -0.000000000000000000, -1.000000000000000000 ) ) ;
#1549 = AXIS2_PLACEMENT_3D ( 'NONE', #2361, #607, #1915 ) ;
#1550 = ORIENTED_EDGE ( 'NONE', *, *, #786, .F. ) ;
#1551 = ADVANCED_FACE ( 'NONE', ( #1996 ), #1019, .T. ) ;
#1552 = ORIENTED_EDGE ( 'NONE', *, *, #386, .F. ) ;
#1553 = LINE ( 'NONE', #381, #2266 ) ;
#1554 = PLANE ( 'NONE',  #1183 ) ;
#1555 = VECTOR ( 'NONE', #1221, 1000.000000000000000 ) ;
#1556 = LINE ( 'NONE', #1184, #1581 ) ;
#1557 = DIRECTION ( 'NONE',  ( 0.000000000000000000, -0.000000000000000000, 1.000000000000000000 ) ) ;
#1558 = ADVANCED_FACE ( 'NONE', ( #200 ), #372, .F. ) ;
#1559 = CARTESIAN_POINT ( 'NONE',  ( 4.887500000000000178, 10.69999999999999929, 2.500000000000000000 ) ) ;
#1560 = FACE_OUTER_BOUND ( 'NONE', #865, .T. ) ;
#1561 = VECTOR ( 'NONE', #1874, 1000.000000000000000 ) ;
#1562 = EDGE_LOOP ( 'NONE', ( #759, #1733, #2240, #2195 ) ) ;
#1563 = VERTEX_POINT ( 'NONE', #2391 ) ;
#1564 = CARTESIAN_POINT ( 'NONE',  ( 5.429999999999999716, 0.2000000000000000111, 0.000000000000000000 ) ) ;
#1565 = LINE ( 'NONE', #2346, #1514 ) ;
#1566 = ADVANCED_FACE ( 'NONE', ( #2199 ), #640, .T. ) ;
#1567 = CARTESIAN_POINT ( 'NONE',  ( 7.829999999999998295, -3.649999999999999911, 1.700000000000000178 ) ) ;
#1568 = CARTESIAN_POINT ( 'NONE',  ( 5.029999999999999361, 10.40000000000000036, 2.799999999999999822 ) ) ;
#1569 = EDGE_CURVE ( 'NONE', #1444, #1786, #247, .T. ) ;
#1570 = CARTESIAN_POINT ( 'NONE',  ( 9.029999999999997584, 11.69999973848460151, 0.000000000000000000 ) ) ;
#1571 = VECTOR ( 'NONE', #1862, 1000.000000000000000 ) ;
#1572 = VECTOR ( 'NONE', #2396, 1000.000000000000000 ) ;
#1573 = DIRECTION ( 'NONE',  ( 1.000000000000000000, 0.000000000000000000, 0.000000000000000000 ) ) ;
#1574 = DIRECTION ( 'NONE',  ( -1.000000000000000000, 0.000000000000000000, -0.000000000000000000 ) ) ;
#1575 = ORIENTED_EDGE ( 'NONE', *, *, #1660, .T. ) ;
#1576 = EDGE_CURVE ( 'NONE', #2252, #290, #834, .T. ) ;
#1577 = CARTESIAN_POINT ( 'NONE',  ( -0.06999999999999999278, 11.69999973848460151, -0.8499999999999999778 ) ) ;
#1578 = VERTEX_POINT ( 'NONE', #806 ) ;
#1579 = DIRECTION ( 'NONE',  ( 1.316927397977848015E-16, -1.000000000000000000, -0.000000000000000000 ) ) ;
#1580 = PLANE ( 'NONE',  #1549 ) ;
#1581 = VECTOR ( 'NONE', #50, 1000.000000000000000 ) ;
#1582 = CARTESIAN_POINT ( 'NONE',  ( 7.829999999999998295, 3.200000000000000178, 2.799999999999999822 ) ) ;
#1583 = CARTESIAN_POINT ( 'NONE',  ( 7.429999999999997939, 3.200000000000000178, 0.000000000000000000 ) ) ;
#1584 = VERTEX_POINT ( 'NONE', #1603 ) ;
#1585 = FACE_OUTER_BOUND ( 'NONE', #1608, .T. ) ;
#1586 = VECTOR ( 'NONE', #1557, 1000.000000000000000 ) ;
#1587 = DIRECTION ( 'NONE',  ( -1.000000000000000000, -4.228174589884198838E-17, 0.000000000000000000 ) ) ;
#1588 = DIRECTION ( 'NONE',  ( 1.000000000000000000, 1.301042606982599897E-16, 0.000000000000000000 ) ) ;
#1589 = ORIENTED_EDGE ( 'NONE', *, *, #2069, .F. ) ;
#1590 = DIRECTION ( 'NONE',  ( -1.000000000000000000, 0.000000000000000000, 2.409338143127931464E-16 ) ) ;
#1591 = EDGE_CURVE ( 'NONE', #767, #1041, #232, .T. ) ;
#1592 = ORIENTED_EDGE ( 'NONE', *, *, #1379, .T. ) ;
#1593 = LINE ( 'NONE', #2375, #339 ) ;
#1594 = DIRECTION ( 'NONE',  ( 0.000000000000000000, -1.000000000000000000, 0.000000000000000000 ) ) ;
#1595 = FACE_OUTER_BOUND ( 'NONE', #1735, .T. ) ;
#1596 = DIRECTION ( 'NONE',  ( 0.000000000000000000, -1.000000000000000000, 0.000000000000000000 ) ) ;
#1597 = ORIENTED_EDGE ( 'NONE', *, *, #1086, .F. ) ;
#1598 = EDGE_CURVE ( 'NONE', #2070, #1425, #849, .T. ) ;
#1599 = CARTESIAN_POINT ( 'NONE',  ( 7.430000000000004157, 3.141533720283961933E-16, 6.700000000000000178 ) ) ;
#1600 = VERTEX_POINT ( 'NONE', #1026 ) ;
#1601 = ORIENTED_EDGE ( 'NONE', *, *, #1070, .F. ) ;
#1602 = EDGE_CURVE ( 'NONE', #889, #1121, #1989, .T. ) ;
#1603 = CARTESIAN_POINT ( 'NONE',  ( -0.06999999999999999278, 3.200000000000000178, 0.000000000000000000 ) ) ;
#1604 = EDGE_LOOP ( 'NONE', ( #1008, #1936, #2025, #2052, #2068, #2368 ) ) ;
#1606 = VECTOR ( 'NONE', #2447, 1000.000000000000000 ) ;
#1605 = CARTESIAN_POINT ( 'NONE',  ( -1.469999999999999973, 2.399999999999999911, 0.000000000000000000 ) ) ;
#1607 = EDGE_CURVE ( 'NONE', #542, #575, #631, .T. ) ;
#1608 = EDGE_LOOP ( 'NONE', ( #1986, #27, #464, #406 ) ) ;
#1609 = DIRECTION ( 'NONE',  ( 0.000000000000000000, 1.000000000000000000, 0.000000000000000000 ) ) ;
#1610 = CARTESIAN_POINT ( 'NONE',  ( 0.03000000000000100156, 0.5999999999999999778, 1.699999999999999956 ) ) ;
#1611 = LINE ( 'NONE', #580, #597 ) ;
#1612 = CARTESIAN_POINT ( 'NONE',  ( 4.479999999999999538, -3.649999999999999911, 2.250000000000000000 ) ) ;
#1613 = VERTEX_POINT ( 'NONE', #204 ) ;
#1614 = DIRECTION ( 'NONE',  ( -1.000000000000000000, 0.000000000000000000, 0.000000000000000000 ) ) ;
#1615 = ORIENTED_EDGE ( 'NONE', *, *, #587, .F. ) ;
#1616 = CARTESIAN_POINT ( 'NONE',  ( -1.469999999999999973, 3.200000000000000178, 0.000000000000000000 ) ) ;
#1617 = AXIS2_PLACEMENT_3D ( 'NONE', #1844, #621, #236 ) ;
#1618 = ORIENTED_EDGE ( 'NONE', *, *, #275, .T. ) ;
#1619 = VECTOR ( 'NONE', #103, 1000.000000000000000 ) ;
#1620 = PLANE ( 'NONE',  #1314 ) ;
#1621 = VERTEX_POINT ( 'NONE', #1399 ) ;
#1622 = CARTESIAN_POINT ( 'NONE',  ( -0.3699999999999999956, 0.2000000000000000111, 0.000000000000000000 ) ) ;
#1623 = LINE ( 'NONE', #63, #2248 ) ;
#1624 = EDGE_CURVE ( 'NONE', #1786, #2256, #43, .T. ) ;
#1625 = CARTESIAN_POINT ( 'NONE',  ( 3.530000120168550026, 2.399999999999999911, 4.824999973177910739 ) ) ;
#1626 = ORIENTED_EDGE ( 'NONE', *, *, #383, .T. ) ;
#1627 = CARTESIAN_POINT ( 'NONE',  ( 7.829999999999998295, -3.649999999999999911, 1.700000000000000178 ) ) ;
#1628 = EDGE_CURVE ( 'NONE', #1931, #83, #820, .T. ) ;
#1629 = EDGE_LOOP ( 'NONE', ( #735, #1401, #321, #596 ) ) ;
#1630 = PLANE ( 'NONE',  #1369 ) ;
#1631 = ORIENTED_EDGE ( 'NONE', *, *, #1540, .F. ) ;
#1632 = AXIS2_PLACEMENT_3D ( 'NONE', #581, #385, #1159 ) ;
#1633 = DIRECTION ( 'NONE',  ( 0.000000000000000000, 0.000000000000000000, 1.000000000000000000 ) ) ;
#1634 = ORIENTED_EDGE ( 'NONE', *, *, #396, .T. ) ;
#1635 = DIRECTION ( 'NONE',  ( 1.000000000000000000, 0.000000000000000000, 0.000000000000000000 ) ) ;
#1636 = CARTESIAN_POINT ( 'NONE',  ( 0.03000000000000100156, 0.5999999999999999778, 2.799999999999999822 ) ) ;
#1637 = ADVANCED_FACE ( 'NONE', ( #1189 ), #2162, .F. ) ;
#1638 = CARTESIAN_POINT ( 'NONE',  ( -0.07000000332482160526, 0.8499999988824129549, 0.000000000000000000 ) ) ;
#1639 = VECTOR ( 'NONE', #408, 1000.000000000000000 ) ;
#1640 = LINE ( 'NONE', #256, #1619 ) ;
#1641 = ORIENTED_EDGE ( 'NONE', *, *, #916, .T. ) ;
#1642 = ADVANCED_FACE ( 'NONE', ( #415 ), #1973, .T. ) ;
#1643 = CARTESIAN_POINT ( 'NONE',  ( 2.530000000000000249, 1.600000000000000089, 0.000000000000000000 ) ) ;
#1644 = VECTOR ( 'NONE', #1190, 1000.000000000000000 ) ;
#1645 = VECTOR ( 'NONE', #2274, 1000.000000000000000 ) ;
#1646 = VERTEX_POINT ( 'NONE', #1957 ) ;
#1647 = CARTESIAN_POINT ( 'NONE',  ( 1.530000120168550026, 3.200000000000000178, 6.699999973177910739 ) ) ;
#1648 = ORIENTED_EDGE ( 'NONE', *, *, #1755, .F. ) ;
#1649 = CARTESIAN_POINT ( 'NONE',  ( 9.029999999999999361, 1.184980201755356466E-15, -1.199999999999999956 ) ) ;
#1650 = CARTESIAN_POINT ( 'NONE',  ( 7.829999999999998295, 10.39999999999999858, -1.200000000000000178 ) ) ;
#1651 = DIRECTION ( 'NONE',  ( 0.000000000000000000, 0.000000000000000000, 1.000000000000000000 ) ) ;
#1652 = EDGE_CURVE ( 'NONE', #80, #1457, #1812, .T. ) ;
#1653 = CARTESIAN_POINT ( 'NONE',  ( 5.294999999999999929, 3.200000000000000178, 2.799999999999999822 ) ) ;
#1654 = ORIENTED_EDGE ( 'NONE', *, *, #1134, .T. ) ;
#1655 = EDGE_CURVE ( 'NONE', #1761, #1814, #1232, .T. ) ;
#1656 = FACE_OUTER_BOUND ( 'NONE', #2006, .T. ) ;
#1657 = ORIENTED_EDGE ( 'NONE', *, *, #1483, .F. ) ;
#1658 =( NAMED_UNIT ( * ) SI_UNIT ( $, .STERADIAN. ) SOLID_ANGLE_UNIT ( ) );
#1659 = ORIENTED_EDGE ( 'NONE', *, *, #1174, .T. ) ;
#1660 = EDGE_CURVE ( 'NONE', #655, #135, #1426, .T. ) ;
#1661 = VECTOR ( 'NONE', #1955, 1000.000000000000000 ) ;
#1662 = VECTOR ( 'NONE', #949, 1000.000000000000000 ) ;
#1663 = FACE_OUTER_BOUND ( 'NONE', #16, .T. ) ;
#1664 = DIRECTION ( 'NONE',  ( 0.000000000000000000, 0.000000000000000000, -1.000000000000000000 ) ) ;
#1665 = CARTESIAN_POINT ( 'NONE',  ( 7.829999999999996518, 10.39999999999999680, 2.799999999999999822 ) ) ;
#1666 = LINE ( 'NONE', #2275, #2363 ) ;
#1667 = CARTESIAN_POINT ( 'NONE',  ( 1.529999999999999805, 0.2000000000000000111, 6.700000000000000178 ) ) ;
#1668 = ORIENTED_EDGE ( 'NONE', *, *, #1360, .T. ) ;
#1669 = VERTEX_POINT ( 'NONE', #259 ) ;
#1670 = VECTOR ( 'NONE', #1378, 1000.000000000000000 ) ;
#1671 = AXIS2_PLACEMENT_3D ( 'NONE', #1529, #1724, #1348 ) ;
#1672 = LINE ( 'NONE', #526, #2159 ) ;
#1673 = LINE ( 'NONE', #2441, #2331 ) ;
#1674 = FACE_OUTER_BOUND ( 'NONE', #544, .T. ) ;
#1675 = VECTOR ( 'NONE', #1819, 1000.000000000000000 ) ;
#1676 = DIRECTION ( 'NONE',  ( -0.000000000000000000, 1.000000000000000000, -0.000000000000000000 ) ) ;
#1677 = LINE ( 'NONE', #1294, #1250 ) ;
#1678 = VERTEX_POINT ( 'NONE', #1040 ) ;
#1679 = EDGE_CURVE ( 'NONE', #33, #2131, #2341, .T. ) ;
#1680 = VECTOR ( 'NONE', #539, 1000.000000000000000 ) ;
#1681 = CARTESIAN_POINT ( 'NONE',  ( 1.530000120168550026, 2.399999999999999911, 6.700000000000000178 ) ) ;
#1682 = VERTEX_POINT ( 'NONE', #388 ) ;
#1683 = DIRECTION ( 'NONE',  ( 2.409338143127930971E-16, 0.000000000000000000, 1.000000000000000000 ) ) ;
#1684 = CARTESIAN_POINT ( 'NONE',  ( 0.4699999999999999734, 0.2000000000000000111, 1.699999999999999956 ) ) ;
#1685 = LINE ( 'NONE', #1738, #489 ) ;
#1686 = VECTOR ( 'NONE', #2206, 1000.000000000000000 ) ;
#1687 = CARTESIAN_POINT ( 'NONE',  ( 1.129999999999999893, 0.2000000000000000944, 0.000000000000000000 ) ) ;
#1688 = ORIENTED_EDGE ( 'NONE', *, *, #1607, .T. ) ;
#1689 = CARTESIAN_POINT ( 'NONE',  ( 7.430000000000004157, 0.2000000000000003442, 6.700000000000000178 ) ) ;
#1690 = VERTEX_POINT ( 'NONE', #986 ) ;
#1691 = LINE ( 'NONE', #168, #456 ) ;
#1692 = EDGE_LOOP ( 'NONE', ( #2089, #2108, #1347, #2407 ) ) ;
#1693 = ORIENTED_EDGE ( 'NONE', *, *, #1227, .T. ) ;
#1694 = VECTOR ( 'NONE', #1032, 1000.000000000000000 ) ;
#1695 = EDGE_CURVE ( 'NONE', #549, #13, #14, .T. ) ;
#1696 = PLANE ( 'NONE',  #1381 ) ;
#1697 = LINE ( 'NONE', #714, #1966 ) ;
#1698 = AXIS2_PLACEMENT_3D ( 'NONE', #1971, #229, #414 ) ;
#1699 = DIRECTION ( 'NONE',  ( 0.000000000000000000, 0.000000000000000000, 1.000000000000000000 ) ) ;
#1700 = LINE ( 'NONE', #1687, #602 ) ;
#1701 = EDGE_LOOP ( 'NONE', ( #498, #1467, #1155, #1589 ) ) ;
#1702 = ADVANCED_FACE ( 'NONE', ( #2353 ), #599, .T. ) ;
#1703 = CARTESIAN_POINT ( 'NONE',  ( 4.929999999999998828, 10.39999999999999680, 2.799999999999999822 ) ) ;
#1704 = ORIENTED_EDGE ( 'NONE', *, *, #712, .T. ) ;
#1705 = MANIFOLD_SOLID_BREP ( 'Saliente-Extruir7', #352 ) ;
#1706 = VECTOR ( 'NONE', #1407, 1000.000000000000000 ) ;
#1707 = DIRECTION ( 'NONE',  ( -4.228174589884200071E-17, 1.000000000000000000, -0.000000000000000000 ) ) ;
#1708 = ORIENTED_EDGE ( 'NONE', *, *, #1751, .F. ) ;
#1709 = ORIENTED_EDGE ( 'NONE', *, *, #652, .F. ) ;
#1710 = DIRECTION ( 'NONE',  ( -0.000000000000000000, 0.000000000000000000, 1.000000000000000000 ) ) ;
#1711 = DIRECTION ( 'NONE',  ( 0.000000000000000000, 0.000000000000000000, -1.000000000000000000 ) ) ;
#1712 = AXIS2_PLACEMENT_3D ( 'NONE', #981, #568, #946 ) ;
#1713 = EDGE_CURVE ( 'NONE', #2229, #766, #276, .T. ) ;
#1714 = FACE_OUTER_BOUND ( 'NONE', #2397, .T. ) ;
#1715 = VECTOR ( 'NONE', #1156, 1000.000000000000000 ) ;
#1716 = CARTESIAN_POINT ( 'NONE',  ( 7.429999999999999716, 2.400000000000000355, 3.099999973177910206 ) ) ;
#1717 = DIRECTION ( 'NONE',  ( 0.000000000000000000, -1.000000000000000000, 0.000000000000000000 ) ) ;
#1718 = ORIENTED_EDGE ( 'NONE', *, *, #836, .F. ) ;
#1719 = EDGE_CURVE ( 'NONE', #378, #1307, #685, .T. ) ;
#1720 = DIRECTION ( 'NONE',  ( 1.000000000000000000, 0.000000000000000000, -0.000000000000000000 ) ) ;
#1721 = ORIENTED_EDGE ( 'NONE', *, *, #2122, .F. ) ;
#1722 = AXIS2_PLACEMENT_3D ( 'NONE', #221, #2181, #1178 ) ;
#1723 = PRODUCT ( 'Molex 3 Pin', 'Molex 3 Pin', '', ( #523 ) ) ;
#1724 = DIRECTION ( 'NONE',  ( 1.301042606982599897E-16, -1.000000000000000000, 0.000000000000000000 ) ) ;
#1725 = DIRECTION ( 'NONE',  ( 0.000000000000000000, 1.000000000000000000, 0.000000000000000000 ) ) ;
#1726 = VECTOR ( 'NONE', #763, 1000.000000000000114 ) ;
#1727 = LINE ( 'NONE', #1916, #1968 ) ;
#1728 = LINE ( 'NONE', #176, #810 ) ;
#1729 = VECTOR ( 'NONE', #1478, 1000.000000000000000 ) ;
#1730 = CARTESIAN_POINT ( 'NONE',  ( 4.304999999999999716, 10.55000000000000071, 1.850000000000000089 ) ) ;
#1731 = VERTEX_POINT ( 'NONE', #1297 ) ;
#1732 = ADVANCED_FACE ( 'NONE', ( #473 ), #1089, .T. ) ;
#1733 = ORIENTED_EDGE ( 'NONE', *, *, #1547, .F. ) ;
#1734 = CARTESIAN_POINT ( 'NONE',  ( 3.930000000000000160, 10.40000000000000036, 2.425000000000000266 ) ) ;
#1735 = EDGE_LOOP ( 'NONE', ( #732, #469, #431, #1597 ) ) ;
#1736 = DIRECTION ( 'NONE',  ( 1.316927397977848015E-16, -1.000000000000000000, -0.000000000000000000 ) ) ;
#1737 = CARTESIAN_POINT ( 'NONE',  ( 1.129999999999999893, 0.2000000000000000944, 2.799999999999999822 ) ) ;
#1738 = CARTESIAN_POINT ( 'NONE',  ( 1.129999999999999893, 0.5999999999999999778, 1.699999999999999956 ) ) ;
#1739 = DIRECTION ( 'NONE',  ( 0.000000000000000000, 0.000000000000000000, 1.000000000000000000 ) ) ;
#1740 = EDGE_CURVE ( 'NONE', #171, #1427, #866, .T. ) ;
#1741 = VECTOR ( 'NONE', #2202, 1000.000000000000000 ) ;
#1742 = DIRECTION ( 'NONE',  ( 1.000000000000000000, -0.000000000000000000, -0.000000000000000000 ) ) ;
#1743 = ORIENTED_EDGE ( 'NONE', *, *, #2340, .T. ) ;
#1744 = EDGE_CURVE ( 'NONE', #1613, #2344, #484, .T. ) ;
#1745 = VERTEX_POINT ( 'NONE', #1841 ) ;
#1746 = CARTESIAN_POINT ( 'NONE',  ( 7.829999999999998295, -5.205634918610405393, 2.800000000000000266 ) ) ;
#1747 = EDGE_LOOP ( 'NONE', ( #271, #991, #1198, #1127 ) ) ;
#1748 = ORIENTED_EDGE ( 'NONE', *, *, #1758, .F. ) ;
#1749 = DIRECTION ( 'NONE',  ( 1.000000000000000000, 0.000000000000000000, 0.000000000000000000 ) ) ;
#1750 = CARTESIAN_POINT ( 'NONE',  ( 7.829999999999998295, 12.25563491861040255, 2.799999999999999822 ) ) ;
#1751 = EDGE_CURVE ( 'NONE', #682, #1497, #510, .T. ) ;
#1752 = LINE ( 'NONE', #384, #2295 ) ;
#1753 = FACE_OUTER_BOUND ( 'NONE', #1053, .T. ) ;
#1754 = VECTOR ( 'NONE', #2475, 1000.000000000000000 ) ;
#1755 = EDGE_CURVE ( 'NONE', #1076, #1219, #1066, .T. ) ;
#1756 = LINE ( 'NONE', #1559, #1290 ) ;
#1757 = LINE ( 'NONE', #1910, #496 ) ;
#1758 = EDGE_CURVE ( 'NONE', #2129, #724, #301, .T. ) ;
#1759 = VECTOR ( 'NONE', #1419, 1000.000000000000000 ) ;
#1760 = ORIENTED_EDGE ( 'NONE', *, *, #1251, .T. ) ;
#1761 = VERTEX_POINT ( 'NONE', #1647 ) ;
#1762 = DIRECTION ( 'NONE',  ( -0.5773502691896257311, 0.5773502691896257311, 0.5773502691896257311 ) ) ;
#1763 = DIRECTION ( 'NONE',  ( 1.000000000000000000, 4.228174589884199454E-17, 8.992967021831382811E-16 ) ) ;
#1764 = VECTOR ( 'NONE', #1548, 1000.000000000000000 ) ;
#1765 = LINE ( 'NONE', #2145, #2357 ) ;
#1766 = LINE ( 'NONE', #1341, #691 ) ;
#1767 = CARTESIAN_POINT ( 'NONE',  ( 0.5799999999999999600, 10.69999999999999929, 2.250000000000000000 ) ) ;
#1768 = EDGE_LOOP ( 'NONE', ( #68, #1525, #1975, #2020 ) ) ;
#1769 = EDGE_CURVE ( 'NONE', #838, #2001, #1283, .T. ) ;
#1770 = DIRECTION ( 'NONE',  ( 0.000000000000000000, 0.000000000000000000, -1.000000000000000000 ) ) ;
#1771 = LINE ( 'NONE', #2370, #1106 ) ;
#1772 =( GEOMETRIC_REPRESENTATION_CONTEXT ( 3 ) GLOBAL_UNCERTAINTY_ASSIGNED_CONTEXT ( ( #974 ) ) GLOBAL_UNIT_ASSIGNED_CONTEXT ( ( #710, #109, #1658 ) ) REPRESENTATION_CONTEXT ( 'NONE', 'WORKASPACE' ) );
#1773 = VERTEX_POINT ( 'NONE', #310 ) ;
#1774 = DIRECTION ( 'NONE',  ( 1.000000000000000000, 0.000000000000000000, -0.000000000000000000 ) ) ;
#1775 = ORIENTED_EDGE ( 'NONE', *, *, #2026, .T. ) ;
#1776 = CARTESIAN_POINT ( 'NONE',  ( 7.429999999999999716, 3.200000000000000178, 3.099999973177910206 ) ) ;
#1777 = FACE_OUTER_BOUND ( 'NONE', #833, .T. ) ;
#1778 = CARTESIAN_POINT ( 'NONE',  ( 5.029999999999999361, -3.649999999999999911, 2.799999999999999822 ) ) ;
#1779 = CARTESIAN_POINT ( 'NONE',  ( 3.530000120168550026, 3.200000000000000178, 0.5999999865889550366 ) ) ;
#1780 = CARTESIAN_POINT ( 'NONE',  ( 4.479999999999999538, -3.649999999999999911, 2.250000000000000000 ) ) ;
#1781 = ORIENTED_EDGE ( 'NONE', *, *, #2431, .F. ) ;
#1782 = AXIS2_PLACEMENT_3D ( 'NONE', #635, #854, #1017 ) ;
#1783 = EDGE_CURVE ( 'NONE', #1243, #542, #1455, .T. ) ;
#1784 = CARTESIAN_POINT ( 'NONE',  ( 0.000000000000000000, 0.000000000000000000, 0.000000000000000000 ) ) ;
#1785 = CARTESIAN_POINT ( 'NONE',  ( 7.829999999999998295, 3.200000000000000178, 2.799999999999999822 ) ) ;
#1786 = VERTEX_POINT ( 'NONE', #121 ) ;
#1787 = DIRECTION ( 'NONE',  ( 1.000000000000000000, 4.228174589884199454E-17, 0.000000000000000000 ) ) ;
#1788 = VERTEX_POINT ( 'NONE', #2425 ) ;
#1789 = CARTESIAN_POINT ( 'NONE',  ( 7.429999999999997939, 2.400000000000000355, 1.399999999999999911 ) ) ;
#1790 = CARTESIAN_POINT ( 'NONE',  ( -1.469999999999999973, 2.399999999999999911, 6.700000000000000178 ) ) ;
#1791 = DIRECTION ( 'NONE',  ( -0.000000000000000000, 1.000000000000000000, -0.000000000000000000 ) ) ;
#1792 = PLANE ( 'NONE',  #1428 ) ;
#1793 = EDGE_CURVE ( 'NONE', #1600, #1761, #901, .T. ) ;
#1794 = EDGE_LOOP ( 'NONE', ( #623, #1654, #1246, #601, #2086, #1166, #302, #1520 ) ) ;
#1795 = CARTESIAN_POINT ( 'NONE',  ( 7.829999999999998295, 10.39999999999999858, 1.699999999999999734 ) ) ;
#1796 = VERTEX_POINT ( 'NONE', #915 ) ;
#1797 = VECTOR ( 'NONE', #151, 1000.000000000000000 ) ;
#1798 = CARTESIAN_POINT ( 'NONE',  ( 7.430000000000004157, 0.2000000000000003442, 6.700000000000000178 ) ) ;
#1799 = ORIENTED_EDGE ( 'NONE', *, *, #1412, .T. ) ;
#1800 = UNCERTAINTY_MEASURE_WITH_UNIT (LENGTH_MEASURE( 1.000000000000000082E-05 ), #2225, 'distance_accuracy_value', 'NONE');
#1801 = DIRECTION ( 'NONE',  ( -1.000000000000000000, 0.000000000000000000, -7.930164461608259453E-16 ) ) ;
#1802 = VECTOR ( 'NONE', #1390, 1000.000000000000000 ) ;
#1803 = ORIENTED_EDGE ( 'NONE', *, *, #470, .T. ) ;
#1804 = DIRECTION ( 'NONE',  ( 1.000000000000000000, 0.000000000000000000, 0.000000000000000000 ) ) ;
#1805 = LINE ( 'NONE', #1045, #2123 ) ;
#1806 = CARTESIAN_POINT ( 'NONE',  ( 0.000000000000000000, 2.400000000000000355, 0.000000000000000000 ) ) ;
#1807 = DIRECTION ( 'NONE',  ( 1.000000000000000000, 0.000000000000000000, 0.000000000000000000 ) ) ;
#1808 = ORIENTED_EDGE ( 'NONE', *, *, #1783, .T. ) ;
#1809 = VECTOR ( 'NONE', #1108, 1000.000000000000000 ) ;
#1810 = CARTESIAN_POINT ( 'NONE',  ( 5.429999999999999716, 0.2000000000000002331, -1.199999999999999956 ) ) ;
#1811 = ORIENTED_EDGE ( 'NONE', *, *, #1171, .F. ) ;
#1812 = LINE ( 'NONE', #1616, #300 ) ;
#1813 = EDGE_CURVE ( 'NONE', #1843, #122, #1691, .T. ) ;
#1814 = VERTEX_POINT ( 'NONE', #1345 ) ;
#1816 = AXIS2_PLACEMENT_3D ( 'NONE', #1247, #1052, #675 ) ;
#1815 = DIRECTION ( 'NONE',  ( 1.000000000000000000, 0.000000000000000000, 0.000000000000000000 ) ) ;
#1817 = ORIENTED_EDGE ( 'NONE', *, *, #879, .T. ) ;
#1818 = DIRECTION ( 'NONE',  ( 1.000000000000000000, 0.000000000000000000, 0.000000000000000000 ) ) ;
#1819 = DIRECTION ( 'NONE',  ( -0.000000000000000000, -0.000000000000000000, 1.000000000000000000 ) ) ;
#1820 = ADVANCED_FACE ( 'NONE', ( #181 ), #1322, .T. ) ;
#1821 = CARTESIAN_POINT ( 'NONE',  ( 3.930000000000000160, -3.649999999999999911, 2.799999999999999822 ) ) ;
#1822 = EDGE_LOOP ( 'NONE', ( #184, #94, #1817, #835 ) ) ;
#1823 = DIRECTION ( 'NONE',  ( 1.000000000000000000, 0.000000000000000000, 0.000000000000000000 ) ) ;
#1824 = EDGE_LOOP ( 'NONE', ( #1911, #1748, #2421, #343 ) ) ;
#1825 = CARTESIAN_POINT ( 'NONE',  ( 7.829999999999998295, 3.200000000000000178, 1.699999999999999734 ) ) ;
#1826 = VECTOR ( 'NONE', #693, 1000.000000000000000 ) ;
#1827 = VERTEX_POINT ( 'NONE', #1164 ) ;
#1828 = EDGE_CURVE ( 'NONE', #80, #1584, #1126, .T. ) ;
#1829 = CARTESIAN_POINT ( 'NONE',  ( 5.429999999999999716, 2.400000000000000355, 3.099999973177910650 ) ) ;
#1830 = ORIENTED_EDGE ( 'NONE', *, *, #2079, .F. ) ;
#1831 = PLANE ( 'NONE',  #1782 ) ;
#1832 = CARTESIAN_POINT ( 'NONE',  ( 4.295000060084279703, 3.200000000000000178, 1.399999973177910029 ) ) ;
#1833 = ORIENTED_EDGE ( 'NONE', *, *, #1793, .F. ) ;
#1834 = DIRECTION ( 'NONE',  ( 0.000000000000000000, 0.000000000000000000, -1.000000000000000000 ) ) ;
#1835 = EDGE_CURVE ( 'NONE', #1427, #1788, #535, .T. ) ;
#1836 = DIRECTION ( 'NONE',  ( -1.000000000000000000, 0.000000000000000000, 0.000000000000000000 ) ) ;
#1837 = ORIENTED_EDGE ( 'NONE', *, *, #1744, .F. ) ;
#1838 = CARTESIAN_POINT ( 'NONE',  ( 0.000000000000000000, 2.400000000000000355, 0.000000000000000000 ) ) ;
#1839 = ORIENTED_EDGE ( 'NONE', *, *, #161, .F. ) ;
#1840 = VECTOR ( 'NONE', #1200, 1000.000000000000000 ) ;
#1841 = CARTESIAN_POINT ( 'NONE',  ( -0.07000000332482160526, 0.1999999988824130159, 0.000000000000000000 ) ) ;
#1842 = EDGE_CURVE ( 'NONE', #1274, #771, #2128, .T. ) ;
#1843 = VERTEX_POINT ( 'NONE', #1526 ) ;
#1844 = CARTESIAN_POINT ( 'NONE',  ( 7.429999999999999716, 2.400000000000000355, 3.099999973177910206 ) ) ;
#1845 = CARTESIAN_POINT ( 'NONE',  ( 3.295000060084279703, 3.200000000000000178, 3.099999973177910206 ) ) ;
#1846 = VERTEX_POINT ( 'NONE', #2519 ) ;
#1847 = EDGE_CURVE ( 'NONE', #1578, #1563, #963, .T. ) ;
#1848 = LINE ( 'NONE', #76, #1096 ) ;
#1849 = DIRECTION ( 'NONE',  ( 0.000000000000000000, 0.000000000000000000, -1.000000000000000000 ) ) ;
#1850 = EDGE_LOOP ( 'NONE', ( #2520, #285, #1803, #707, #417, #2315, #926, #630, #789, #2449, #1358, #130 ) ) ;
#1851 = CARTESIAN_POINT ( 'NONE',  ( 4.304999999999999716, 10.69999999999999929, 2.000000000000000000 ) ) ;
#1852 = EDGE_CURVE ( 'NONE', #2252, #1895, #2139, .T. ) ;
#1853 = VECTOR ( 'NONE', #1277, 1000.000000000000000 ) ;
#1854 = VECTOR ( 'NONE', #1879, 1000.000000000000000 ) ;
#1855 = ORIENTED_EDGE ( 'NONE', *, *, #240, .T. ) ;
#1856 = ORIENTED_EDGE ( 'NONE', *, *, #282, .T. ) ;
#1857 = VECTOR ( 'NONE', #2192, 1000.000000000000000 ) ;
#1858 = CARTESIAN_POINT ( 'NONE',  ( 1.129999999999999893, 3.200000000000000178, 0.000000000000000000 ) ) ;
#1859 = LINE ( 'NONE', #1889, #326 ) ;
#1860 = FACE_OUTER_BOUND ( 'NONE', #2233, .T. ) ;
#1861 = DIRECTION ( 'NONE',  ( 0.000000000000000000, 0.000000000000000000, 1.000000000000000000 ) ) ;
#1862 = DIRECTION ( 'NONE',  ( -1.000000000000000000, 0.000000000000000000, 0.000000000000000000 ) ) ;
#1863 = EDGE_LOOP ( 'NONE', ( #563, #2509, #1947, #1808 ) ) ;
#1864 = EDGE_CURVE ( 'NONE', #2246, #2001, #927, .T. ) ;
#1865 = ORIENTED_EDGE ( 'NONE', *, *, #153, .T. ) ;
#1866 = FACE_OUTER_BOUND ( 'NONE', #331, .T. ) ;
#1867 = FACE_OUTER_BOUND ( 'NONE', #194, .T. ) ;
#1868 = DIRECTION ( 'NONE',  ( -0.000000000000000000, 0.7071067811865475727, 0.7071067811865475727 ) ) ;
#1869 = EDGE_CURVE ( 'NONE', #1731, #1882, #376, .T. ) ;
#1870 = ORIENTED_EDGE ( 'NONE', *, *, #1416, .F. ) ;
#1871 = DIRECTION ( 'NONE',  ( -1.000000000000000000, 0.000000000000000000, 0.000000000000000000 ) ) ;
#1872 = VERTEX_POINT ( 'NONE', #1932 ) ;
#1873 = EDGE_CURVE ( 'NONE', #1121, #1041, #1757, .T. ) ;
#1874 = DIRECTION ( 'NONE',  ( 0.000000000000000000, 0.000000000000000000, -1.000000000000000000 ) ) ;
#1875 = EDGE_LOOP ( 'NONE', ( #1839, #1128, #1775, #1524 ) ) ;
#1876 = VECTOR ( 'NONE', #1807, 1000.000000000000000 ) ;
#1877 = DIRECTION ( 'NONE',  ( 0.000000000000000000, 0.000000000000000000, -1.000000000000000000 ) ) ;
#1878 = CARTESIAN_POINT ( 'NONE',  ( 5.429999999999999716, 2.400000000000000355, 1.399999999999999911 ) ) ;
#1879 = DIRECTION ( 'NONE',  ( 0.000000000000000000, 0.000000000000000000, -1.000000000000000000 ) ) ;
#1880 = CARTESIAN_POINT ( 'NONE',  ( 4.729999999999999538, 10.69999999999999929, 2.075000000000000178 ) ) ;
#1881 = CARTESIAN_POINT ( 'NONE',  ( 7.429999999999997939, 2.400000000000000355, 0.000000000000000000 ) ) ;
#1882 = VERTEX_POINT ( 'NONE', #1334 ) ;
#1883 = VECTOR ( 'NONE', #1787, 1000.000000000000000 ) ;
#1884 = CARTESIAN_POINT ( 'NONE',  ( 8.929999999999997939, 3.200000000000000178, 2.799999999999999822 ) ) ;
#1885 = EDGE_CURVE ( 'NONE', #1972, #1280, #2484, .T. ) ;
#1886 = ORIENTED_EDGE ( 'NONE', *, *, #425, .T. ) ;
#1887 = EDGE_LOOP ( 'NONE', ( #1051, #207, #2494, #2330 ) ) ;
#1888 = PLANE ( 'NONE',  #2410 ) ;
#1889 = CARTESIAN_POINT ( 'NONE',  ( 3.530000120168550026, 3.200000000000000178, 3.099999973177910206 ) ) ;
#1890 = EDGE_CURVE ( 'NONE', #705, #1259, #144, .T. ) ;
#1891 = CARTESIAN_POINT ( 'NONE',  ( 3.530000000000000249, 0.2000000000000000111, 6.700000000000000178 ) ) ;
#1892 = VECTOR ( 'NONE', #998, 1000.000000000000000 ) ;
#1893 = LINE ( 'NONE', #1880, #895 ) ;
#1894 = PLANE ( 'NONE',  #883 ) ;
#1895 = VERTEX_POINT ( 'NONE', #1310 ) ;
#1896 = CARTESIAN_POINT ( 'NONE',  ( 0.000000000000000000, 3.200000000000000178, 0.000000000000000000 ) ) ;
#1897 = EDGE_CURVE ( 'NONE', #2344, #1497, #1139, .T. ) ;
#1898 = ORIENTED_EDGE ( 'NONE', *, *, #282, .F. ) ;
#1899 = ORIENTED_EDGE ( 'NONE', *, *, #2325, .F. ) ;
#1900 = AXIS2_PLACEMENT_3D ( 'NONE', #1838, #106, #1306 ) ;
#1901 = PLANE ( 'NONE',  #562 ) ;
#1902 = DIRECTION ( 'NONE',  ( 0.000000000000000000, 0.000000000000000000, 1.000000000000000000 ) ) ;
#1903 = LINE ( 'NONE', #1317, #2173 ) ;
#1904 = EDGE_CURVE ( 'NONE', #889, #767, #746, .T. ) ;
#1905 = DIRECTION ( 'NONE',  ( 0.000000000000000000, 1.000000000000000000, 0.000000000000000000 ) ) ;
#1906 = CARTESIAN_POINT ( 'NONE',  ( 9.029999999999999361, 1.471423422166386219, -4.327715947548196773 ) ) ;
#1907 = VERTEX_POINT ( 'NONE', #2496 ) ;
#1908 = ADVANCED_FACE ( 'NONE', ( #2329 ), #2305, .T. ) ;
#1909 = VECTOR ( 'NONE', #23, 1000.000000000000000 ) ;
#1910 = CARTESIAN_POINT ( 'NONE',  ( 7.430000000000003268, 3.141533720283961933E-16, -1.200000000000000844 ) ) ;
#1911 = ORIENTED_EDGE ( 'NONE', *, *, #770, .F. ) ;
#1912 = EDGE_CURVE ( 'NONE', #1076, #575, #1922, .T. ) ;
#1913 = ORIENTED_EDGE ( 'NONE', *, *, #1864, .F. ) ;
#1914 = FACE_OUTER_BOUND ( 'NONE', #942, .T. ) ;
#1915 = DIRECTION ( 'NONE',  ( -4.228174589884200071E-17, 1.000000000000000000, 0.000000000000000000 ) ) ;
#1916 = CARTESIAN_POINT ( 'NONE',  ( 0.7550000000000000044, 10.69999999999999929, 2.500000000000000000 ) ) ;
#1917 = EDGE_CURVE ( 'NONE', #2129, #2014, #1511, .T. ) ;
#1918 = DIRECTION ( 'NONE',  ( 1.000000000000000000, 0.000000000000000000, 0.000000000000000000 ) ) ;
#1919 = EDGE_LOOP ( 'NONE', ( #804, #2522, #1081, #1960 ) ) ;
#1920 = LINE ( 'NONE', #2328, #1662 ) ;
#1921 = EDGE_LOOP ( 'NONE', ( #2083, #1462, #278, #936 ) ) ;
#1922 = LINE ( 'NONE', #951, #2418 ) ;
#1923 = ORIENTED_EDGE ( 'NONE', *, *, #2292, .F. ) ;
#1924 = CARTESIAN_POINT ( 'NONE',  ( 0.03000000000000100156, 0.1999999999999999556, 1.699999999999999956 ) ) ;
#1925 = DIRECTION ( 'NONE',  ( 0.000000000000000000, 0.000000000000000000, -1.000000000000000000 ) ) ;
#1926 = CARTESIAN_POINT ( 'NONE',  ( -0.3699999999999999956, -1.585917604895820247E-16, 0.000000000000000000 ) ) ;
#1927 = DIRECTION ( 'NONE',  ( -1.000000000000000000, -4.228174589884201303E-17, -0.000000000000000000 ) ) ;
#1928 = PRESENTATION_LAYER_ASSIGNMENT (  '', '', ( #578 ) ) ;
#1929 = CARTESIAN_POINT ( 'NONE',  ( 5.429999999999999716, 2.400000000000000355, 0.000000000000000000 ) ) ;
#1930 = ORIENTED_EDGE ( 'NONE', *, *, #1598, .T. ) ;
#1931 = VERTEX_POINT ( 'NONE', #758 ) ;
#1932 = CARTESIAN_POINT ( 'NONE',  ( 7.430000000000000604, 3.200000000000000178, 6.700000000000000178 ) ) ;
#1933 = ADVANCED_FACE ( 'NONE', ( #560 ), #2150, .F. ) ;
#1934 = ORIENTED_EDGE ( 'NONE', *, *, #2170, .F. ) ;
#1935 = ORIENTED_EDGE ( 'NONE', *, *, #996, .T. ) ;
#1936 = ORIENTED_EDGE ( 'NONE', *, *, #1372, .T. ) ;
#1937 = LINE ( 'NONE', #955, #81 ) ;
#1938 = DIRECTION ( 'NONE',  ( 0.000000000000000000, 0.000000000000000000, -1.000000000000000000 ) ) ;
#1939 = VECTOR ( 'NONE', #813, 1000.000000000000000 ) ;
#1940 = LINE ( 'NONE', #8, #475 ) ;
#1941 = CARTESIAN_POINT ( 'NONE',  ( 1.129999999999999893, -3.649999999999999911, 2.799999999999999822 ) ) ;
#1942 = VECTOR ( 'NONE', #884, 1000.000000000000000 ) ;
#1943 = EDGE_CURVE ( 'NONE', #1259, #819, #416, .T. ) ;
#1944 = DIRECTION ( 'NONE',  ( -1.000000000000000000, 0.000000000000000000, 0.000000000000000000 ) ) ;
#1945 = DIRECTION ( 'NONE',  ( 1.000000000000000000, 0.000000000000000000, 0.000000000000000000 ) ) ;
#1946 = EDGE_CURVE ( 'NONE', #809, #1444, #1371, .T. ) ;
#1947 = ORIENTED_EDGE ( 'NONE', *, *, #1231, .T. ) ;
#1948 = ORIENTED_EDGE ( 'NONE', *, *, #916, .F. ) ;
#1949 = CARTESIAN_POINT ( 'NONE',  ( 7.429999999999999716, 2.400000000000000355, 3.099999973177910206 ) ) ;
#1950 = LINE ( 'NONE', #993, #443 ) ;
#1951 = CARTESIAN_POINT ( 'NONE',  ( 5.060000000000000497, 3.200000000000000178, 1.699999999999999956 ) ) ;
#1952 = VECTOR ( 'NONE', #1035, 1000.000000000000000 ) ;
#1953 = PLANE ( 'NONE',  #519 ) ;
#1954 = VECTOR ( 'NONE', #398, 1000.000000000000114 ) ;
#1955 = DIRECTION ( 'NONE',  ( 0.000000000000000000, -0.000000000000000000, 1.000000000000000000 ) ) ;
#1956 = ORIENTED_EDGE ( 'NONE', *, *, #147, .T. ) ;
#1957 = CARTESIAN_POINT ( 'NONE',  ( 4.230000000000000426, 10.69999999999999929, 2.000000000000000000 ) ) ;
#1958 = DIRECTION ( 'NONE',  ( -1.000000000000000000, 0.000000000000000000, 0.000000000000000000 ) ) ;
#1959 = VECTOR ( 'NONE', #1238, 1000.000000000000000 ) ;
#1960 = ORIENTED_EDGE ( 'NONE', *, *, #1162, .T. ) ;
#1961 = EDGE_CURVE ( 'NONE', #2190, #1872, #987, .T. ) ;
#1962 = CARTESIAN_POINT ( 'NONE',  ( 0.03000000000000100156, 10.40000000000000036, 2.425000000000000266 ) ) ;
#1963 = ORIENTED_EDGE ( 'NONE', *, *, #2528, .F. ) ;
#1964 = DIRECTION ( 'NONE',  ( -0.000000000000000000, -0.000000000000000000, 1.000000000000000000 ) ) ;
#1965 = CARTESIAN_POINT ( 'NONE',  ( 7.429999999999997939, 2.400000000000000355, 0.000000000000000000 ) ) ;
#1966 = VECTOR ( 'NONE', #1326, 1000.000000000000000 ) ;
#1967 = CARTESIAN_POINT ( 'NONE',  ( 7.829999999999998295, 0.1999999977648260208, 2.800000000000000266 ) ) ;
#1968 = VECTOR ( 'NONE', #528, 1000.000000000000000 ) ;
#1969 = DIRECTION ( 'NONE',  ( 0.000000000000000000, -1.000000000000000000, 0.000000000000000000 ) ) ;
#1970 = EDGE_CURVE ( 'NONE', #632, #988, #1771, .T. ) ;
#1971 = CARTESIAN_POINT ( 'NONE',  ( 4.929999999999998828, 6.599999999999945466, 6.600000000000012079 ) ) ;
#1972 = VERTEX_POINT ( 'NONE', #585 ) ;
#1973 = PLANE ( 'NONE',  #1521 ) ;
#1974 = CARTESIAN_POINT ( 'NONE',  ( 9.330000000000001847, 1.600000000000000311, 0.000000000000000000 ) ) ;
#1975 = ORIENTED_EDGE ( 'NONE', *, *, #1744, .T. ) ;
#1976 = CARTESIAN_POINT ( 'NONE',  ( 3.530000120168550026, 2.399999999999999911, 1.449999973177910073 ) ) ;
#1977 = ADVANCED_FACE ( 'NONE', ( #1560 ), #219, .T. ) ;
#1978 = ORIENTED_EDGE ( 'NONE', *, *, #460, .T. ) ;
#1979 = DIRECTION ( 'NONE',  ( 0.000000000000000000, 0.000000000000000000, -1.000000000000000000 ) ) ;
#1980 = DIRECTION ( 'NONE',  ( -1.000000000000000000, 0.000000000000000000, 0.000000000000000000 ) ) ;
#1981 = PLANE ( 'NONE',  #152 ) ;
#1982 = DIRECTION ( 'NONE',  ( 0.000000000000000000, 0.000000000000000000, 1.000000000000000000 ) ) ;
#1983 = ORIENTED_EDGE ( 'NONE', *, *, #491, .T. ) ;
#1984 = EDGE_CURVE ( 'NONE', #2359, #1243, #792, .T. ) ;
#1985 = CARTESIAN_POINT ( 'NONE',  ( 3.530000167665999999, 0.09999999776482580705, -1.199999999999999956 ) ) ;
#1986 = ORIENTED_EDGE ( 'NONE', *, *, #1695, .F. ) ;
#1987 = VECTOR ( 'NONE', #2228, 1000.000000000000000 ) ;
#1988 = VECTOR ( 'NONE', #2493, 1000.000000000000114 ) ;
#1989 = LINE ( 'NONE', #1798, #2053 ) ;
#1990 = CARTESIAN_POINT ( 'NONE',  ( 8.929999999999997939, 10.39999999999999680, 2.799999999999999822 ) ) ;
#1991 = ORIENTED_EDGE ( 'NONE', *, *, #2511, .F. ) ;
#1992 = PLANE ( 'NONE',  #1722 ) ;
#1993 = ORIENTED_EDGE ( 'NONE', *, *, #2325, .T. ) ;
#1994 = FACE_OUTER_BOUND ( 'NONE', #1863, .T. ) ;
#1995 = DIRECTION ( 'NONE',  ( -7.930164461608259453E-16, 0.000000000000000000, 1.000000000000000000 ) ) ;
#1996 = FACE_OUTER_BOUND ( 'NONE', #552, .T. ) ;
#1997 = CARTESIAN_POINT ( 'NONE',  ( 0.03000000000000137973, 3.200000000000000178, 0.000000000000000000 ) ) ;
#1998 = ORIENTED_EDGE ( 'NONE', *, *, #2152, .T. ) ;
#1999 = ADVANCED_FACE ( 'NONE', ( #1400 ), #1383, .T. ) ;
#2000 = DIRECTION ( 'NONE',  ( -0.7071067811865475727, 0.7071067811865475727, 0.000000000000000000 ) ) ;
#2001 = VERTEX_POINT ( 'NONE', #1990 ) ;
#2002 = DIRECTION ( 'NONE',  ( 0.000000000000000000, -1.000000000000000000, 0.000000000000000000 ) ) ;
#2003 = ORIENTED_EDGE ( 'NONE', *, *, #2273, .T. ) ;
#2004 = DIRECTION ( 'NONE',  ( -1.000000000000000000, 0.000000000000000000, 0.000000000000000000 ) ) ;
#2005 = VECTOR ( 'NONE', #636, 1000.000000000000000 ) ;
#2006 = EDGE_LOOP ( 'NONE', ( #47, #1125, #1331, #1386 ) ) ;
#2007 = CARTESIAN_POINT ( 'NONE',  ( 3.530000120168550026, 3.200000000000000178, 5.699999973177910739 ) ) ;
#2008 = DIRECTION ( 'NONE',  ( 0.000000000000000000, 0.000000000000000000, -1.000000000000000000 ) ) ;
#2009 = DIRECTION ( 'NONE',  ( 1.000000000000000000, 1.316927397977848015E-16, 0.000000000000000000 ) ) ;
#2010 = ORIENTED_EDGE ( 'NONE', *, *, #1251, .F. ) ;
#2011 = VECTOR ( 'NONE', #1815, 1000.000000000000000 ) ;
#2012 = DIRECTION ( 'NONE',  ( 0.000000000000000000, 0.000000000000000000, -1.000000000000000000 ) ) ;
#2013 = EDGE_CURVE ( 'NONE', #65, #1173, #999, .T. ) ;
#2014 = VERTEX_POINT ( 'NONE', #2358 ) ;
#2015 = DIRECTION ( 'NONE',  ( 0.000000000000000000, 1.000000000000000000, 0.000000000000000000 ) ) ;
#2016 = EDGE_LOOP ( 'NONE', ( #2468, #2321, #2382, #2432 ) ) ;
#2018 = VECTOR ( 'NONE', #218, 1000.000000000000000 ) ;
#2017 = DIRECTION ( 'NONE',  ( 0.000000000000000000, 0.000000000000000000, 1.000000000000000000 ) ) ;
#2019 = ADVANCED_FACE ( 'NONE', ( #603 ), #249, .F. ) ;
#2020 = ORIENTED_EDGE ( 'NONE', *, *, #1522, .T. ) ;
#2021 = CARTESIAN_POINT ( 'NONE',  ( 7.429999999999997939, 2.400000000000000355, 0.000000000000000000 ) ) ;
#2022 = CARTESIAN_POINT ( 'NONE',  ( 2.530000120168550026, 5.849999869242309636, -1.199999999999999956 ) ) ;
#2023 = PLANE ( 'NONE',  #319 ) ;
#2024 = DIRECTION ( 'NONE',  ( 1.000000000000000000, 0.000000000000000000, 0.000000000000000000 ) ) ;
#2025 = ORIENTED_EDGE ( 'NONE', *, *, #1197, .F. ) ;
#2026 = EDGE_CURVE ( 'NONE', #1173, #429, #1193, .T. ) ;
#2027 = FACE_OUTER_BOUND ( 'NONE', #2254, .T. ) ;
#2028 = AXIS2_PLACEMENT_3D ( 'NONE', #2007, #1818, #1609 ) ;
#2029 = ORIENTED_EDGE ( 'NONE', *, *, #21, .T. ) ;
#2030 = PRODUCT_RELATED_PRODUCT_CATEGORY ( 'part', '', ( #1723 ) ) ;
#2031 = EDGE_LOOP ( 'NONE', ( #822, #1344, #1312, #182 ) ) ;
#2032 = CARTESIAN_POINT ( 'NONE',  ( 3.795000000000000373, 3.200000000000000178, 6.700000000000000178 ) ) ;
#2033 = CARTESIAN_POINT ( 'NONE',  ( 10.42999999999999972, 0.000000000000000000, 6.700000000000000178 ) ) ;
#2034 = VECTOR ( 'NONE', #1169, 1000.000000000000000 ) ;
#2035 = ADVANCED_FACE ( 'NONE', ( #1002 ), #1620, .T. ) ;
#2036 = LINE ( 'NONE', #1242, #1987 ) ;
#2037 = ORIENTED_EDGE ( 'NONE', *, *, #31, .F. ) ;
#2038 = LINE ( 'NONE', #96, #1826 ) ;
#2039 = ORIENTED_EDGE ( 'NONE', *, *, #2340, .F. ) ;
#2040 = VECTOR ( 'NONE', #325, 1000.000000000000000 ) ;
#2041 = CARTESIAN_POINT ( 'NONE',  ( 0.000000000000000000, 11.69999973848460151, -0.1499999999999999944 ) ) ;
#2042 = ORIENTED_EDGE ( 'NONE', *, *, #1436, .T. ) ;
#2043 = DIRECTION ( 'NONE',  ( 1.000000000000000000, 0.000000000000000000, 0.000000000000000000 ) ) ;
#2044 = CARTESIAN_POINT ( 'NONE',  ( 5.430000000000000604, 2.400000000000000355, 6.700000000000000178 ) ) ;
#2045 = EDGE_CURVE ( 'NONE', #876, #171, #1015, .T. ) ;
#2046 = VERTEX_POINT ( 'NONE', #17 ) ;
#2047 = CARTESIAN_POINT ( 'NONE',  ( 2.530000060084279578, 2.399999999999999911, 6.700000000000000178 ) ) ;
#2048 = VECTOR ( 'NONE', #453, 1000.000000000000000 ) ;
#2049 = ORIENTED_EDGE ( 'NONE', *, *, #114, .F. ) ;
#2050 = EDGE_CURVE ( 'NONE', #1497, #536, #2400, .T. ) ;
#2051 = CARTESIAN_POINT ( 'NONE',  ( 7.829999999999998295, -3.649999999999999911, 2.800000000000000266 ) ) ;
#2052 = ORIENTED_EDGE ( 'NONE', *, *, #2101, .T. ) ;
#2053 = VECTOR ( 'NONE', #1205, 1000.000000000000000 ) ;
#2054 = EDGE_CURVE ( 'NONE', #612, #2394, #1429, .T. ) ;
#2055 = CARTESIAN_POINT ( 'NONE',  ( 3.530000120168550026, 2.399999999999999911, 1.399999973177910029 ) ) ;
#2056 = LINE ( 'NONE', #2514, #2087 ) ;
#2057 = FACE_OUTER_BOUND ( 'NONE', #1919, .T. ) ;
#2058 = ADVANCED_FACE ( 'NONE', ( #662 ), #446, .F. ) ;
#2059 = LINE ( 'NONE', #529, #78 ) ;
#2060 = CARTESIAN_POINT ( 'NONE',  ( 3.530000000000000249, 1.907844255337200002E-16, 6.700000000000000178 ) ) ;
#2061 = ORIENTED_EDGE ( 'NONE', *, *, #1847, .T. ) ;
#2062 = AXIS2_PLACEMENT_3D ( 'NONE', #2168, #825, #1979 ) ;
#2063 = DIRECTION ( 'NONE',  ( 0.5773502691896277295, -0.5773502691896277295, 0.5773502691896219563 ) ) ;
#2064 = ORIENTED_EDGE ( 'NONE', *, *, #2371, .F. ) ;
#2065 = LINE ( 'NONE', #312, #1133 ) ;
#2066 = DIRECTION ( 'NONE',  ( 1.000000000000000000, 1.301042606982599897E-16, 0.000000000000000000 ) ) ;
#2067 = CARTESIAN_POINT ( 'NONE',  ( 3.530000120168550026, 2.399999999999999911, 6.700000000000000178 ) ) ;
#2068 = ORIENTED_EDGE ( 'NONE', *, *, #1828, .T. ) ;
#2069 = EDGE_CURVE ( 'NONE', #378, #1333, #1209, .T. ) ;
#2070 = VERTEX_POINT ( 'NONE', #1577 ) ;
#2071 = PLANE ( 'NONE',  #1330 ) ;
#2072 = VERTEX_POINT ( 'NONE', #1387 ) ;
#2073 = DIRECTION ( 'NONE',  ( 0.000000000000000000, 0.000000000000000000, 1.000000000000000000 ) ) ;
#2074 = ADVANCED_FACE ( 'NONE', ( #2166 ), #1992, .F. ) ;
#2075 = ORIENTED_EDGE ( 'NONE', *, *, #2419, .T. ) ;
#2076 = VECTOR ( 'NONE', #1255, 1000.000000000000000 ) ;
#2077 = LINE ( 'NONE', #919, #242 ) ;
#2078 = CARTESIAN_POINT ( 'NONE',  ( 5.429999999999999716, 3.200000000000000178, 3.099999973177910650 ) ) ;
#2079 = EDGE_CURVE ( 'NONE', #2319, #2126, #1029, .T. ) ;
#2080 = CARTESIAN_POINT ( 'NONE',  ( 0.03000000000000085931, -3.649999999999999911, 2.799999999999999822 ) ) ;
#2081 = VECTOR ( 'NONE', #577, 1000.000000000000000 ) ;
#2082 = CARTESIAN_POINT ( 'NONE',  ( 3.530000120168550026, 3.200000000000000178, 6.699999973177910739 ) ) ;
#2083 = ORIENTED_EDGE ( 'NONE', *, *, #504, .F. ) ;
#2084 = EDGE_CURVE ( 'NONE', #1690, #1121, #1415, .T. ) ;
#2085 = PLANE ( 'NONE',  #1459 ) ;
#2086 = ORIENTED_EDGE ( 'NONE', *, *, #521, .T. ) ;
#2087 = VECTOR ( 'NONE', #1339, 1000.000000000000000 ) ;
#2088 = DIRECTION ( 'NONE',  ( 4.228174589884199454E-17, -1.000000000000000000, 0.000000000000000000 ) ) ;
#2089 = ORIENTED_EDGE ( 'NONE', *, *, #1598, .F. ) ;
#2090 = EDGE_CURVE ( 'NONE', #195, #458, #234, .T. ) ;
#2091 = EDGE_LOOP ( 'NONE', ( #241, #1476, #559, #1024 ) ) ;
#2092 = LINE ( 'NONE', #880, #2119 ) ;
#2093 = DIRECTION ( 'NONE',  ( 0.000000000000000000, 0.000000000000000000, 1.000000000000000000 ) ) ;
#2094 = LINE ( 'NONE', #2515, #1726 ) ;
#2095 = CARTESIAN_POINT ( 'NONE',  ( 1.530000120168550026, 2.399999999999999911, -2.682209010451689997E-08 ) ) ;
#2096 = CARTESIAN_POINT ( 'NONE',  ( -0.06999999999999999278, 5.799999999999999822, 0.000000000000000000 ) ) ;
#2097 = ORIENTED_EDGE ( 'NONE', *, *, #25, .T. ) ;
#2098 = ADVANCED_FACE ( 'NONE', ( #2373 ), #60, .T. ) ;
#2099 = CARTESIAN_POINT ( 'NONE',  ( 0.03000000000000101544, -3.649999999999999911, 2.799999999999999822 ) ) ;
#2100 = VERTEX_POINT ( 'NONE', #823 ) ;
#2101 = EDGE_CURVE ( 'NONE', #1773, #80, #72, .T. ) ;
#2102 = VECTOR ( 'NONE', #1229, 1000.000000000000000 ) ;
#2103 = VECTOR ( 'NONE', #1546, 1000.000000000000000 ) ;
#2104 = DIRECTION ( 'NONE',  ( -0.000000000000000000, 1.000000000000000000, 0.000000000000000000 ) ) ;
#2105 = CARTESIAN_POINT ( 'NONE',  ( 2.530000000000000249, 1.600000000000000089, 6.700000000000000178 ) ) ;
#2106 = AXIS2_PLACEMENT_3D ( 'NONE', #2096, #1123, #1186 ) ;
#2107 = DIRECTION ( 'NONE',  ( -0.000000000000000000, -0.000000000000000000, 1.000000000000000000 ) ) ;
#2108 = ORIENTED_EDGE ( 'NONE', *, *, #199, .F. ) ;
#2109 = EDGE_CURVE ( 'NONE', #653, #287, #2387, .T. ) ;
#2110 = PLANE ( 'NONE',  #2395 ) ;
#2111 = EDGE_LOOP ( 'NONE', ( #145, #266, #1708, #2445 ) ) ;
#2112 = DIRECTION ( 'NONE',  ( -1.000000000000000000, 0.000000000000000000, 0.000000000000000000 ) ) ;
#2113 = ORIENTED_EDGE ( 'NONE', *, *, #2232, .T. ) ;
#2114 = ORIENTED_EDGE ( 'NONE', *, *, #491, .F. ) ;
#2115 = DIRECTION ( 'NONE',  ( -0.5773502691896250649, 0.5773502691896260641, -0.5773502691896260641 ) ) ;
#2116 = DIRECTION ( 'NONE',  ( 0.000000000000000000, 0.000000000000000000, -1.000000000000000000 ) ) ;
#2117 = VECTOR ( 'NONE', #1353, 1000.000000000000000 ) ;
#2118 = DIRECTION ( 'NONE',  ( 0.000000000000000000, 0.000000000000000000, 1.000000000000000000 ) ) ;
#2119 = VECTOR ( 'NONE', #688, 1000.000000000000000 ) ;
#2120 = ORIENTED_EDGE ( 'NONE', *, *, #569, .F. ) ;
#2121 = FACE_OUTER_BOUND ( 'NONE', #1824, .T. ) ;
#2122 = EDGE_CURVE ( 'NONE', #250, #1578, #2194, .T. ) ;
#2123 = VECTOR ( 'NONE', #463, 1000.000000000000000 ) ;
#2124 = CARTESIAN_POINT ( 'NONE',  ( 5.130000243661929638, 0.1999999977648259930, 0.000000000000000000 ) ) ;
#2125 = ADVANCED_FACE ( 'NONE', ( #209 ), #304, .T. ) ;
#2126 = VERTEX_POINT ( 'NONE', #2078 ) ;
#2127 = ORIENTED_EDGE ( 'NONE', *, *, #2458, .F. ) ;
#2128 = LINE ( 'NONE', #193, #2384 ) ;
#2129 = VERTEX_POINT ( 'NONE', #137 ) ;
#2130 = AXIS2_PLACEMENT_3D ( 'NONE', #2260, #2093, #513 ) ;
#2131 = VERTEX_POINT ( 'NONE', #502 ) ;
#2132 = PLANE ( 'NONE',  #1671 ) ;
#2133 = DIRECTION ( 'NONE',  ( 0.000000000000000000, -1.000000000000000000, 0.000000000000000000 ) ) ;
#2134 = EDGE_CURVE ( 'NONE', #2436, #682, #2451, .T. ) ;
#2135 = CARTESIAN_POINT ( 'NONE',  ( 9.329999999999998295, 0.2000000000000004274, 0.000000000000000000 ) ) ;
#2136 = DIRECTION ( 'NONE',  ( -1.000000000000000000, 0.000000000000000000, 0.000000000000000000 ) ) ;
#2137 = VECTOR ( 'NONE', #520, 1000.000000000000000 ) ;
#2138 = CARTESIAN_POINT ( 'NONE',  ( 1.530000120168550026, 3.200000000000000178, -1.341104505225840035E-08 ) ) ;
#2139 = LINE ( 'NONE', #156, #784 ) ;
#2140 = ORIENTED_EDGE ( 'NONE', *, *, #478, .F. ) ;
#2141 = ORIENTED_EDGE ( 'NONE', *, *, #153, .F. ) ;
#2142 = DIRECTION ( 'NONE',  ( 0.000000000000000000, 0.000000000000000000, 1.000000000000000000 ) ) ;
#2143 = DIRECTION ( 'NONE',  ( 1.000000000000000000, -0.000000000000000000, 0.000000000000000000 ) ) ;
#2144 = VECTOR ( 'NONE', #888, 1000.000000000000000 ) ;
#2145 = CARTESIAN_POINT ( 'NONE',  ( 7.429999999999997939, 2.400000000000000355, 0.000000000000000000 ) ) ;
#2146 = CARTESIAN_POINT ( 'NONE',  ( 1.530000120168550026, 3.200000000000000178, 1.399999973177910029 ) ) ;
#2147 = LINE ( 'NONE', #1985, #1572 ) ;
#2148 = ADVANCED_FACE ( 'NONE', ( #149 ), #932, .F. ) ;
#2149 = DIRECTION ( 'NONE',  ( -1.000000000000000000, 0.000000000000000000, 0.000000000000000000 ) ) ;
#2150 = PLANE ( 'NONE',  #904 ) ;
#2151 = ORIENTED_EDGE ( 'NONE', *, *, #587, .T. ) ;
#2152 = EDGE_CURVE ( 'NONE', #1452, #549, #2476, .T. ) ;
#2153 = ORIENTED_EDGE ( 'NONE', *, *, #1416, .T. ) ;
#2154 = PLANE ( 'NONE',  #2282 ) ;
#2155 = FACE_OUTER_BOUND ( 'NONE', #5, .T. ) ;
#2156 = DIRECTION ( 'NONE',  ( -0.000000000000000000, 0.7071067811865475727, 0.7071067811865475727 ) ) ;
#2157 = AXIS2_PLACEMENT_3D ( 'NONE', #360, #201, #1147 ) ;
#2158 = PLANE ( 'NONE',  #2157 ) ;
#2159 = VECTOR ( 'NONE', #2461, 1000.000000000000000 ) ;
#2160 = DIRECTION ( 'NONE',  ( 1.000000000000000000, 0.000000000000000000, 0.000000000000000000 ) ) ;
#2161 = EDGE_CURVE ( 'NONE', #2306, #171, #1288, .T. ) ;
#2162 = PLANE ( 'NONE',  #747 ) ;
#2163 = DIRECTION ( 'NONE',  ( 0.000000000000000000, 1.000000000000000000, 0.000000000000000000 ) ) ;
#2164 = PRODUCT_DEFINITION_FORMATION_WITH_SPECIFIED_SOURCE ( 'ANY', '', #1723, .NOT_KNOWN. ) ;
#2165 = EDGE_LOOP ( 'NONE', ( #2488, #1154, #1090, #1215 ) ) ;
#2166 = FACE_OUTER_BOUND ( 'NONE', #2380, .T. ) ;
#2167 = ORIENTED_EDGE ( 'NONE', *, *, #2371, .T. ) ;
#2168 = CARTESIAN_POINT ( 'NONE',  ( 4.590000000000000746, 1.940732136756850175E-16, 0.000000000000000000 ) ) ;
#2169 = FACE_OUTER_BOUND ( 'NONE', #2165, .T. ) ;
#2170 = EDGE_CURVE ( 'NONE', #766, #328, #1481, .T. ) ;
#2171 = VECTOR ( 'NONE', #2017, 1000.000000000000000 ) ;
#2172 = DIRECTION ( 'NONE',  ( 0.000000000000000000, 0.000000000000000000, 1.000000000000000000 ) ) ;
#2173 = VECTOR ( 'NONE', #2463, 1000.000000000000000 ) ;
#2174 = CARTESIAN_POINT ( 'NONE',  ( 5.294999999999999929, 0.5999999999999999778, 2.799999999999999822 ) ) ;
#2175 = ORIENTED_EDGE ( 'NONE', *, *, #723, .F. ) ;
#2176 = CARTESIAN_POINT ( 'NONE',  ( 1.129999999999999893, 0.5999999999999999778, 1.699999999999999956 ) ) ;
#2177 = VECTOR ( 'NONE', #1587, 1000.000000000000000 ) ;
#2178 = CARTESIAN_POINT ( 'NONE',  ( 1.530000120168550026, 3.200000000000000178, 6.699999973177910739 ) ) ;
#2179 = DIRECTION ( 'NONE',  ( -1.000000000000000000, 0.000000000000000000, -7.930164461608259453E-16 ) ) ;
#2180 = ORIENTED_EDGE ( 'NONE', *, *, #2026, .F. ) ;
#2181 = DIRECTION ( 'NONE',  ( 0.000000000000000000, -1.000000000000000000, 0.000000000000000000 ) ) ;
#2182 = ORIENTED_EDGE ( 'NONE', *, *, #1372, .F. ) ;
#2183 = LINE ( 'NONE', #1195, #1939 ) ;
#2184 = CARTESIAN_POINT ( 'NONE',  ( 5.429999999999999716, 0.5999999999999999778, 0.000000000000000000 ) ) ;
#2185 = EDGE_CURVE ( 'NONE', #1872, #547, #1673, .T. ) ;
#2186 = DIRECTION ( 'NONE',  ( 1.000000000000000000, 0.000000000000000000, 0.000000000000000000 ) ) ;
#2187 = LINE ( 'NONE', #466, #198 ) ;
#2188 = ORIENTED_EDGE ( 'NONE', *, *, #1679, .T. ) ;
#2189 = CARTESIAN_POINT ( 'NONE',  ( -1.285000000000000364, 1.285000000000000364, -1.200000000000000178 ) ) ;
#2190 = VERTEX_POINT ( 'NONE', #1119 ) ;
#2191 = ORIENTED_EDGE ( 'NONE', *, *, #2498, .T. ) ;
#2192 = DIRECTION ( 'NONE',  ( -1.000000000000000000, -0.000000000000000000, -0.000000000000000000 ) ) ;
#2193 = ORIENTED_EDGE ( 'NONE', *, *, #569, .T. ) ;
#2194 = LINE ( 'NONE', #1962, #1555 ) ;
#2195 = ORIENTED_EDGE ( 'NONE', *, *, #1098, .F. ) ;
#2196 = DIRECTION ( 'NONE',  ( 0.000000000000000000, 0.000000000000000000, -1.000000000000000000 ) ) ;
#2197 = CARTESIAN_POINT ( 'NONE',  ( 7.829999999999998295, -3.649999999999999911, 1.700000000000000178 ) ) ;
#2198 = EDGE_CURVE ( 'NONE', #610, #55, #893, .T. ) ;
#2199 = FACE_OUTER_BOUND ( 'NONE', #2031, .T. ) ;
#2200 = DIRECTION ( 'NONE',  ( 1.000000000000000000, 0.000000000000000000, 0.000000000000000000 ) ) ;
#2201 = ORIENTED_EDGE ( 'NONE', *, *, #240, .F. ) ;
#2202 = DIRECTION ( 'NONE',  ( 1.000000000000000000, 0.000000000000000000, 0.000000000000000000 ) ) ;
#2203 = EDGE_LOOP ( 'NONE', ( #1668, #433, #2061, #363 ) ) ;
#2204 = AXIS2_PLACEMENT_3D ( 'NONE', #1059, #2009, #1047 ) ;
#2205 = EDGE_CURVE ( 'NONE', #1270, #2359, #2299, .T. ) ;
#2206 = DIRECTION ( 'NONE',  ( 0.000000000000000000, 0.000000000000000000, -1.000000000000000000 ) ) ;
#2207 = ORIENTED_EDGE ( 'NONE', *, *, #1628, .F. ) ;
#2208 = CARTESIAN_POINT ( 'NONE',  ( 1.129999999999999893, -3.649999999999999911, 2.799999999999999822 ) ) ;
#2209 = ORIENTED_EDGE ( 'NONE', *, *, #2045, .F. ) ;
#2210 = PLANE ( 'NONE',  #1492 ) ;
#2211 = CARTESIAN_POINT ( 'NONE',  ( -1.469999999999999973, 3.200000000000000178, 0.000000000000000000 ) ) ;
#2212 = CARTESIAN_POINT ( 'NONE',  ( 7.430000000000000604, 2.400000000000000355, 6.700000000000000178 ) ) ;
#2213 = EDGE_CURVE ( 'NONE', #1076, #2246, #1697, .T. ) ;
#2214 = ORIENTED_EDGE ( 'NONE', *, *, #1391, .T. ) ;
#2215 = AXIS2_PLACEMENT_3D ( 'NONE', #1316, #333, #1664 ) ;
#2216 = CARTESIAN_POINT ( 'NONE',  ( 0.03000000000000100156, 0.5999999999999999778, 1.699999999999999956 ) ) ;
#2217 = ORIENTED_EDGE ( 'NONE', *, *, #1946, .F. ) ;
#2218 = CARTESIAN_POINT ( 'NONE',  ( 0.000000000000000000, 9.199999738484619272, -1.699999999999999956 ) ) ;
#2219 = ORIENTED_EDGE ( 'NONE', *, *, #1961, .F. ) ;
#2221 = VECTOR ( 'NONE', #721, 1000.000000000000114 ) ;
#2220 = DIRECTION ( 'NONE',  ( 0.000000000000000000, 1.000000000000000000, 0.000000000000000000 ) ) ;
#2222 = ORIENTED_EDGE ( 'NONE', *, *, #1897, .F. ) ;
#2223 = CARTESIAN_POINT ( 'NONE',  ( 7.829999999999998295, 0.1999999977648260208, 1.700000000000000178 ) ) ;
#2224 = EDGE_CURVE ( 'NONE', #1745, #122, #689, .T. ) ;
#2225 =( LENGTH_UNIT ( ) NAMED_UNIT ( * ) SI_UNIT ( .MILLI., .METRE. ) );
#2226 = ORIENTED_EDGE ( 'NONE', *, *, #1869, .T. ) ;
#2227 = DIRECTION ( 'NONE',  ( 1.000000000000000000, 0.000000000000000000, 0.000000000000000000 ) ) ;
#2228 = DIRECTION ( 'NONE',  ( -1.000000000000000000, 0.000000000000000000, 0.000000000000000000 ) ) ;
#2229 = VERTEX_POINT ( 'NONE', #293 ) ;
#2230 = CARTESIAN_POINT ( 'NONE',  ( 5.029999999999999361, 10.40000000000000036, 2.075000000000000178 ) ) ;
#2231 = AXIS2_PLACEMENT_3D ( 'NONE', #1463, #2241, #286 ) ;
#2232 = EDGE_CURVE ( 'NONE', #1324, #111, #488, .T. ) ;
#2233 = EDGE_LOOP ( 'NONE', ( #1263, #772, #142, #1292 ) ) ;
#2234 = VECTOR ( 'NONE', #2290, 1000.000000000000000 ) ;
#2235 = FILL_AREA_STYLE_COLOUR ( '', #410 ) ;
#2236 = ORIENTED_EDGE ( 'NONE', *, *, #315, .T. ) ;
#2237 = ADVANCED_FACE ( 'NONE', ( #1867 ), #1494, .T. ) ;
#2238 = DIRECTION ( 'NONE',  ( 1.000000000000000000, 0.000000000000000000, 0.000000000000000000 ) ) ;
#2239 = PLANE ( 'NONE',  #882 ) ;
#2240 = ORIENTED_EDGE ( 'NONE', *, *, #1385, .F. ) ;
#2241 = DIRECTION ( 'NONE',  ( -1.000000000000000000, 0.000000000000000000, 0.000000000000000000 ) ) ;
#2242 = ORIENTED_EDGE ( 'NONE', *, *, #1904, .F. ) ;
#2243 = VECTOR ( 'NONE', #1072, 1000.000000000000000 ) ;
#2244 = EDGE_CURVE ( 'NONE', #1931, #1621, #1859, .T. ) ;
#2245 = CARTESIAN_POINT ( 'NONE',  ( 0.03000000000000107789, -3.649999999999999911, 2.799999999999999822 ) ) ;
#2246 = VERTEX_POINT ( 'NONE', #726 ) ;
#2247 = DIRECTION ( 'NONE',  ( 0.000000000000000000, 0.000000000000000000, 1.000000000000000000 ) ) ;
#2248 = VECTOR ( 'NONE', #1995, 1000.000000000000000 ) ;
#2249 = DIRECTION ( 'NONE',  ( 0.000000000000000000, 0.000000000000000000, -1.000000000000000000 ) ) ;
#2250 = CARTESIAN_POINT ( 'NONE',  ( 9.029999999999999361, 0.1999999977648263261, -1.199999999999999956 ) ) ;
#2251 = CARTESIAN_POINT ( 'NONE',  ( 10.42999999999999972, 0.000000000000000000, 6.700000000000000178 ) ) ;
#2252 = VERTEX_POINT ( 'NONE', #1503 ) ;
#2253 = LINE ( 'NONE', #2433, #2144 ) ;
#2254 = EDGE_LOOP ( 'NONE', ( #2276, #1177, #216, #1799 ) ) ;
#2255 = CARTESIAN_POINT ( 'NONE',  ( 3.930000000000000160, 0.5999999999999999778, 1.699999999999999956 ) ) ;
#2256 = VERTEX_POINT ( 'NONE', #2250 ) ;
#2257 = CARTESIAN_POINT ( 'NONE',  ( 0.000000000000000000, 0.000000000000000000, 0.000000000000000000 ) ) ;
#2258 = ADVANCED_FACE ( 'NONE', ( #2284 ), #881, .F. ) ;
#2259 = LINE ( 'NONE', #1276, #1303 ) ;
#2260 = CARTESIAN_POINT ( 'NONE',  ( 2.530000000000000249, 4.500000000000000000, 0.000000000000000000 ) ) ;
#2261 = CARTESIAN_POINT ( 'NONE',  ( 4.590000000000000746, 1.940732136756850175E-16, 0.000000000000000000 ) ) ;
#2262 = CARTESIAN_POINT ( 'NONE',  ( 1.530000072671099831, 0.000000000000000000, -1.199999999999999956 ) ) ;
#2263 = ORIENTED_EDGE ( 'NONE', *, *, #334, .F. ) ;
#2264 = LINE ( 'NONE', #1281, #2348 ) ;
#2265 = EDGE_LOOP ( 'NONE', ( #1201, #1423, #2039, #1203 ) ) ;
#2266 = VECTOR ( 'NONE', #2333, 1000.000000000000000 ) ;
#2267 = CARTESIAN_POINT ( 'NONE',  ( -0.3699999999999999956, -7.632783294297939382E-16, 0.000000000000000000 ) ) ;
#2268 = ORIENTED_EDGE ( 'NONE', *, *, #678, .T. ) ;
#2269 = SHAPE_DEFINITION_REPRESENTATION ( #1271, #1531 ) ;
#2270 = VECTOR ( 'NONE', #818, 1000.000000000000000 ) ;
#2271 = CARTESIAN_POINT ( 'NONE',  ( 1.530000120168550026, 3.200000000000000178, 1.399999973177910029 ) ) ;
#2272 = DIRECTION ( 'NONE',  ( 0.000000000000000000, -1.000000000000000000, 0.000000000000000000 ) ) ;
#2273 = EDGE_CURVE ( 'NONE', #1500, #1270, #2490, .T. ) ;
#2274 = DIRECTION ( 'NONE',  ( 0.000000000000000000, -1.000000000000000000, 0.000000000000000000 ) ) ;
#2275 = CARTESIAN_POINT ( 'NONE',  ( 1.530000120168550026, 2.399999999999999911, 1.949999973177910073 ) ) ;
#2276 = ORIENTED_EDGE ( 'NONE', *, *, #2511, .T. ) ;
#2277 = LINE ( 'NONE', #1703, #1286 ) ;
#2278 = ORIENTED_EDGE ( 'NONE', *, *, #1885, .F. ) ;
#2279 = EDGE_CURVE ( 'NONE', #1333, #1241, #2056, .T. ) ;
#2280 = CARTESIAN_POINT ( 'NONE',  ( 3.795000000000000373, 3.200000000000000178, 0.000000000000000000 ) ) ;
#2281 = ORIENTED_EDGE ( 'NONE', *, *, #1984, .T. ) ;
#2282 = AXIS2_PLACEMENT_3D ( 'NONE', #2513, #1749, #2322 ) ;
#2283 = DIRECTION ( 'NONE',  ( -0.000000000000000000, 1.000000000000000000, 0.000000000000000000 ) ) ;
#2284 = FACE_OUTER_BOUND ( 'NONE', #1692, .T. ) ;
#2285 = LINE ( 'NONE', #1518, #295 ) ;
#2286 = ADVANCED_FACE ( 'NONE', ( #1157 ), #751, .T. ) ;
#2287 = VECTOR ( 'NONE', #665, 1000.000000000000000 ) ;
#2288 = ORIENTED_EDGE ( 'NONE', *, *, #192, .T. ) ;
#2289 = EDGE_LOOP ( 'NONE', ( #354, #961, #1295, #1036 ) ) ;
#2290 = DIRECTION ( 'NONE',  ( 0.000000000000000000, 0.000000000000000000, -1.000000000000000000 ) ) ;
#2291 = EDGE_LOOP ( 'NONE', ( #353, #1321, #348, #1688 ) ) ;
#2292 = EDGE_CURVE ( 'NONE', #1280, #1173, #1565, .T. ) ;
#2293 = VECTOR ( 'NONE', #113, 1000.000000000000000 ) ;
#2294 = DIRECTION ( 'NONE',  ( 1.000000000000000000, 0.000000000000000000, 0.000000000000000000 ) ) ;
#2295 = VECTOR ( 'NONE', #1791, 1000.000000000000000 ) ;
#2296 = ORIENTED_EDGE ( 'NONE', *, *, #2224, .T. ) ;
#2297 = ADVANCED_FACE ( 'NONE', ( #2155 ), #761, .T. ) ;
#2298 = FACE_BOUND ( 'NONE', #368, .T. ) ;
#2299 = LINE ( 'NONE', #313, #1187 ) ;
#2300 = DIRECTION ( 'NONE',  ( 0.000000000000000000, 0.000000000000000000, -1.000000000000000000 ) ) ;
#2301 = CARTESIAN_POINT ( 'NONE',  ( -0.06999999999999999278, 5.150000000000000355, 0.000000000000000000 ) ) ;
#2302 = FACE_OUTER_BOUND ( 'NONE', #1373, .T. ) ;
#2303 = EDGE_LOOP ( 'NONE', ( #2207, #1217, #235, #1013 ) ) ;
#2304 = VERTEX_POINT ( 'NONE', #2334 ) ;
#2305 = PLANE ( 'NONE',  #362 ) ;
#2306 = VERTEX_POINT ( 'NONE', #1737 ) ;
#2307 = ORIENTED_EDGE ( 'NONE', *, *, #1466, .T. ) ;
#2308 = VECTOR ( 'NONE', #2024, 1000.000000000000000 ) ;
#2309 = VECTOR ( 'NONE', #1804, 1000.000000000000000 ) ;
#2310 = FACE_OUTER_BOUND ( 'NONE', #748, .T. ) ;
#2311 = CARTESIAN_POINT ( 'NONE',  ( 1.129999999999999893, 0.5999999999999999778, 2.799999999999999822 ) ) ;
#2312 = CARTESIAN_POINT ( 'NONE',  ( 9.029999999999999361, 9.199999738484619272, 0.000000000000000000 ) ) ;
#2313 = DIRECTION ( 'NONE',  ( 0.000000000000000000, 0.000000000000000000, -1.000000000000000000 ) ) ;
#2314 = DIRECTION ( 'NONE',  ( 0.000000000000000000, 0.7071067811865470176, -0.7071067811865480168 ) ) ;
#2315 = ORIENTED_EDGE ( 'NONE', *, *, #1061, .F. ) ;
#2316 = ORIENTED_EDGE ( 'NONE', *, *, #140, .T. ) ;
#2317 = CARTESIAN_POINT ( 'NONE',  ( -0.3699999999999999956, 0.2000000000000000111, 0.000000000000000000 ) ) ;
#2318 = EDGE_CURVE ( 'NONE', #391, #910, #370, .T. ) ;
#2319 = VERTEX_POINT ( 'NONE', #1130 ) ;
#2320 = ORIENTED_EDGE ( 'NONE', *, *, #1308, .F. ) ;
#2321 = ORIENTED_EDGE ( 'NONE', *, *, #1576, .T. ) ;
#2322 = DIRECTION ( 'NONE',  ( 0.000000000000000000, 1.000000000000000000, 0.000000000000000000 ) ) ;
#2323 = DIRECTION ( 'NONE',  ( -1.000000000000000000, 0.000000000000000000, 0.000000000000000000 ) ) ;
#2324 = AXIS2_PLACEMENT_3D ( 'NONE', #2492, #2465, #1318 ) ;
#2325 = EDGE_CURVE ( 'NONE', #709, #458, #395, .T. ) ;
#2326 = DIRECTION ( 'NONE',  ( 0.000000000000000000, -1.000000000000000000, 0.000000000000000000 ) ) ;
#2327 = DIRECTION ( 'NONE',  ( 1.000000000000000000, 0.000000000000000000, 0.000000000000000000 ) ) ;
#2328 = CARTESIAN_POINT ( 'NONE',  ( 3.930000000000000160, -3.649999999999999911, 2.799999999999999822 ) ) ;
#2329 = FACE_OUTER_BOUND ( 'NONE', #1629, .T. ) ;
#2330 = ORIENTED_EDGE ( 'NONE', *, *, #2205, .F. ) ;
#2331 = VECTOR ( 'NONE', #1083, 1000.000000000000000 ) ;
#2332 = ORIENTED_EDGE ( 'NONE', *, *, #1254, .F. ) ;
#2333 = DIRECTION ( 'NONE',  ( 0.000000000000000000, 0.000000000000000000, -1.000000000000000000 ) ) ;
#2334 = CARTESIAN_POINT ( 'NONE',  ( 0.3300000000000000155, 10.69999999999999929, 2.500000000000000000 ) ) ;
#2335 = DIRECTION ( 'NONE',  ( -1.000000000000000000, 0.000000000000000000, 0.000000000000000000 ) ) ;
#2336 = ADVANCED_FACE ( 'NONE', ( #1349 ), #160, .F. ) ;
#2337 = CARTESIAN_POINT ( 'NONE',  ( -0.3699999999999999956, 0.8000000000000000444, 6.700000000000000178 ) ) ;
#2338 = VECTOR ( 'NONE', #340, 1000.000000000000000 ) ;
#2339 = FACE_OUTER_BOUND ( 'NONE', #900, .T. ) ;
#2340 = EDGE_CURVE ( 'NONE', #1100, #682, #1950, .T. ) ;
#2341 = LINE ( 'NONE', #584, #1075 ) ;
#2342 = CARTESIAN_POINT ( 'NONE',  ( 2.530000060084279578, 2.399999999999999911, 0.000000000000000000 ) ) ;
#2343 = ORIENTED_EDGE ( 'NONE', *, *, #1039, .F. ) ;
#2344 = VERTEX_POINT ( 'NONE', #978 ) ;
#2345 = DIRECTION ( 'NONE',  ( 0.7071067811865475727, 0.7071067811865475727, 0.000000000000000000 ) ) ;
#2346 = CARTESIAN_POINT ( 'NONE',  ( 3.530000120168550026, 3.200000000000000178, -2.682209010451689997E-08 ) ) ;
#2347 = EDGE_LOOP ( 'NONE', ( #1337, #1886, #30, #867 ) ) ;
#2348 = VECTOR ( 'NONE', #507, 1000.000000000000000 ) ;
#2349 = FACE_OUTER_BOUND ( 'NONE', #338, .T. ) ;
#2350 = CARTESIAN_POINT ( 'NONE',  ( 5.429999999999999716, 3.200000000000000178, 1.399999999999999911 ) ) ;
#2351 = EDGE_CURVE ( 'NONE', #1563, #1882, #565, .T. ) ;
#2352 = DIRECTION ( 'NONE',  ( 1.000000000000000000, 0.000000000000000000, -4.818676286255858984E-16 ) ) ;
#2353 = FACE_OUTER_BOUND ( 'NONE', #1105, .T. ) ;
#2354 = DIRECTION ( 'NONE',  ( 1.000000000000000000, 0.000000000000000000, 0.000000000000000000 ) ) ;
#2355 = ADVANCED_FACE ( 'NONE', ( #1363 ), #197, .F. ) ;
#2356 = EDGE_LOOP ( 'NONE', ( #1501, #222, #1709, #1704 ) ) ;
#2357 = VECTOR ( 'NONE', #213, 1000.000000000000000 ) ;
#2358 = CARTESIAN_POINT ( 'NONE',  ( 3.930000000000000160, 10.40000000000000036, 2.799999999999999822 ) ) ;
#2359 = VERTEX_POINT ( 'NONE', #1144 ) ;
#2360 = FACE_OUTER_BOUND ( 'NONE', #2303, .T. ) ;
#2361 = CARTESIAN_POINT ( 'NONE',  ( 7.829999999999998295, -5.205634918610405393, 1.700000000000000178 ) ) ;
#2362 = LINE ( 'NONE', #1392, #930 ) ;
#2363 = VECTOR ( 'NONE', #306, 1000.000000000000000 ) ;
#2364 = PLANE ( 'NONE',  #1632 ) ;
#2365 = ORIENTED_EDGE ( 'NONE', *, *, #1191, .T. ) ;
#2366 = ADVANCED_FACE ( 'NONE', ( #188 ), #967, .F. ) ;
#2367 = DIRECTION ( 'NONE',  ( -4.818676286255858984E-16, 0.000000000000000000, -1.000000000000000000 ) ) ;
#2368 = ORIENTED_EDGE ( 'NONE', *, *, #309, .T. ) ;
#2369 = CARTESIAN_POINT ( 'NONE',  ( 9.029999999999999361, 0.1999999977648265204, 0.000000000000000000 ) ) ;
#2370 = CARTESIAN_POINT ( 'NONE',  ( 5.429999999999999716, 2.400000000000000355, 0.000000000000000000 ) ) ;
#2371 = EDGE_CURVE ( 'NONE', #809, #766, #783, .T. ) ;
#2372 = ORIENTED_EDGE ( 'NONE', *, *, #1591, .F. ) ;
#2373 = FACE_OUTER_BOUND ( 'NONE', #2347, .T. ) ;
#2374 = ORIENTED_EDGE ( 'NONE', *, *, #95, .T. ) ;
#2375 = CARTESIAN_POINT ( 'NONE',  ( 1.529999999999999805, 6.938893903907230843E-17, 0.000000000000000000 ) ) ;
#2376 = LINE ( 'NONE', #1790, #696 ) ;
#2377 = CARTESIAN_POINT ( 'NONE',  ( 8.129999999999999005, 10.70000000000000107, 2.499999999999996891 ) ) ;
#2378 = VECTOR ( 'NONE', #1146, 1000.000000000000000 ) ;
#2379 = CARTESIAN_POINT ( 'NONE',  ( 7.429999999999999716, 3.200000000000000178, 3.099999973177910206 ) ) ;
#2380 = EDGE_LOOP ( 'NONE', ( #1207, #984, #1948, #1615 ) ) ;
#2381 = DIRECTION ( 'NONE',  ( -0.000000000000000000, 1.000000000000000000, 0.000000000000000000 ) ) ;
#2382 = ORIENTED_EDGE ( 'NONE', *, *, #929, .F. ) ;
#2383 = ORIENTED_EDGE ( 'NONE', *, *, #2090, .F. ) ;
#2384 = VECTOR ( 'NONE', #971, 1000.000000000000000 ) ;
#2385 = CARTESIAN_POINT ( 'NONE',  ( 2.530000000000000249, 0.2000000000000000944, 0.000000000000000000 ) ) ;
#2386 = ORIENTED_EDGE ( 'NONE', *, *, #770, .T. ) ;
#2387 = LINE ( 'NONE', #633, #617 ) ;
#2388 = VERTEX_POINT ( 'NONE', #345 ) ;
#2389 = LINE ( 'NONE', #421, #841 ) ;
#2390 = CARTESIAN_POINT ( 'NONE',  ( 1.265000000000000124, 5.551115123125779744E-16, 6.700000000000000178 ) ) ;
#2391 = CARTESIAN_POINT ( 'NONE',  ( 1.129999999999999893, 10.40000000000000036, 2.799999999999999822 ) ) ;
#2392 = PLANE ( 'NONE',  #2204 ) ;
#2393 = ADVANCED_FACE ( 'NONE', ( #1777 ), #1554, .F. ) ;
#2394 = VERTEX_POINT ( 'NONE', #20 ) ;
#2395 = AXIS2_PLACEMENT_3D ( 'NONE', #1730, #2314, #1944 ) ;
#2396 = DIRECTION ( 'NONE',  ( 0.000000000000000000, -1.000000000000000000, 0.000000000000000000 ) ) ;
#2397 = EDGE_LOOP ( 'NONE', ( #308, #903, #663, #455 ) ) ;
#2398 = DIRECTION ( 'NONE',  ( 0.000000000000000000, 0.000000000000000000, 1.000000000000000000 ) ) ;
#2399 = ORIENTED_EDGE ( 'NONE', *, *, #1360, .F. ) ;
#2400 = LINE ( 'NONE', #648, #778 ) ;
#2401 = ADVANCED_FACE ( 'NONE', ( #799 ), #1580, .F. ) ;
#2402 = ORIENTED_EDGE ( 'NONE', *, *, #2054, .T. ) ;
#2403 = CARTESIAN_POINT ( 'NONE',  ( 8.629999999999997229, 10.69999999999999929, 1.999999999999999112 ) ) ;
#2404 = LINE ( 'NONE', #1636, #979 ) ;
#2405 = EDGE_CURVE ( 'NONE', #910, #65, #944, .T. ) ;
#2406 = CARTESIAN_POINT ( 'NONE',  ( 3.930000000000000160, 0.1999999977648260208, 1.699999999999999956 ) ) ;
#2407 = ORIENTED_EDGE ( 'NONE', *, *, #1134, .F. ) ;
#2408 = CARTESIAN_POINT ( 'NONE',  ( 3.930000000000000160, 3.200000000000000178, 2.600000000000000089 ) ) ;
#2409 = ORIENTED_EDGE ( 'NONE', *, *, #638, .F. ) ;
#2410 = AXIS2_PLACEMENT_3D ( 'NONE', #1265, #2283, #487 ) ;
#2411 = DIRECTION ( 'NONE',  ( 0.000000000000000000, 0.000000000000000000, -1.000000000000000000 ) ) ;
#2412 = ORIENTED_EDGE ( 'NONE', *, *, #206, .F. ) ;
#2413 = CARTESIAN_POINT ( 'NONE',  ( 5.429999999999999716, 2.400000000000000355, 3.099999973177910650 ) ) ;
#2414 = EDGE_LOOP ( 'NONE', ( #1284, #2399, #263, #973 ) ) ;
#2415 = CARTESIAN_POINT ( 'NONE',  ( 5.029999999999999361, 0.1999999977648260208, 1.699999999999999956 ) ) ;
#2416 = EDGE_LOOP ( 'NONE', ( #1837, #2029, #824, #2222 ) ) ;
#2417 = LINE ( 'NONE', #227, #1876 ) ;
#2418 = VECTOR ( 'NONE', #734, 1000.000000000000000 ) ;
#2419 = EDGE_CURVE ( 'NONE', #100, #1827, #449, .T. ) ;
#2420 = CARTESIAN_POINT ( 'NONE',  ( 0.03000000000000100156, 10.40000000000000036, 1.699999999999999956 ) ) ;
#2421 = ORIENTED_EDGE ( 'NONE', *, *, #879, .F. ) ;
#2422 = PLANE ( 'NONE',  #2231 ) ;
#2423 = EDGE_LOOP ( 'NONE', ( #1151, #2226, #311, #757 ) ) ;
#2424 = EDGE_CURVE ( 'NONE', #1814, #1931, #826, .T. ) ;
#2425 = CARTESIAN_POINT ( 'NONE',  ( 0.03000000000000101544, -3.649999999999999911, 1.699999999999999956 ) ) ;
#2426 = ORIENTED_EDGE ( 'NONE', *, *, #2448, .T. ) ;
#2427 = LINE ( 'NONE', #1649, #379 ) ;
#2428 = DIRECTION ( 'NONE',  ( 0.000000000000000000, 0.000000000000000000, 1.000000000000000000 ) ) ;
#2429 = FACE_OUTER_BOUND ( 'NONE', #647, .T. ) ;
#2430 = CARTESIAN_POINT ( 'NONE',  ( -0.3699999999999999956, 0.2000000000000000111, 6.700000000000000178 ) ) ;
#2431 = EDGE_CURVE ( 'NONE', #1788, #610, #224, .T. ) ;
#2432 = ORIENTED_EDGE ( 'NONE', *, *, #959, .T. ) ;
#2433 = CARTESIAN_POINT ( 'NONE',  ( 0.4049999999999999711, 10.69999999999999929, 2.000000000000000000 ) ) ;
#2434 = AXIS2_PLACEMENT_3D ( 'NONE', #611, #1395, #1010 ) ;
#2435 = VECTOR ( 'NONE', #1064, 1000.000000000000000 ) ;
#2436 = VERTEX_POINT ( 'NONE', #2197 ) ;
#2437 = CARTESIAN_POINT ( 'NONE',  ( 9.329999999999998295, 0.2000000000000004274, 6.700000000000000178 ) ) ;
#2438 = ADVANCED_FACE ( 'NONE', ( #435 ), #87, .T. ) ;
#2439 = ORIENTED_EDGE ( 'NONE', *, *, #2079, .T. ) ;
#2440 = DIRECTION ( 'NONE',  ( 0.000000000000000000, -1.000000000000000000, 0.000000000000000000 ) ) ;
#2441 = CARTESIAN_POINT ( 'NONE',  ( 7.429999999999999716, 3.200000000000000178, 4.899999986588953860 ) ) ;
#2442 = CARTESIAN_POINT ( 'NONE',  ( 8.130000000000000782, 10.70000000000000107, 1.999999999999999112 ) ) ;
#2443 = CARTESIAN_POINT ( 'NONE',  ( 0.000000000000000000, 11.69999973848460151, -0.1499999999999999944 ) ) ;
#2444 = DIRECTION ( 'NONE',  ( 1.000000000000000000, 0.000000000000000000, 0.000000000000000000 ) ) ;
#2445 = ORIENTED_EDGE ( 'NONE', *, *, #2134, .F. ) ;
#2446 = AXIS2_PLACEMENT_3D ( 'NONE', #1612, #641, #1834 ) ;
#2447 = DIRECTION ( 'NONE',  ( -1.000000000000000000, 0.000000000000000000, 0.000000000000000000 ) ) ;
#2448 = EDGE_CURVE ( 'NONE', #910, #1584, #1212, .T. ) ;
#2449 = ORIENTED_EDGE ( 'NONE', *, *, #88, .T. ) ;
#2450 = DIRECTION ( 'NONE',  ( -1.000000000000000000, -1.301042606982599897E-16, 0.000000000000000000 ) ) ;
#2451 = LINE ( 'NONE', #1093, #1680 ) ;
#2452 = PLANE ( 'NONE',  #1517 ) ;
#2453 = LINE ( 'NONE', #2301, #1797 ) ;
#2454 = VECTOR ( 'NONE', #1402, 1000.000000000000000 ) ;
#2455 = EDGE_LOOP ( 'NONE', ( #61, #1634, #1414, #2409 ) ) ;
#2456 = PLANE ( 'NONE',  #2469 ) ;
#2457 = ORIENTED_EDGE ( 'NONE', *, *, #330, .T. ) ;
#2458 = EDGE_CURVE ( 'NONE', #2319, #620, #237, .T. ) ;
#2459 = ORIENTED_EDGE ( 'NONE', *, *, #470, .F. ) ;
#2460 = VECTOR ( 'NONE', #2073, 1000.000000000000000 ) ;
#2461 = DIRECTION ( 'NONE',  ( -1.000000000000000000, 0.000000000000000000, 0.000000000000000000 ) ) ;
#2462 = CARTESIAN_POINT ( 'NONE',  ( 3.559999999999999609, 1.387778780781450113E-16, 6.700000000000000178 ) ) ;
#2463 = DIRECTION ( 'NONE',  ( 0.000000000000000000, 0.000000000000000000, -1.000000000000000000 ) ) ;
#2464 = ADVANCED_FACE ( 'NONE', ( #1406 ), #280, .T. ) ;
#2465 = DIRECTION ( 'NONE',  ( 0.7071067811865480168, 0.7071067811865470176, 0.000000000000000000 ) ) ;
#2466 = ORIENTED_EDGE ( 'NONE', *, *, #2232, .F. ) ;
#2467 = CARTESIAN_POINT ( 'NONE',  ( 5.429999999999999716, 0.1999999977648259930, -1.199999999999999956 ) ) ;
#2468 = ORIENTED_EDGE ( 'NONE', *, *, #1852, .F. ) ;
#2469 = AXIS2_PLACEMENT_3D ( 'NONE', #1643, #1486, #706 ) ;
#2470 = DIRECTION ( 'NONE',  ( -1.000000000000000000, 0.000000000000000000, 0.000000000000000000 ) ) ;
#2471 = ORIENTED_EDGE ( 'NONE', *, *, #1512, .T. ) ;
#2472 = AXIS2_PLACEMENT_3D ( 'NONE', #1424, #2352, #2367 ) ;
#2473 = ADVANCED_FACE ( 'NONE', ( #422 ), #1224, .F. ) ;
#2474 = ORIENTED_EDGE ( 'NONE', *, *, #922, .T. ) ;
#2475 = DIRECTION ( 'NONE',  ( 1.000000000000000000, -0.000000000000000000, -0.000000000000000000 ) ) ;
#2476 = LINE ( 'NONE', #702, #1477 ) ;
#2477 = CARTESIAN_POINT ( 'NONE',  ( 1.529999999999999805, 1.100000000000000089, 6.700000000000000178 ) ) ;
#2478 = EDGE_CURVE ( 'NONE', #1457, #100, #2376, .T. ) ;
#2479 = ORIENTED_EDGE ( 'NONE', *, *, #88, .F. ) ;
#2480 = ORIENTED_EDGE ( 'NONE', *, *, #1885, .T. ) ;
#2481 = LINE ( 'NONE', #1509, #2234 ) ;
#2482 = ORIENTED_EDGE ( 'NONE', *, *, #551, .T. ) ;
#2483 = EDGE_CURVE ( 'NONE', #1578, #1731, #2404, .T. ) ;
#2484 = LINE ( 'NONE', #2280, #708 ) ;
#2485 = VECTOR ( 'NONE', #2249, 1000.000000000000000 ) ;
#2486 = EDGE_LOOP ( 'NONE', ( #1003, #1485, #1484, #483, #1898, #2037, #1165, #1659, #1031, #1519, #413, #2268, #41, #2075, #1112, #1234, #671, #1079, #1236, #592, #1592, #1062, #1409, #89 ) ) ;
#2487 = VECTOR ( 'NONE', #1736, 1000.000000000000000 ) ;
#2488 = ORIENTED_EDGE ( 'NONE', *, *, #2101, .F. ) ;
#2489 = LINE ( 'NONE', #124, #1754 ) ;
#2490 = LINE ( 'NONE', #1516, #1853 ) ;
#2491 = CARTESIAN_POINT ( 'NONE',  ( -0.3699999999999999956, 0.8000000000000000444, 0.000000000000000000 ) ) ;
#2492 = CARTESIAN_POINT ( 'NONE',  ( 0.9799999999999999822, 10.55000000000000071, 2.075000000000000178 ) ) ;
#2493 = DIRECTION ( 'NONE',  ( 0.5773502691896250649, 0.5773502691896260641, -0.5773502691896260641 ) ) ;
#2494 = ORIENTED_EDGE ( 'NONE', *, *, #1540, .T. ) ;
#2495 = AXIS2_PLACEMENT_3D ( 'NONE', #619, #1801, #45 ) ;
#2496 = CARTESIAN_POINT ( 'NONE',  ( 0.03000000000000100156, 0.2000000000000000389, 2.799999999999999822 ) ) ;
#2497 = VECTOR ( 'NONE', #945, 1000.000000000000000 ) ;
#2498 = EDGE_CURVE ( 'NONE', #1076, #1270, #265, .T. ) ;
#2499 = ORIENTED_EDGE ( 'NONE', *, *, #2213, .F. ) ;
#2500 = DIRECTION ( 'NONE',  ( 0.000000000000000000, 0.000000000000000000, 1.000000000000000000 ) ) ;
#2501 = CARTESIAN_POINT ( 'NONE',  ( 1.530000120168550026, 3.200000000000000178, -2.682209010451689997E-08 ) ) ;
#2502 = VECTOR ( 'NONE', #1770, 1000.000000000000000 ) ;
#2503 = EDGE_CURVE ( 'NONE', #287, #2252, #1623, .T. ) ;
#2504 = LINE ( 'NONE', #555, #948 ) ;
#2505 = LINE ( 'NONE', #2337, #1264 ) ;
#2506 = ADVANCED_FACE ( 'NONE', ( #2169 ), #840, .T. ) ;
#2507 = FACE_OUTER_BOUND ( 'NONE', #366, .T. ) ;
#2508 = ORIENTED_EDGE ( 'NONE', *, *, #2424, .F. ) ;
#2509 = ORIENTED_EDGE ( 'NONE', *, *, #1864, .T. ) ;
#2510 = DIRECTION ( 'NONE',  ( -7.930164461608259453E-16, 0.000000000000000000, 1.000000000000000000 ) ) ;
#2511 = EDGE_CURVE ( 'NONE', #1972, #195, #622, .T. ) ;
#2512 = ORIENTED_EDGE ( 'NONE', *, *, #493, .F. ) ;
#2513 = CARTESIAN_POINT ( 'NONE',  ( 3.530000120168550026, 3.200000000000000178, 1.199999973177910073 ) ) ;
#2514 = CARTESIAN_POINT ( 'NONE',  ( 1.265000000000000124, 9.199999738484619272, 0.000000000000000000 ) ) ;
#2515 = CARTESIAN_POINT ( 'NONE',  ( 3.930000000000000160, 10.40000000000000036, 2.799999999999999822 ) ) ;
#2516 = LINE ( 'NONE', #753, #1057 ) ;
#2517 = PLANE ( 'NONE',  #1122 ) ;
#2518 = ORIENTED_EDGE ( 'NONE', *, *, #1174, .F. ) ;
#2519 = CARTESIAN_POINT ( 'NONE',  ( 5.429999999999999716, 2.400000000000000355, 1.399999999999999911 ) ) ;
#2520 = ORIENTED_EDGE ( 'NONE', *, *, #1695, .T. ) ;
#2521 = EDGE_CURVE ( 'NONE', #1773, #100, #1805, .T. ) ;
#2522 = ORIENTED_EDGE ( 'NONE', *, *, #1296, .F. ) ;
#2523 = FACE_BOUND ( 'NONE', #1454, .T. ) ;
#2524 = DIRECTION ( 'NONE',  ( 1.000000000000000000, 0.000000000000000000, 0.000000000000000000 ) ) ;
#2525 = VECTOR ( 'NONE', #1422, 1000.000000000000000 ) ;
#2526 = CARTESIAN_POINT ( 'NONE',  ( 4.479999999999999538, 10.69999999999999929, 2.250000000000000000 ) ) ;
#2527 = LINE ( 'NONE', #2146, #1545 ) ;
#2528 = EDGE_CURVE ( 'NONE', #2072, #391, #1432, .T. ) ;
#2529 = AXIS2_PLACEMENT_3D ( 'NONE', #2184, #1196, #2428 ) ;
#2530 = CARTESIAN_POINT ( 'NONE',  ( 3.930000000000000160, 10.40000000000000036, 1.699999999999999956 ) ) ;
ENDSEC;
END-ISO-10303-21;
