ISO-10303-21;
HEADER;
FILE_DESCRIPTION (( 'STEP AP214' ),
    '1' );
FILE_NAME ('MJGB37-520.STEP',
    '2026-04-30T23:21:52',
    ( '' ),
    ( '' ),
    'SwSTEP 2.0',
    'SolidWorks 2024',
    '' );
FILE_SCHEMA (( 'AUTOMOTIVE_DESIGN' ));
ENDSEC;

DATA;
#1 = CYLINDRICAL_SURFACE ( 'NONE', #4958, 5.400000000000000355 ) ;
#2 = CIRCLE ( 'NONE', #6195, 16.00000000000000000 ) ;
#3 = CARTESIAN_POINT ( 'NONE',  ( -1.500000000000000222, 0.2500000000000000000, -4.249999999999998224 ) ) ;
#4 = EDGE_CURVE ( 'NONE', #7093, #1558, #3985, .T. ) ;
#5 = AXIS2_PLACEMENT_3D ( 'NONE', #4189, #1819, #7870 ) ;
#6 = AXIS2_PLACEMENT_3D ( 'NONE', #1612, #5305, #1070 ) ;
#7 = DIRECTION ( 'NONE',  ( 1.000000000000000000, 0.000000000000000000, 0.000000000000000000 ) ) ;
#8 = VERTEX_POINT ( 'NONE', #1504 ) ;
#9 = ORIENTED_EDGE ( 'NONE', *, *, #4848, .F. ) ;
#10 = CARTESIAN_POINT ( 'NONE',  ( -12.63918572269500551, -9.810758597948616710, 0.000000000000000000 ) ) ;
#11 = DIRECTION ( 'NONE',  ( -0.000000000000000000, -0.000000000000000000, 1.000000000000000000 ) ) ;
#12 = CARTESIAN_POINT ( 'NONE',  ( 1.499999999999999778, -13.10000000000000142, 2.499999999999999556 ) ) ;
#13 = EDGE_CURVE ( 'NONE', #3821, #4457, #5094, .T. ) ;
#14 =( LENGTH_UNIT ( ) NAMED_UNIT ( * ) SI_UNIT ( .MILLI., .METRE. ) );
#15 = CYLINDRICAL_SURFACE ( 'NONE', #5864, 1.449999999999999956 ) ;
#16 = EDGE_LOOP ( 'NONE', ( #2690, #4756, #6207, #6966 ) ) ;
#17 = DIRECTION ( 'NONE',  ( 0.000000000000000000, 0.000000000000000000, -1.000000000000000000 ) ) ;
#18 = CARTESIAN_POINT ( 'NONE',  ( 9.014821152033933416, 7.784464352542292964, -0.02541670795297428648 ) ) ;
#19 = FACE_OUTER_BOUND ( 'NONE', #4801, .T. ) ;
#20 =( BOUNDED_CURVE ( )  B_SPLINE_CURVE ( 3, ( #355, #5268, #2816, #7735 ),
 .UNSPECIFIED., .F., .F. ) 
 B_SPLINE_CURVE_WITH_KNOTS ( ( 4, 4 ),
 ( 1.745832699634114027, 4.537352607545471983 ),
 .UNSPECIFIED. ) 
 CURVE ( )  GEOMETRIC_REPRESENTATION_ITEM ( )  RATIONAL_B_SPLINE_CURVE ( ( 1.000000000000000000, 0.4494293031856599896, 0.4494293031856599896, 1.000000000000000000 ) ) 
 REPRESENTATION_ITEM ( '' )  );
#21 = DIRECTION ( 'NONE',  ( -0.000000000000000000, -0.000000000000000000, 1.000000000000000000 ) ) ;
#22 = EDGE_CURVE ( 'NONE', #4045, #5519, #750, .T. ) ;
#23 = APPLICATION_CONTEXT ( 'automotive_design' ) ;
#24 = ADVANCED_FACE ( 'NONE', ( #1944, #7517 ), #1337, .T. ) ;
#25 = CARTESIAN_POINT ( 'NONE',  ( -1.500000000000000222, 0.2500000000000000000, -4.249999999999998224 ) ) ;
#26 = FACE_OUTER_BOUND ( 'NONE', #2587, .T. ) ;
#27 = ORIENTED_EDGE ( 'NONE', *, *, #684, .T. ) ;
#28 = VERTEX_POINT ( 'NONE', #2033 ) ;
#29 = FACE_OUTER_BOUND ( 'NONE', #6103, .T. ) ;
#30 = VERTEX_POINT ( 'NONE', #5137 ) ;
#31 = ADVANCED_FACE ( 'NONE', ( #2592 ), #5171, .F. ) ;
#32 = PRODUCT_DEFINITION_FORMATION_WITH_SPECIFIED_SOURCE ( 'ANY', '', #5207, .NOT_KNOWN. ) ;
#33 = CARTESIAN_POINT ( 'NONE',  ( 8.967734199595460254, 7.841533507108630729, 0.000000000000000000 ) ) ;
#34 = DIRECTION ( 'NONE',  ( 1.000000000000000000, 0.000000000000000000, 0.000000000000000000 ) ) ;
#35 = ORIENTED_EDGE ( 'NONE', *, *, #856, .F. ) ;
#36 = CARTESIAN_POINT ( 'NONE',  ( 12.07002075382098027, 0.000000000000000000, -0.1000000000000000472 ) ) ;
#37 = AXIS2_PLACEMENT_3D ( 'NONE', #25, #7928, #1838 ) ;
#38 = PRODUCT_DEFINITION_CONTEXT ( 'detailed design', #2480, 'design' ) ;
#39 = DIRECTION ( 'NONE',  ( 0.000000000000000000, -0.8660254037844380415, 0.5000000000000009992 ) ) ;
#40 = ORIENTED_EDGE ( 'NONE', *, *, #2141, .F. ) ;
#41 = ORIENTED_EDGE ( 'NONE', *, *, #6176, .T. ) ;
#42 = LINE ( 'NONE', #4306, #202 ) ;
#43 = PLANE ( 'NONE',  #1904 ) ;
#44 = AXIS2_PLACEMENT_3D ( 'NONE', #2959, #6413, #5230 ) ;
#45 = CIRCLE ( 'NONE', #4544, 6.000000000000000888 ) ;
#46 = LINE ( 'NONE', #2497, #4894 ) ;
#47 = ORIENTED_EDGE ( 'NONE', *, *, #6109, .F. ) ;
#48 = ADVANCED_FACE ( 'NONE', ( #1465 ), #3879, .F. ) ;
#49 = ORIENTED_EDGE ( 'NONE', *, *, #4433, .T. ) ;
#50 = CARTESIAN_POINT ( 'NONE',  ( 0.7999999999999998224, -3.250000000000000444, 6.415063509461103486 ) ) ;
#51 = ADVANCED_FACE ( 'NONE', ( #185 ), #4486, .T. ) ;
#52 = VECTOR ( 'NONE', #3110, 1000.000000000000114 ) ;
#53 = AXIS2_PLACEMENT_3D ( 'NONE', #2814, #7811, #5694 ) ;
#54 = LINE ( 'NONE', #2627, #232 ) ;
#55 = DIRECTION ( 'NONE',  ( 1.000000000000000000, 0.000000000000000000, 0.000000000000000000 ) ) ;
#56 =( NAMED_UNIT ( * ) PLANE_ANGLE_UNIT ( ) SI_UNIT ( $, .RADIAN. ) );
#57 = B_SPLINE_CURVE_WITH_KNOTS ( 'NONE', 3,
 ( #5203, #7145, #2189, #4644, #1668, #6618, #7677, #2752, #4115, #7073, #7795, #297, #378, #7755, #4727, #7108, #6585, #3506, #975, #7189, #6466, #5985, #452, #4765, #5871, #1012, #333, #1586, #3389, #3429, #2794 ),
 .UNSPECIFIED., .F., .F.,
 ( 4, 3, 3, 3, 3, 3, 3, 3, 3, 3, 4 ),
 ( 0.000000000000000000, 7.818045158676295223E-05, 0.0001234314573315449125, 0.0001548405998470152951, 0.0001702303714803596584, 0.0001776436380670897580, 0.0001930168090095902319, 0.0002004719047368942882, 0.0002265608997018593725, 0.0002745788666555776920, 0.0003540943605705446692 ),
 .UNSPECIFIED. ) ;
#58 = AXIS2_PLACEMENT_3D ( 'NONE', #6421, #3306, #895 ) ;
#59 = CARTESIAN_POINT ( 'NONE',  ( 0.000000000000000000, 0.000000000000000000, -19.50000000000000000 ) ) ;
#60 = EDGE_LOOP ( 'NONE', ( #2455, #4109 ) ) ;
#61 = EDGE_LOOP ( 'NONE', ( #7371, #3456, #6065, #6609 ) ) ;
#62 = CARTESIAN_POINT ( 'NONE',  ( 1.380817672985122035, 0.1007578817157856327, 0.1007578817157860213 ) ) ;
#63 = DIRECTION ( 'NONE',  ( 0.8660254037844377084, 0.5000000000000017764, -0.000000000000000000 ) ) ;
#64 = EDGE_CURVE ( 'NONE', #5326, #5561, #6117, .T. ) ;
#65 = DIRECTION ( 'NONE',  ( -1.000000000000000000, -0.000000000000000000, -0.000000000000000000 ) ) ;
#66 = DIRECTION ( 'NONE',  ( 0.000000000000000000, 0.000000000000000000, 1.000000000000000000 ) ) ;
#67 = DIRECTION ( 'NONE',  ( -0.000000000000000000, -0.000000000000000000, -1.000000000000000000 ) ) ;
#68 = LINE ( 'NONE', #1179, #1888 ) ;
#69 = PRESENTATION_LAYER_ASSIGNMENT (  '', '', ( #3530 ) ) ;
#70 = VERTEX_POINT ( 'NONE', #2105 ) ;
#71 =( NAMED_UNIT ( * ) SI_UNIT ( $, .STERADIAN. ) SOLID_ANGLE_UNIT ( ) );
#72 = ORIENTED_EDGE ( 'NONE', *, *, #1025, .F. ) ;
#73 = CARTESIAN_POINT ( 'NONE',  ( 3.191745543516253392, -0.08185669346382391798, -2.858011176883249371E-16 ) ) ;
#74 = ADVANCED_FACE ( 'NONE', ( #4562 ), #6191, .F. ) ;
#75 = VERTEX_POINT ( 'NONE', #2146 ) ;
#76 = VECTOR ( 'NONE', #1397, 1000.000000000000114 ) ;
#77 = CARTESIAN_POINT ( 'NONE',  ( -11.56600901191282738, 1.416427591534848466E-15, -0.9000000000000000222 ) ) ;
#78 = FACE_OUTER_BOUND ( 'NONE', #2037, .T. ) ;
#79 = CIRCLE ( 'NONE', #4705, 0.7500000000000002220 ) ;
#80 = LINE ( 'NONE', #7330, #5727 ) ;
#81 = EDGE_LOOP ( 'NONE', ( #7560, #6531, #4742, #3430 ) ) ;
#82 = DIRECTION ( 'NONE',  ( 1.000000000000000000, 0.000000000000000000, 0.000000000000000000 ) ) ;
#83 = EDGE_LOOP ( 'NONE', ( #7827, #5874, #5471, #1392 ) ) ;
#84 = ORIENTED_EDGE ( 'NONE', *, *, #3710, .T. ) ;
#85 = AXIS2_PLACEMENT_3D ( 'NONE', #4798, #1311, #4147 ) ;
#86 = DIRECTION ( 'NONE',  ( 0.000000000000000000, 0.000000000000000000, 1.000000000000000000 ) ) ;
#87 = CARTESIAN_POINT ( 'NONE',  ( -1.702988244406250833E-16, -2.249166975080231445, 5.548557158514992871 ) ) ;
#88 = CIRCLE ( 'NONE', #5232, 3.000000000000000444 ) ;
#89 = CARTESIAN_POINT ( 'NONE',  ( 13.42339375865887163, 7.749999999999872990, 0.000000000000000000 ) ) ;
#90 = ORIENTED_EDGE ( 'NONE', *, *, #7761, .F. ) ;
#91 = EDGE_LOOP ( 'NONE', ( #3499, #349, #5430, #4563, #1001, #7749, #1762, #623 ) ) ;
#92 = CARTESIAN_POINT ( 'NONE',  ( -6.500000000000066613, 13.42339375865876505, 0.000000000000000000 ) ) ;
#93 = VECTOR ( 'NONE', #1638, 1000.000000000000000 ) ;
#94 = VECTOR ( 'NONE', #5825, 1000.000000000000000 ) ;
#95 = CARTESIAN_POINT ( 'NONE',  ( 9.363970234266195902, 7.000000000000000888, -1.000000000000000000 ) ) ;
#96 = CIRCLE ( 'NONE', #7823, 16.00000000000000000 ) ;
#97 = DIRECTION ( 'NONE',  ( 0.000000000000000000, 0.000000000000000000, 1.000000000000000000 ) ) ;
#98 = ADVANCED_FACE ( 'NONE', ( #4032 ), #937, .F. ) ;
#99 = CIRCLE ( 'NONE', #5235, 1.024999999999999911 ) ;
#100 = ADVANCED_FACE ( 'NONE', ( #5288 ), #2834, .T. ) ;
#101 = AXIS2_PLACEMENT_3D ( 'NONE', #854, #3264, #6945 ) ;
#102 = AXIS2_PLACEMENT_3D ( 'NONE', #7348, #4193, #7874 ) ;
#103 = DIRECTION ( 'NONE',  ( 1.000000000000000000, 0.000000000000000000, 0.000000000000000000 ) ) ;
#104 = ORIENTED_EDGE ( 'NONE', *, *, #6564, .T. ) ;
#105 = VECTOR ( 'NONE', #7636, 1000.000000000000114 ) ;
#106 = ORIENTED_EDGE ( 'NONE', *, *, #758, .T. ) ;
#107 = LINE ( 'NONE', #4813, #4079 ) ;
#108 = CYLINDRICAL_SURFACE ( 'NONE', #3316, 2.099999999999999645 ) ;
#109 = CYLINDRICAL_SURFACE ( 'NONE', #3443, 3.000000000000000444 ) ;
#110 = AXIS2_PLACEMENT_3D ( 'NONE', #2756, #7110, #2262 ) ;
#111 = FACE_OUTER_BOUND ( 'NONE', #1831, .T. ) ;
#112 = AXIS2_PLACEMENT_3D ( 'NONE', #6992, #5133, #3312 ) ;
#113 = CARTESIAN_POINT ( 'NONE',  ( 0.7175492437359581865, 0.1269522632718945443, 4.677709355101868915 ) ) ;
#114 = EDGE_CURVE ( 'NONE', #3250, #1743, #5366, .T. ) ;
#115 = CARTESIAN_POINT ( 'NONE',  ( 7.321067811865490604, 5.621067811865462005, -3.000000000000000000 ) ) ;
#116 = ORIENTED_EDGE ( 'NONE', *, *, #5942, .F. ) ;
#117 = VERTEX_POINT ( 'NONE', #1701 ) ;
#118 = DIRECTION ( 'NONE',  ( 1.000000000000000000, -0.000000000000000000, 0.000000000000000000 ) ) ;
#119 = ORIENTED_EDGE ( 'NONE', *, *, #3608, .T. ) ;
#120 = CARTESIAN_POINT ( 'NONE',  ( 0.1183307166263548732, -0.8314443141724191522, -0.2280674907603675861 ) ) ;
#121 = DIRECTION ( 'NONE',  ( 0.000000000000000000, 0.000000000000000000, -1.000000000000000000 ) ) ;
#122 = EDGE_CURVE ( 'NONE', #5036, #1439, #2867, .T. ) ;
#123 = LINE ( 'NONE', #675, #7260 ) ;
#124 = ORIENTED_EDGE ( 'NONE', *, *, #1167, .T. ) ;
#125 = CARTESIAN_POINT ( 'NONE',  ( 1.500000000000000666, -2.768782217350890029, 5.848557158514991805 ) ) ;
#126 = DIRECTION ( 'NONE',  ( 1.000000000000000000, 0.000000000000000000, 0.000000000000000000 ) ) ;
#127 = VERTEX_POINT ( 'NONE', #6508 ) ;
#128 = ORIENTED_EDGE ( 'NONE', *, *, #6341, .F. ) ;
#129 = ORIENTED_EDGE ( 'NONE', *, *, #1161, .F. ) ;
#130 = DIRECTION ( 'NONE',  ( 0.7071067811865456854, -0.6123724356957956916, 0.3535533905932753962 ) ) ;
#131 = LINE ( 'NONE', #2582, #1652 ) ;
#132 = EDGE_CURVE ( 'NONE', #5561, #3268, #57, .T. ) ;
#133 = EDGE_CURVE ( 'NONE', #799, #6474, #5254, .T. ) ;
#134 = DIRECTION ( 'NONE',  ( -0.000000000000000000, -0.000000000000000000, 1.000000000000000000 ) ) ;
#135 = CYLINDRICAL_SURFACE ( 'NONE', #1031, 1.249999999999997558 ) ;
#136 = VERTEX_POINT ( 'NONE', #5947 ) ;
#137 = ORIENTED_EDGE ( 'NONE', *, *, #4911, .T. ) ;
#138 = COLOUR_RGB ( '',0.7921568627450980005, 0.8196078431372548767, 0.9333333333333333481 ) ;
#139 = CARTESIAN_POINT ( 'NONE',  ( 7.071067811865489716, 7.071067811865461294, -2.500000000000000000 ) ) ;
#140 = DIRECTION ( 'NONE',  ( -0.6435106693591450266, -0.7654371420442994678, 0.000000000000000000 ) ) ;
#141 = APPLICATION_PROTOCOL_DEFINITION ( 'draft international standard', 'automotive_design', 1998, #7601 ) ;
#142 = AXIS2_PLACEMENT_3D ( 'NONE', #5520, #6812, #1174 ) ;
#143 = DIRECTION ( 'NONE',  ( 1.000000000000000000, 0.000000000000000000, -0.000000000000000000 ) ) ;
#144 = VERTEX_POINT ( 'NONE', #2907 ) ;
#145 = DIRECTION ( 'NONE',  ( 0.000000000000000000, 0.000000000000000000, 1.000000000000000000 ) ) ;
#146 = CARTESIAN_POINT ( 'NONE',  ( 1.025000000000001910, -15.50000000000000000, 1.734723475976807094E-15 ) ) ;
#147 = DIRECTION ( 'NONE',  ( 1.000000000000000000, 0.000000000000000000, 0.000000000000000000 ) ) ;
#148 = ADVANCED_FACE ( 'NONE', ( #5913 ), #7836, .F. ) ;
#149 = EDGE_CURVE ( 'NONE', #3875, #4788, #1201, .T. ) ;
#150 = CARTESIAN_POINT ( 'NONE',  ( -0.7500000000000000000, -0.1250000000000005551, 4.899519052838331667 ) ) ;
#151 = CARTESIAN_POINT ( 'NONE',  ( -12.99544838427358506, 10.16702125952735258, 0.000000000000000000 ) ) ;
#152 = CARTESIAN_POINT ( 'NONE',  ( 0.000000000000000000, 0.000000000000000000, -1.000000000000000000 ) ) ;
#153 = VERTEX_POINT ( 'NONE', #3023 ) ;
#154 = DIRECTION ( 'NONE',  ( -1.000000000000000000, 0.000000000000000000, 0.000000000000000000 ) ) ;
#155 = EDGE_LOOP ( 'NONE', ( #2562, #593, #2535, #9 ) ) ;
#156 = DIRECTION ( 'NONE',  ( 1.000000000000000000, 0.000000000000000000, 0.000000000000000000 ) ) ;
#157 = EDGE_CURVE ( 'NONE', #2010, #7837, #7607, .T. ) ;
#158 = ORIENTED_EDGE ( 'NONE', *, *, #6120, .F. ) ;
#159 = ADVANCED_FACE ( 'NONE', ( #1901 ), #1782, .T. ) ;
#160 = DIRECTION ( 'NONE',  ( -0.000000000000000000, -0.000000000000000000, 1.000000000000000000 ) ) ;
#161 = CARTESIAN_POINT ( 'NONE',  ( 9.001254125200041756, 7.639586470505682847, -0.06579798566743193244 ) ) ;
#162 = DIRECTION ( 'NONE',  ( -0.000000000000000000, -0.000000000000000000, -1.000000000000000000 ) ) ;
#163 = EDGE_LOOP ( 'NONE', ( #3486, #6815, #3855, #3742 ) ) ;
#164 = CARTESIAN_POINT ( 'NONE',  ( 8.929979246179014396, 7.000000000000000000, 0.000000000000000000 ) ) ;
#165 = LINE ( 'NONE', #6218, #3468 ) ;
#166 = VERTEX_POINT ( 'NONE', #3066 ) ;
#167 = ORIENTED_EDGE ( 'NONE', *, *, #3844, .F. ) ;
#168 = EDGE_CURVE ( 'NONE', #445, #7138, #7381, .T. ) ;
#169 = VERTEX_POINT ( 'NONE', #2372 ) ;
#170 = VECTOR ( 'NONE', #7721, 1000.000000000000000 ) ;
#171 = DIRECTION ( 'NONE',  ( 0.000000000000000000, 0.000000000000000000, 1.000000000000000000 ) ) ;
#172 = PLANE ( 'NONE',  #3440 ) ;
#173 = PRODUCT_DEFINITION_SHAPE ( 'NONE', 'NONE',  #6452 ) ;
#174 = LINE ( 'NONE', #2622, #6124 ) ;
#175 = DIRECTION ( 'NONE',  ( -0.000000000000000000, 0.000000000000000000, 1.000000000000000000 ) ) ;
#176 = VERTEX_POINT ( 'NONE', #2979 ) ;
#177 = ORIENTED_EDGE ( 'NONE', *, *, #7774, .F. ) ;
#178 = EDGE_CURVE ( 'NONE', #4956, #2956, #6827, .T. ) ;
#179 = AXIS2_PLACEMENT_3D ( 'NONE', #1828, #6110, #575 ) ;
#180 = DIRECTION ( 'NONE',  ( 0.000000000000000000, 0.000000000000000000, -1.000000000000000000 ) ) ;
#181 = DIRECTION ( 'NONE',  ( 1.000000000000000000, 0.000000000000000000, 0.000000000000000000 ) ) ;
#182 = DIRECTION ( 'NONE',  ( -1.000000000000000000, 1.110223024625156540E-16, 0.000000000000000000 ) ) ;
#183 =( REPRESENTATION_RELATIONSHIP ('NONE','NONE', #5135, #3170 ) REPRESENTATION_RELATIONSHIP_WITH_TRANSFORMATION ( #5946 )SHAPE_REPRESENTATION_RELATIONSHIP( ) );
#184 = AXIS2_PLACEMENT_3D ( 'NONE', #7805, #7154, #7198 ) ;
#185 = FACE_OUTER_BOUND ( 'NONE', #7707, .T. ) ;
#186 = VERTEX_POINT ( 'NONE', #3104 ) ;
#187 = CYLINDRICAL_SURFACE ( 'NONE', #3557, 2.099999999999999645 ) ;
#188 = FACE_OUTER_BOUND ( 'NONE', #4507, .T. ) ;
#189 = CARTESIAN_POINT ( 'NONE',  ( 11.32339375865887376, 7.749999999999872990, 0.000000000000000000 ) ) ;
#190 = CIRCLE ( 'NONE', #7912, 0.7499999999999996669 ) ;
#191 = DIRECTION ( 'NONE',  ( -1.000000000000000000, -0.000000000000000000, -0.000000000000000000 ) ) ;
#192 = VECTOR ( 'NONE', #65, 1000.000000000000000 ) ;
#193 = DIRECTION ( 'NONE',  ( 1.000000000000000000, 0.000000000000000000, 0.000000000000000000 ) ) ;
#194 = ORIENTED_EDGE ( 'NONE', *, *, #485, .T. ) ;
#195 = DIRECTION ( 'NONE',  ( 0.7071067811865490160, 0.7071067811865460184, 0.000000000000000000 ) ) ;
#196 = VERTEX_POINT ( 'NONE', #2333 ) ;
#197 = DIRECTION ( 'NONE',  ( -1.000000000000000000, 0.000000000000000000, 0.000000000000000000 ) ) ;
#198 = VECTOR ( 'NONE', #1190, 1000.000000000000000 ) ;
#199 = ORIENTED_EDGE ( 'NONE', *, *, #3398, .T. ) ;
#200 = DIRECTION ( 'NONE',  ( -0.000000000000000000, 0.000000000000000000, 1.000000000000000000 ) ) ;
#201 = CARTESIAN_POINT ( 'NONE',  ( 1.499999999999999778, -12.50000000000000000, 2.499999999999999556 ) ) ;
#202 = VECTOR ( 'NONE', #2414, 1000.000000000000000 ) ;
#203 = VECTOR ( 'NONE', #1610, 1000.000000000000000 ) ;
#204 = ADVANCED_FACE ( 'NONE', ( #5484 ), #7856, .T. ) ;
#205 = EDGE_CURVE ( 'NONE', #4334, #6599, #4769, .T. ) ;
#206 = CARTESIAN_POINT ( 'NONE',  ( 13.42339375865887163, 7.749999999999872990, -1.600000000000000089 ) ) ;
#207 = VERTEX_POINT ( 'NONE', #7913 ) ;
#208 = CARTESIAN_POINT ( 'NONE',  ( 0.000000000000000000, 0.000000000000000000, 0.000000000000000000 ) ) ;
#209 = UNCERTAINTY_MEASURE_WITH_UNIT (LENGTH_MEASURE( 1.000000000000000082E-05 ), #4807, 'distance_accuracy_value', 'NONE');
#210 = VERTEX_POINT ( 'NONE', #3545 ) ;
#211 = ORIENTED_EDGE ( 'NONE', *, *, #1960, .F. ) ;
#212 = VECTOR ( 'NONE', #3370, 1000.000000000000000 ) ;
#213 = CIRCLE ( 'NONE', #6133, 16.50000000000000000 ) ;
#214 = CARTESIAN_POINT ( 'NONE',  ( -17.10000000000000142, 1.959434878635765970E-16, 0.000000000000000000 ) ) ;
#215 = EDGE_CURVE ( 'NONE', #1104, #3268, #5410, .T. ) ;
#216 = CARTESIAN_POINT ( 'NONE',  ( 9.185245704532267297, 7.722128032310664913, -3.930232875259953573E-16 ) ) ;
#217 = CARTESIAN_POINT ( 'NONE',  ( 15.50000000000000000, 0.000000000000000000, 0.000000000000000000 ) ) ;
#218 = ORIENTED_EDGE ( 'NONE', *, *, #6766, .T. ) ;
#219 = VERTEX_POINT ( 'NONE', #1740 ) ;
#220 = PLANE ( 'NONE',  #3193 ) ;
#221 = CARTESIAN_POINT ( 'NONE',  ( -9.505764998351658335, 6.752445863986207719, -0.9342020143325696635 ) ) ;
#222 = CIRCLE ( 'NONE', #4838, 16.00000000000000355 ) ;
#223 = EDGE_CURVE ( 'NONE', #5829, #6853, #3585, .T. ) ;
#224 = AXIS2_PLACEMENT_3D ( 'NONE', #1164, #7385, #1823 ) ;
#225 = CARTESIAN_POINT ( 'NONE',  ( -9.408137005633372851, 7.073440638918018664, -0.6421415373588618136 ) ) ;
#226 = VERTEX_POINT ( 'NONE', #5406 ) ;
#227 = CARTESIAN_POINT ( 'NONE',  ( 7.071067811865489716, 7.071067811865461294, -3.000000000000000000 ) ) ;
#228 = CARTESIAN_POINT ( 'NONE',  ( 0.000000000000000000, 0.000000000000000000, -3.000000000000000000 ) ) ;
#229 = CARTESIAN_POINT ( 'NONE',  ( 9.335235707365546531, 6.701034901301980540, -0.9342020143325681092 ) ) ;
#230 = VECTOR ( 'NONE', #1477, 1000.000000000000000 ) ;
#231 = DIRECTION ( 'NONE',  ( -0.000000000000000000, -0.000000000000000000, -1.000000000000000000 ) ) ;
#232 = VECTOR ( 'NONE', #6951, 1000.000000000000000 ) ;
#233 = FACE_OUTER_BOUND ( 'NONE', #1191, .T. ) ;
#234 = EDGE_LOOP ( 'NONE', ( #2649, #5316, #508 ) ) ;
#235 = CARTESIAN_POINT ( 'NONE',  ( 3.810511776651527960, 2.200000000000005063, -3.000000000000000000 ) ) ;
#236 = AXIS2_PLACEMENT_3D ( 'NONE', #7757, #2224, #1742 ) ;
#237 = EDGE_LOOP ( 'NONE', ( #3500, #6048, #2252, #3454 ) ) ;
#238 = LINE ( 'NONE', #2691, #230 ) ;
#239 = CIRCLE ( 'NONE', #4729, 0.09999999999999939493 ) ;
#240 = AXIS2_PLACEMENT_3D ( 'NONE', #7840, #7231, #1705 ) ;
#241 = LINE ( 'NONE', #7088, #3252 ) ;
#242 = CARTESIAN_POINT ( 'NONE',  ( 1.500000000000000222, 12.50000000000000000, -3.000000000000000000 ) ) ;
#243 = DIRECTION ( 'NONE',  ( 0.000000000000000000, 0.5000000000000009992, 0.8660254037844380415 ) ) ;
#244 = ORIENTED_EDGE ( 'NONE', *, *, #758, .F. ) ;
#245 = DIRECTION ( 'NONE',  ( -0.03200903675266393578, 0.9994875794956967763, -0.000000000000000000 ) ) ;
#246 = CARTESIAN_POINT ( 'NONE',  ( 0.000000000000000000, 0.000000000000000000, 2.500000000000000000 ) ) ;
#247 = EDGE_LOOP ( 'NONE', ( #2918, #1268, #1689, #7725, #5577, #7294, #5438, #1145, #5941, #390, #2063 ) ) ;
#248 = ORIENTED_EDGE ( 'NONE', *, *, #2528, .F. ) ;
#249 = ADVANCED_FACE ( 'NONE', ( #3620 ), #527, .F. ) ;
#250 = DIRECTION ( 'NONE',  ( 1.000000000000000000, 0.000000000000000000, 0.000000000000000000 ) ) ;
#251 = CARTESIAN_POINT ( 'NONE',  ( 2.500000000000000444, 0.2945529765989765014, 21.49999999999999645 ) ) ;
#252 = DIRECTION ( 'NONE',  ( -0.7071067811865457964, -0.6123724356957955806, 0.3535533905932753407 ) ) ;
#253 = DIRECTION ( 'NONE',  ( -1.000000000000000000, 0.000000000000000000, 0.000000000000000000 ) ) ;
#254 = ORIENTED_EDGE ( 'NONE', *, *, #4541, .T. ) ;
#255 = EDGE_CURVE ( 'NONE', #7817, #6432, #2709, .T. ) ;
#256 = CARTESIAN_POINT ( 'NONE',  ( -1.499999999999999334, -0.5000000000000000000, 4.250000000000001776 ) ) ;
#257 = DIRECTION ( 'NONE',  ( 1.000000000000000000, 0.000000000000000000, 0.000000000000000000 ) ) ;
#258 = DIRECTION ( 'NONE',  ( 1.000000000000000000, 0.000000000000000000, 0.000000000000000000 ) ) ;
#259 = DIRECTION ( 'NONE',  ( 1.000000000000000000, 0.000000000000000000, 0.000000000000000000 ) ) ;
#260 = ORIENTED_EDGE ( 'NONE', *, *, #5868, .F. ) ;
#261 = DIRECTION ( 'NONE',  ( 1.000000000000000000, 0.000000000000000000, 0.000000000000000000 ) ) ;
#262 = CARTESIAN_POINT ( 'NONE',  ( 0.7385401540846880941, -0.2500000000000000000, 4.250000000000001776 ) ) ;
#263 = VECTOR ( 'NONE', #4310, 1000.000000000000000 ) ;
#264 = EDGE_CURVE ( 'NONE', #2930, #1822, #3866, .T. ) ;
#265 = DIRECTION ( 'NONE',  ( 0.000000000000000000, 0.000000000000000000, 1.000000000000000000 ) ) ;
#266 = CIRCLE ( 'NONE', #4763, 5.000000000000000000 ) ;
#267 = LINE ( 'NONE', #6963, #5442 ) ;
#268 = DIRECTION ( 'NONE',  ( 0.000000000000000000, 0.000000000000000000, 1.000000000000000000 ) ) ;
#269 = ORIENTED_EDGE ( 'NONE', *, *, #5983, .T. ) ;
#270 = PLANE ( 'NONE',  #1502 ) ;
#271 = ORIENTED_EDGE ( 'NONE', *, *, #2069, .F. ) ;
#272 = DIRECTION ( 'NONE',  ( 0.000000000000000000, -0.8660254037844381525, 0.5000000000000009992 ) ) ;
#273 = CONICAL_SURFACE ( 'NONE', #5162, 9.363970234266195902, 0.3490658503988721129 ) ;
#274 = EDGE_CURVE ( 'NONE', #1861, #5743, #46, .T. ) ;
#275 = CARTESIAN_POINT ( 'NONE',  ( -10.96015510839155915, -8.131727983645202329, 0.000000000000000000 ) ) ;
#276 = FACE_OUTER_BOUND ( 'NONE', #550, .T. ) ;
#277 = B_SPLINE_CURVE_WITH_KNOTS ( 'NONE', 3,
 ( #1601, #391, #7159, #1642, #4093, #6562 ),
 .UNSPECIFIED., .F., .F.,
 ( 4, 2, 4 ),
 ( 0.000000000000000000, 0.0003920442032835528895, 0.0007840884065671057789 ),
 .UNSPECIFIED. ) ;
#278 = CYLINDRICAL_SURFACE ( 'NONE', #323, 3.000000000000000444 ) ;
#279 = ORIENTED_EDGE ( 'NONE', *, *, #149, .T. ) ;
#280 = DIRECTION ( 'NONE',  ( 1.000000000000000000, 0.000000000000000000, 0.000000000000000000 ) ) ;
#281 = CARTESIAN_POINT ( 'NONE',  ( -1.499999999999999778, 13.10000000000000142, 2.499999999999999556 ) ) ;
#282 = ORIENTED_EDGE ( 'NONE', *, *, #5132, .F. ) ;
#283 = VERTEX_POINT ( 'NONE', #1126 ) ;
#284 = ADVANCED_FACE ( 'NONE', ( #7954 ), #6063, .F. ) ;
#285 = CARTESIAN_POINT ( 'NONE',  ( 9.349999999999969447, 13.42339375865881657, 0.000000000000000000 ) ) ;
#286 = DIRECTION ( 'NONE',  ( 1.000000000000000000, 0.000000000000000000, 0.000000000000000000 ) ) ;
#287 = CARTESIAN_POINT ( 'NONE',  ( 9.176637172050012836, 7.830155893481141938, 1.355252715606880543E-17 ) ) ;
#288 = CARTESIAN_POINT ( 'NONE',  ( -12.12339375865876434, 7.750000000000064837, -4.000000000000000000 ) ) ;
#289 = ORIENTED_EDGE ( 'NONE', *, *, #544, .F. ) ;
#290 = EDGE_LOOP ( 'NONE', ( #6157, #7561, #6973, #5346 ) ) ;
#291 = DIRECTION ( 'NONE',  ( -0.000000000000000000, -0.000000000000000000, -1.000000000000000000 ) ) ;
#292 = CARTESIAN_POINT ( 'NONE',  ( -25.39999999999996305, 1.224646799147353207E-16, -1.000000000000000000 ) ) ;
#293 = ORIENTED_EDGE ( 'NONE', *, *, #3398, .F. ) ;
#294 = CARTESIAN_POINT ( 'NONE',  ( -13.42339375865875795, 7.750000000000062172, -1.734723475976807094E-15 ) ) ;
#295 = ADVANCED_FACE ( 'NONE', ( #567 ), #1418, .T. ) ;
#296 = EDGE_CURVE ( 'NONE', #2980, #196, #4882, .T. ) ;
#297 = CARTESIAN_POINT ( 'NONE',  ( -9.044904887390501358, 7.801281257769150379, -0.02417396301123585223 ) ) ;
#298 = EDGE_LOOP ( 'NONE', ( #6286, #6271 ) ) ;
#299 = CARTESIAN_POINT ( 'NONE',  ( 0.1183307166263557336, -0.2280674907603640056, -0.8314443141724191522 ) ) ;
#300 = SPHERICAL_SURFACE ( 'NONE', #3695, 3.199999999999999734 ) ;
#301 = AXIS2_PLACEMENT_3D ( 'NONE', #7654, #2122, #3254 ) ;
#302 = CARTESIAN_POINT ( 'NONE',  ( -13.42339375865876328, 7.750000000000064837, 0.000000000000000000 ) ) ;
#303 = FACE_OUTER_BOUND ( 'NONE', #2445, .T. ) ;
#304 = ADVANCED_FACE ( 'NONE', ( #7507 ), #3873, .T. ) ;
#305 = DIRECTION ( 'NONE',  ( 0.7071067811865483499, -0.7071067811865465735, 0.000000000000000000 ) ) ;
#306 = CARTESIAN_POINT ( 'NONE',  ( 1.500000000000000222, 13.10000000000000142, 2.499999999999999556 ) ) ;
#307 = ORIENTED_EDGE ( 'NONE', *, *, #3541, .T. ) ;
#308 = DIRECTION ( 'NONE',  ( 0.000000000000000000, 0.000000000000000000, 1.000000000000000000 ) ) ;
#309 = VERTEX_POINT ( 'NONE', #1976 ) ;
#310 = DIRECTION ( 'NONE',  ( 1.000000000000000000, 0.000000000000000000, 0.000000000000000000 ) ) ;
#311 = AXIS2_PLACEMENT_3D ( 'NONE', #2231, #1596, #4041 ) ;
#312 = AXIS2_PLACEMENT_3D ( 'NONE', #4659, #7087, #3450 ) ;
#313 = CARTESIAN_POINT ( 'NONE',  ( -12.99544838427365434, -10.16702125952725844, 0.000000000000000000 ) ) ;
#314 = LINE ( 'NONE', #3896, #545 ) ;
#315 = CARTESIAN_POINT ( 'NONE',  ( -9.272826291622887851, 6.900624045373648485, -0.7495840756678788797 ) ) ;
#316 = EDGE_CURVE ( 'NONE', #5045, #6509, #5936, .T. ) ;
#317 = VECTOR ( 'NONE', #6379, 1000.000000000000114 ) ;
#318 = DIRECTION ( 'NONE',  ( 0.000000000000000000, 0.000000000000000000, 1.000000000000000000 ) ) ;
#319 = ORIENTED_EDGE ( 'NONE', *, *, #7906, .F. ) ;
#320 = DIRECTION ( 'NONE',  ( 1.000000000000000000, 0.000000000000000000, -0.000000000000000000 ) ) ;
#321 = LINE ( 'NONE', #2922, #5575 ) ;
#322 = ORIENTED_EDGE ( 'NONE', *, *, #5672, .T. ) ;
#323 = AXIS2_PLACEMENT_3D ( 'NONE', #2124, #3371, #3898 ) ;
#324 = DIRECTION ( 'NONE',  ( -0.1003315022614172242, 0.9949540640923918433, 3.504040578453097341E-15 ) ) ;
#325 = CARTESIAN_POINT ( 'NONE',  ( 12.63918572269493801, -9.810758597948707305, -3.000000000000000000 ) ) ;
#326 = VECTOR ( 'NONE', #5657, 1000.000000000000114 ) ;
#327 = DIRECTION ( 'NONE',  ( 1.000000000000000000, 0.000000000000000000, 0.000000000000000000 ) ) ;
#328 = ORIENTED_EDGE ( 'NONE', *, *, #836, .F. ) ;
#329 = VERTEX_POINT ( 'NONE', #858 ) ;
#330 = DIRECTION ( 'NONE',  ( 0.000000000000000000, 0.000000000000000000, 1.000000000000000000 ) ) ;
#331 = CARTESIAN_POINT ( 'NONE',  ( 6.821067811865489716, 8.499353497574031024, -3.000000000000000000 ) ) ;
#332 = CONTEXT_DEPENDENT_SHAPE_REPRESENTATION ( #2750, #2636 ) ;
#333 = CARTESIAN_POINT ( 'NONE',  ( -8.995445687923220746, 7.731016799323507271, -0.03855059251583765195 ) ) ;
#334 = B_SPLINE_CURVE_WITH_KNOTS ( 'NONE', 3,
 ( #4003, #4452, #4612, #5099, #7038, #3360 ),
 .UNSPECIFIED., .F., .F.,
 ( 4, 2, 4 ),
 ( 4.336808689942017736E-19, 0.0003920442032835521305, 0.0007840884065671038274 ),
 .UNSPECIFIED. ) ;
#335 = VERTEX_POINT ( 'NONE', #6901 ) ;
#336 = DIRECTION ( 'NONE',  ( 1.000000000000000000, 0.000000000000000000, 0.000000000000000000 ) ) ;
#337 = EDGE_LOOP ( 'NONE', ( #4706, #2064, #7529, #167 ) ) ;
#338 = CARTESIAN_POINT ( 'NONE',  ( -4.676537180435966334, 2.700000000000007727, 2.499999999999999556 ) ) ;
#339 = ADVANCED_FACE ( 'NONE', ( #4436 ), #135, .F. ) ;
#340 = VECTOR ( 'NONE', #3351, 1000.000000000000000 ) ;
#341 = EDGE_CURVE ( 'NONE', #6451, #1297, #5539, .T. ) ;
#342 = AXIS2_PLACEMENT_3D ( 'NONE', #7263, #4885, #7427 ) ;
#343 = ORIENTED_EDGE ( 'NONE', *, *, #1739, .T. ) ;
#344 = CARTESIAN_POINT ( 'NONE',  ( 2.099999999999998312, -15.50000000000000000, 0.000000000000000000 ) ) ;
#345 = CYLINDRICAL_SURFACE ( 'NONE', #5360, 0.7999999999999931610 ) ;
#346 = EDGE_LOOP ( 'NONE', ( #716, #603, #2981, #5970 ) ) ;
#347 =( GEOMETRIC_REPRESENTATION_CONTEXT ( 3 ) GLOBAL_UNCERTAINTY_ASSIGNED_CONTEXT ( ( #771 ) ) GLOBAL_UNIT_ASSIGNED_CONTEXT ( ( #633, #6243, #71 ) ) REPRESENTATION_CONTEXT ( 'NONE', 'WORKASPACE' ) );
#348 = FACE_BOUND ( 'NONE', #5179, .T. ) ;
#349 = ORIENTED_EDGE ( 'NONE', *, *, #4873, .F. ) ;
#350 = DIRECTION ( 'NONE',  ( -0.000000000000000000, -0.000000000000000000, -1.000000000000000000 ) ) ;
#351 = CARTESIAN_POINT ( 'NONE',  ( 0.000000000000000000, 0.000000000000000000, -29.00000000000000000 ) ) ;
#352 = EDGE_CURVE ( 'NONE', #7129, #5328, #3090, .T. ) ;
#353 = AXIS2_PLACEMENT_3D ( 'NONE', #3711, #741, #2588 ) ;
#354 = DIRECTION ( 'NONE',  ( 0.000000000000000000, 0.000000000000000000, -1.000000000000000000 ) ) ;
#355 = CARTESIAN_POINT ( 'NONE',  ( 0.7385401540846880941, -0.2500000000000000000, 4.250000000000001776 ) ) ;
#356 = CIRCLE ( 'NONE', #4473, 5.400000000000000355 ) ;
#357 = VECTOR ( 'NONE', #350, 1000.000000000000000 ) ;
#358 = ORIENTED_EDGE ( 'NONE', *, *, #3497, .F. ) ;
#359 = DIRECTION ( 'NONE',  ( -0.000000000000000000, -0.000000000000000000, -1.000000000000000000 ) ) ;
#360 = AXIS2_PLACEMENT_3D ( 'NONE', #4829, #7857, #2857 ) ;
#361 = EDGE_LOOP ( 'NONE', ( #455, #3167, #6553, #2190 ) ) ;
#362 = CARTESIAN_POINT ( 'NONE',  ( 7.749999999999968914, 13.42339375865881657, 0.000000000000000000 ) ) ;
#363 = AXIS2_PLACEMENT_3D ( 'NONE', #6961, #1429, #3884 ) ;
#364 = ORIENTED_EDGE ( 'NONE', *, *, #1045, .F. ) ;
#365 = VECTOR ( 'NONE', #1204, 1000.000000000000000 ) ;
#366 = ADVANCED_FACE ( 'NONE', ( #3267 ), #3911, .F. ) ;
#367 = FACE_OUTER_BOUND ( 'NONE', #409, .T. ) ;
#368 = DIRECTION ( 'NONE',  ( -0.000000000000000000, -0.000000000000000000, -1.000000000000000000 ) ) ;
#369 = CARTESIAN_POINT ( 'NONE',  ( 9.080165993770696886, 7.796195176798577542, -0.02985438513636293548 ) ) ;
#370 = CARTESIAN_POINT ( 'NONE',  ( 0.000000000000000000, 0.000000000000000000, 0.000000000000000000 ) ) ;
#371 = ORIENTED_EDGE ( 'NONE', *, *, #606, .T. ) ;
#372 = ORIENTED_EDGE ( 'NONE', *, *, #3745, .F. ) ;
#373 = EDGE_CURVE ( 'NONE', #484, #3112, #2062, .T. ) ;
#374 = ADVANCED_FACE ( 'NONE', ( #3786 ), #4574, .F. ) ;
#375 = DIRECTION ( 'NONE',  ( 0.000000000000000000, 0.000000000000000000, 1.000000000000000000 ) ) ;
#376 = LINE ( 'NONE', #292, #7163 ) ;
#377 = CONTEXT_DEPENDENT_SHAPE_REPRESENTATION ( #183, #1270 ) ;
#378 = CARTESIAN_POINT ( 'NONE',  ( -9.039848153911568929, 7.800228478788347353, -0.02387153517439404016 ) ) ;
#379 = VERTEX_POINT ( 'NONE', #5085 ) ;
#380 = DIRECTION ( 'NONE',  ( 1.000000000000000000, 0.000000000000000000, 0.000000000000000000 ) ) ;
#381 = ORIENTED_EDGE ( 'NONE', *, *, #4371, .T. ) ;
#382 = ADVANCED_FACE ( 'NONE', ( #2099 ), #1327, .F. ) ;
#383 = LINE ( 'NONE', #5329, #2408 ) ;
#384 = ORIENTED_EDGE ( 'NONE', *, *, #3146, .F. ) ;
#385 = CARTESIAN_POINT ( 'NONE',  ( 1.189999999999999947, -0.1200000000000003564, 0.1199999999999995653 ) ) ;
#386 = SPHERICAL_SURFACE ( 'NONE', #865, 0.1000000000000000056 ) ;
#387 = ORIENTED_EDGE ( 'NONE', *, *, #7695, .F. ) ;
#388 = CARTESIAN_POINT ( 'NONE',  ( -14.72339375865876221, 7.750000000000064837, 0.000000000000000000 ) ) ;
#389 = EDGE_CURVE ( 'NONE', #210, #1360, #459, .T. ) ;
#390 = ORIENTED_EDGE ( 'NONE', *, *, #717, .F. ) ;
#391 = CARTESIAN_POINT ( 'NONE',  ( 12.99544838427358329, 10.16702125952734725, -2.632568534611627875 ) ) ;
#392 = CARTESIAN_POINT ( 'NONE',  ( -0.7999999999999974909, -15.50000000000000000, -0.2250000000000003664 ) ) ;
#393 = DIRECTION ( 'NONE',  ( 0.000000000000000000, 0.8660254037844380415, -0.5000000000000009992 ) ) ;
#394 = AXIS2_PLACEMENT_3D ( 'NONE', #6186, #652, #5567 ) ;
#395 = CIRCLE ( 'NONE', #2443, 3.000000000000000444 ) ;
#396 = ORIENTED_EDGE ( 'NONE', *, *, #5222, .T. ) ;
#397 = EDGE_CURVE ( 'NONE', #1356, #2045, #1091, .T. ) ;
#398 = LINE ( 'NONE', #2853, #7144 ) ;
#399 = EDGE_CURVE ( 'NONE', #3605, #335, #6381, .T. ) ;
#400 = ORIENTED_EDGE ( 'NONE', *, *, #4325, .F. ) ;
#401 = CARTESIAN_POINT ( 'NONE',  ( 12.99544838427358506, 10.16702125952734903, -2.500000000000000000 ) ) ;
#402 = ORIENTED_EDGE ( 'NONE', *, *, #6265, .T. ) ;
#403 = DIRECTION ( 'NONE',  ( -0.7071067811865490160, -0.7071067811865460184, 0.000000000000000000 ) ) ;
#404 = DIRECTION ( 'NONE',  ( -0.07087656472334738500, 0.9974850939101882474, 0.000000000000000000 ) ) ;
#405 = EDGE_CURVE ( 'NONE', #1104, #1406, #7546, .T. ) ;
#406 = CYLINDRICAL_SURFACE ( 'NONE', #2584, 0.7500000000000002220 ) ;
#407 = DIRECTION ( 'NONE',  ( 0.000000000000000000, 0.000000000000000000, 1.000000000000000000 ) ) ;
#408 = ORIENTED_EDGE ( 'NONE', *, *, #2169, .T. ) ;
#409 = EDGE_LOOP ( 'NONE', ( #5921, #5148, #400 ) ) ;
#410 = PRODUCT ( 'MJGB37-520', 'MJGB37-520', '', ( #3315 ) ) ;
#411 = DIRECTION ( 'NONE',  ( -0.8660254037844377084, -0.5000000000000017764, 0.000000000000000000 ) ) ;
#412 = DIRECTION ( 'NONE',  ( 1.000000000000000000, 0.000000000000000000, 0.000000000000000000 ) ) ;
#413 = APPLICATION_PROTOCOL_DEFINITION ( 'draft international standard', 'automotive_design', 1998, #4710 ) ;
#414 = EDGE_CURVE ( 'NONE', #7054, #5519, #3190, .T. ) ;
#415 = CARTESIAN_POINT ( 'NONE',  ( -1.500000000000000222, 0.2500000000000000000, -4.249999999999998224 ) ) ;
#416 = ORIENTED_EDGE ( 'NONE', *, *, #2012, .T. ) ;
#417 = LINE ( 'NONE', #5915, #2675 ) ;
#418 = VERTEX_POINT ( 'NONE', #2623 ) ;
#419 = PRODUCT_DEFINITION_FORMATION_WITH_SPECIFIED_SOURCE ( 'ANY', '', #4719, .NOT_KNOWN. ) ;
#420 = FACE_OUTER_BOUND ( 'NONE', #3586, .T. ) ;
#421 = VERTEX_POINT ( 'NONE', #7551 ) ;
#422 = LINE ( 'NONE', #2916, #2104 ) ;
#423 = CIRCLE ( 'NONE', #689, 3.649999999999999911 ) ;
#424 = FACE_OUTER_BOUND ( 'NONE', #6868, .T. ) ;
#425 = ORIENTED_EDGE ( 'NONE', *, *, #7169, .F. ) ;
#426 = LINE ( 'NONE', #1680, #3943 ) ;
#427 = PLANE ( 'NONE',  #4081 ) ;
#428 = FACE_OUTER_BOUND ( 'NONE', #6135, .T. ) ;
#429 = AXIS2_PLACEMENT_3D ( 'NONE', #1513, #5834, #5797 ) ;
#430 = DIRECTION ( 'NONE',  ( 1.000000000000000000, 0.000000000000000000, 0.000000000000000000 ) ) ;
#431 = EDGE_LOOP ( 'NONE', ( #681, #5146 ) ) ;
#432 = FILL_AREA_STYLE ('',( #509 ) ) ;
#433 = ORIENTED_EDGE ( 'NONE', *, *, #1674, .T. ) ;
#434 = FACE_OUTER_BOUND ( 'NONE', #4288, .T. ) ;
#435 = CIRCLE ( 'NONE', #4808, 4.400000000000001243 ) ;
#436 = VECTOR ( 'NONE', #1341, 1000.000000000000000 ) ;
#437 = ORIENTED_EDGE ( 'NONE', *, *, #3927, .F. ) ;
#438 = DIRECTION ( 'NONE',  ( 1.000000000000000000, 0.000000000000000000, 0.000000000000000000 ) ) ;
#439 = ADVANCED_FACE ( 'NONE', ( #2021 ), #4479, .T. ) ;
#440 = EDGE_CURVE ( 'NONE', #6004, #4457, #897, .T. ) ;
#441 = VECTOR ( 'NONE', #103, 1000.000000000000000 ) ;
#442 = LINE ( 'NONE', #1729, #2361 ) ;
#443 = CARTESIAN_POINT ( 'NONE',  ( 1.966615824122599276, -5.403232569518970685, 2.499999999999999556 ) ) ;
#444 = CARTESIAN_POINT ( 'NONE',  ( -1.966615824122599276, -5.403232569518970685, 2.499999999999999556 ) ) ;
#445 = VERTEX_POINT ( 'NONE', #3498 ) ;
#446 = VERTEX_POINT ( 'NONE', #3345 ) ;
#447 = CIRCLE ( 'NONE', #4039, 2.099999999999999645 ) ;
#448 = DIRECTION ( 'NONE',  ( 0.000000000000000000, 0.000000000000000000, 1.000000000000000000 ) ) ;
#449 = DIRECTION ( 'NONE',  ( 0.000000000000000000, 1.000000000000000000, 0.000000000000000000 ) ) ;
#450 = EDGE_CURVE ( 'NONE', #3152, #4034, #79, .T. ) ;
#451 = AXIS2_PLACEMENT_3D ( 'NONE', #7352, #1366, #4238 ) ;
#452 = CARTESIAN_POINT ( 'NONE',  ( -9.009154050258613822, 7.777390137018236338, -0.02677867536945326837 ) ) ;
#453 = VERTEX_POINT ( 'NONE', #5196 ) ;
#454 = DIRECTION ( 'NONE',  ( -0.000000000000000000, 0.000000000000000000, -1.000000000000000000 ) ) ;
#455 = ORIENTED_EDGE ( 'NONE', *, *, #3885, .T. ) ;
#456 = AXIS2_PLACEMENT_3D ( 'NONE', #4138, #121, #3649 ) ;
#457 = CARTESIAN_POINT ( 'NONE',  ( 8.499353497574059446, 6.821067811865461294, -2.500000000000000000 ) ) ;
#458 = EDGE_CURVE ( 'NONE', #7375, #2657, #6423, .T. ) ;
#459 = CIRCLE ( 'NONE', #1622, 0.7500000000000000000 ) ;
#460 = ORIENTED_EDGE ( 'NONE', *, *, #733, .F. ) ;
#461 = DIRECTION ( 'NONE',  ( 1.000000000000000000, 0.000000000000000000, 0.000000000000000000 ) ) ;
#462 = DIRECTION ( 'NONE',  ( -0.000000000000000000, -0.000000000000000000, -1.000000000000000000 ) ) ;
#463 = ORIENTED_EDGE ( 'NONE', *, *, #7655, .F. ) ;
#464 = FACE_BOUND ( 'NONE', #7208, .T. ) ;
#465 = CARTESIAN_POINT ( 'NONE',  ( -18.50000000000000355, 2.265596578422603396E-15, 0.000000000000000000 ) ) ;
#466 = DIRECTION ( 'NONE',  ( 0.000000000000000000, 1.000000000000000000, 0.000000000000000000 ) ) ;
#467 = CIRCLE ( 'NONE', #6526, 2.100000000000000089 ) ;
#468 = CARTESIAN_POINT ( 'NONE',  ( 8.131727983645317792, -10.96015510839147389, 0.000000000000000000 ) ) ;
#469 = DIRECTION ( 'NONE',  ( 0.000000000000000000, -1.000000000000000000, 0.000000000000000000 ) ) ;
#470 = AXIS2_PLACEMENT_3D ( 'NONE', #7690, #7042, #2602 ) ;
#471 = PRODUCT_DEFINITION_SHAPE ( 'NONE', 'NONE',  #5964 ) ;
#472 = VERTEX_POINT ( 'NONE', #7136 ) ;
#473 = DIRECTION ( 'NONE',  ( 1.000000000000000000, 0.000000000000000000, 0.000000000000000000 ) ) ;
#474 = CIRCLE ( 'NONE', #5108, 1.600000000000000755 ) ;
#475 = EDGE_LOOP ( 'NONE', ( #2353, #5835, #7672, #7895 ) ) ;
#476 = LINE ( 'NONE', #3528, #7858 ) ;
#477 = ORIENTED_EDGE ( 'NONE', *, *, #618, .T. ) ;
#478 = AXIS2_PLACEMENT_3D ( 'NONE', #7966, #663, #7354 ) ;
#479 = CARTESIAN_POINT ( 'NONE',  ( -8.131727983645317792, 10.96015510839147389, 0.000000000000000000 ) ) ;
#480 = AXIS2_PLACEMENT_3D ( 'NONE', #5470, #118, #2522 ) ;
#481 = VECTOR ( 'NONE', #5736, 1000.000000000000114 ) ;
#482 = CARTESIAN_POINT ( 'NONE',  ( 3.000000000000000444, 3.673940397442060361E-16, 0.000000000000000000 ) ) ;
#483 = PRESENTATION_STYLE_ASSIGNMENT (( #6772 ) ) ;
#484 = VERTEX_POINT ( 'NONE', #2860 ) ;
#485 = EDGE_CURVE ( 'NONE', #1226, #4334, #213, .T. ) ;
#486 = VERTEX_POINT ( 'NONE', #288 ) ;
#487 = VECTOR ( 'NONE', #7563, 1000.000000000000000 ) ;
#488 = ADVANCED_FACE ( 'NONE', ( #2741 ), #7410, .F. ) ;
#489 = AXIS2_PLACEMENT_3D ( 'NONE', #7340, #5361, #1736 ) ;
#490 = CARTESIAN_POINT ( 'NONE',  ( 0.000000000000000000, -0.2400000000000026001, 0.9099999999999993650 ) ) ;
#491 = DIRECTION ( 'NONE',  ( -1.000000000000000000, 0.000000000000000000, 0.000000000000000000 ) ) ;
#492 = APPLICATION_PROTOCOL_DEFINITION ( 'draft international standard', 'automotive_design', 1998, #23 ) ;
#493 = DIRECTION ( 'NONE',  ( -0.07087656472334825930, -0.9974850939101882474, 1.229512407221825848E-15 ) ) ;
#494 = EDGE_LOOP ( 'NONE', ( #4098, #797, #6396, #7499 ) ) ;
#495 = FACE_BOUND ( 'NONE', #3044, .T. ) ;
#496 = EDGE_CURVE ( 'NONE', #5160, #2577, #5610, .T. ) ;
#497 = EDGE_LOOP ( 'NONE', ( #3526, #384 ) ) ;
#498 = DIRECTION ( 'NONE',  ( 1.000000000000000000, 0.000000000000000000, 0.000000000000000000 ) ) ;
#499 = DIRECTION ( 'NONE',  ( 0.000000000000000000, 0.000000000000000000, 1.000000000000000000 ) ) ;
#500 = CYLINDRICAL_SURFACE ( 'NONE', #5606, 1.299999999999997380 ) ;
#501 = VERTEX_POINT ( 'NONE', #2784 ) ;
#502 = DIRECTION ( 'NONE',  ( -1.000000000000000000, -0.000000000000000000, -0.000000000000000000 ) ) ;
#503 = CARTESIAN_POINT ( 'NONE',  ( -8.907521186990909001, 7.632926252019963442, 0.000000000000000000 ) ) ;
#504 = EDGE_CURVE ( 'NONE', #3472, #1338, #2648, .T. ) ;
#505 = CARTESIAN_POINT ( 'NONE',  ( 1.189999999999999947, 0.1199999999999999956, 0.1199999999999999400 ) ) ;
#506 = DIRECTION ( 'NONE',  ( -0.5000000000000012212, -0.8660254037844380415, 0.000000000000000000 ) ) ;
#507 = DIRECTION ( 'NONE',  ( 0.000000000000000000, -0.5000000000000009992, -0.8660254037844380415 ) ) ;
#508 = ORIENTED_EDGE ( 'NONE', *, *, #6347, .T. ) ;
#509 = FILL_AREA_STYLE_COLOUR ( '', #1858 ) ;
#510 = EDGE_LOOP ( 'NONE', ( #7305, #4253, #5215, #4462, #5158, #2243, #7845, #7284, #2310, #2682, #3857 ) ) ;
#511 = CARTESIAN_POINT ( 'NONE',  ( 16.00000000000000000, 0.000000000000000000, -2.500000000000000000 ) ) ;
#512 = EDGE_CURVE ( 'NONE', #1406, #3477, #1216, .T. ) ;
#513 = CIRCLE ( 'NONE', #7086, 1.249999999999996669 ) ;
#514 = ORIENTED_EDGE ( 'NONE', *, *, #4848, .T. ) ;
#515 = CARTESIAN_POINT ( 'NONE',  ( -6.499999999999879208, -13.42339375865886986, -0.3500000000000030864 ) ) ;
#516 = CIRCLE ( 'NONE', #5535, 17.70000000000000284 ) ;
#517 = CARTESIAN_POINT ( 'NONE',  ( -1.702988244406250833E-16, -1.599647922241902664, 5.173557158514992871 ) ) ;
#518 = DIRECTION ( 'NONE',  ( -0.000000000000000000, -0.000000000000000000, -1.000000000000000000 ) ) ;
#519 = ADVANCED_FACE ( 'NONE', ( #7714 ), #7179, .T. ) ;
#520 =( NAMED_UNIT ( * ) PLANE_ANGLE_UNIT ( ) SI_UNIT ( $, .RADIAN. ) );
#521 = ORIENTED_EDGE ( 'NONE', *, *, #2359, .F. ) ;
#522 = ORIENTED_EDGE ( 'NONE', *, *, #7239, .T. ) ;
#523 = CIRCLE ( 'NONE', #1934, 1.299999999999999156 ) ;
#524 = FACE_OUTER_BOUND ( 'NONE', #5077, .T. ) ;
#525 = CARTESIAN_POINT ( 'NONE',  ( 10.96015510839150409, -8.131727983645280489, 0.000000000000000000 ) ) ;
#526 = AXIS2_PLACEMENT_3D ( 'NONE', #2511, #4243, #4405 ) ;
#527 = PLANE ( 'NONE',  #4376 ) ;
#528 = VERTEX_POINT ( 'NONE', #2898 ) ;
#529 = VERTEX_POINT ( 'NONE', #5353 ) ;
#530 = FACE_BOUND ( 'NONE', #7403, .T. ) ;
#531 = VERTEX_POINT ( 'NONE', #929 ) ;
#532 = LINE ( 'NONE', #5411, #7697 ) ;
#533 = CARTESIAN_POINT ( 'NONE',  ( -9.146752649187904538, 7.536242136608511721, -0.4247214192583855241 ) ) ;
#534 = EDGE_CURVE ( 'NONE', #2125, #6920, #4635, .T. ) ;
#535 = EDGE_CURVE ( 'NONE', #4636, #3112, #1577, .T. ) ;
#536 = CARTESIAN_POINT ( 'NONE',  ( 7.321067811865490604, 5.642782126156891565, -3.000000000000000000 ) ) ;
#537 = DIRECTION ( 'NONE',  ( 1.000000000000000000, 0.000000000000000000, -0.000000000000000000 ) ) ;
#538 = VERTEX_POINT ( 'NONE', #1619 ) ;
#539 = DIRECTION ( 'NONE',  ( -0.7071067811865466846, -0.7071067811865483499, 0.000000000000000000 ) ) ;
#540 = LINE ( 'NONE', #4855, #6668 ) ;
#541 = CARTESIAN_POINT ( 'NONE',  ( 0.000000000000000000, 0.000000000000000000, -6.000000000000000000 ) ) ;
#542 = CARTESIAN_POINT ( 'NONE',  ( 0.8200840350970419745, 2.449293598294706414E-16, -2.000000000000000000 ) ) ;
#543 = LINE ( 'NONE', #5387, #3377 ) ;
#544 = EDGE_CURVE ( 'NONE', #5302, #2198, #6497, .T. ) ;
#545 = VECTOR ( 'NONE', #2692, 1000.000000000000000 ) ;
#546 = DIRECTION ( 'NONE',  ( 1.000000000000000000, 0.000000000000000000, 0.000000000000000000 ) ) ;
#547 = ORIENTED_EDGE ( 'NONE', *, *, #2641, .T. ) ;
#548 = ORIENTED_EDGE ( 'NONE', *, *, #5804, .F. ) ;
#549 = DIRECTION ( 'NONE',  ( 1.000000000000000000, 0.000000000000000000, 0.000000000000000000 ) ) ;
#550 = EDGE_LOOP ( 'NONE', ( #1276, #963, #849, #683 ) ) ;
#551 =( GEOMETRIC_REPRESENTATION_CONTEXT ( 3 ) GLOBAL_UNCERTAINTY_ASSIGNED_CONTEXT ( ( #1813 ) ) GLOBAL_UNIT_ASSIGNED_CONTEXT ( ( #4693, #1706, #7114 ) ) REPRESENTATION_CONTEXT ( 'NONE', 'WORKASPACE' ) );
#552 = FACE_OUTER_BOUND ( 'NONE', #5037, .T. ) ;
#553 = EDGE_CURVE ( 'NONE', #3741, #1600, #6003, .T. ) ;
#554 = AXIS2_PLACEMENT_3D ( 'NONE', #3030, #4274, #182 ) ;
#555 = VECTOR ( 'NONE', #1637, 1000.000000000000000 ) ;
#556 = DIRECTION ( 'NONE',  ( -0.7071067811865454633, 0.7071067811865496822, 0.000000000000000000 ) ) ;
#557 = FACE_BOUND ( 'NONE', #1254, .T. ) ;
#558 = DIRECTION ( 'NONE',  ( -0.7071067811865474617, 8.659560562354931626E-17, 0.7071067811865475727 ) ) ;
#559 = ORIENTED_EDGE ( 'NONE', *, *, #748, .F. ) ;
#560 = ORIENTED_EDGE ( 'NONE', *, *, #3678, .F. ) ;
#561 = CIRCLE ( 'NONE', #3646, 0.1000000000000003386 ) ;
#562 = CARTESIAN_POINT ( 'NONE',  ( -3.750000000000000000, 4.592425496802573972E-16, -6.000000000000000000 ) ) ;
#563 = VECTOR ( 'NONE', #3679, 1000.000000000000000 ) ;
#564 = CARTESIAN_POINT ( 'NONE',  ( -1.898202538678397557E-15, -15.50000000000000000, -1.600000000000000089 ) ) ;
#565 = EDGE_CURVE ( 'NONE', #1328, #472, #4065, .T. ) ;
#566 = VECTOR ( 'NONE', #2728, 1000.000000000000000 ) ;
#567 = FACE_OUTER_BOUND ( 'NONE', #1830, .T. ) ;
#568 = ORIENTED_EDGE ( 'NONE', *, *, #6701, .F. ) ;
#569 = ORIENTED_EDGE ( 'NONE', *, *, #6527, .F. ) ;
#570 = CARTESIAN_POINT ( 'NONE',  ( -15.52339375865876292, 7.750000000000064837, 0.000000000000000000 ) ) ;
#571 = LINE ( 'NONE', #4734, #6028 ) ;
#572 = DIRECTION ( 'NONE',  ( -0.000000000000000000, -0.000000000000000000, -1.000000000000000000 ) ) ;
#573 = AXIS2_PLACEMENT_3D ( 'NONE', #3826, #6304, #5482 ) ;
#574 =( GEOMETRIC_REPRESENTATION_CONTEXT ( 3 ) GLOBAL_UNCERTAINTY_ASSIGNED_CONTEXT ( ( #2055 ) ) GLOBAL_UNIT_ASSIGNED_CONTEXT ( ( #7852, #4785, #6005 ) ) REPRESENTATION_CONTEXT ( 'NONE', 'WORKASPACE' ) );
#575 = DIRECTION ( 'NONE',  ( 1.000000000000000000, 0.000000000000000000, 0.000000000000000000 ) ) ;
#576 = DIRECTION ( 'NONE',  ( 0.000000000000000000, 0.000000000000000000, 1.000000000000000000 ) ) ;
#577 = CARTESIAN_POINT ( 'NONE',  ( 0.000000000000000000, 7.000000000000000000, -0.1000000000000000472 ) ) ;
#578 = ORIENTED_EDGE ( 'NONE', *, *, #1636, .T. ) ;
#579 = EDGE_LOOP ( 'NONE', ( #7255, #4699 ) ) ;
#580 = CARTESIAN_POINT ( 'NONE',  ( 2.500000000000000888, -0.5795712437471309819, 21.44726742508362349 ) ) ;
#581 = CARTESIAN_POINT ( 'NONE',  ( 8.993894412068886624, 7.689429318806028313, -0.05042649901291689635 ) ) ;
#582 = DIRECTION ( 'NONE',  ( 1.000000000000000000, 0.000000000000000000, 0.000000000000000000 ) ) ;
#583 = MANIFOLD_SOLID_BREP ( 'Chamfer1', #4366 ) ;
#584 = CIRCLE ( 'NONE', #6386, 0.7999999999999870548 ) ;
#585 = ADVANCED_FACE ( 'NONE', ( #4915 ), #1496, .F. ) ;
#586 = ADVANCED_FACE ( 'NONE', ( #4755 ), #6648, .T. ) ;
#587 = CARTESIAN_POINT ( 'NONE',  ( -1.300000000000000488, -15.50000000000000000, -4.000000000000000000 ) ) ;
#588 =( REPRESENTATION_RELATIONSHIP ('NONE','NONE', #5135, #7656 ) REPRESENTATION_RELATIONSHIP_WITH_TRANSFORMATION ( #1585 )SHAPE_REPRESENTATION_RELATIONSHIP( ) );
#589 = CARTESIAN_POINT ( 'NONE',  ( 0.8200840350970416415, 2.155378366499341802E-16, -1.760000000000000231 ) ) ;
#590 = PLANE ( 'NONE',  #5617 ) ;
#591 = VERTEX_POINT ( 'NONE', #7903 ) ;
#592 = DIRECTION ( 'NONE',  ( -0.000000000000000000, -0.000000000000000000, -1.000000000000000000 ) ) ;
#593 = ORIENTED_EDGE ( 'NONE', *, *, #535, .F. ) ;
#594 = CARTESIAN_POINT ( 'NONE',  ( -7.749999999999874767, -13.42339375865886986, -4.000000000000000000 ) ) ;
#595 = ORIENTED_EDGE ( 'NONE', *, *, #3045, .F. ) ;
#596 = EDGE_CURVE ( 'NONE', #6226, #7532, #5536, .T. ) ;
#597 = MANIFOLD_SOLID_BREP ( 'Fillet1', #7736 ) ;
#598 = FACE_BOUND ( 'NONE', #4388, .T. ) ;
#599 = TOROIDAL_SURFACE ( 'NONE', #1361, 12.07002075382098027, 0.1000000000000000056 ) ;
#600 = CARTESIAN_POINT ( 'NONE',  ( -2.716615824122599498, 5.403232569518970685, -3.000000000000000000 ) ) ;
#601 = ORIENTED_EDGE ( 'NONE', *, *, #504, .T. ) ;
#602 = DIRECTION ( 'NONE',  ( 1.000000000000000000, 0.000000000000000000, 0.000000000000000000 ) ) ;
#603 = ORIENTED_EDGE ( 'NONE', *, *, #7485, .T. ) ;
#604 = VECTOR ( 'NONE', #1306, 1000.000000000000114 ) ;
#605 = VERTEX_POINT ( 'NONE', #7253 ) ;
#606 = EDGE_CURVE ( 'NONE', #810, #5497, #6180, .T. ) ;
#607 = CARTESIAN_POINT ( 'NONE',  ( 10.96015510839150409, -8.131727983645280489, 0.000000000000000000 ) ) ;
#608 = CIRCLE ( 'NONE', #6023, 0.7500000000000002220 ) ;
#609 = CARTESIAN_POINT ( 'NONE',  ( 0.000000000000000000, 0.000000000000000000, 21.50000000000000000 ) ) ;
#610 = AXIS2_PLACEMENT_3D ( 'NONE', #697, #656, #7387 ) ;
#611 = VECTOR ( 'NONE', #7562, 1000.000000000000000 ) ;
#612 = AXIS2_PLACEMENT_3D ( 'NONE', #1469, #1340, #7642 ) ;
#613 = CARTESIAN_POINT ( 'NONE',  ( 0.000000000000000000, 0.000000000000000000, 2.499999999999999556 ) ) ;
#614 = ORIENTED_EDGE ( 'NONE', *, *, #6898, .T. ) ;
#615 = ORIENTED_EDGE ( 'NONE', *, *, #1983, .T. ) ;
#616 = AXIS2_PLACEMENT_3D ( 'NONE', #964, #1573, #892 ) ;
#617 = FACE_OUTER_BOUND ( 'NONE', #867, .T. ) ;
#618 = EDGE_CURVE ( 'NONE', #75, #5605, #4833, .T. ) ;
#619 = CARTESIAN_POINT ( 'NONE',  ( 6.499999999999972466, 13.42339375865881657, -4.000000000000000000 ) ) ;
#620 = CARTESIAN_POINT ( 'NONE',  ( 0.7499999999999997780, -0.3082200092159082527, 4.410375918188655930 ) ) ;
#621 = DIRECTION ( 'NONE',  ( 1.000000000000000000, 0.000000000000000000, 0.000000000000000000 ) ) ;
#622 = ORIENTED_EDGE ( 'NONE', *, *, #7666, .F. ) ;
#623 = ORIENTED_EDGE ( 'NONE', *, *, #3824, .T. ) ;
#624 = CARTESIAN_POINT ( 'NONE',  ( 0.000000000000000000, 0.000000000000000000, 2.499999999999999556 ) ) ;
#625 = CARTESIAN_POINT ( 'NONE',  ( 9.072515889919085197, 7.796752499669941550, -0.02877588764036699900 ) ) ;
#626 = EDGE_CURVE ( 'NONE', #2577, #3816, #1155, .T. ) ;
#627 = FACE_OUTER_BOUND ( 'NONE', #7246, .T. ) ;
#628 = AXIS2_PLACEMENT_3D ( 'NONE', #3758, #2556, #582 ) ;
#629 = FACE_OUTER_BOUND ( 'NONE', #7853, .T. ) ;
#630 = DIRECTION ( 'NONE',  ( -0.000000000000000000, -0.000000000000000000, 1.000000000000000000 ) ) ;
#631 = DIRECTION ( 'NONE',  ( -0.1003315022614172242, 3.017703066837731300E-17, -0.9949540640923918433 ) ) ;
#632 = ORIENTED_EDGE ( 'NONE', *, *, #4541, .F. ) ;
#633 =( LENGTH_UNIT ( ) NAMED_UNIT ( * ) SI_UNIT ( .MILLI., .METRE. ) );
#634 = ORIENTED_EDGE ( 'NONE', *, *, #7619, .F. ) ;
#635 = DIRECTION ( 'NONE',  ( -1.000000000000000000, 0.000000000000000000, -0.000000000000000000 ) ) ;
#636 = ORIENTED_EDGE ( 'NONE', *, *, #7053, .F. ) ;
#637 = CARTESIAN_POINT ( 'NONE',  ( 0.000000000000000000, 0.000000000000000000, 0.000000000000000000 ) ) ;
#638 = EDGE_CURVE ( 'NONE', #1013, #3527, #3088, .T. ) ;
#639 = ADVANCED_FACE ( 'NONE', ( #2411 ), #4876, .F. ) ;
#640 = DIRECTION ( 'NONE',  ( -0.000000000000000000, -0.000000000000000000, 1.000000000000000000 ) ) ;
#641 = ORIENTED_EDGE ( 'NONE', *, *, #6322, .T. ) ;
#642 = CARTESIAN_POINT ( 'NONE',  ( 13.42339375865876328, 7.750000000000064837, 0.000000000000000000 ) ) ;
#643 =( LENGTH_UNIT ( ) NAMED_UNIT ( * ) SI_UNIT ( .MILLI., .METRE. ) );
#644 = ORIENTED_EDGE ( 'NONE', *, *, #7886, .F. ) ;
#645 = EDGE_LOOP ( 'NONE', ( #1968, #5514, #3968, #289 ) ) ;
#646 = CARTESIAN_POINT ( 'NONE',  ( 0.000000000000000000, 0.000000000000000000, 0.000000000000000000 ) ) ;
#647 = AXIS2_PLACEMENT_3D ( 'NONE', #7540, #3900, #1400 ) ;
#648 = CARTESIAN_POINT ( 'NONE',  ( 13.89999999999999858, 1.959434878635765970E-16, 0.000000000000000000 ) ) ;
#649 = VECTOR ( 'NONE', #5785, 1000.000000000000000 ) ;
#650 = ADVANCED_FACE ( 'NONE', ( #4260 ), #680, .T. ) ;
#651 = AXIS2_PLACEMENT_3D ( 'NONE', #2783, #3344, #5904 ) ;
#652 = DIRECTION ( 'NONE',  ( 0.000000000000000000, 0.000000000000000000, 1.000000000000000000 ) ) ;
#653 = EDGE_LOOP ( 'NONE', ( #4216, #1352, #4368, #7425 ) ) ;
#654 = ORIENTED_EDGE ( 'NONE', *, *, #6743, .T. ) ;
#655 = CARTESIAN_POINT ( 'NONE',  ( -14.25000000000000355, 0.000000000000000000, -0.3500000000000030864 ) ) ;
#656 = DIRECTION ( 'NONE',  ( -0.000000000000000000, -0.000000000000000000, 1.000000000000000000 ) ) ;
#657 = DIRECTION ( 'NONE',  ( 0.000000000000000000, 0.000000000000000000, 1.000000000000000000 ) ) ;
#658 =( LENGTH_UNIT ( ) NAMED_UNIT ( * ) SI_UNIT ( .MILLI., .METRE. ) );
#659 = ADVANCED_FACE ( 'NONE', ( #4509 ), #1966, .F. ) ;
#660 = CARTESIAN_POINT ( 'NONE',  ( 1.710100716628346840, 4.698463103929539919, 2.499999999999999556 ) ) ;
#661 = ORIENTED_EDGE ( 'NONE', *, *, #6729, .T. ) ;
#662 = ORIENTED_EDGE ( 'NONE', *, *, #534, .F. ) ;
#663 = DIRECTION ( 'NONE',  ( 0.000000000000000000, 0.000000000000000000, 1.000000000000000000 ) ) ;
#664 = CARTESIAN_POINT ( 'NONE',  ( 9.048463471620927123, 7.801157794456340611, -0.02463524588609133578 ) ) ;
#665 = LINE ( 'NONE', #5581, #192 ) ;
#666 = DIRECTION ( 'NONE',  ( 0.000000000000000000, 0.000000000000000000, -1.000000000000000000 ) ) ;
#667 = DIRECTION ( 'NONE',  ( -0.000000000000000000, 1.000000000000000000, 1.224646799147353207E-16 ) ) ;
#668 = FACE_OUTER_BOUND ( 'NONE', #5692, .T. ) ;
#669 = ORIENTED_EDGE ( 'NONE', *, *, #767, .T. ) ;
#670 = DIRECTION ( 'NONE',  ( 0.000000000000000000, 0.000000000000000000, 1.000000000000000000 ) ) ;
#671 = ORIENTED_EDGE ( 'NONE', *, *, #686, .F. ) ;
#672 = DIRECTION ( 'NONE',  ( -0.000000000000000000, -0.000000000000000000, -1.000000000000000000 ) ) ;
#673 = VERTEX_POINT ( 'NONE', #5651 ) ;
#674 = LINE ( 'NONE', #6845, #4569 ) ;
#675 = CARTESIAN_POINT ( 'NONE',  ( 3.000000000000000444, 3.673940397442060361E-16, 6.000000000000000000 ) ) ;
#676 = ORIENTED_EDGE ( 'NONE', *, *, #6453, .T. ) ;
#677 = CYLINDRICAL_SURFACE ( 'NONE', #5680, 16.00000000000000355 ) ;
#678 = VECTOR ( 'NONE', #2050, 1000.000000000000000 ) ;
#679 = UNCERTAINTY_MEASURE_WITH_UNIT (LENGTH_MEASURE( 1.000000000000000082E-05 ), #7784, 'distance_accuracy_value', 'NONE');
#680 = PLANE ( 'NONE',  #3731 ) ;
#681 = ORIENTED_EDGE ( 'NONE', *, *, #4881, .F. ) ;
#682 = ORIENTED_EDGE ( 'NONE', *, *, #215, .F. ) ;
#683 = ORIENTED_EDGE ( 'NONE', *, *, #5132, .T. ) ;
#684 = EDGE_CURVE ( 'NONE', #1822, #2930, #3217, .T. ) ;
#685 = CARTESIAN_POINT ( 'NONE',  ( 10.96015510839150231, 8.131727983645278712, -3.000000000000000000 ) ) ;
#686 = EDGE_CURVE ( 'NONE', #418, #2245, #772, .T. ) ;
#687 = DIRECTION ( 'NONE',  ( -0.7071067811865410224, 0.7071067811865540120, 0.000000000000000000 ) ) ;
#688 = VECTOR ( 'NONE', #7238, 1000.000000000000000 ) ;
#689 = AXIS2_PLACEMENT_3D ( 'NONE', #7359, #6754, #1220 ) ;
#690 = DIRECTION ( 'NONE',  ( 1.000000000000000000, 0.000000000000000000, 0.000000000000000000 ) ) ;
#691 = VERTEX_POINT ( 'NONE', #2486 ) ;
#692 = EDGE_LOOP ( 'NONE', ( #5678, #6723 ) ) ;
#693 = DIRECTION ( 'NONE',  ( 0.000000000000000000, 0.000000000000000000, 1.000000000000000000 ) ) ;
#694 = AXIS2_PLACEMENT_3D ( 'NONE', #2506, #4317, #3630 ) ;
#695 = AXIS2_PLACEMENT_3D ( 'NONE', #7241, #3079, #3602 ) ;
#696 = EDGE_CURVE ( 'NONE', #2577, #5160, #513, .T. ) ;
#697 = CARTESIAN_POINT ( 'NONE',  ( 1.898202538678397163E-15, -15.50000000000000000, -0.2250000000000003664 ) ) ;
#698 = DIRECTION ( 'NONE',  ( 0.000000000000000000, 0.000000000000000000, 1.000000000000000000 ) ) ;
#699 = DIRECTION ( 'NONE',  ( 0.000000000000000000, 0.000000000000000000, -1.000000000000000000 ) ) ;
#700 = ORIENTED_EDGE ( 'NONE', *, *, #6777, .T. ) ;
#701 = EDGE_LOOP ( 'NONE', ( #1870, #3990 ) ) ;
#702 = CARTESIAN_POINT ( 'NONE',  ( -12.99544838427358506, 10.16702125952735258, -2.500000000000000000 ) ) ;
#703 = CARTESIAN_POINT ( 'NONE',  ( -1.898202538678397557E-15, -15.50000000000000000, 0.000000000000000000 ) ) ;
#704 = CARTESIAN_POINT ( 'NONE',  ( -14.22339375865886524, 7.749999999999872990, 0.000000000000000000 ) ) ;
#705 = EDGE_CURVE ( 'NONE', #1613, #5188, #4505, .T. ) ;
#706 = PRODUCT_DEFINITION_SHAPE ( 'NONE', 'NONE',  #7980 ) ;
#707 = VECTOR ( 'NONE', #805, 1000.000000000000114 ) ;
#708 = CARTESIAN_POINT ( 'NONE',  ( 0.000000000000000000, 0.000000000000000000, -3.000000000000000000 ) ) ;
#709 = DIRECTION ( 'NONE',  ( 1.000000000000000000, -0.000000000000000000, -0.000000000000000000 ) ) ;
#710 = DIRECTION ( 'NONE',  ( 1.000000000000000000, 0.000000000000000000, 0.000000000000000000 ) ) ;
#711 = VECTOR ( 'NONE', #130, 1000.000000000000000 ) ;
#712 = ORIENTED_EDGE ( 'NONE', *, *, #7953, .T. ) ;
#713 = LINE ( 'NONE', #3122, #1894 ) ;
#714 = ORIENTED_EDGE ( 'NONE', *, *, #4926, .T. ) ;
#715 = FACE_OUTER_BOUND ( 'NONE', #4055, .T. ) ;
#716 = ORIENTED_EDGE ( 'NONE', *, *, #2829, .T. ) ;
#717 = EDGE_CURVE ( 'NONE', #153, #176, #3133, .T. ) ;
#718 = EDGE_CURVE ( 'NONE', #7495, #5188, #6851, .T. ) ;
#719 = CARTESIAN_POINT ( 'NONE',  ( -1.499999999999999334, -0.1249999999999996808, 4.899519052838330779 ) ) ;
#720 = DIRECTION ( 'NONE',  ( 1.000000000000000000, 0.000000000000000000, 0.000000000000000000 ) ) ;
#721 = MECHANICAL_DESIGN_GEOMETRIC_PRESENTATION_REPRESENTATION (  '', ( #4309 ), #1746 ) ;
#722 = FACE_OUTER_BOUND ( 'NONE', #4870, .T. ) ;
#723 = ORIENTED_EDGE ( 'NONE', *, *, #1084, .F. ) ;
#724 = PLANE ( 'NONE',  #6446 ) ;
#725 = DIRECTION ( 'NONE',  ( -0.000000000000000000, -0.000000000000000000, 1.000000000000000000 ) ) ;
#726 = ORIENTED_EDGE ( 'NONE', *, *, #13, .T. ) ;
#727 = ORIENTED_EDGE ( 'NONE', *, *, #389, .T. ) ;
#728 = AXIS2_PLACEMENT_3D ( 'NONE', #77, #1958, #4416 ) ;
#729 = CARTESIAN_POINT ( 'NONE',  ( 0.000000000000000000, 0.000000000000000000, -3.100000000000000089 ) ) ;
#730 = CARTESIAN_POINT ( 'NONE',  ( 1.499999999999999778, 0.2500000000000000000, -4.249999999999998224 ) ) ;
#731 = CIRCLE ( 'NONE', #3303, 1.000000000000000000 ) ;
#732 = MANIFOLD_SOLID_BREP ( 'CirPattern1', #784 ) ;
#733 = EDGE_CURVE ( 'NONE', #4218, #4595, #165, .T. ) ;
#734 = ADVANCED_FACE ( 'NONE', ( #3901 ), #2655, .F. ) ;
#735 = DIRECTION ( 'NONE',  ( 1.000000000000000000, 0.000000000000000000, 0.000000000000000000 ) ) ;
#736 = CARTESIAN_POINT ( 'NONE',  ( -1.702988244406250833E-16, -1.349647922241902442, 5.606569860407210726 ) ) ;
#737 = ORIENTED_EDGE ( 'NONE', *, *, #5804, .T. ) ;
#738 = ORIENTED_EDGE ( 'NONE', *, *, #6406, .T. ) ;
#739 = VECTOR ( 'NONE', #3807, 1000.000000000000000 ) ;
#740 = CIRCLE ( 'NONE', #353, 6.500000000000000000 ) ;
#741 = DIRECTION ( 'NONE',  ( 0.000000000000000000, 0.000000000000000000, -1.000000000000000000 ) ) ;
#742 = CIRCLE ( 'NONE', #7951, 0.1000000000000001443 ) ;
#743 = DIRECTION ( 'NONE',  ( -0.000000000000000000, -0.000000000000000000, -1.000000000000000000 ) ) ;
#744 = APPLICATION_PROTOCOL_DEFINITION ( 'draft international standard', 'automotive_design', 1998, #5647 ) ;
#745 = VECTOR ( 'NONE', #3962, 1000.000000000000000 ) ;
#746 = EDGE_CURVE ( 'NONE', #6344, #3527, #6320, .T. ) ;
#747 = VECTOR ( 'NONE', #1615, 1000.000000000000000 ) ;
#748 = EDGE_CURVE ( 'NONE', #6920, #5000, #4890, .T. ) ;
#749 = CIRCLE ( 'NONE', #2677, 0.09999999999999982514 ) ;
#750 = LINE ( 'NONE', #2713, #1277 ) ;
#751 = ORIENTED_EDGE ( 'NONE', *, *, #1592, .F. ) ;
#752 = CARTESIAN_POINT ( 'NONE',  ( -9.996507343276938684, 12.82493446802309300, -2.946155535554996430 ) ) ;
#753 = CARTESIAN_POINT ( 'NONE',  ( 8.499353497574059446, 6.821067811865461294, -2.500000000000000000 ) ) ;
#754 = DIRECTION ( 'NONE',  ( 0.000000000000000000, 0.000000000000000000, 1.000000000000000000 ) ) ;
#755 = VECTOR ( 'NONE', #6147, 1000.000000000000114 ) ;
#756 = CARTESIAN_POINT ( 'NONE',  ( -3.000000000000000444, 0.000000000000000000, 21.50000000000000000 ) ) ;
#757 = FACE_OUTER_BOUND ( 'NONE', #4942, .T. ) ;
#758 = EDGE_CURVE ( 'NONE', #7965, #6004, #5074, .T. ) ;
#759 = CARTESIAN_POINT ( 'NONE',  ( -0.7500000000000000000, -1.349647922241902220, 5.606569860407210726 ) ) ;
#760 = ORIENTED_EDGE ( 'NONE', *, *, #2025, .F. ) ;
#761 = FACE_OUTER_BOUND ( 'NONE', #5529, .T. ) ;
#762 = VERTEX_POINT ( 'NONE', #1752 ) ;
#763 = CARTESIAN_POINT ( 'NONE',  ( 6.821067811865489716, 8.499353497574031024, -2.500000000000000000 ) ) ;
#764 = VERTEX_POINT ( 'NONE', #4163 ) ;
#765 = PLANE ( 'NONE',  #3935 ) ;
#766 = CARTESIAN_POINT ( 'NONE',  ( 10.96015510839150409, -8.131727983645280489, 0.000000000000000000 ) ) ;
#767 = EDGE_CURVE ( 'NONE', #5829, #1130, #2, .T. ) ;
#768 = CARTESIAN_POINT ( 'NONE',  ( 10.96015510839150231, 8.131727983645278712, -3.000000000000000000 ) ) ;
#769 = EDGE_LOOP ( 'NONE', ( #828, #4973, #2463, #5028 ) ) ;
#770 = LINE ( 'NONE', #5189, #1809 ) ;
#771 = UNCERTAINTY_MEASURE_WITH_UNIT (LENGTH_MEASURE( 1.000000000000000082E-05 ), #633, 'distance_accuracy_value', 'NONE');
#772 = LINE ( 'NONE', #6813, #6694 ) ;
#773 = ORIENTED_EDGE ( 'NONE', *, *, #3541, .F. ) ;
#774 = ORIENTED_EDGE ( 'NONE', *, *, #811, .T. ) ;
#775 = PLANE ( 'NONE',  #1724 ) ;
#776 = CARTESIAN_POINT ( 'NONE',  ( 2.500000000000000444, 1.658312395177699905, 9.499999999999998224 ) ) ;
#777 = EDGE_CURVE ( 'NONE', #7678, #1639, #3374, .T. ) ;
#778 = CARTESIAN_POINT ( 'NONE',  ( -1.710100716628347062, 4.698463103929539919, 2.499999999999999556 ) ) ;
#779 = DIRECTION ( 'NONE',  ( -0.000000000000000000, -0.000000000000000000, -1.000000000000000000 ) ) ;
#780 = ORIENTED_EDGE ( 'NONE', *, *, #7595, .T. ) ;
#781 = ORIENTED_EDGE ( 'NONE', *, *, #1718, .F. ) ;
#782 = STYLED_ITEM ( 'NONE', ( #6939 ), #732 ) ;
#783 = DIRECTION ( 'NONE',  ( -0.000000000000000000, -0.000000000000000000, 1.000000000000000000 ) ) ;
#784 = CLOSED_SHELL ( 'NONE', ( #4576, #3533, #4782, #4451, #100, #1432, #5843, #586, #4901, #4839, #3587, #902, #6333, #3799, #793, #382, #5822, #802, #51, #1150, #5150, #519, #2392 ) ) ;
#785 = CARTESIAN_POINT ( 'NONE',  ( 3.810511776651527960, 2.200000000000005063, 2.499999999999999556 ) ) ;
#786 = PRODUCT_CONTEXT ( 'NONE', #7601, 'mechanical' ) ;
#787 = VECTOR ( 'NONE', #2654, 1000.000000000000000 ) ;
#788 = DIRECTION ( 'NONE',  ( 0.7071067811865454633, -0.7071067811865496822, 0.000000000000000000 ) ) ;
#789 = VERTEX_POINT ( 'NONE', #5384 ) ;
#790 = CARTESIAN_POINT ( 'NONE',  ( 0.000000000000000000, 0.000000000000000000, 0.000000000000000000 ) ) ;
#791 = DIRECTION ( 'NONE',  ( 1.000000000000000000, 0.000000000000000000, 0.000000000000000000 ) ) ;
#792 = CYLINDRICAL_SURFACE ( 'NONE', #7580, 0.7999999999999931610 ) ;
#793 = ADVANCED_FACE ( 'NONE', ( #3560 ), #7019, .F. ) ;
#794 = ADVANCED_FACE ( 'NONE', ( #3521 ), #3336, .T. ) ;
#795 = DIRECTION ( 'NONE',  ( 0.000000000000000000, 0.000000000000000000, 1.000000000000000000 ) ) ;
#796 = CYLINDRICAL_SURFACE ( 'NONE', #5857, 0.7499999999999997780 ) ;
#797 = ORIENTED_EDGE ( 'NONE', *, *, #4499, .T. ) ;
#798 = FACE_OUTER_BOUND ( 'NONE', #7934, .T. ) ;
#799 = VERTEX_POINT ( 'NONE', #7661 ) ;
#800 = CYLINDRICAL_SURFACE ( 'NONE', #6279, 1.449999999999999956 ) ;
#801 = ORIENTED_EDGE ( 'NONE', *, *, #6846, .T. ) ;
#802 = ADVANCED_FACE ( 'NONE', ( #6042 ), #6676, .F. ) ;
#803 = LINE ( 'NONE', #275, #5183 ) ;
#804 = CARTESIAN_POINT ( 'NONE',  ( 0.000000000000000000, 0.000000000000000000, 0.000000000000000000 ) ) ;
#805 = DIRECTION ( 'NONE',  ( -0.000000000000000000, 0.5000000000000009992, 0.8660254037844380415 ) ) ;
#806 = VERTEX_POINT ( 'NONE', #4780 ) ;
#807 = CARTESIAN_POINT ( 'NONE',  ( 8.521067811865490782, 6.821067811865461294, -3.000000000000000000 ) ) ;
#808 = CARTESIAN_POINT ( 'NONE',  ( 2.099999999999998312, -15.50000000000000000, 0.000000000000000000 ) ) ;
#809 = ORIENTED_EDGE ( 'NONE', *, *, #6231, .F. ) ;
#810 = VERTEX_POINT ( 'NONE', #6631 ) ;
#811 = EDGE_CURVE ( 'NONE', #3825, #4636, #321, .T. ) ;
#812 = CARTESIAN_POINT ( 'NONE',  ( 10.25304832720496151, -13.08147545195111405, -3.000000000000000000 ) ) ;
#813 = AXIS2_PLACEMENT_3D ( 'NONE', #2351, #2203, #3567 ) ;
#814 = CARTESIAN_POINT ( 'NONE',  ( 8.967067500474861674, 7.671785443933958781, 0.000000000000000000 ) ) ;
#815 = CARTESIAN_POINT ( 'NONE',  ( -1.499999999999999778, 13.10000000000000142, 2.499999999999999556 ) ) ;
#816 = EDGE_LOOP ( 'NONE', ( #5569, #998, #2355, #1227 ) ) ;
#817 = ORIENTED_EDGE ( 'NONE', *, *, #5081, .F. ) ;
#818 = AXIS2_PLACEMENT_3D ( 'NONE', #1994, #5176, #2640 ) ;
#819 = CARTESIAN_POINT ( 'NONE',  ( -12.95650162303677710, -10.12807449829038120, -2.762074505178807371 ) ) ;
#820 = PLANE ( 'NONE',  #6643 ) ;
#821 = CARTESIAN_POINT ( 'NONE',  ( 13.42339375865875972, 7.750000000000056843, -1.734723475976807094E-15 ) ) ;
#822 = CIRCLE ( 'NONE', #184, 1.600000000000000755 ) ;
#823 = CARTESIAN_POINT ( 'NONE',  ( -9.505764998351658335, 6.752445863986207719, -0.9342020143325664439 ) ) ;
#825 = VERTEX_POINT ( 'NONE', #7706 ) ;
#824 = CIRCLE ( 'NONE', #5320, 0.2500000000000002220 ) ;
#826 = DIRECTION ( 'NONE',  ( -0.000000000000000000, -0.000000000000000000, -1.000000000000000000 ) ) ;
#827 = DIRECTION ( 'NONE',  ( 0.000000000000000000, 0.000000000000000000, 1.000000000000000000 ) ) ;
#828 = ORIENTED_EDGE ( 'NONE', *, *, #696, .F. ) ;
#829 = FACE_OUTER_BOUND ( 'NONE', #5076, .T. ) ;
#830 = AXIS2_PLACEMENT_3D ( 'NONE', #4237, #576, #621 ) ;
#831 = CARTESIAN_POINT ( 'NONE',  ( 1.500000000000000222, 13.10000000000000142, 2.499999999999999556 ) ) ;
#832 = FACE_OUTER_BOUND ( 'NONE', #6673, .T. ) ;
#833 = EDGE_LOOP ( 'NONE', ( #2932, #2861, #5293, #2261 ) ) ;
#834 = EDGE_CURVE ( 'NONE', #1015, #4136, #7004, .T. ) ;
#835 = DIRECTION ( 'NONE',  ( 0.000000000000000000, -0.8660254037844381525, 0.5000000000000009992 ) ) ;
#836 = EDGE_CURVE ( 'NONE', #3605, #4731, #7274, .T. ) ;
#837 = VERTEX_POINT ( 'NONE', #1713 ) ;
#838 = CARTESIAN_POINT ( 'NONE',  ( -1.499999999999999334, -0.3749999999999998890, 4.466506350946112924 ) ) ;
#839 = AXIS2_PLACEMENT_3D ( 'NONE', #2694, #3936, #5154 ) ;
#840 = ORIENTED_EDGE ( 'NONE', *, *, #6507, .T. ) ;
#841 = CARTESIAN_POINT ( 'NONE',  ( -8.485281374238576646, -3.535533905932718213, -3.000000000000000000 ) ) ;
#842 = DIRECTION ( 'NONE',  ( -1.000000000000000000, 0.000000000000000000, 0.000000000000000000 ) ) ;
#843 = VECTOR ( 'NONE', #2451, 1000.000000000000114 ) ;
#844 = DIRECTION ( 'NONE',  ( 0.000000000000000000, -0.8660254037844380415, 0.5000000000000009992 ) ) ;
#845 = EDGE_CURVE ( 'NONE', #1018, #3049, #889, .T. ) ;
#846 = ORIENTED_EDGE ( 'NONE', *, *, #5900, .T. ) ;
#847 = DIRECTION ( 'NONE',  ( 1.000000000000000000, 0.000000000000000000, 0.000000000000000000 ) ) ;
#848 = FILL_AREA_STYLE ('',( #4954 ) ) ;
#849 = ORIENTED_EDGE ( 'NONE', *, *, #7347, .T. ) ;
#850 = ORIENTED_EDGE ( 'NONE', *, *, #638, .F. ) ;
#851 = CIRCLE ( 'NONE', #2512, 0.7499999999999996669 ) ;
#852 = AXIS2_PLACEMENT_3D ( 'NONE', #7633, #5043, #690 ) ;
#853 =( BOUNDED_SURFACE ( )  B_SPLINE_SURFACE ( 3, 2, ( 
 ( #5195, #4593, #6947 ),
 ( #7632, #814, #3419 ),
 ( #5819, #3872, #6988 ),
 ( #2180, #2664, #4634 ),
 ( #7550, #7065, #4024 ),
 ( #7102, #1495, #2098 ),
 ( #369, #5860, #4553 ),
 ( #7026, #2020, #287 ),
 ( #6422, #3266, #5738 ),
 ( #857, #216, #1455 ) ),
 .UNSPECIFIED., .F., .F., .F. ) 
 B_SPLINE_SURFACE_WITH_KNOTS ( ( 4, 2, 2, 2, 4 ),
 ( 3, 3 ),
 ( 0.0001492604493774266723, 0.0002797116314844140007, 0.0004101628135914012750, 0.0005406139956983885492, 0.0006710651778053758777 ),
 ( 0.000000000000000000, 1.000000000000000000 ),
 .UNSPECIFIED. ) 
 GEOMETRIC_REPRESENTATION_ITEM ( )  RATIONAL_B_SPLINE_SURFACE ( (
 ( 1.000000000000000000, 0.8191520442889924647, 1.000000000000000000),
 ( 1.000000000000000000, 0.8506515080257132100, 1.000000000000000000),
 ( 1.000000000000000000, 0.8794645776462509668, 1.000000000000000000),
 ( 1.000000000000000000, 0.9238322293758703951, 1.000000000000000000),
 ( 1.000000000000000000, 0.9393863107288495939, 1.000000000000000000),
 ( 1.000000000000000000, 0.9386846422793946321, 1.000000000000000000),
 ( 1.000000000000000000, 0.9226141703527588334, 1.000000000000000000),
 ( 1.000000000000000000, 0.8784059968856754441, 1.000000000000000000),
 ( 1.000000000000000000, 0.8500167327205651047, 1.000000000000000000),
 ( 1.000000000000000000, 0.8191520442888170495, 1.000000000000000000) ) ) 
 REPRESENTATION_ITEM ( '' )  SURFACE ( )  );
#854 = CARTESIAN_POINT ( 'NONE',  ( 7.750000000000157208, -13.42339375865870998, 0.000000000000000000 ) ) ;
#855 = FACE_BOUND ( 'NONE', #692, .T. ) ;
#856 = EDGE_CURVE ( 'NONE', #1328, #2273, #3636, .T. ) ;
#857 = CARTESIAN_POINT ( 'NONE',  ( 9.166914626815341194, 7.706716911731678721, -0.06579798566749071875 ) ) ;
#858 = CARTESIAN_POINT ( 'NONE',  ( -10.96015510839155915, -8.131727983645202329, 0.000000000000000000 ) ) ;
#859 = ORIENTED_EDGE ( 'NONE', *, *, #133, .T. ) ;
#860 = CIRCLE ( 'NONE', #1880, 8.929979246179014396 ) ;
#861 = LINE ( 'NONE', #5865, #7570 ) ;
#862 = DIRECTION ( 'NONE',  ( -0.000000000000000000, -0.000000000000000000, -1.000000000000000000 ) ) ;
#863 = DIRECTION ( 'NONE',  ( 0.000000000000000000, 0.000000000000000000, -1.000000000000000000 ) ) ;
#864 = CIRCLE ( 'NONE', #5350, 1.249999999999996003 ) ;
#865 = AXIS2_PLACEMENT_3D ( 'NONE', #7806, #2843, #5881 ) ;
#866 = ADVANCED_FACE ( 'NONE', ( #7847 ), #4583, .F. ) ;
#867 = EDGE_LOOP ( 'NONE', ( #4170, #2699, #4459, #116, #5761, #4987 ) ) ;
#868 = ORIENTED_EDGE ( 'NONE', *, *, #2760, .F. ) ;
#869 = DIRECTION ( 'NONE',  ( -0.000000000000000000, -0.000000000000000000, -1.000000000000000000 ) ) ;
#870 = CARTESIAN_POINT ( 'NONE',  ( 1.499999999999999778, -0.2500000000000000000, -4.249999999999998224 ) ) ;
#871 = CIRCLE ( 'NONE', #1365, 3.198942222936095536 ) ;
#872 = CARTESIAN_POINT ( 'NONE',  ( 9.398472781764821704, 7.105216007046942117, -0.6132303836821695331 ) ) ;
#873 = VECTOR ( 'NONE', #5182, 1000.000000000000000 ) ;
#874 = CARTESIAN_POINT ( 'NONE',  ( 0.8200840350970419745, 0.000000000000000000, 0.000000000000000000 ) ) ;
#875 = CIRCLE ( 'NONE', #5368, 11.97605149174238726 ) ;
#876 = AXIS2_PLACEMENT_3D ( 'NONE', #5051, #3356, #5830 ) ;
#877 = CARTESIAN_POINT ( 'NONE',  ( 0.000000000000000000, 0.000000000000000000, -0.5000000000000004441 ) ) ;
#878 = ORIENTED_EDGE ( 'NONE', *, *, #4690, .F. ) ;
#879 = CARTESIAN_POINT ( 'NONE',  ( -4.676537180435965446, -2.700000000000006839, 2.499999999999999556 ) ) ;
#880 = VECTOR ( 'NONE', #6390, 1000.000000000000114 ) ;
#881 = ORIENTED_EDGE ( 'NONE', *, *, #7810, .T. ) ;
#882 = LINE ( 'NONE', #838, #873 ) ;
#883 = VECTOR ( 'NONE', #4185, 1000.000000000000000 ) ;
#884 = CARTESIAN_POINT ( 'NONE',  ( -16.74999999999999289, 1.530808498934186394E-16, 0.000000000000000000 ) ) ;
#885 = CARTESIAN_POINT ( 'NONE',  ( 0.6271178757805834225, 0.000000000000000000, 0.000000000000000000 ) ) ;
#886 = LINE ( 'NONE', #5113, #6377 ) ;
#887 = EDGE_LOOP ( 'NONE', ( #2022, #2413, #2226, #4487, #1764, #7282 ) ) ;
#888 = CARTESIAN_POINT ( 'NONE',  ( 9.000000000000154543, -13.42339375865870998, -4.000000000000000000 ) ) ;
#889 = LINE ( 'NONE', #2174, #5445 ) ;
#890 = EDGE_LOOP ( 'NONE', ( #4916, #5409, #2053, #3596 ) ) ;
#891 = ORIENTED_EDGE ( 'NONE', *, *, #2621, .T. ) ;
#892 = DIRECTION ( 'NONE',  ( 1.000000000000000000, 0.000000000000000000, 0.000000000000000000 ) ) ;
#893 = ADVANCED_FACE ( 'NONE', ( #6492 ), #7383, .T. ) ;
#894 = EDGE_CURVE ( 'NONE', #2198, #1784, #7514, .T. ) ;
#895 = DIRECTION ( 'NONE',  ( 1.000000000000000000, 0.000000000000000000, -0.000000000000000000 ) ) ;
#896 = FACE_OUTER_BOUND ( 'NONE', #6822, .T. ) ;
#897 = LINE ( 'NONE', #5861, #5748 ) ;
#898 = ORIENTED_EDGE ( 'NONE', *, *, #3851, .F. ) ;
#899 = ORIENTED_EDGE ( 'NONE', *, *, #1141, .T. ) ;
#900 = CARTESIAN_POINT ( 'NONE',  ( 2.223130931616851047, -6.108002035108402339, 2.499999999999999556 ) ) ;
#901 = CARTESIAN_POINT ( 'NONE',  ( -7.749999999999874767, -13.42339375865886986, -4.000000000000000000 ) ) ;
#902 = ADVANCED_FACE ( 'NONE', ( #2345 ), #4815, .T. ) ;
#903 = ORIENTED_EDGE ( 'NONE', *, *, #6453, .F. ) ;
#904 = VERTEX_POINT ( 'NONE', #5190 ) ;
#905 = DIRECTION ( 'NONE',  ( -0.000000000000000000, -0.000000000000000000, 1.000000000000000000 ) ) ;
#906 = FACE_OUTER_BOUND ( 'NONE', #6628, .T. ) ;
#907 = DIRECTION ( 'NONE',  ( 0.000000000000000000, 0.000000000000000000, 1.000000000000000000 ) ) ;
#908 = EDGE_CURVE ( 'NONE', #2862, #3477, #5317, .T. ) ;
#909 = AXIS2_PLACEMENT_3D ( 'NONE', #5428, #3455, #7818 ) ;
#910 = DIRECTION ( 'NONE',  ( 0.000000000000000000, 0.000000000000000000, 1.000000000000000000 ) ) ;
#911 = LINE ( 'NONE', #115, #6491 ) ;
#912 = CYLINDRICAL_SURFACE ( 'NONE', #1105, 1.449999999999999956 ) ;
#913 = ORIENTED_EDGE ( 'NONE', *, *, #2866, .F. ) ;
#914 = PLANE ( 'NONE',  #3042 ) ;
#915 = ORIENTED_EDGE ( 'NONE', *, *, #6506, .F. ) ;
#916 = DIRECTION ( 'NONE',  ( -0.7071067811865489050, 0.7071067811865461294, 0.000000000000000000 ) ) ;
#917 = CARTESIAN_POINT ( 'NONE',  ( -8.907521186990905449, 7.632926252019963442, 0.000000000000000000 ) ) ;
#918 = DIRECTION ( 'NONE',  ( -0.000000000000000000, -0.000000000000000000, -1.000000000000000000 ) ) ;
#919 = CARTESIAN_POINT ( 'NONE',  ( 15.52339375865887128, 7.749999999999872990, 0.000000000000000000 ) ) ;
#920 = CARTESIAN_POINT ( 'NONE',  ( 0.000000000000000000, 7.000000000000000000, -0.9000000000000000222 ) ) ;
#921 = ORIENTED_EDGE ( 'NONE', *, *, #2984, .F. ) ;
#922 = CARTESIAN_POINT ( 'NONE',  ( 1.599999999999999867, 1.000000000000000000, 0.000000000000000000 ) ) ;
#923 = DIRECTION ( 'NONE',  ( 0.000000000000000000, -1.000000000000000000, 0.000000000000000000 ) ) ;
#924 = ORIENTED_EDGE ( 'NONE', *, *, #4355, .T. ) ;
#925 = CARTESIAN_POINT ( 'NONE',  ( 3.199999999999999734, -5.425185320222774479E-15, 0.000000000000000000 ) ) ;
#926 = CARTESIAN_POINT ( 'NONE',  ( 0.000000000000000000, 0.000000000000000000, 2.499999999999999556 ) ) ;
#927 = LINE ( 'NONE', #5352, #6580 ) ;
#928 = PRODUCT_DEFINITION_FORMATION_WITH_SPECIFIED_SOURCE ( 'ANY', '', #5710, .NOT_KNOWN. ) ;
#929 = CARTESIAN_POINT ( 'NONE',  ( 11.97605149174238903, 0.000000000000000000, -0.06579798566743258470 ) ) ;
#930 = ORIENTED_EDGE ( 'NONE', *, *, #4680, .F. ) ;
#931 = ADVANCED_FACE ( 'NONE', ( #627 ), #5503, .F. ) ;
#932 = ORIENTED_EDGE ( 'NONE', *, *, #7875, .T. ) ;
#933 = ADVANCED_FACE ( 'NONE', ( #6116 ), #4097, .F. ) ;
#934 = LINE ( 'NONE', #5787, #1243 ) ;
#935 = LINE ( 'NONE', #7753, #2013 ) ;
#936 = CIRCLE ( 'NONE', #5435, 0.7500000000000002220 ) ;
#937 = PLANE ( 'NONE',  #6059 ) ;
#938 = EDGE_LOOP ( 'NONE', ( #6008, #5228, #2941, #4016 ) ) ;
#939 = CARTESIAN_POINT ( 'NONE',  ( -9.429156817667470492, 6.698027035738492785, -0.9000000000000007994 ) ) ;
#940 = CARTESIAN_POINT ( 'NONE',  ( -1.500000000000000222, -12.50000000000000000, -3.000000000000000000 ) ) ;
#941 = ADVANCED_FACE ( 'NONE', ( #4898 ), #5015, .T. ) ;
#942 = ORIENTED_EDGE ( 'NONE', *, *, #6015, .F. ) ;
#943 = CARTESIAN_POINT ( 'NONE',  ( -14.44839375865887199, 7.749999999999872990, 1.734723475976807094E-15 ) ) ;
#944 = AXIS2_PLACEMENT_3D ( 'NONE', #2590, #7600, #2747 ) ;
#945 = CARTESIAN_POINT ( 'NONE',  ( -3.649999999999999911, 0.000000000000000000, -6.000000000000000000 ) ) ;
#946 = FACE_OUTER_BOUND ( 'NONE', #2646, .T. ) ;
#947 = VERTEX_POINT ( 'NONE', #6079 ) ;
#948 = FACE_OUTER_BOUND ( 'NONE', #6088, .T. ) ;
#949 = ORIENTED_EDGE ( 'NONE', *, *, #5517, .F. ) ;
#950 = DIRECTION ( 'NONE',  ( 0.7071067811865495711, 0.7071067811865454633, -0.000000000000000000 ) ) ;
#951 = ADVANCED_FACE ( 'NONE', ( #19 ), #7319, .F. ) ;
#952 = AXIS2_PLACEMENT_3D ( 'NONE', #7080, #4653, #2804 ) ;
#953 = VECTOR ( 'NONE', #5961, 1000.000000000000000 ) ;
#954 = DIRECTION ( 'NONE',  ( -1.000000000000000000, 0.000000000000000000, 0.000000000000000000 ) ) ;
#955 = DIRECTION ( 'NONE',  ( 1.000000000000000000, 0.000000000000000000, 0.000000000000000000 ) ) ;
#956 = DIRECTION ( 'NONE',  ( 0.000000000000000000, -0.5000000000000009992, -0.8660254037844380415 ) ) ;
#957 = CONICAL_SURFACE ( 'NONE', #6246, 1.024999999999999911, 0.7853981633974463916 ) ;
#958 = VERTEX_POINT ( 'NONE', #5458 ) ;
#959 = CARTESIAN_POINT ( 'NONE',  ( 8.131727983645316016, -10.96015510839147389, 0.000000000000000000 ) ) ;
#960 = ORIENTED_EDGE ( 'NONE', *, *, #4225, .F. ) ;
#961 = CARTESIAN_POINT ( 'NONE',  ( -0.7999999999999983791, -3.375000000000000444, 6.198557158514995002 ) ) ;
#962 = EDGE_CURVE ( 'NONE', #6227, #976, #4975, .T. ) ;
#963 = ORIENTED_EDGE ( 'NONE', *, *, #7933, .F. ) ;
#964 = CARTESIAN_POINT ( 'NONE',  ( 0.000000000000000000, 7.000000000000000000, -1.000000000000000000 ) ) ;
#965 = CARTESIAN_POINT ( 'NONE',  ( 0.000000000000000000, 0.000000000000000000, -0.5000000000000004441 ) ) ;
#966 = FACE_OUTER_BOUND ( 'NONE', #5469, .T. ) ;
#967 = ADVANCED_FACE ( 'NONE', ( #3115 ), #2993, .F. ) ;
#968 = AXIS2_PLACEMENT_3D ( 'NONE', #2727, #2005, #5185 ) ;
#969 = CARTESIAN_POINT ( 'NONE',  ( 16.50000000000000355, 0.000000000000000000, -19.50000000000000000 ) ) ;
#970 = ORIENTED_EDGE ( 'NONE', *, *, #4822, .F. ) ;
#971 = ORIENTED_EDGE ( 'NONE', *, *, #4873, .T. ) ;
#972 = DIRECTION ( 'NONE',  ( 1.000000000000000000, 0.000000000000000000, 0.000000000000000000 ) ) ;
#973 = CARTESIAN_POINT ( 'NONE',  ( 0.000000000000000000, -0.2500000000000000000, 0.000000000000000000 ) ) ;
#974 = ADVANCED_FACE ( 'NONE', ( #6797 ), #109, .F. ) ;
#975 = CARTESIAN_POINT ( 'NONE',  ( -9.019661585190336339, 7.789654745343654874, -0.02449971380044412006 ) ) ;
#976 = VERTEX_POINT ( 'NONE', #6751 ) ;
#977 = DIRECTION ( 'NONE',  ( 0.000000000000000000, 0.000000000000000000, -1.000000000000000000 ) ) ;
#978 = ORIENTED_EDGE ( 'NONE', *, *, #2748, .T. ) ;
#979 = CYLINDRICAL_SURFACE ( 'NONE', #7184, 1.299999999999999156 ) ;
#980 = VECTOR ( 'NONE', #6098, 1000.000000000000000 ) ;
#981 = EDGE_CURVE ( 'NONE', #789, #4944, #7479, .T. ) ;
#982 = VECTOR ( 'NONE', #1678, 999.9999999999998863 ) ;
#983 = ADVANCED_FACE ( 'NONE', ( #1214 ), #7925, .T. ) ;
#984 = ORIENTED_EDGE ( 'NONE', *, *, #5287, .F. ) ;
#985 = CYLINDRICAL_SURFACE ( 'NONE', #6105, 5.400000000000000355 ) ;
#986 = DIRECTION ( 'NONE',  ( 1.000000000000000000, 0.000000000000000000, 0.000000000000000000 ) ) ;
#987 = ORIENTED_EDGE ( 'NONE', *, *, #4177, .T. ) ;
#988 = CARTESIAN_POINT ( 'NONE',  ( 0.1111834437507914775, 0.8361891423839286075, 0.000000000000000000 ) ) ;
#989 = ORIENTED_EDGE ( 'NONE', *, *, #6170, .F. ) ;
#990 = CARTESIAN_POINT ( 'NONE',  ( -9.000546291900011653, 7.764593499030645773, -0.02943643325999996049 ) ) ;
#991 = AXIS2_PLACEMENT_3D ( 'NONE', #5842, #3856, #272 ) ;
#992 = FACE_BOUND ( 'NONE', #5884, .T. ) ;
#993 = AXIS2_PLACEMENT_3D ( 'NONE', #4520, #1623, #2142 ) ;
#994 = DIRECTION ( 'NONE',  ( 1.000000000000000000, 0.000000000000000000, 0.000000000000000000 ) ) ;
#995 = VECTOR ( 'NONE', #539, 1000.000000000000114 ) ;
#996 = EDGE_CURVE ( 'NONE', #219, #1485, #5386, .T. ) ;
#997 = CIRCLE ( 'NONE', #3569, 3.649999999999999911 ) ;
#998 = ORIENTED_EDGE ( 'NONE', *, *, #5879, .F. ) ;
#999 = DIRECTION ( 'NONE',  ( 0.5530835219181898799, -0.8331258114970220285, 0.000000000000000000 ) ) ;
#1000 = AXIS2_PLACEMENT_3D ( 'NONE', #1241, #4390, #3705 ) ;
#1001 = ORIENTED_EDGE ( 'NONE', *, *, #1571, .T. ) ;
#1002 = DIRECTION ( 'NONE',  ( 0.000000000000000000, 0.000000000000000000, 1.000000000000000000 ) ) ;
#1003 = ORIENTED_EDGE ( 'NONE', *, *, #4, .T. ) ;
#1004 = CARTESIAN_POINT ( 'NONE',  ( 11.63602976573380055, 0.000000000000000000, -1.000000000000000000 ) ) ;
#1005 = ADVANCED_FACE ( 'NONE', ( #7396 ), #1173, .F. ) ;
#1006 = CARTESIAN_POINT ( 'NONE',  ( 12.07002075382098027, 0.000000000000000000, -2.032879073410320814E-17 ) ) ;
#1007 = DIRECTION ( 'NONE',  ( -0.000000000000000000, -0.000000000000000000, 1.000000000000000000 ) ) ;
#1008 = VERTEX_POINT ( 'NONE', #3600 ) ;
#1009 = VERTEX_POINT ( 'NONE', #6237 ) ;
#1010 = PLANE ( 'NONE',  #2286 ) ;
#1011 = DIRECTION ( 'NONE',  ( 1.000000000000000000, 0.000000000000000000, 0.000000000000000000 ) ) ;
#1012 = CARTESIAN_POINT ( 'NONE',  ( -8.997430193386927400, 7.746694494510423468, -0.03424704627246837746 ) ) ;
#1013 = VERTEX_POINT ( 'NONE', #6202 ) ;
#1014 = DIRECTION ( 'NONE',  ( 0.000000000000000000, 1.000000000000000000, 0.000000000000000000 ) ) ;
#1015 = VERTEX_POINT ( 'NONE', #3156 ) ;
#1016 = CARTESIAN_POINT ( 'NONE',  ( 9.271287569192340428, 7.459192179824366775, -0.2910971602928282276 ) ) ;
#1017 = DIRECTION ( 'NONE',  ( 1.000000000000000000, 0.000000000000000000, 0.000000000000000000 ) ) ;
#1018 = VERTEX_POINT ( 'NONE', #4322 ) ;
#1019 = CARTESIAN_POINT ( 'NONE',  ( -3.535533905932757293, -8.485281374238567764, -2.500000000000000000 ) ) ;
#1020 = LINE ( 'NONE', #7729, #1755 ) ;
#1021 = ORIENTED_EDGE ( 'NONE', *, *, #4232, .F. ) ;
#1022 = AXIS2_PLACEMENT_3D ( 'NONE', #415, #4686, #7226 ) ;
#1023 = CARTESIAN_POINT ( 'NONE',  ( -1.500000000000000222, -0.2500000000000000000, -4.249999999999998224 ) ) ;
#1024 = CARTESIAN_POINT ( 'NONE',  ( -9.148452352480191507, 7.734398042673822360, -0.05568344262788450794 ) ) ;
#1025 = EDGE_CURVE ( 'NONE', #4229, #6732, #665, .T. ) ;
#1026 = EDGE_CURVE ( 'NONE', #1008, #5000, #7440, .T. ) ;
#1027 = CIRCLE ( 'NONE', #3475, 12.07002075382098027 ) ;
#1028 = AXIS2_PLACEMENT_3D ( 'NONE', #3776, #7460, #4385 ) ;
#1029 = PLANE ( 'NONE',  #1466 ) ;
#1030 = DIRECTION ( 'NONE',  ( 0.000000000000000000, 0.000000000000000000, 1.000000000000000000 ) ) ;
#1031 = AXIS2_PLACEMENT_3D ( 'NONE', #217, #1367, #6307 ) ;
#1032 = CIRCLE ( 'NONE', #6, 18.50000000000000355 ) ;
#1033 = EDGE_LOOP ( 'NONE', ( #2116, #7450, #3853, #4827 ) ) ;
#1034 = CARTESIAN_POINT ( 'NONE',  ( 2.640432800705812433, 0.8428923634937720566, 0.000000000000000000 ) ) ;
#1035 = ORIENTED_EDGE ( 'NONE', *, *, #3057, .T. ) ;
#1036 = CARTESIAN_POINT ( 'NONE',  ( 5.499999999999996447, 7.041719095097278907E-16, 6.000000000000000000 ) ) ;
#1037 = VERTEX_POINT ( 'NONE', #1948 ) ;
#1038 = EDGE_CURVE ( 'NONE', #2010, #169, #2595, .T. ) ;
#1039 = DIRECTION ( 'NONE',  ( 0.000000000000000000, 0.000000000000000000, 1.000000000000000000 ) ) ;
#1040 = DIRECTION ( 'NONE',  ( 0.000000000000000000, -0.000000000000000000, -1.000000000000000000 ) ) ;
#1041 = DIRECTION ( 'NONE',  ( 1.000000000000000000, 0.000000000000000000, 0.000000000000000000 ) ) ;
#1042 = DIRECTION ( 'NONE',  ( -1.000000000000000000, 0.000000000000000000, 0.000000000000000000 ) ) ;
#1043 = ORIENTED_EDGE ( 'NONE', *, *, #7875, .F. ) ;
#1044 = ORIENTED_EDGE ( 'NONE', *, *, #3386, .F. ) ;
#1045 = EDGE_CURVE ( 'NONE', #1639, #3235, #4285, .T. ) ;
#1046 = CARTESIAN_POINT ( 'NONE',  ( -13.42339375865887163, 7.749999999999872990, -0.2250000000000003664 ) ) ;
#1047 = DIRECTION ( 'NONE',  ( 0.000000000000000000, -0.000000000000000000, -1.000000000000000000 ) ) ;
#1048 = ITEM_DEFINED_TRANSFORMATION ( 'NONE', 'NONE', #1972,  #7250 ) ;
#1049 = CARTESIAN_POINT ( 'NONE',  ( 3.199999999999999734, -5.425185320222774479E-15, 0.000000000000000000 ) ) ;
#1050 = ORIENTED_EDGE ( 'NONE', *, *, #3613, .T. ) ;
#1051 = ADVANCED_FACE ( 'NONE', ( #5053 ), #3203, .F. ) ;
#1052 = ORIENTED_EDGE ( 'NONE', *, *, #553, .F. ) ;
#1053 = B_SPLINE_CURVE_WITH_KNOTS ( 'NONE', 3,
 ( #2464, #4933, #1298, #4320, #3756, #702 ),
 .UNSPECIFIED., .F., .F.,
 ( 4, 2, 4 ),
 ( 0.000000000000000000, 0.0003920463364800297725, 0.0007840926729600595450 ),
 .UNSPECIFIED. ) ;
#1054 = CARTESIAN_POINT ( 'NONE',  ( 1.499999999999999778, -13.10000000000000142, 2.499999999999999556 ) ) ;
#1055 = VERTEX_POINT ( 'NONE', #4448 ) ;
#1056 = LINE ( 'NONE', #5919, #1464 ) ;
#1057 = AXIS2_PLACEMENT_3D ( 'NONE', #5725, #5109, #2281 ) ;
#1058 = DIRECTION ( 'NONE',  ( -0.8660254037844379305, 0.5000000000000011102, 0.000000000000000000 ) ) ;
#1059 = ORIENTED_EDGE ( 'NONE', *, *, #2631, .T. ) ;
#1060 = CARTESIAN_POINT ( 'NONE',  ( -3.810511776651527960, -2.200000000000005063, 2.499999999999999556 ) ) ;
#1061 = CARTESIAN_POINT ( 'NONE',  ( 0.000000000000000000, 0.000000000000000000, -4.000000000000000000 ) ) ;
#1062 = DIRECTION ( 'NONE',  ( 1.000000000000000000, 0.000000000000000000, 0.000000000000000000 ) ) ;
#1063 = CARTESIAN_POINT ( 'NONE',  ( 12.63918572269493801, -9.810758597948707305, -3.000000000000000000 ) ) ;
#1064 = VECTOR ( 'NONE', #910, 1000.000000000000000 ) ;
#1065 = CARTESIAN_POINT ( 'NONE',  ( 1.499999999999999778, -0.2500000000000000000, -4.249999999999998224 ) ) ;
#1066 = PRODUCT_DEFINITION ( 'UNKNOWN', '', #1576, #5601 ) ;
#1067 = ADVANCED_FACE ( 'NONE', ( #1683, #992, #7203, #5886, #6339 ), #5266, .F. ) ;
#1068 = ORIENTED_EDGE ( 'NONE', *, *, #5278, .F. ) ;
#1069 = EDGE_LOOP ( 'NONE', ( #5390, #2891 ) ) ;
#1070 = DIRECTION ( 'NONE',  ( 1.000000000000000000, 0.000000000000000000, 0.000000000000000000 ) ) ;
#1071 = AXIS2_PLACEMENT_3D ( 'NONE', #351, #171, #4129 ) ;
#1072 = EDGE_LOOP ( 'NONE', ( #6621, #4910, #2000, #6586 ) ) ;
#1073 = DIRECTION ( 'NONE',  ( -0.000000000000000000, -0.000000000000000000, 1.000000000000000000 ) ) ;
#1074 = VECTOR ( 'NONE', #5351, 1000.000000000000000 ) ;
#1075 = EDGE_CURVE ( 'NONE', #6774, #1927, #3869, .T. ) ;
#1076 = CARTESIAN_POINT ( 'NONE',  ( 0.000000000000000000, 0.000000000000000000, 0.000000000000000000 ) ) ;
#1077 = LINE ( 'NONE', #6576, #3354 ) ;
#1078 = UNCERTAINTY_MEASURE_WITH_UNIT (LENGTH_MEASURE( 1.000000000000000082E-05 ), #643, 'distance_accuracy_value', 'NONE');
#1079 = VERTEX_POINT ( 'NONE', #392 ) ;
#1080 = VERTEX_POINT ( 'NONE', #6944 ) ;
#1081 = COLOUR_RGB ( '',0.7921568627450980005, 0.8196078431372548767, 0.9333333333333333481 ) ;
#1082 = FACE_OUTER_BOUND ( 'NONE', #4304, .T. ) ;
#1083 = CARTESIAN_POINT ( 'NONE',  ( 0.000000000000000000, 0.000000000000000000, 2.499999999999999556 ) ) ;
#1084 = EDGE_CURVE ( 'NONE', #7220, #7054, #7733, .T. ) ;
#1085 = AXIS2_PLACEMENT_3D ( 'NONE', #1362, #3780, #6855 ) ;
#1086 = VERTEX_POINT ( 'NONE', #4050 ) ;
#1087 = DIRECTION ( 'NONE',  ( -0.7071067811865466846, -0.7071067811865484609, 0.000000000000000000 ) ) ;
#1088 = ORIENTED_EDGE ( 'NONE', *, *, #2376, .T. ) ;
#1089 = AXIS2_PLACEMENT_3D ( 'NONE', #1925, #5031, #6293 ) ;
#1090 = DIRECTION ( 'NONE',  ( -0.000000000000000000, 0.000000000000000000, -1.000000000000000000 ) ) ;
#1091 = CIRCLE ( 'NONE', #6634, 2.099999999999999645 ) ;
#1092 = EDGE_CURVE ( 'NONE', #5923, #4057, #4702, .T. ) ;
#1093 = DIRECTION ( 'NONE',  ( 1.000000000000000000, 0.000000000000000000, 0.000000000000000000 ) ) ;
#1094 = DIRECTION ( 'NONE',  ( 0.000000000000000000, 0.000000000000000000, 1.000000000000000000 ) ) ;
#1095 = ORIENTED_EDGE ( 'NONE', *, *, #4822, .T. ) ;
#1096 = DIRECTION ( 'NONE',  ( -0.000000000000000000, -0.000000000000000000, 1.000000000000000000 ) ) ;
#1097 = CARTESIAN_POINT ( 'NONE',  ( -8.992509867209555807, 7.706090323405826226, -0.04542161243316873709 ) ) ;
#1098 = DIRECTION ( 'NONE',  ( 0.000000000000000000, 0.000000000000000000, 1.000000000000000000 ) ) ;
#1099 = CIRCLE ( 'NONE', #7419, 17.70000000000000284 ) ;
#1100 = CARTESIAN_POINT ( 'NONE',  ( 12.73291784199665067, -9.904490717250427068, -2.999999999999999556 ) ) ;
#1101 = AXIS2_PLACEMENT_3D ( 'NONE', #1905, #693, #2548 ) ;
#1102 = CARTESIAN_POINT ( 'NONE',  ( 0.000000000000000000, 0.000000000000000000, 0.000000000000000000 ) ) ;
#1103 = EDGE_CURVE ( 'NONE', #2365, #7137, #2106, .T. ) ;
#1104 = VERTEX_POINT ( 'NONE', #917 ) ;
#1105 = AXIS2_PLACEMENT_3D ( 'NONE', #2352, #6717, #1878 ) ;
#1106 = ORIENTED_EDGE ( 'NONE', *, *, #7834, .F. ) ;
#1107 = DIRECTION ( 'NONE',  ( -0.000000000000000000, -0.000000000000000000, 1.000000000000000000 ) ) ;
#1108 = VERTEX_POINT ( 'NONE', #5844 ) ;
#1109 = AXIS2_PLACEMENT_3D ( 'NONE', #1906, #6864, #7511 ) ;
#1110 = CIRCLE ( 'NONE', #6415, 0.1000000000000001998 ) ;
#1111 = LINE ( 'NONE', #6686, #2250 ) ;
#1112 = CIRCLE ( 'NONE', #1239, 11.65997827399141862 ) ;
#1113 = CIRCLE ( 'NONE', #4859, 1.600000000000000755 ) ;
#1114 = AXIS2_PLACEMENT_3D ( 'NONE', #5583, #3116, #5626 ) ;
#1115 = AXIS2_PLACEMENT_3D ( 'NONE', #6230, #2502, #6192 ) ;
#1116 = CARTESIAN_POINT ( 'NONE',  ( -1.499999999999999334, -0.3749999999999998890, 4.466506350946112036 ) ) ;
#1117 = CARTESIAN_POINT ( 'NONE',  ( 9.408137005633490091, 7.073440638917948498, -0.6421415373587330278 ) ) ;
#1118 = ORIENTED_EDGE ( 'NONE', *, *, #1092, .F. ) ;
#1119 = ORIENTED_EDGE ( 'NONE', *, *, #4523, .F. ) ;
#1120 = AXIS2_PLACEMENT_3D ( 'NONE', #4767, #5369, #3508 ) ;
#1121 = ADVANCED_FACE ( 'NONE', ( #5927 ), #1029, .F. ) ;
#1122 = VECTOR ( 'NONE', #7949, 999.9999999999998863 ) ;
#1123 = EDGE_CURVE ( 'NONE', #166, #7678, #4809, .T. ) ;
#1124 = DIRECTION ( 'NONE',  ( -1.000000000000000000, 0.000000000000000000, -0.000000000000000000 ) ) ;
#1125 = CARTESIAN_POINT ( 'NONE',  ( 14.25000000000000178, 1.530808498934188612E-16, 0.000000000000000000 ) ) ;
#1126 = CARTESIAN_POINT ( 'NONE',  ( 16.00000000000000355, 0.000000000000000000, 0.000000000000000000 ) ) ;
#1127 = ORIENTED_EDGE ( 'NONE', *, *, #5879, .T. ) ;
#1128 = ORIENTED_EDGE ( 'NONE', *, *, #6031, .F. ) ;
#1129 = DIRECTION ( 'NONE',  ( 0.000000000000000000, 0.000000000000000000, -1.000000000000000000 ) ) ;
#1130 = VERTEX_POINT ( 'NONE', #3483 ) ;
#1131 = EDGE_CURVE ( 'NONE', #7750, #5923, #1331, .T. ) ;
#1132 = DIRECTION ( 'NONE',  ( 1.000000000000000000, 0.000000000000000000, 0.000000000000000000 ) ) ;
#1133 = CARTESIAN_POINT ( 'NONE',  ( -9.104662792861700993, 7.394868175537668620, -0.2923277876937659947 ) ) ;
#1134 = SHAPE_REPRESENTATION_RELATIONSHIP ( 'NONE' , 'NONE' ,  #1836, #1290 ) ;
#1135 = LINE ( 'NONE', #6037, #2998 ) ;
#1136 = CARTESIAN_POINT ( 'NONE',  ( 0.7499999999999997780, -4.824967782649119741, -3.412860710371246498 ) ) ;
#1137 = ORIENTED_EDGE ( 'NONE', *, *, #4651, .F. ) ;
#1138 = DIRECTION ( 'NONE',  ( 0.000000000000000000, 0.000000000000000000, 1.000000000000000000 ) ) ;
#1139 = CARTESIAN_POINT ( 'NONE',  ( 9.026416062519714956, 7.794847694832043317, -0.02381228261711153260 ) ) ;
#1140 = CARTESIAN_POINT ( 'NONE',  ( -25.39999999999996305, 0.000000000000000000, 0.000000000000000000 ) ) ;
#1141 = EDGE_CURVE ( 'NONE', #30, #2264, #3406, .T. ) ;
#1142 = DIRECTION ( 'NONE',  ( -1.000000000000000000, 0.000000000000000000, 0.000000000000000000 ) ) ;
#1143 = CARTESIAN_POINT ( 'NONE',  ( -1.499999999999999334, 0.2500000000000000000, 4.250000000000001776 ) ) ;
#1144 = CARTESIAN_POINT ( 'NONE',  ( 0.7999999999999889422, -15.50000000000000000, -4.000000000000003553 ) ) ;
#1145 = ORIENTED_EDGE ( 'NONE', *, *, #5593, .F. ) ;
#1146 = DIRECTION ( 'NONE',  ( -0.000000000000000000, -0.000000000000000000, 1.000000000000000000 ) ) ;
#1147 = ORIENTED_EDGE ( 'NONE', *, *, #5582, .F. ) ;
#1148 = PLANE ( 'NONE',  #2923 ) ;
#1149 = EDGE_LOOP ( 'NONE', ( #3442, #5786, #6221, #7170 ) ) ;
#1150 = ADVANCED_FACE ( 'NONE', ( #428 ), #775, .T. ) ;
#1151 = DIRECTION ( 'NONE',  ( -0.000000000000000000, -0.000000000000000000, 1.000000000000000000 ) ) ;
#1152 = AXIS2_PLACEMENT_3D ( 'NONE', #36, #7372, #1852 ) ;
#1153 = CARTESIAN_POINT ( 'NONE',  ( 1.500000000000000666, -0.1250000000000005551, 4.899519052838331667 ) ) ;
#1154 = FILL_AREA_STYLE_COLOUR ( '', #6203 ) ;
#1155 = LINE ( 'NONE', #6094, #1545 ) ;
#1156 = ORIENTED_EDGE ( 'NONE', *, *, #1038, .T. ) ;
#1157 = ORIENTED_EDGE ( 'NONE', *, *, #6589, .T. ) ;
#1158 = CARTESIAN_POINT ( 'NONE',  ( 7.749999999999968914, 13.42339375865881657, 0.000000000000000000 ) ) ;
#1159 = DIRECTION ( 'NONE',  ( 0.000000000000000000, 0.000000000000000000, 1.000000000000000000 ) ) ;
#1160 = ADVANCED_FACE ( 'NONE', ( #3223 ), #7525, .F. ) ;
#1161 = EDGE_CURVE ( 'NONE', #6302, #2475, #7545, .T. ) ;
#1162 = ORIENTED_EDGE ( 'NONE', *, *, #2858, .F. ) ;
#1163 = ORIENTED_EDGE ( 'NONE', *, *, #7859, .F. ) ;
#1164 = CARTESIAN_POINT ( 'NONE',  ( -13.42339375865887163, 7.749999999999872990, 1.734723475976807094E-15 ) ) ;
#1165 = FACE_OUTER_BOUND ( 'NONE', #5691, .T. ) ;
#1166 = CARTESIAN_POINT ( 'NONE',  ( 0.4948047520287067180, 0.2500000000000000000, 4.250000000000001776 ) ) ;
#1167 = EDGE_CURVE ( 'NONE', #127, #5665, #5858, .T. ) ;
#1168 = CYLINDRICAL_SURFACE ( 'NONE', #3771, 3.750000000000000000 ) ;
#1169 = DIRECTION ( 'NONE',  ( 1.000000000000000000, 0.000000000000000000, 0.000000000000000000 ) ) ;
#1170 = VERTEX_POINT ( 'NONE', #313 ) ;
#1171 = CARTESIAN_POINT ( 'NONE',  ( 2.500000000000000444, 0.000000000000000000, 21.50000000000000000 ) ) ;
#1172 = CARTESIAN_POINT ( 'NONE',  ( -0.7500000000000000000, -0.1249999999999999445, 4.899519052838330779 ) ) ;
#1173 = PLANE ( 'NONE',  #526 ) ;
#1174 = DIRECTION ( 'NONE',  ( 1.000000000000000000, 0.000000000000000000, -0.000000000000000000 ) ) ;
#1175 = DIRECTION ( 'NONE',  ( 0.000000000000000000, 0.000000000000000000, -1.000000000000000000 ) ) ;
#1176 = LINE ( 'NONE', #4365, #6858 ) ;
#1177 = AXIS2_PLACEMENT_3D ( 'NONE', #6716, #3801, #5584 ) ;
#1178 = EDGE_CURVE ( 'NONE', #1255, #4917, #7909, .T. ) ;
#1179 = CARTESIAN_POINT ( 'NONE',  ( 1.500000000000000222, 13.10000000000000142, -3.000000000000000000 ) ) ;
#1180 = ORIENTED_EDGE ( 'NONE', *, *, #3843, .T. ) ;
#1181 = LINE ( 'NONE', #6126, #7423 ) ;
#1182 = VERTEX_POINT ( 'NONE', #1563 ) ;
#1183 = DIRECTION ( 'NONE',  ( -1.000000000000000000, 0.000000000000000000, 0.000000000000000000 ) ) ;
#1184 = ORIENTED_EDGE ( 'NONE', *, *, #2813, .F. ) ;
#1185 =( GEOMETRIC_REPRESENTATION_CONTEXT ( 3 ) GLOBAL_UNCERTAINTY_ASSIGNED_CONTEXT ( ( #5521 ) ) GLOBAL_UNIT_ASSIGNED_CONTEXT ( ( #14, #2504, #4316 ) ) REPRESENTATION_CONTEXT ( 'NONE', 'WORKASPACE' ) );
#1186 = DIRECTION ( 'NONE',  ( 1.000000000000000000, 0.000000000000000000, 0.000000000000000000 ) ) ;
#1187 = EDGE_CURVE ( 'NONE', #4290, #2223, #4157, .T. ) ;
#1188 = EDGE_CURVE ( 'NONE', #4519, #4342, #6044, .T. ) ;
#1189 = AXIS2_PLACEMENT_3D ( 'NONE', #1209, #4930, #1868 ) ;
#1190 = DIRECTION ( 'NONE',  ( -0.000000000000000000, -0.000000000000000000, -1.000000000000000000 ) ) ;
#1191 = EDGE_LOOP ( 'NONE', ( #6359, #2448, #5444, #6182, #2195 ) ) ;
#1192 = DIRECTION ( 'NONE',  ( 0.000000000000000000, 0.000000000000000000, 1.000000000000000000 ) ) ;
#1193 = DIRECTION ( 'NONE',  ( -0.000000000000000000, -0.000000000000000000, 1.000000000000000000 ) ) ;
#1194 = ORIENTED_EDGE ( 'NONE', *, *, #6312, .F. ) ;
#1195 = ORIENTED_EDGE ( 'NONE', *, *, #4244, .T. ) ;
#1196 = CARTESIAN_POINT ( 'NONE',  ( 7.321067811865490604, 5.621067811865462005, -5.942787793912431837 ) ) ;
#1197 = AXIS2_PLACEMENT_3D ( 'NONE', #3011, #5395, #4063 ) ;
#1198 = DIRECTION ( 'NONE',  ( 1.224646799147353207E-16, 1.000000000000000000, -0.000000000000000000 ) ) ;
#1199 = ADVANCED_FACE ( 'NONE', ( #6119 ), #6677, .F. ) ;
#1200 = AXIS2_PLACEMENT_3D ( 'NONE', #4341, #1315, #3773 ) ;
#1201 = LINE ( 'NONE', #4267, #263 ) ;
#1202 = ORIENTED_EDGE ( 'NONE', *, *, #504, .F. ) ;
#1203 = ORIENTED_EDGE ( 'NONE', *, *, #5900, .F. ) ;
#1204 = DIRECTION ( 'NONE',  ( -0.000000000000000000, -0.000000000000000000, 1.000000000000000000 ) ) ;
#1205 = DIRECTION ( 'NONE',  ( -0.7071067811865459074, 0.7071067811865491270, 0.000000000000000000 ) ) ;
#1206 = DIRECTION ( 'NONE',  ( 1.000000000000000000, 0.000000000000000000, 0.000000000000000000 ) ) ;
#1207 = VECTOR ( 'NONE', #1791, 1000.000000000000000 ) ;
#1208 = PRESENTATION_LAYER_ASSIGNMENT (  '', '', ( #2247 ) ) ;
#1209 = CARTESIAN_POINT ( 'NONE',  ( 0.000000000000000000, 0.000000000000000000, 6.000000000000000000 ) ) ;
#1210 = ORIENTED_EDGE ( 'NONE', *, *, #414, .T. ) ;
#1211 = ORIENTED_EDGE ( 'NONE', *, *, #4680, .T. ) ;
#1212 = PLANE ( 'NONE',  #6919 ) ;
#1213 = CARTESIAN_POINT ( 'NONE',  ( 9.043210973474769432, 7.801083814477471456, -0.02402812255533155056 ) ) ;
#1214 = FACE_OUTER_BOUND ( 'NONE', #1350, .T. ) ;
#1215 = VECTOR ( 'NONE', #7013, 999.9999999999998863 ) ;
#1216 = CIRCLE ( 'NONE', #3022, 8.929979246179014396 ) ;
#1217 = CARTESIAN_POINT ( 'NONE',  ( -0.7500000000000000000, -0.3749999999999997780, 4.466506350946112924 ) ) ;
#1218 = EDGE_CURVE ( 'NONE', #529, #1222, #7885, .T. ) ;
#1219 = EDGE_CURVE ( 'NONE', #4312, #4664, #2357, .T. ) ;
#1220 = DIRECTION ( 'NONE',  ( -1.000000000000000000, 0.000000000000000000, 0.000000000000000000 ) ) ;
#1221 = DIRECTION ( 'NONE',  ( 1.000000000000000000, 0.000000000000000000, 0.000000000000000000 ) ) ;
#1222 = VERTEX_POINT ( 'NONE', #2469 ) ;
#1223 = PLANE ( 'NONE',  #3813 ) ;
#1224 = ORIENTED_EDGE ( 'NONE', *, *, #7595, .F. ) ;
#1225 = FACE_OUTER_BOUND ( 'NONE', #7020, .T. ) ;
#1226 = VERTEX_POINT ( 'NONE', #6000 ) ;
#1227 = ORIENTED_EDGE ( 'NONE', *, *, #2953, .T. ) ;
#1228 = ADVANCED_FACE ( 'NONE', ( #629 ), #7969, .T. ) ;
#1229 = CARTESIAN_POINT ( 'NONE',  ( -9.363970234266195902, 7.000000000000000000, -1.000000000000000000 ) ) ;
#1230 = VECTOR ( 'NONE', #1666, 1000.000000000000000 ) ;
#1231 = CIRCLE ( 'NONE', #224, 1.024999999999999911 ) ;
#1232 = CARTESIAN_POINT ( 'NONE',  ( 12.99544838427358506, -10.16702125952735258, -3.000000000000000000 ) ) ;
#1233 = ORIENTED_EDGE ( 'NONE', *, *, #5534, .T. ) ;
#1234 = DIRECTION ( 'NONE',  ( -1.000000000000000000, -0.000000000000000000, -0.000000000000000000 ) ) ;
#1235 = ORIENTED_EDGE ( 'NONE', *, *, #2781, .T. ) ;
#1236 = VECTOR ( 'NONE', #1391, 1000.000000000000000 ) ;
#1237 = VERTEX_POINT ( 'NONE', #6753 ) ;
#1238 = DIRECTION ( 'NONE',  ( 0.000000000000000000, 0.000000000000000000, 1.000000000000000000 ) ) ;
#1239 = AXIS2_PLACEMENT_3D ( 'NONE', #5636, #672, #1183 ) ;
#1240 = ADVANCED_FACE ( 'NONE', ( #4246 ), #6162, .F. ) ;
#1241 = CARTESIAN_POINT ( 'NONE',  ( 8.521067811865490782, 6.821067811865461294, -5.942787793912431837 ) ) ;
#1242 = CIRCLE ( 'NONE', #5125, 1.299999999999999156 ) ;
#1243 = VECTOR ( 'NONE', #291, 1000.000000000000000 ) ;
#1244 = AXIS2_PLACEMENT_3D ( 'NONE', #624, #17, #4361 ) ;
#1245 = CARTESIAN_POINT ( 'NONE',  ( 0.000000000000000000, 7.000000000000000000, -0.1000000000000000472 ) ) ;
#1246 = ORIENTED_EDGE ( 'NONE', *, *, #6082, .T. ) ;
#1247 = EDGE_LOOP ( 'NONE', ( #137, #3276 ) ) ;
#1248 = VECTOR ( 'NONE', #5284, 1000.000000000000114 ) ;
#1249 = DIRECTION ( 'NONE',  ( -1.000000000000000000, 0.000000000000000000, 0.000000000000000000 ) ) ;
#1250 = VECTOR ( 'NONE', #3625, 1000.000000000000000 ) ;
#1251 = FACE_BOUND ( 'NONE', #5613, .T. ) ;
#1252 = CARTESIAN_POINT ( 'NONE',  ( 0.000000000000000000, 0.000000000000000000, 0.000000000000000000 ) ) ;
#1253 = PLANE ( 'NONE',  #7386 ) ;
#1254 = EDGE_LOOP ( 'NONE', ( #1273, #2328, #6499, #6006 ) ) ;
#1255 = VERTEX_POINT ( 'NONE', #7398 ) ;
#1256 = CARTESIAN_POINT ( 'NONE',  ( 0.6271178757805834225, 2.389716186444294276E-16, -1.902702702702702586 ) ) ;
#1257 = DIRECTION ( 'NONE',  ( -1.000000000000000000, 0.000000000000000000, -0.000000000000000000 ) ) ;
#1258 = DIRECTION ( 'NONE',  ( 1.000000000000000000, 0.000000000000000000, 0.000000000000000000 ) ) ;
#1259 = DIRECTION ( 'NONE',  ( 1.000000000000000000, 0.000000000000000000, 0.000000000000000000 ) ) ;
#1260 = DIRECTION ( 'NONE',  ( -0.000000000000000000, -0.000000000000000000, 1.000000000000000000 ) ) ;
#1261 = DIRECTION ( 'NONE',  ( 0.000000000000000000, 0.000000000000000000, -1.000000000000000000 ) ) ;
#1262 = VERTEX_POINT ( 'NONE', #1875 ) ;
#1263 = EDGE_CURVE ( 'NONE', #5281, #6216, #2482, .T. ) ;
#1264 = CARTESIAN_POINT ( 'NONE',  ( -0.7500000000000000000, -0.5000000000000000000, 4.250000000000001776 ) ) ;
#1265 = ADVANCED_FACE ( 'NONE', ( #5385 ), #3908, .F. ) ;
#1266 = EDGE_LOOP ( 'NONE', ( #5255, #1163 ) ) ;
#1267 = PLANE ( 'NONE',  #3310 ) ;
#1268 = ORIENTED_EDGE ( 'NONE', *, *, #3234, .T. ) ;
#1269 = CARTESIAN_POINT ( 'NONE',  ( 8.907521186990905449, 7.632926252019963442, 0.000000000000000000 ) ) ;
#1270 = PRODUCT_DEFINITION_SHAPE ( 'NONE', 'NONE',  #7976 ) ;
#1271 = CARTESIAN_POINT ( 'NONE',  ( 1.189999999999999947, 0.1199999999999999956, -0.1199999999999999956 ) ) ;
#1272 = EDGE_CURVE ( 'NONE', #3111, #3606, #5422, .T. ) ;
#1273 = ORIENTED_EDGE ( 'NONE', *, *, #3959, .T. ) ;
#1274 = FACE_OUTER_BOUND ( 'NONE', #7230, .T. ) ;
#1275 =( LENGTH_UNIT ( ) NAMED_UNIT ( * ) SI_UNIT ( .MILLI., .METRE. ) );
#1276 = ORIENTED_EDGE ( 'NONE', *, *, #1536, .F. ) ;
#1277 = VECTOR ( 'NONE', #7475, 1000.000000000000000 ) ;
#1278 = ORIENTED_EDGE ( 'NONE', *, *, #7581, .F. ) ;
#1279 = FACE_OUTER_BOUND ( 'NONE', #6458, .T. ) ;
#1280 = VECTOR ( 'NONE', #5969, 1000.000000000000000 ) ;
#1281 =( GEOMETRIC_REPRESENTATION_CONTEXT ( 3 ) GLOBAL_UNCERTAINTY_ASSIGNED_CONTEXT ( ( #1402 ) ) GLOBAL_UNIT_ASSIGNED_CONTEXT ( ( #4793, #520, #2973 ) ) REPRESENTATION_CONTEXT ( 'NONE', 'WORKASPACE' ) );
#1282 = LINE ( 'NONE', #2453, #3696 ) ;
#1283 = AXIS2_PLACEMENT_3D ( 'NONE', #1245, #7343, #4800 ) ;
#1284 = EDGE_CURVE ( 'NONE', #5486, #1474, #1459, .T. ) ;
#1285 = PRESENTATION_LAYER_ASSIGNMENT (  '', '', ( #6836 ) ) ;
#1286 = CARTESIAN_POINT ( 'NONE',  ( 2.223130931616851935, 6.108002035108402339, 2.499999999999999556 ) ) ;
#1287 = ORIENTED_EDGE ( 'NONE', *, *, #274, .F. ) ;
#1288 = ORIENTED_EDGE ( 'NONE', *, *, #7556, .T. ) ;
#1289 = CARTESIAN_POINT ( 'NONE',  ( -1.898202538678397557E-15, -15.50000000000000000, 0.000000000000000000 ) ) ;
#1290 = ADVANCED_BREP_SHAPE_REPRESENTATION ( '', ( #732, #7250 ), #6867 ) ;
#1291 = FACE_OUTER_BOUND ( 'NONE', #2216, .T. ) ;
#1292 = CARTESIAN_POINT ( 'NONE',  ( 0.000000000000000000, 0.000000000000000000, 0.000000000000000000 ) ) ;
#1293 =( NAMED_UNIT ( * ) SI_UNIT ( $, .STERADIAN. ) SOLID_ANGLE_UNIT ( ) );
#1294 = EDGE_CURVE ( 'NONE', #3572, #453, #6613, .T. ) ;
#1295 = CARTESIAN_POINT ( 'NONE',  ( -0.7500000000000000000, -4.824967782649119741, -3.412860710371246498 ) ) ;
#1296 = EDGE_CURVE ( 'NONE', #6817, #153, #824, .T. ) ;
#1297 = VERTEX_POINT ( 'NONE', #542 ) ;
#1298 = CARTESIAN_POINT ( 'NONE',  ( -12.82466541495479895, 9.996238290208570021, -2.946399743125104997 ) ) ;
#1299 = CARTESIAN_POINT ( 'NONE',  ( 9.030661994999324094, 7.797243624132792483, -0.02363076272896623420 ) ) ;
#1300 = DIRECTION ( 'NONE',  ( 0.000000000000000000, 0.000000000000000000, -1.000000000000000000 ) ) ;
#1301 = DIRECTION ( 'NONE',  ( -0.1003315022614176544, 0.000000000000000000, 0.9949540640923917323 ) ) ;
#1302 = CARTESIAN_POINT ( 'NONE',  ( 12.12339375865887270, 7.749999999999872990, -1.599999999999999645 ) ) ;
#1303 = CARTESIAN_POINT ( 'NONE',  ( -0.4948047520287074952, 0.2500000000000000000, 4.250000000000001776 ) ) ;
#1304 = PRODUCT_DEFINITION_FORMATION_WITH_SPECIFIED_SOURCE ( 'ANY', '', #4538, .NOT_KNOWN. ) ;
#1305 = ORIENTED_EDGE ( 'NONE', *, *, #6383, .T. ) ;
#1306 = DIRECTION ( 'NONE',  ( -0.7071067811865483499, 0.7071067811865465735, 0.000000000000000000 ) ) ;
#1307 = ORIENTED_EDGE ( 'NONE', *, *, #6082, .F. ) ;
#1308 = DIRECTION ( 'NONE',  ( 1.000000000000000000, 0.000000000000000000, 0.000000000000000000 ) ) ;
#1309 = ORIENTED_EDGE ( 'NONE', *, *, #2220, .T. ) ;
#1310 = AXIS2_PLACEMENT_3D ( 'NONE', #6802, #3723, #6122 ) ;
#1311 = DIRECTION ( 'NONE',  ( -0.000000000000000000, -0.000000000000000000, -1.000000000000000000 ) ) ;
#1312 = PLANE ( 'NONE',  #3285 ) ;
#1313 = PRODUCT_RELATED_PRODUCT_CATEGORY ( 'part', '', ( #410 ) ) ;
#1314 = EDGE_CURVE ( 'NONE', #2775, #7119, #2961, .T. ) ;
#1315 = DIRECTION ( 'NONE',  ( -0.000000000000000000, -0.000000000000000000, 1.000000000000000000 ) ) ;
#1316 = ORIENTED_EDGE ( 'NONE', *, *, #5489, .T. ) ;
#1317 = DIRECTION ( 'NONE',  ( 0.000000000000000000, 0.000000000000000000, 1.000000000000000000 ) ) ;
#1318 = AXIS2_PLACEMENT_3D ( 'NONE', #4328, #5020, #3118 ) ;
#1319 = PRODUCT_DEFINITION_CONTEXT ( 'detailed design', #6514, 'design' ) ;
#1320 = CARTESIAN_POINT ( 'NONE',  ( -7.750000000000063061, 13.42339375865876505, -0.3500000000000030864 ) ) ;
#1321 = ORIENTED_EDGE ( 'NONE', *, *, #3613, .F. ) ;
#1322 = VERTEX_POINT ( 'NONE', #468 ) ;
#1323 = DIRECTION ( 'NONE',  ( -0.000000000000000000, -0.000000000000000000, 1.000000000000000000 ) ) ;
#1324 = DIRECTION ( 'NONE',  ( -0.7071067811865540120, -0.7071067811865410224, 0.000000000000000000 ) ) ;
#1325 = EDGE_CURVE ( 'NONE', #3327, #691, #1714, .T. ) ;
#1326 = EDGE_CURVE ( 'NONE', #5557, #5486, #4940, .T. ) ;
#1327 = PLANE ( 'NONE',  #5093 ) ;
#1328 = VERTEX_POINT ( 'NONE', #587 ) ;
#1329 = ORIENTED_EDGE ( 'NONE', *, *, #2662, .F. ) ;
#1330 = VECTOR ( 'NONE', #1434, 1000.000000000000000 ) ;
#1331 = CIRCLE ( 'NONE', #1071, 18.50000000000000355 ) ;
#1332 = CARTESIAN_POINT ( 'NONE',  ( -2.716615824122599498, -5.403232569518970685, -3.000000000000000000 ) ) ;
#1333 = CARTESIAN_POINT ( 'NONE',  ( -1.710100716628347062, 4.698463103929539919, 2.499999999999999556 ) ) ;
#1334 = ADVANCED_FACE ( 'NONE', ( #5505 ), #7705, .T. ) ;
#1335 = PRODUCT_CONTEXT ( 'NONE', #5220, 'mechanical' ) ;
#1336 = CIRCLE ( 'NONE', #4556, 0.7999999999999864997 ) ;
#1337 = PLANE ( 'NONE',  #1410 ) ;
#1338 = VERTEX_POINT ( 'NONE', #5143 ) ;
#1339 = LINE ( 'NONE', #4488, #3052 ) ;
#1340 = DIRECTION ( 'NONE',  ( 0.000000000000000000, 0.000000000000000000, 1.000000000000000000 ) ) ;
#1341 = DIRECTION ( 'NONE',  ( -0.000000000000000000, -0.000000000000000000, -1.000000000000000000 ) ) ;
#1342 = AXIS2_PLACEMENT_3D ( 'NONE', #7493, #640, #2409 ) ;
#1343 = FACE_OUTER_BOUND ( 'NONE', #5664, .T. ) ;
#1344 = ADVANCED_FACE ( 'NONE', ( #111 ), #4976, .F. ) ;
#1345 = CARTESIAN_POINT ( 'NONE',  ( -9.087800461161510412, 7.427874048009193153, -0.2617569518782044691 ) ) ;
#1346 = DIRECTION ( 'NONE',  ( 0.000000000000000000, 0.000000000000000000, 1.000000000000000000 ) ) ;
#1347 = AXIS2_PLACEMENT_3D ( 'NONE', #1136, #2955, #5417 ) ;
#1348 = VERTEX_POINT ( 'NONE', #4450 ) ;
#1349 = CARTESIAN_POINT ( 'NONE',  ( -1.966615824122599276, 5.403232569518970685, 2.499999999999999556 ) ) ;
#1350 = EDGE_LOOP ( 'NONE', ( #6350, #1157, #3257, #3737 ) ) ;
#1351 = CARTESIAN_POINT ( 'NONE',  ( 8.499353497574059446, 6.821067811865461294, -3.000000000000000000 ) ) ;
#1352 = ORIENTED_EDGE ( 'NONE', *, *, #2171, .T. ) ;
#1353 = DIRECTION ( 'NONE',  ( 1.000000000000000000, 0.000000000000000000, 0.000000000000000000 ) ) ;
#1354 = LINE ( 'NONE', #1229, #4053 ) ;
#1355 = DIRECTION ( 'NONE',  ( -1.000000000000000000, 0.000000000000000000, 0.000000000000000000 ) ) ;
#1356 = VERTEX_POINT ( 'NONE', #189 ) ;
#1357 = DIRECTION ( 'NONE',  ( -1.000000000000000000, 0.000000000000000000, 0.000000000000000000 ) ) ;
#1358 = DIRECTION ( 'NONE',  ( 0.8152472307392368833, 0.5791130742540746557, 0.000000000000000000 ) ) ;
#1359 = ORIENTED_EDGE ( 'NONE', *, *, #2121, .T. ) ;
#1360 = VERTEX_POINT ( 'NONE', #150 ) ;
#1361 = AXIS2_PLACEMENT_3D ( 'NONE', #3148, #4397, #181 ) ;
#1362 = CARTESIAN_POINT ( 'NONE',  ( 0.000000000000000000, 0.000000000000000000, -2.500000000000000000 ) ) ;
#1363 = DIRECTION ( 'NONE',  ( 1.000000000000000000, 0.000000000000000000, 0.000000000000000000 ) ) ;
#1364 = VECTOR ( 'NONE', #3604, 1000.000000000000000 ) ;
#1365 = AXIS2_PLACEMENT_3D ( 'NONE', #5297, #3519, #2882 ) ;
#1366 = DIRECTION ( 'NONE',  ( -0.000000000000000000, -0.000000000000000000, 1.000000000000000000 ) ) ;
#1367 = DIRECTION ( 'NONE',  ( -0.000000000000000000, -0.000000000000000000, 1.000000000000000000 ) ) ;
#1368 = EDGE_LOOP ( 'NONE', ( #641, #547, #3707, #7068, #5354 ) ) ;
#1369 = EDGE_CURVE ( 'NONE', #591, #2427, #749, .T. ) ;
#1370 = EDGE_LOOP ( 'NONE', ( #4895, #6925, #1147, #4449 ) ) ;
#1371 = AXIS2_PLACEMENT_3D ( 'NONE', #1523, #2767, #156 ) ;
#1372 = ADVANCED_FACE ( 'NONE', ( #5670 ), #7610, .T. ) ;
#1373 = AXIS2_PLACEMENT_3D ( 'NONE', #3272, #330, #7752 ) ;
#1374 = DIRECTION ( 'NONE',  ( 1.000000000000000000, 0.000000000000000000, -0.000000000000000000 ) ) ;
#1375 = VECTOR ( 'NONE', #826, 1000.000000000000000 ) ;
#1376 = FACE_OUTER_BOUND ( 'NONE', #1433, .T. ) ;
#1377 = SHAPE_DEFINITION_REPRESENTATION ( #1696, #5135 ) ;
#1378 = AXIS2_PLACEMENT_3D ( 'NONE', #228, #7605, #6959 ) ;
#1379 = CIRCLE ( 'NONE', #5769, 3.199999999999999734 ) ;
#1380 = AXIS2_PLACEMENT_3D ( 'NONE', #7726, #6554, #7077 ) ;
#1381 = DIRECTION ( 'NONE',  ( 0.000000000000000000, -0.8660254037844381525, 0.5000000000000009992 ) ) ;
#1382 = ORIENTED_EDGE ( 'NONE', *, *, #565, .T. ) ;
#1383 = CARTESIAN_POINT ( 'NONE',  ( -10.16702125952739699, 12.99544838427354243, -2.632568534611627875 ) ) ;
#1384 = CARTESIAN_POINT ( 'NONE',  ( -4.400000000000001243, 0.000000000000000000, -3.000000000000000000 ) ) ;
#1385 = ADVANCED_FACE ( 'NONE', ( #6278 ), #4324, .F. ) ;
#1386 = AXIS2_PLACEMENT_3D ( 'NONE', #7307, #7346, #2335 ) ;
#1387 = CARTESIAN_POINT ( 'NONE',  ( 0.000000000000000000, 0.000000000000000000, 6.000000000000000000 ) ) ;
#1388 = DIRECTION ( 'NONE',  ( 0.9949540640923917323, -0.1003315022614176683, 0.000000000000000000 ) ) ;
#1389 = CARTESIAN_POINT ( 'NONE',  ( -14.22339375865887057, 7.749999999999872990, -0.2250000000000003664 ) ) ;
#1390 = ORIENTED_EDGE ( 'NONE', *, *, #2706, .T. ) ;
#1391 = DIRECTION ( 'NONE',  ( 0.8302011287295827380, 0.5511419257952681061, -0.08371776088029367346 ) ) ;
#1392 = ORIENTED_EDGE ( 'NONE', *, *, #2516, .F. ) ;
#1393 = DIRECTION ( 'NONE',  ( 1.000000000000000000, -0.000000000000000000, 0.000000000000000000 ) ) ;
#1394 = EDGE_CURVE ( 'NONE', #4629, #7034, #4209, .T. ) ;
#1395 = ORIENTED_EDGE ( 'NONE', *, *, #5330, .F. ) ;
#1396 = CARTESIAN_POINT ( 'NONE',  ( -1.966615824122599276, -5.403232569518970685, -3.000000000000000000 ) ) ;
#1397 = DIRECTION ( 'NONE',  ( 0.7071067811865483499, -0.7071067811865465735, 0.000000000000000000 ) ) ;
#1398 = DIRECTION ( 'NONE',  ( -0.7071067811865489050, 0.7071067811865461294, 0.000000000000000000 ) ) ;
#1399 = EDGE_LOOP ( 'NONE', ( #35, #1382, #5172, #6649 ) ) ;
#1400 = DIRECTION ( 'NONE',  ( 0.000000000000000000, 0.000000000000000000, 1.000000000000000000 ) ) ;
#1401 = EDGE_CURVE ( 'NONE', #5758, #2778, #3441, .T. ) ;
#1402 = UNCERTAINTY_MEASURE_WITH_UNIT (LENGTH_MEASURE( 1.000000000000000082E-05 ), #4793, 'distance_accuracy_value', 'NONE');
#1403 = DIRECTION ( 'NONE',  ( -0.000000000000000000, -0.000000000000000000, 1.000000000000000000 ) ) ;
#1404 = ORIENTED_EDGE ( 'NONE', *, *, #2887, .F. ) ;
#1405 = EDGE_LOOP ( 'NONE', ( #1717, #3401 ) ) ;
#1406 = VERTEX_POINT ( 'NONE', #2683 ) ;
#1407 = DIRECTION ( 'NONE',  ( -0.000000000000000000, -0.000000000000000000, 1.000000000000000000 ) ) ;
#1408 = CARTESIAN_POINT ( 'NONE',  ( -11.65997827399141862, 1.447289409857873695E-15, -0.9342020143325648895 ) ) ;
#1409 =( REPRESENTATION_RELATIONSHIP ('NONE','NONE', #5135, #7614 ) REPRESENTATION_RELATIONSHIP_WITH_TRANSFORMATION ( #2300 )SHAPE_REPRESENTATION_RELATIONSHIP( ) );
#1410 = AXIS2_PLACEMENT_3D ( 'NONE', #3794, #3199, #143 ) ;
#1411 = FACE_OUTER_BOUND ( 'NONE', #6685, .T. ) ;
#1412 = PRODUCT_DEFINITION_SHAPE ( 'NONE', 'NONE',  #7978 ) ;
#1413 = DIRECTION ( 'NONE',  ( 0.000000000000000000, 0.000000000000000000, -1.000000000000000000 ) ) ;
#1414 = ORIENTED_EDGE ( 'NONE', *, *, #5992, .T. ) ;
#1415 = ORIENTED_EDGE ( 'NONE', *, *, #440, .T. ) ;
#1416 = AXIS2_PLACEMENT_3D ( 'NONE', #4424, #6892, #1358 ) ;
#1417 = FACE_OUTER_BOUND ( 'NONE', #6013, .T. ) ;
#1418 = TOROIDAL_SURFACE ( 'NONE', #6964, 3.649999999999999911, 0.1000000000000000056 ) ;
#1419 = CARTESIAN_POINT ( 'NONE',  ( 0.000000000000000000, 0.000000000000000000, 6.000000000000000000 ) ) ;
#1420 = DIRECTION ( 'NONE',  ( 0.3956714701368840847, -0.9183921208937481095, 0.000000000000000000 ) ) ;
#1421 = EDGE_CURVE ( 'NONE', #7219, #5758, #7481, .T. ) ;
#1422 = EDGE_CURVE ( 'NONE', #1086, #2862, #2542, .T. ) ;
#1423 = AXIS2_PLACEMENT_3D ( 'NONE', #6850, #1317, #6938 ) ;
#1424 = DIRECTION ( 'NONE',  ( -0.1003315022614172242, 0.9949540640923918433, 3.504040578453097341E-15 ) ) ;
#1425 = ORIENTED_EDGE ( 'NONE', *, *, #3580, .T. ) ;
#1426 = CARTESIAN_POINT ( 'NONE',  ( -6.000000000000000888, 0.000000000000000000, 6.000000000000000000 ) ) ;
#1427 = CARTESIAN_POINT ( 'NONE',  ( -0.7500000000000000000, -0.3750000000000001665, 4.466506350946112924 ) ) ;
#1428 = ORIENTED_EDGE ( 'NONE', *, *, #3734, .T. ) ;
#1429 = DIRECTION ( 'NONE',  ( 0.000000000000000000, 1.000000000000000000, 0.000000000000000000 ) ) ;
#1430 = B_SPLINE_CURVE_WITH_KNOTS ( 'NONE', 3,
 ( #262, #5174, #7036, #1507 ),
 .UNSPECIFIED., .F., .F.,
 ( 4, 4 ),
 ( 0.000000000000000000, 0.0001738885415837145877 ),
 .UNSPECIFIED. ) ;
#1431 = LINE ( 'NONE', #3243, #7772 ) ;
#1432 = ADVANCED_FACE ( 'NONE', ( #1343 ), #5055, .T. ) ;
#1433 = EDGE_LOOP ( 'NONE', ( #4884, #3902, #5427, #6615 ) ) ;
#1434 = DIRECTION ( 'NONE',  ( -0.000000000000000000, -0.000000000000000000, -1.000000000000000000 ) ) ;
#1435 = EDGE_LOOP ( 'NONE', ( #7715, #2254, #1522, #6440, #3590 ) ) ;
#1436 = DIRECTION ( 'NONE',  ( -1.000000000000000000, 0.000000000000000000, -0.000000000000000000 ) ) ;
#1437 = ORIENTED_EDGE ( 'NONE', *, *, #1394, .T. ) ;
#1438 = DIRECTION ( 'NONE',  ( 0.7071067811865483499, -0.7071067811865465735, 0.000000000000000000 ) ) ;
#1439 = VERTEX_POINT ( 'NONE', #6915 ) ;
#1440 = CARTESIAN_POINT ( 'NONE',  ( 0.000000000000000000, 0.000000000000000000, 2.499999999999999556 ) ) ;
#1441 = LINE ( 'NONE', #5224, #76 ) ;
#1442 = ADVANCED_FACE ( 'NONE', ( #7566 ), #3759, .F. ) ;
#1443 = LINE ( 'NONE', #4015, #707 ) ;
#1444 = EDGE_LOOP ( 'NONE', ( #6811, #2523, #1224, #3099 ) ) ;
#1445 = CARTESIAN_POINT ( 'NONE',  ( 0.000000000000000000, 0.000000000000000000, 2.499999999999999556 ) ) ;
#1446 = DIRECTION ( 'NONE',  ( 0.7071067811865474617, 0.000000000000000000, 0.7071067811865475727 ) ) ;
#1447 = ORIENTED_EDGE ( 'NONE', *, *, #4994, .F. ) ;
#1448 = ORIENTED_EDGE ( 'NONE', *, *, #4418, .T. ) ;
#1449 = VERTEX_POINT ( 'NONE', #3439 ) ;
#1450 = DIRECTION ( 'NONE',  ( 0.000000000000000000, 0.000000000000000000, 1.000000000000000000 ) ) ;
#1451 = ADVANCED_FACE ( 'NONE', ( #4492 ), #792, .F. ) ;
#1452 = ADVANCED_FACE ( 'NONE', ( #5098 ), #2039, .F. ) ;
#1453 = VECTOR ( 'NONE', #5184, 1000.000000000000000 ) ;
#1454 = LINE ( 'NONE', #4552, #6617 ) ;
#1455 = CARTESIAN_POINT ( 'NONE',  ( 9.238842190220841744, 7.767187134471027932, 0.000000000000000000 ) ) ;
#1456 = DIRECTION ( 'NONE',  ( -1.000000000000000000, 0.000000000000000000, 0.000000000000000000 ) ) ;
#1457 = EDGE_LOOP ( 'NONE', ( #7780, #6470, #6661, #5752, #6690, #7685, #2877, #960, #3510, #780, #2841 ) ) ;
#1458 = ORIENTED_EDGE ( 'NONE', *, *, #3495, .T. ) ;
#1459 = B_SPLINE_CURVE_WITH_KNOTS ( 'NONE', 3,
 ( #1063, #1100, #2388, #3562, #1754, #4165 ),
 .UNSPECIFIED., .F., .F.,
 ( 4, 2, 4 ),
 ( 0.000000000000000000, 0.0003920463364800297725, 0.0007840926729600595450 ),
 .UNSPECIFIED. ) ;
#1460 = AXIS2_PLACEMENT_3D ( 'NONE', #831, #6321, #5056 ) ;
#1461 = CARTESIAN_POINT ( 'NONE',  ( -6.250000000000000000, 7.000000000000000888, 0.000000000000000000 ) ) ;
#1462 = FACE_OUTER_BOUND ( 'NONE', #5243, .T. ) ;
#1463 =( LENGTH_UNIT ( ) NAMED_UNIT ( * ) SI_UNIT ( .MILLI., .METRE. ) );
#1464 = VECTOR ( 'NONE', #3361, 1000.000000000000000 ) ;
#1465 = FACE_OUTER_BOUND ( 'NONE', #3432, .T. ) ;
#1467 = ORIENTED_EDGE ( 'NONE', *, *, #6602, .T. ) ;
#1466 = AXIS2_PLACEMENT_3D ( 'NONE', #2848, #5300, #7123 ) ;
#1468 = CARTESIAN_POINT ( 'NONE',  ( -1.500000000000000222, -0.2500000000000000000, -4.249999999999998224 ) ) ;
#1469 = CARTESIAN_POINT ( 'NONE',  ( 0.000000000000000000, 0.000000000000000000, 0.000000000000000000 ) ) ;
#1470 = FACE_OUTER_BOUND ( 'NONE', #6084, .T. ) ;
#1471 = CIRCLE ( 'NONE', #4685, 2.099999999999999645 ) ;
#1472 = DIRECTION ( 'NONE',  ( -0.7071067811865535679, -0.7071067811865415775, 0.000000000000000000 ) ) ;
#1473 = DIRECTION ( 'NONE',  ( -0.000000000000000000, -0.000000000000000000, -1.000000000000000000 ) ) ;
#1474 = VERTEX_POINT ( 'NONE', #6355 ) ;
#1475 = LINE ( 'NONE', #2117, #7295 ) ;
#1476 = ORIENTED_EDGE ( 'NONE', *, *, #1498, .F. ) ;
#1477 = DIRECTION ( 'NONE',  ( -0.7071067811865456854, 0.6123724356957956916, -0.3535533905932753962 ) ) ;
#1478 = CIRCLE ( 'NONE', #5079, 6.250000000000000000 ) ;
#1479 = ADVANCED_FACE ( 'NONE', ( #829 ), #5803, .F. ) ;
#1480 = EDGE_CURVE ( 'NONE', #4842, #591, #6164, .T. ) ;
#1481 = LINE ( 'NONE', #884, #4020 ) ;
#1482 = CARTESIAN_POINT ( 'NONE',  ( 10.12798173725390427, 12.95640886200005149, -2.762336163841304426 ) ) ;
#1483 = TOROIDAL_SURFACE ( 'NONE', #2503, 8.929979246179014396, 0.1000000000000000056 ) ;
#1484 = CARTESIAN_POINT ( 'NONE',  ( 0.000000000000000000, 0.000000000000000000, -2.500000000000000000 ) ) ;
#1485 = VERTEX_POINT ( 'NONE', #4566 ) ;
#1486 = LINE ( 'NONE', #807, #7091 ) ;
#1487 = CARTESIAN_POINT ( 'NONE',  ( 0.000000000000000000, 0.2400000000000031553, -0.9099999999999975886 ) ) ;
#1488 = ORIENTED_EDGE ( 'NONE', *, *, #4128, .T. ) ;
#1489 = ORIENTED_EDGE ( 'NONE', *, *, #4027, .T. ) ;
#1490 = EDGE_CURVE ( 'NONE', #1338, #762, #383, .T. ) ;
#1491 = AXIS2_PLACEMENT_3D ( 'NONE', #804, #7534, #4503 ) ;
#1492 = AXIS2_PLACEMENT_3D ( 'NONE', #1938, #4393, #6860 ) ;
#1493 = DIRECTION ( 'NONE',  ( -0.000000000000000000, -0.000000000000000000, 1.000000000000000000 ) ) ;
#1494 = PLANE ( 'NONE',  #58 ) ;
#1495 = CARTESIAN_POINT ( 'NONE',  ( 9.052307170897945454, 7.835944885618018496, 4.592150984565893890E-16 ) ) ;
#1496 = CYLINDRICAL_SURFACE ( 'NONE', #7280, 0.7999999999999917177 ) ;
#1497 = ORIENTED_EDGE ( 'NONE', *, *, #5718, .F. ) ;
#1498 = EDGE_CURVE ( 'NONE', #2537, #6067, #2803, .T. ) ;
#1499 = DIRECTION ( 'NONE',  ( -0.8331258114970212514, 0.5530835219181907680, 0.000000000000000000 ) ) ;
#1500 = DIRECTION ( 'NONE',  ( 1.000000000000000000, 0.000000000000000000, 0.000000000000000000 ) ) ;
#1501 = B_SPLINE_CURVE_WITH_KNOTS ( 'NONE', 3,
 ( #4818, #6565, #1606, #7773 ),
 .UNSPECIFIED., .F., .F.,
 ( 4, 4 ),
 ( 0.000000000000000000, 0.0004183644018367166872 ),
 .UNSPECIFIED. ) ;
#1502 = AXIS2_PLACEMENT_3D ( 'NONE', #7616, #5180, #4617 ) ;
#1503 = AXIS2_PLACEMENT_3D ( 'NONE', #3026, #3069, #7916 ) ;
#1504 = CARTESIAN_POINT ( 'NONE',  ( 1.499999999999999778, 0.2500000000000000000, -4.249999999999998224 ) ) ;
#1505 = ORIENTED_EDGE ( 'NONE', *, *, #4083, .F. ) ;
#1506 = PLANE ( 'NONE',  #1510 ) ;
#1507 = CARTESIAN_POINT ( 'NONE',  ( 0.7499999999999997780, -0.3082200092159082527, 4.410375918188655930 ) ) ;
#1508 = EDGE_CURVE ( 'NONE', #6216, #1037, #7227, .T. ) ;
#1509 = CIRCLE ( 'NONE', #5629, 1.249999999999996669 ) ;
#1510 = AXIS2_PLACEMENT_3D ( 'NONE', #5139, #6870, #3961 ) ;
#1511 = CARTESIAN_POINT ( 'NONE',  ( -1.499999999999999334, -0.3749999999999998890, 4.466506350946112036 ) ) ;
#1512 = VECTOR ( 'NONE', #6806, 1000.000000000000000 ) ;
#1513 = CARTESIAN_POINT ( 'NONE',  ( -15.50000000000000000, 0.000000000000000000, 0.000000000000000000 ) ) ;
#1514 = VECTOR ( 'NONE', #4103, 1000.000000000000000 ) ;
#1515 = CIRCLE ( 'NONE', #4086, 16.00000000000000000 ) ;
#1516 = CIRCLE ( 'NONE', #6030, 0.09999999999999982514 ) ;
#1517 = CYLINDRICAL_SURFACE ( 'NONE', #7907, 3.000000000000000444 ) ;
#1518 = FACE_OUTER_BOUND ( 'NONE', #1033, .T. ) ;
#1519 = ORIENTED_EDGE ( 'NONE', *, *, #7737, .T. ) ;
#1520 = CARTESIAN_POINT ( 'NONE',  ( 8.131727983645316016, -10.96015510839147389, 0.000000000000000000 ) ) ;
#1521 = CIRCLE ( 'NONE', #6034, 3.000000000000000444 ) ;
#1522 = ORIENTED_EDGE ( 'NONE', *, *, #6461, .F. ) ;
#1523 = CARTESIAN_POINT ( 'NONE',  ( -13.42339375865876328, 7.750000000000064837, -1.600000000000000089 ) ) ;
#1524 = VECTOR ( 'NONE', #6695, 1000.000000000000114 ) ;
#1525 = CARTESIAN_POINT ( 'NONE',  ( 6.821067811865489716, 5.621067811865462005, -5.942787793912431837 ) ) ;
#1526 = LINE ( 'NONE', #242, #2643 ) ;
#1527 = ADVANCED_FACE ( 'NONE', ( #1470 ), #4038, .F. ) ;
#1528 = EDGE_CURVE ( 'NONE', #153, #5121, #6513, .T. ) ;
#1529 = LINE ( 'NONE', #959, #5991 ) ;
#1530 = ORIENTED_EDGE ( 'NONE', *, *, #1555, .F. ) ;
#1531 = DIRECTION ( 'NONE',  ( 0.9994875794956965542, 0.03200903675266622561, -5.421010862427493771E-15 ) ) ;
#1532 = CARTESIAN_POINT ( 'NONE',  ( 0.000000000000000000, 0.000000000000000000, 21.50000000000000000 ) ) ;
#1533 = ORIENTED_EDGE ( 'NONE', *, *, #5210, .T. ) ;
#1534 = VERTEX_POINT ( 'NONE', #5795 ) ;
#1535 = CARTESIAN_POINT ( 'NONE',  ( 1.898202538678397163E-15, -15.50000000000000000, 1.734723475976807094E-15 ) ) ;
#1536 = EDGE_CURVE ( 'NONE', #2011, #2435, #3359, .T. ) ;
#1537 = CARTESIAN_POINT ( 'NONE',  ( 0.000000000000000000, 0.000000000000000000, -3.100000000000000089 ) ) ;
#1538 = DIRECTION ( 'NONE',  ( -0.000000000000000000, -0.000000000000000000, 1.000000000000000000 ) ) ;
#1539 = DIRECTION ( 'NONE',  ( 0.000000000000000000, 0.000000000000000000, 1.000000000000000000 ) ) ;
#1540 = ORIENTED_EDGE ( 'NONE', *, *, #2169, .F. ) ;
#1541 = ORIENTED_EDGE ( 'NONE', *, *, #4128, .F. ) ;
#1542 = CARTESIAN_POINT ( 'NONE',  ( 3.849999999999999645, 0.000000000000000000, -3.100000000000000089 ) ) ;
#1543 = CARTESIAN_POINT ( 'NONE',  ( 0.000000000000000000, 0.000000000000000000, -3.000000000000000000 ) ) ;
#1544 = EDGE_CURVE ( 'NONE', #2182, #7039, #4860, .T. ) ;
#1545 = VECTOR ( 'NONE', #558, 1000.000000000000000 ) ;
#1546 = DIRECTION ( 'NONE',  ( 0.000000000000000000, 0.000000000000000000, 1.000000000000000000 ) ) ;
#1547 = EDGE_LOOP ( 'NONE', ( #1194, #371, #2205, #6903 ) ) ;
#1548 = DIRECTION ( 'NONE',  ( -0.000000000000000000, -0.000000000000000000, 1.000000000000000000 ) ) ;
#1549 = DIRECTION ( 'NONE',  ( 0.000000000000000000, 0.000000000000000000, -1.000000000000000000 ) ) ;
#1550 = AXIS2_PLACEMENT_3D ( 'NONE', #5791, #2071, #259 ) ;
#1551 = CARTESIAN_POINT ( 'NONE',  ( 9.505764998351660111, 6.752445863986205055, -0.9342020143325681092 ) ) ;
#1552 = CIRCLE ( 'NONE', #5153, 0.1000000000000005190 ) ;
#1553 = DIRECTION ( 'NONE',  ( -0.000000000000000000, -0.000000000000000000, -1.000000000000000000 ) ) ;
#1554 = ADVANCED_FACE ( 'NONE', ( #3963 ), #979, .F. ) ;
#1555 = EDGE_CURVE ( 'NONE', #5000, #7553, #5209, .T. ) ;
#1556 = CYLINDRICAL_SURFACE ( 'NONE', #1973, 5.400000000000000355 ) ;
#1557 = CARTESIAN_POINT ( 'NONE',  ( 0.000000000000000000, 0.000000000000000000, 20.99999999999999289 ) ) ;
#1558 = VERTEX_POINT ( 'NONE', #338 ) ;
#1559 = DIRECTION ( 'NONE',  ( 1.020425574104004122E-16, 0.000000000000000000, 1.000000000000000000 ) ) ;
#1560 = ORIENTED_EDGE ( 'NONE', *, *, #7693, .F. ) ;
#1561 = CARTESIAN_POINT ( 'NONE',  ( -8.995165520903587009, 7.672449528728850332, -0.05551123416200176575 ) ) ;
#1562 = AXIS2_PLACEMENT_3D ( 'NONE', #5128, #4516, #7592 ) ;
#1563 = CARTESIAN_POINT ( 'NONE',  ( -17.00000000000000000, 2.081899558550500280E-15, -4.000000000000000000 ) ) ;
#1564 = CARTESIAN_POINT ( 'NONE',  ( -1.702988244406250833E-16, -6.773524941164104973, -2.287860710371244277 ) ) ;
#1565 = CARTESIAN_POINT ( 'NONE',  ( -9.335235707365546531, 6.701034901301980540, -0.9342020143325688863 ) ) ;
#1566 = CARTESIAN_POINT ( 'NONE',  ( 0.7499999999999997780, -0.1250000000000011380, 4.899519052838330779 ) ) ;
#1567 = ORIENTED_EDGE ( 'NONE', *, *, #4772, .T. ) ;
#1568 = DIRECTION ( 'NONE',  ( 1.000000000000000000, 0.000000000000000000, 0.000000000000000000 ) ) ;
#1569 = DIRECTION ( 'NONE',  ( -0.000000000000000000, -0.000000000000000000, -1.000000000000000000 ) ) ;
#1570 = ORIENTED_EDGE ( 'NONE', *, *, #2212, .F. ) ;
#1571 = EDGE_CURVE ( 'NONE', #4626, #4647, #1515, .T. ) ;
#1572 = EDGE_CURVE ( 'NONE', #4497, #166, #5917, .T. ) ;
#1573 = DIRECTION ( 'NONE',  ( -0.000000000000000000, -0.000000000000000000, -1.000000000000000000 ) ) ;
#1574 = DIRECTION ( 'NONE',  ( -0.000000000000000000, -0.000000000000000000, -1.000000000000000000 ) ) ;
#1575 = CYLINDRICAL_SURFACE ( 'NONE', #1562, 1.249999999999996669 ) ;
#1576 = PRODUCT_DEFINITION_FORMATION_WITH_SPECIFIED_SOURCE ( 'ANY', '', #7297, .NOT_KNOWN. ) ;
#1577 = LINE ( 'NONE', #2215, #4054 ) ;
#1578 = ORIENTED_EDGE ( 'NONE', *, *, #114, .F. ) ;
#1579 = VERTEX_POINT ( 'NONE', #1632 ) ;
#1580 = ADVANCED_FACE ( 'NONE', ( #3474, #420 ), #2718, .F. ) ;
#1581 = ADVANCED_FACE ( 'NONE', ( #1165 ), #6149, .F. ) ;
#1582 = LINE ( 'NONE', #2101, #94 ) ;
#1583 = CARTESIAN_POINT ( 'NONE',  ( 8.907521186990905449, 7.632926252019963442, 0.000000000000000000 ) ) ;
#1584 = CIRCLE ( 'NONE', #5307, 1.599999999999999867 ) ;
#1585 = ITEM_DEFINED_TRANSFORMATION ( 'NONE', 'NONE', #6490,  #7250 ) ;
#1586 = CARTESIAN_POINT ( 'NONE',  ( -8.994831002702779799, 7.715616826059057409, -0.04294331179451844893 ) ) ;
#1587 = ORIENTED_EDGE ( 'NONE', *, *, #6669, .T. ) ;
#1588 = CARTESIAN_POINT ( 'NONE',  ( 0.000000000000000000, 0.000000000000000000, 6.000000000000000000 ) ) ;
#1589 = CIRCLE ( 'NONE', #429, 1.600000000000000755 ) ;
#1590 = ORIENTED_EDGE ( 'NONE', *, *, #1961, .F. ) ;
#1591 = VERTEX_POINT ( 'NONE', #2305 ) ;
#1592 = EDGE_CURVE ( 'NONE', #8, #2207, #1826, .T. ) ;
#1593 = CARTESIAN_POINT ( 'NONE',  ( 9.104102949905975350, 7.396197917684245837, -0.2910968903979821998 ) ) ;
#1594 = AXIS2_PLACEMENT_3D ( 'NONE', #385, #3478, #5334 ) ;
#1595 = ORIENTED_EDGE ( 'NONE', *, *, #7597, .F. ) ;
#1596 = DIRECTION ( 'NONE',  ( 0.000000000000000000, 0.000000000000000000, -1.000000000000000000 ) ) ;
#1597 = DIRECTION ( 'NONE',  ( 0.000000000000000000, 0.000000000000000000, -1.000000000000000000 ) ) ;
#1598 = EDGE_LOOP ( 'NONE', ( #5357, #5703, #3089, #5075 ) ) ;
#1599 = DIRECTION ( 'NONE',  ( 0.000000000000000000, 1.000000000000000000, 1.224646799147353207E-16 ) ) ;
#1600 = VERTEX_POINT ( 'NONE', #619 ) ;
#1601 = CARTESIAN_POINT ( 'NONE',  ( 12.99544838427358506, 10.16702125952734903, -2.500000000000000000 ) ) ;
#1602 = ADVANCED_FACE ( 'NONE', ( #4155 ), #4272, .T. ) ;
#1603 = CIRCLE ( 'NONE', #7657, 16.00000000000000000 ) ;
#1604 = AXIS2_PLACEMENT_3D ( 'NONE', #2349, #2925, #6632 ) ;
#1605 = DIRECTION ( 'NONE',  ( 1.000000000000000000, 0.000000000000000000, 0.000000000000000000 ) ) ;
#1606 = CARTESIAN_POINT ( 'NONE',  ( 9.272826291622902062, 6.900624045373605853, -0.7495840756679154060 ) ) ;
#1607 = CARTESIAN_POINT ( 'NONE',  ( -3.000000000000000444, 3.673940397442060361E-16, -4.000000000000003553 ) ) ;
#1608 = CIRCLE ( 'NONE', #5735, 1.449999999999999956 ) ;
#1609 = ORIENTED_EDGE ( 'NONE', *, *, #4299, .T. ) ;
#1610 = DIRECTION ( 'NONE',  ( -0.000000000000000000, -0.000000000000000000, 1.000000000000000000 ) ) ;
#1611 = ORIENTED_EDGE ( 'NONE', *, *, #3885, .F. ) ;
#1612 = CARTESIAN_POINT ( 'NONE',  ( 0.000000000000000000, 0.000000000000000000, -29.00000000000000000 ) ) ;
#1613 = VERTEX_POINT ( 'NONE', #1672 ) ;
#1614 = CIRCLE ( 'NONE', #1085, 16.50000000000000000 ) ;
#1615 = DIRECTION ( 'NONE',  ( 0.8302011287295827380, 0.08371776088029174445, 0.5511419257952684392 ) ) ;
#1616 = DIRECTION ( 'NONE',  ( 1.000000000000000000, 0.000000000000000000, 0.000000000000000000 ) ) ;
#1617 = CARTESIAN_POINT ( 'NONE',  ( -12.12339375865876434, 7.750000000000064837, 0.000000000000000000 ) ) ;
#1618 = CONICAL_SURFACE ( 'NONE', #4961, 9.363970234266195902, 0.3490658503988721129 ) ;
#1619 = CARTESIAN_POINT ( 'NONE',  ( 0.01778144479759515700, 0.2382069131296533915, 0.2382069131296536413 ) ) ;
#1620 = EDGE_LOOP ( 'NONE', ( #6890, #3446, #119, #7060 ) ) ;
#1621 = ORIENTED_EDGE ( 'NONE', *, *, #6391, .F. ) ;
#1622 = AXIS2_PLACEMENT_3D ( 'NONE', #6989, #3746, #5611 ) ;
#1623 = DIRECTION ( 'NONE',  ( -0.000000000000000000, -0.000000000000000000, 1.000000000000000000 ) ) ;
#1624 = FACE_OUTER_BOUND ( 'NONE', #4774, .T. ) ;
#1625 = ITEM_DEFINED_TRANSFORMATION ( 'NONE', 'NONE', #179,  #7250 ) ;
#1626 = EDGE_CURVE ( 'NONE', #4944, #3073, #3668, .T. ) ;
#1627 = EDGE_CURVE ( 'NONE', #1108, #2172, #3070, .T. ) ;
#1628 = DIRECTION ( 'NONE',  ( -0.000000000000000000, 0.000000000000000000, -1.000000000000000000 ) ) ;
#1629 = ORIENTED_EDGE ( 'NONE', *, *, #1697, .F. ) ;
#1630 = FACE_OUTER_BOUND ( 'NONE', #7405, .T. ) ;
#1631 = VERTEX_POINT ( 'NONE', #7801 ) ;
#1632 = CARTESIAN_POINT ( 'NONE',  ( -1.499999999999999334, -0.3750000000000001665, 4.466506350946112036 ) ) ;
#1633 = CONICAL_SURFACE ( 'NONE', #3038, 5.499999999999996447, 0.7853981633974473908 ) ;
#1634 = CIRCLE ( 'NONE', #2389, 11.56600901191282738 ) ;
#1635 = EDGE_LOOP ( 'NONE', ( #1560, #4525, #1851 ) ) ;
#1636 = EDGE_CURVE ( 'NONE', #70, #5801, #571, .T. ) ;
#1637 = DIRECTION ( 'NONE',  ( -0.000000000000000000, -0.000000000000000000, -1.000000000000000000 ) ) ;
#1638 = DIRECTION ( 'NONE',  ( -0.000000000000000000, -0.000000000000000000, -1.000000000000000000 ) ) ;
#1639 = VERTEX_POINT ( 'NONE', #2337 ) ;
#1640 = CARTESIAN_POINT ( 'NONE',  ( 0.8200840350970416415, 0.000000000000000000, 0.000000000000000000 ) ) ;
#1641 = EDGE_LOOP ( 'NONE', ( #7758, #5131, #2964, #3142 ) ) ;
#1642 = CARTESIAN_POINT ( 'NONE',  ( 12.82493446802312498, 9.996507343276894275, -2.946155535554994653 ) ) ;
#1643 = AXIS2_PLACEMENT_3D ( 'NONE', #6638, #3414, #5931 ) ;
#1644 = DIRECTION ( 'NONE',  ( -0.000000000000000000, -1.000000000000000000, 0.000000000000000000 ) ) ;
#1645 = AXIS2_PLACEMENT_3D ( 'NONE', #3511, #3591, #498 ) ;
#1646 = CARTESIAN_POINT ( 'NONE',  ( -11.32339375865876363, 7.750000000000064837, 0.000000000000000000 ) ) ;
#1647 = VECTOR ( 'NONE', #3673, 1000.000000000000000 ) ;
#1648 = CIRCLE ( 'NONE', #2544, 1.599999999999999867 ) ;
#1649 = ADVANCED_FACE ( 'NONE', ( #6622 ), #3028, .T. ) ;
#1650 = ORIENTED_EDGE ( 'NONE', *, *, #5889, .T. ) ;
#1651 = DIRECTION ( 'NONE',  ( 1.000000000000000000, 0.000000000000000000, 0.000000000000000000 ) ) ;
#1652 = VECTOR ( 'NONE', #6305, 1000.000000000000000 ) ;
#1653 = ORIENTED_EDGE ( 'NONE', *, *, #7196, .F. ) ;
#1654 = DIRECTION ( 'NONE',  ( 0.000000000000000000, 0.000000000000000000, -1.000000000000000000 ) ) ;
#1655 = AXIS2_PLACEMENT_3D ( 'NONE', #6837, #2596, #4407 ) ;
#1656 = ORIENTED_EDGE ( 'NONE', *, *, #4575, .F. ) ;
#1657 = FACE_BOUND ( 'NONE', #701, .T. ) ;
#1658 = ADVANCED_FACE ( 'NONE', ( #6590 ), #6740, .F. ) ;
#1659 = CARTESIAN_POINT ( 'NONE',  ( 12.39839375865876292, 7.750000000000064837, 1.734723475976807094E-15 ) ) ;
#1660 = DIRECTION ( 'NONE',  ( -0.000000000000000000, -0.000000000000000000, -1.000000000000000000 ) ) ;
#1661 = SURFACE_SIDE_STYLE ('',( #5939 ) ) ;
#1662 = EDGE_LOOP ( 'NONE', ( #4249, #7892, #6478, #7235 ) ) ;
#1663 = EDGE_LOOP ( 'NONE', ( #7807, #4913, #7254, #3642 ) ) ;
#1664 = AXIS2_PLACEMENT_3D ( 'NONE', #541, #6714, #3077 ) ;
#1665 = DIRECTION ( 'NONE',  ( -0.000000000000000000, -0.000000000000000000, 1.000000000000000000 ) ) ;
#1666 = DIRECTION ( 'NONE',  ( 0.000000000000000000, -0.8660254037844380415, 0.5000000000000009992 ) ) ;
#1667 = ITEM_DEFINED_TRANSFORMATION ( 'NONE', 'NONE', #5065,  #7250 ) ;
#1668 = CARTESIAN_POINT ( 'NONE',  ( -9.108728704949687227, 7.774573070312435163, -0.03945444448544836724 ) ) ;
#1669 = EDGE_LOOP ( 'NONE', ( #971, #669 ) ) ;
#1670 = FACE_OUTER_BOUND ( 'NONE', #2766, .T. ) ;
#1671 = ORIENTED_EDGE ( 'NONE', *, *, #7626, .F. ) ;
#1672 = CARTESIAN_POINT ( 'NONE',  ( -2.100000000000001421, -15.50000000000000000, 0.000000000000000000 ) ) ;
#1673 = PRODUCT_RELATED_PRODUCT_CATEGORY ( 'part', '', ( #6933 ) ) ;
#1674 = EDGE_CURVE ( 'NONE', #2198, #283, #7175, .T. ) ;
#1675 =( REPRESENTATION_RELATIONSHIP ('NONE','NONE', #5135, #4871 ) REPRESENTATION_RELATIONSHIP_WITH_TRANSFORMATION ( #5867 )SHAPE_REPRESENTATION_RELATIONSHIP( ) );
#1676 = ORIENTED_EDGE ( 'NONE', *, *, #7470, .T. ) ;
#1677 = LINE ( 'NONE', #7728, #2751 ) ;
#1678 = DIRECTION ( 'NONE',  ( -0.8660254037844377084, -0.5000000000000017764, 0.000000000000000000 ) ) ;
#1679 = EDGE_LOOP ( 'NONE', ( #514, #248, #4718, #1567 ) ) ;
#1680 = CARTESIAN_POINT ( 'NONE',  ( 10.96015510839150231, 8.131727983645278712, 0.000000000000000000 ) ) ;
#1681 = DIRECTION ( 'NONE',  ( 0.000000000000000000, 0.000000000000000000, -1.000000000000000000 ) ) ;
#1682 = AXIS2_PLACEMENT_3D ( 'NONE', #5118, #4344, #5602 ) ;
#1683 = FACE_BOUND ( 'NONE', #3095, .T. ) ;
#1684 = EDGE_CURVE ( 'NONE', #186, #486, #6021, .T. ) ;
#1685 = CARTESIAN_POINT ( 'NONE',  ( 13.42339375865887163, 7.749999999999872990, 0.000000000000000000 ) ) ;
#1686 = EDGE_LOOP ( 'NONE', ( #1088, #3529, #6050, #396 ) ) ;
#1687 = ORIENTED_EDGE ( 'NONE', *, *, #2995, .F. ) ;
#1688 = FACE_OUTER_BOUND ( 'NONE', #7008, .T. ) ;
#1689 = ORIENTED_EDGE ( 'NONE', *, *, #4196, .F. ) ;
#1690 = EDGE_CURVE ( 'NONE', #3912, #4290, #5990, .T. ) ;
#1691 = CARTESIAN_POINT ( 'NONE',  ( 9.429156817667474044, 6.698027035738491008, -0.9000000000000003553 ) ) ;
#1692 = DIRECTION ( 'NONE',  ( 1.000000000000000000, 0.000000000000000000, 0.000000000000000000 ) ) ;
#1693 = DIRECTION ( 'NONE',  ( 1.000000000000000000, 0.000000000000000000, 0.000000000000000000 ) ) ;
#1694 = EDGE_LOOP ( 'NONE', ( #7891, #6970, #3865, #1043 ) ) ;
#1695 = ORIENTED_EDGE ( 'NONE', *, *, #2263, .F. ) ;
#1696 = PRODUCT_DEFINITION_SHAPE ( 'NONE', 'NONE',  #6213 ) ;
#1697 = EDGE_CURVE ( 'NONE', #6519, #7375, #532, .T. ) ;
#1698 = LINE ( 'NONE', #490, #883 ) ;
#1699 = DIRECTION ( 'NONE',  ( 0.000000000000000000, 0.000000000000000000, 1.000000000000000000 ) ) ;
#1700 = CONTEXT_DEPENDENT_SHAPE_REPRESENTATION ( #1825, #5669 ) ;
#1701 = CARTESIAN_POINT ( 'NONE',  ( 9.350000000000155964, -13.42339375865870998, 0.000000000000000000 ) ) ;
#1702 = ORIENTED_EDGE ( 'NONE', *, *, #2255, .F. ) ;
#1703 = CARTESIAN_POINT ( 'NONE',  ( -1.500000000000000222, 0.2500000000000000000, -4.249999999999998224 ) ) ;
#1704 = ORIENTED_EDGE ( 'NONE', *, *, #5609, .T. ) ;
#1705 = DIRECTION ( 'NONE',  ( -1.000000000000000000, 0.000000000000000000, 0.000000000000000000 ) ) ;
#1706 =( NAMED_UNIT ( * ) PLANE_ANGLE_UNIT ( ) SI_UNIT ( $, .RADIAN. ) );
#1707 = FACE_OUTER_BOUND ( 'NONE', #3363, .T. ) ;
#1708 = AXIS2_PLACEMENT_3D ( 'NONE', #2726, #2815, #200 ) ;
#1709 = DIRECTION ( 'NONE',  ( 0.000000000000000000, 0.000000000000000000, 1.000000000000000000 ) ) ;
#1710 = EDGE_LOOP ( 'NONE', ( #4955, #7074, #1884, #6167 ) ) ;
#1711 = DIRECTION ( 'NONE',  ( 0.000000000000000000, 0.000000000000000000, 1.000000000000000000 ) ) ;
#1712 = CARTESIAN_POINT ( 'NONE',  ( -9.052244913259450243, 7.835942010432148663, 4.318086741727664368E-16 ) ) ;
#1713 = CARTESIAN_POINT ( 'NONE',  ( -16.50000000000000355, 2.020667218593133494E-15, -19.50000000000000000 ) ) ;
#1714 = LINE ( 'NONE', #4858, #2878 ) ;
#1715 =( GEOMETRIC_REPRESENTATION_CONTEXT ( 3 ) GLOBAL_UNCERTAINTY_ASSIGNED_CONTEXT ( ( #209 ) ) GLOBAL_UNIT_ASSIGNED_CONTEXT ( ( #4807, #7760, #7727 ) ) REPRESENTATION_CONTEXT ( 'NONE', 'WORKASPACE' ) );
#1716 = CYLINDRICAL_SURFACE ( 'NONE', #3503, 3.000000000000000444 ) ;
#1717 = ORIENTED_EDGE ( 'NONE', *, *, #3937, .T. ) ;
#1718 = EDGE_CURVE ( 'NONE', #5302, #837, #6154, .T. ) ;
#1719 = SURFACE_SIDE_STYLE ('',( #2206 ) ) ;
#1720 = EDGE_CURVE ( 'NONE', #5497, #4788, #7047, .T. ) ;
#1721 = ORIENTED_EDGE ( 'NONE', *, *, #5502, .F. ) ;
#1722 = PLANE ( 'NONE',  #909 ) ;
#1723 = CIRCLE ( 'NONE', #1979, 3.000000000000000444 ) ;
#1724 = AXIS2_PLACEMENT_3D ( 'NONE', #5078, #2619, #2885 ) ;
#1725 = B_SPLINE_CURVE_WITH_KNOTS ( 'NONE', 3,
 ( #6287, #2724, #2046, #7618 ),
 .UNSPECIFIED., .F., .F.,
 ( 4, 4 ),
 ( 9.087270115126198140E-19, 0.0001738551921623758502 ),
 .UNSPECIFIED. ) ;
#1726 = ORIENTED_EDGE ( 'NONE', *, *, #4739, .T. ) ;
#1727 = CARTESIAN_POINT ( 'NONE',  ( 1.600000000000000755, 0.000000000000000000, 2.000000000000000000 ) ) ;
#1728 = VECTOR ( 'NONE', #5859, 1000.000000000000114 ) ;
#1729 = CARTESIAN_POINT ( 'NONE',  ( -5.656854249492404563, -10.60660171779820438, -3.000000000000000000 ) ) ;
#1730 = ADVANCED_FACE ( 'NONE', ( #5450 ), #7917, .F. ) ;
#1731 = DIRECTION ( 'NONE',  ( -1.000000000000000000, 0.000000000000000000, 0.000000000000000000 ) ) ;
#1732 = CARTESIAN_POINT ( 'NONE',  ( -3.000000000000000444, 3.673940397442060361E-16, -19.50000000000000000 ) ) ;
#1733 = ORIENTED_EDGE ( 'NONE', *, *, #5415, .F. ) ;
#1734 = ORIENTED_EDGE ( 'NONE', *, *, #3844, .T. ) ;
#1735 = CIRCLE ( 'NONE', #6888, 5.499999999999996447 ) ;
#1736 = DIRECTION ( 'NONE',  ( 1.000000000000000000, 0.000000000000000000, 0.000000000000000000 ) ) ;
#1737 = CARTESIAN_POINT ( 'NONE',  ( 17.00000000000000000, 0.000000000000000000, 0.000000000000000000 ) ) ;
#1738 = AXIS2_PLACEMENT_3D ( 'NONE', #7583, #3934, #3332 ) ;
#1739 = EDGE_CURVE ( 'NONE', #789, #2412, #4590, .T. ) ;
#1740 = CARTESIAN_POINT ( 'NONE',  ( 1.500000000000000666, 0.2500000000000000000, 4.250000000000001776 ) ) ;
#1741 = VERTEX_POINT ( 'NONE', #2421 ) ;
#1742 = DIRECTION ( 'NONE',  ( -1.000000000000000000, 1.224646799147349509E-16, 0.000000000000000000 ) ) ;
#1743 = VERTEX_POINT ( 'NONE', #3750 ) ;
#1744 = DIRECTION ( 'NONE',  ( 0.000000000000000000, 0.000000000000000000, 1.000000000000000000 ) ) ;
#1745 = LINE ( 'NONE', #4273, #3568 ) ;
#1746 =( GEOMETRIC_REPRESENTATION_CONTEXT ( 3 ) GLOBAL_UNCERTAINTY_ASSIGNED_CONTEXT ( ( #1078 ) ) GLOBAL_UNIT_ASSIGNED_CONTEXT ( ( #643, #2295, #4222 ) ) REPRESENTATION_CONTEXT ( 'NONE', 'WORKASPACE' ) );
#1747 = DIRECTION ( 'NONE',  ( 0.000000000000000000, 0.000000000000000000, 1.000000000000000000 ) ) ;
#1748 = LINE ( 'NONE', #4198, #1207 ) ;
#1749 = ORIENTED_EDGE ( 'NONE', *, *, #3270, .F. ) ;
#1750 = CARTESIAN_POINT ( 'NONE',  ( 2.500000000000000444, -1.658312395177699905, 20.99999999999999289 ) ) ;
#1751 = CARTESIAN_POINT ( 'NONE',  ( -12.12339375865876434, 7.750000000000064837, -1.599999999999999867 ) ) ;
#1752 = CARTESIAN_POINT ( 'NONE',  ( 4.676537180435965446, 2.700000000000006839, 2.499999999999999556 ) ) ;
#1753 = VECTOR ( 'NONE', #5267, 1000.000000000000000 ) ;
#1754 = CARTESIAN_POINT ( 'NONE',  ( 12.99544838427358506, -10.16702125952735436, -2.632586449637394743 ) ) ;
#1755 = VECTOR ( 'NONE', #1058, 1000.000000000000114 ) ;
#1756 = CARTESIAN_POINT ( 'NONE',  ( 0.000000000000000000, 0.000000000000000000, 21.50000000000000000 ) ) ;
#1757 = VECTOR ( 'NONE', #6719, 1000.000000000000000 ) ;
#1758 = DIRECTION ( 'NONE',  ( 0.7071067811865489050, -0.7071067811865461294, 0.000000000000000000 ) ) ;
#1759 = ORIENTED_EDGE ( 'NONE', *, *, #2558, .T. ) ;
#1760 = CARTESIAN_POINT ( 'NONE',  ( -1.500000000000000222, -12.50000000000000000, 2.499999999999999556 ) ) ;
#1761 = CIRCLE ( 'NONE', #5899, 1.299999999999997380 ) ;
#1762 = ORIENTED_EDGE ( 'NONE', *, *, #6799, .T. ) ;
#1763 = DIRECTION ( 'NONE',  ( -0.7071067811865483499, 0.7071067811865465735, 0.000000000000000000 ) ) ;
#1764 = ORIENTED_EDGE ( 'NONE', *, *, #6090, .T. ) ;
#1765 = VECTOR ( 'NONE', #2951, 1000.000000000000000 ) ;
#1766 = AXIS2_PLACEMENT_3D ( 'NONE', #7679, #2148, #4609 ) ;
#1767 = CARTESIAN_POINT ( 'NONE',  ( 7.750000000000157208, -13.42339375865870998, -4.000000000000000000 ) ) ;
#1768 = ADVANCED_FACE ( 'NONE', ( #1417 ), #7950, .T. ) ;
#1769 = AXIS2_PLACEMENT_3D ( 'NONE', #7838, #6434, #336 ) ;
#1770 = EDGE_CURVE ( 'NONE', #1237, #70, #3186, .T. ) ;
#1771 = AXIS2_PLACEMENT_3D ( 'NONE', #7061, #3871, #5193 ) ;
#1772 = AXIS2_PLACEMENT_3D ( 'NONE', #708, #2514, #1259 ) ;
#1773 = CARTESIAN_POINT ( 'NONE',  ( 9.238842190220072581, 7.767187134470160181, -0.09999999999999996392 ) ) ;
#1774 = DIRECTION ( 'NONE',  ( -1.000000000000000000, 0.000000000000000000, 0.000000000000000000 ) ) ;
#1775 = EDGE_LOOP ( 'NONE', ( #4075, #2136, #3803, #3415 ) ) ;
#1776 = EDGE_LOOP ( 'NONE', ( #3823, #881, #3135, #2616 ) ) ;
#1777 = AXIS2_PLACEMENT_3D ( 'NONE', #2500, #1087, #4802 ) ;
#1778 = VECTOR ( 'NONE', #411, 999.9999999999998863 ) ;
#1779 = DIRECTION ( 'NONE',  ( 1.000000000000000000, 0.000000000000000000, -0.000000000000000000 ) ) ;
#1780 = PLANE ( 'NONE',  #4579 ) ;
#1781 = ADVANCED_FACE ( 'NONE', ( #4484 ), #5532, .T. ) ;
#1782 = CYLINDRICAL_SURFACE ( 'NONE', #5807, 4.400000000000001243 ) ;
#1783 = EDGE_LOOP ( 'NONE', ( #1235, #7079 ) ) ;
#1784 = VERTEX_POINT ( 'NONE', #5047 ) ;
#1785 = DIRECTION ( 'NONE',  ( 0.000000000000000000, 0.000000000000000000, 1.000000000000000000 ) ) ;
#1786 = ADVANCED_BREP_SHAPE_REPRESENTATION ( '', ( #583, #7250 ), #2614 ) ;
#1787 = CARTESIAN_POINT ( 'NONE',  ( 13.42339375865876328, 7.750000000000064837, -4.000000000000003553 ) ) ;
#1788 = LINE ( 'NONE', #3712, #4602 ) ;
#1789 = ADVANCED_FACE ( 'NONE', ( #1291 ), #6190, .F. ) ;
#1790 = CARTESIAN_POINT ( 'NONE',  ( 12.99544838427358506, 10.16702125952734903, -3.000000000000000000 ) ) ;
#1791 = DIRECTION ( 'NONE',  ( -0.000000000000000000, -0.000000000000000000, -1.000000000000000000 ) ) ;
#1792 = ORIENTED_EDGE ( 'NONE', *, *, #1932, .T. ) ;
#1793 = CARTESIAN_POINT ( 'NONE',  ( -10.16702125952739877, 12.99544838427354954, 0.000000000000000000 ) ) ;
#1794 = CARTESIAN_POINT ( 'NONE',  ( -14.25000000000000355, 0.000000000000000000, -4.000000000000000000 ) ) ;
#1795 = CARTESIAN_POINT ( 'NONE',  ( 0.000000000000000000, 0.000000000000000000, -4.000000000000003553 ) ) ;
#1796 = CARTESIAN_POINT ( 'NONE',  ( 0.000000000000000000, 0.000000000000000000, -3.000000000000000000 ) ) ;
#1797 = EDGE_CURVE ( 'NONE', #5891, #418, #4199, .T. ) ;
#1798 = ADVANCED_FACE ( 'NONE', ( #1942, #5088, #3232, #5701, #1251, #4439, #5615, #2027, #7471, #1981, #6826 ), #7429, .F. ) ;
#1799 = CARTESIAN_POINT ( 'NONE',  ( -2.716615824122599498, -5.403232569518970685, 2.499999999999999556 ) ) ;
#1800 = DIRECTION ( 'NONE',  ( 1.000000000000000000, 0.000000000000000000, 0.000000000000000000 ) ) ;
#1801 = ORIENTED_EDGE ( 'NONE', *, *, #3851, .T. ) ;
#1802 = DIRECTION ( 'NONE',  ( 1.000000000000000000, 0.000000000000000000, 0.000000000000000000 ) ) ;
#1803 = ORIENTED_EDGE ( 'NONE', *, *, #4244, .F. ) ;
#1804 = CARTESIAN_POINT ( 'NONE',  ( 7.749999999999968914, 13.42339375865881657, 0.000000000000000000 ) ) ;
#1805 = ORIENTED_EDGE ( 'NONE', *, *, #373, .F. ) ;
#1806 = ORIENTED_EDGE ( 'NONE', *, *, #5141, .F. ) ;
#1807 = EDGE_CURVE ( 'NONE', #5336, #3825, #54, .T. ) ;
#1808 = FACE_OUTER_BOUND ( 'NONE', #7127, .T. ) ;
#1809 = VECTOR ( 'NONE', #2696, 1000.000000000000000 ) ;
#1810 = CARTESIAN_POINT ( 'NONE',  ( -1.966615824122599276, 5.403232569518970685, -3.000000000000000000 ) ) ;
#1811 = ORIENTED_EDGE ( 'NONE', *, *, #2405, .T. ) ;
#1812 = CARTESIAN_POINT ( 'NONE',  ( 0.7499999999999997780, -0.5000000000000000000, 4.250000000000001776 ) ) ;
#1813 = UNCERTAINTY_MEASURE_WITH_UNIT (LENGTH_MEASURE( 1.000000000000000082E-05 ), #4693, 'distance_accuracy_value', 'NONE');
#1814 = DIRECTION ( 'NONE',  ( 1.000000000000000000, 0.000000000000000000, 0.000000000000000000 ) ) ;
#1815 = ORIENTED_EDGE ( 'NONE', *, *, #6816, .F. ) ;
#1816 = ORIENTED_EDGE ( 'NONE', *, *, #6437, .T. ) ;
#1817 = EDGE_CURVE ( 'NONE', #2950, #1079, #5901, .T. ) ;
#1818 = DIRECTION ( 'NONE',  ( 0.000000000000000000, 0.000000000000000000, 1.000000000000000000 ) ) ;
#1819 = DIRECTION ( 'NONE',  ( 0.5530835219181907680, 0.8331258114970213624, 0.000000000000000000 ) ) ;
#1820 = ORIENTED_EDGE ( 'NONE', *, *, #5547, .T. ) ;
#1821 = EDGE_CURVE ( 'NONE', #3665, #196, #740, .T. ) ;
#1822 = VERTEX_POINT ( 'NONE', #3108 ) ;
#1823 = DIRECTION ( 'NONE',  ( 1.000000000000000000, 0.000000000000000000, 0.000000000000000000 ) ) ;
#1824 = EDGE_CURVE ( 'NONE', #5025, #7129, #4851, .T. ) ;
#1825 =( REPRESENTATION_RELATIONSHIP ('NONE','NONE', #5135, #7911 ) REPRESENTATION_RELATIONSHIP_WITH_TRANSFORMATION ( #7225 )SHAPE_REPRESENTATION_RELATIONSHIP( ) );
#1826 = LINE ( 'NONE', #4770, #4737 ) ;
#1827 = DIRECTION ( 'NONE',  ( -0.000000000000000000, -0.000000000000000000, -1.000000000000000000 ) ) ;
#1828 = CARTESIAN_POINT ( 'NONE',  ( 0.000000000000000000, 0.000000000000000000, 0.000000000000000000 ) ) ;
#1829 = DIRECTION ( 'NONE',  ( 1.000000000000000000, 0.000000000000000000, 0.000000000000000000 ) ) ;
#1830 = EDGE_LOOP ( 'NONE', ( #5988, #7365, #1106, #7104 ) ) ;
#1831 = EDGE_LOOP ( 'NONE', ( #726, #3570, #244, #218 ) ) ;
#1832 = CARTESIAN_POINT ( 'NONE',  ( 0.000000000000000000, 0.000000000000000000, 0.000000000000000000 ) ) ;
#1833 = CARTESIAN_POINT ( 'NONE',  ( 9.117945194258012975, 7.765832302477596372, -0.04305477501179832966 ) ) ;
#1834 = EDGE_CURVE ( 'NONE', #2273, #1328, #5237, .T. ) ;
#1835 = DIRECTION ( 'NONE',  ( -0.000000000000000000, -0.000000000000000000, 1.000000000000000000 ) ) ;
#1836 = SHAPE_REPRESENTATION ( 'pan cross head_am_B18.6.7M - M2 x 0.4 x 25 Type I Cross Recessed PHMS --25N', ( #7250 ), #6867 ) ;
#1837 = CARTESIAN_POINT ( 'NONE',  ( 0.000000000000000000, 0.000000000000000000, -3.000000000000000000 ) ) ;
#1838 = DIRECTION ( 'NONE',  ( -1.020425574104004122E-16, 0.000000000000000000, -1.000000000000000000 ) ) ;
#1839 = DIRECTION ( 'NONE',  ( 0.000000000000000000, 0.000000000000000000, 1.000000000000000000 ) ) ;
#1840 = VERTEX_POINT ( 'NONE', #1332 ) ;
#1841 = CARTESIAN_POINT ( 'NONE',  ( 3.000000000000000444, 3.673940397442060361E-16, 9.499999999999998224 ) ) ;
#1842 = ORIENTED_EDGE ( 'NONE', *, *, #3438, .T. ) ;
#1843 = DIRECTION ( 'NONE',  ( -0.000000000000000000, -0.000000000000000000, 1.000000000000000000 ) ) ;
#1844 = EDGE_CURVE ( 'NONE', #2862, #3179, #3147, .T. ) ;
#1845 = VERTEX_POINT ( 'NONE', #6905 ) ;
#1846 = FACE_BOUND ( 'NONE', #4972, .T. ) ;
#1847 = AXIS2_PLACEMENT_3D ( 'NONE', #1140, #5773, #5157 ) ;
#1848 = CIRCLE ( 'NONE', #311, 1.449999999999999956 ) ;
#1849 = VECTOR ( 'NONE', #6563, 1000.000000000000000 ) ;
#1850 = CARTESIAN_POINT ( 'NONE',  ( 17.00000000000000000, 0.000000000000000000, -4.000000000000000000 ) ) ;
#1851 = ORIENTED_EDGE ( 'NONE', *, *, #1187, .T. ) ;
#1852 = DIRECTION ( 'NONE',  ( 0.000000000000000000, 0.000000000000000000, -1.000000000000000000 ) ) ;
#1853 = EDGE_LOOP ( 'NONE', ( #5776, #1489 ) ) ;
#1854 = ORIENTED_EDGE ( 'NONE', *, *, #4255, .F. ) ;
#1855 = PLANE ( 'NONE',  #6257 ) ;
#1856 = CIRCLE ( 'NONE', #2492, 0.7999999999999993783 ) ;
#1857 = DIRECTION ( 'NONE',  ( 1.000000000000000000, 0.000000000000000000, 0.000000000000000000 ) ) ;
#1858 = COLOUR_RGB ( '',0.7921568627450980005, 0.8196078431372548767, 0.9333333333333333481 ) ;
#1859 = DIRECTION ( 'NONE',  ( -0.000000000000000000, -0.000000000000000000, 1.000000000000000000 ) ) ;
#1860 = ORIENTED_EDGE ( 'NONE', *, *, #6471, .T. ) ;
#1861 = VERTEX_POINT ( 'NONE', #3194 ) ;
#1862 = CARTESIAN_POINT ( 'NONE',  ( -1.499999999999999778, 12.50000000000000000, -3.000000000000000000 ) ) ;
#1863 = CARTESIAN_POINT ( 'NONE',  ( -12.82493446802319426, -9.996507343276803681, -2.946155535554995097 ) ) ;
#1864 = CYLINDRICAL_SURFACE ( 'NONE', #2543, 3.000000000000000444 ) ;
#1865 = CIRCLE ( 'NONE', #451, 1.599999999999999867 ) ;
#1866 = ADVANCED_FACE ( 'NONE', ( #5661 ), #6281, .F. ) ;
#1867 = EDGE_CURVE ( 'NONE', #5036, #1055, #934, .T. ) ;
#1868 = DIRECTION ( 'NONE',  ( -1.000000000000000000, 0.000000000000000000, 0.000000000000000000 ) ) ;
#1869 = ORIENTED_EDGE ( 'NONE', *, *, #2673, .F. ) ;
#1870 = ORIENTED_EDGE ( 'NONE', *, *, #3599, .T. ) ;
#1871 = CARTESIAN_POINT ( 'NONE',  ( 5.642782126156920874, 6.821067811865461294, -2.500000000000000000 ) ) ;
#1872 = CARTESIAN_POINT ( 'NONE',  ( 9.106662324729949631, 7.776356979570047123, -0.03869732734796118429 ) ) ;
#1873 = CARTESIAN_POINT ( 'NONE',  ( -1.898202538678397557E-15, -15.50000000000000000, 0.000000000000000000 ) ) ;
#1874 = CIRCLE ( 'NONE', #5343, 0.1000000000000003941 ) ;
#1875 = CARTESIAN_POINT ( 'NONE',  ( -12.99544838427358506, 10.16702125952735258, -2.500000000000000000 ) ) ;
#1876 = CYLINDRICAL_SURFACE ( 'NONE', #1177, 3.000000000000000444 ) ;
#1877 = EDGE_CURVE ( 'NONE', #4657, #4944, #3555, .T. ) ;
#1878 = DIRECTION ( 'NONE',  ( -1.000000000000000000, 0.000000000000000000, 0.000000000000000000 ) ) ;
#1879 = ORIENTED_EDGE ( 'NONE', *, *, #458, .F. ) ;
#1880 = AXIS2_PLACEMENT_3D ( 'NONE', #2746, #1699, #5285 ) ;
#1881 = DIRECTION ( 'NONE',  ( -0.000000000000000000, -0.000000000000000000, 1.000000000000000000 ) ) ;
#1882 = ORIENTED_EDGE ( 'NONE', *, *, #4926, .F. ) ;
#1883 = DIRECTION ( 'NONE',  ( 0.9949540640923917323, -0.1003315022614176683, 0.000000000000000000 ) ) ;
#1884 = ORIENTED_EDGE ( 'NONE', *, *, #5459, .T. ) ;
#1885 = DIRECTION ( 'NONE',  ( -0.000000000000000000, 0.5000000000000009992, 0.8660254037844380415 ) ) ;
#1886 = AXIS2_PLACEMENT_3D ( 'NONE', #2722, #308, #5216 ) ;
#1887 = EDGE_CURVE ( 'NONE', #2537, #6451, #1582, .T. ) ;
#1888 = VECTOR ( 'NONE', #7929, 1000.000000000000000 ) ;
#1889 = DIRECTION ( 'NONE',  ( 0.000000000000000000, 0.000000000000000000, 1.000000000000000000 ) ) ;
#1890 = ORIENTED_EDGE ( 'NONE', *, *, #1821, .F. ) ;
#1891 = FACE_OUTER_BOUND ( 'NONE', #7731, .T. ) ;
#1892 = DIRECTION ( 'NONE',  ( 0.000000000000000000, -0.8660254037844380415, 0.5000000000000009992 ) ) ;
#1893 = ORIENTED_EDGE ( 'NONE', *, *, #6799, .F. ) ;
#1894 = VECTOR ( 'NONE', #5634, 1000.000000000000000 ) ;
#1895 = EDGE_LOOP ( 'NONE', ( #4360, #6974, #5198, #3058, #3337 ) ) ;
#1896 = CARTESIAN_POINT ( 'NONE',  ( -1.414213562373078270, 1.414213562373104249, 0.000000000000000000 ) ) ;
#1897 = AXIS2_PLACEMENT_3D ( 'NONE', #7285, #5552, #1763 ) ;
#1898 = CARTESIAN_POINT ( 'NONE',  ( 17.10000000000000142, 0.000000000000000000, 0.000000000000000000 ) ) ;
#1899 = EDGE_CURVE ( 'NONE', #4842, #6763, #2280, .T. ) ;
#1900 = VECTOR ( 'NONE', #1548, 1000.000000000000000 ) ;
#1901 = FACE_OUTER_BOUND ( 'NONE', #2507, .T. ) ;
#1902 = ORIENTED_EDGE ( 'NONE', *, *, #2911, .F. ) ;
#1903 = ORIENTED_EDGE ( 'NONE', *, *, #373, .T. ) ;
#1904 = AXIS2_PLACEMENT_3D ( 'NONE', #4431, #687, #1324 ) ;
#1905 = CARTESIAN_POINT ( 'NONE',  ( 0.000000000000000000, 0.000000000000000000, -3.000000000000000000 ) ) ;
#1906 = CARTESIAN_POINT ( 'NONE',  ( -1.898202538678397557E-15, -15.50000000000000000, -4.000000000000000000 ) ) ;
#1907 = DIRECTION ( 'NONE',  ( -0.000000000000000000, -0.000000000000000000, -1.000000000000000000 ) ) ;
#1908 = CARTESIAN_POINT ( 'NONE',  ( 0.000000000000000000, 0.000000000000000000, 21.50000000000000000 ) ) ;
#1909 = ORIENTED_EDGE ( 'NONE', *, *, #3155, .T. ) ;
#1910 = DIRECTION ( 'NONE',  ( 0.8302011287295827380, 0.5511419257952681061, 0.08371776088029406204 ) ) ;
#1911 = DIRECTION ( 'NONE',  ( -0.000000000000000000, -0.000000000000000000, 1.000000000000000000 ) ) ;
#1912 = CARTESIAN_POINT ( 'NONE',  ( -8.131727983645316016, 10.96015510839147389, 0.000000000000000000 ) ) ;
#1913 = EDGE_CURVE ( 'NONE', #1037, #7345, #861, .T. ) ;
#1914 = EDGE_CURVE ( 'NONE', #3806, #6086, #3433, .T. ) ;
#1915 = DIRECTION ( 'NONE',  ( 0.000000000000000000, 0.000000000000000000, 1.000000000000000000 ) ) ;
#1916 = CARTESIAN_POINT ( 'NONE',  ( -9.167114381735432360, 7.214566809627291910, -0.4591429902833222831 ) ) ;
#1917 = CARTESIAN_POINT ( 'NONE',  ( -9.023948508257607415, 7.000000000000000000, -0.06579798566743204347 ) ) ;
#1918 = ORIENTED_EDGE ( 'NONE', *, *, #114, .T. ) ;
#1919 = LINE ( 'NONE', #2474, #604 ) ;
#1920 = ORIENTED_EDGE ( 'NONE', *, *, #4083, .T. ) ;
#1921 = DIRECTION ( 'NONE',  ( 0.000000000000000000, -1.000000000000000000, 0.000000000000000000 ) ) ;
#1922 = EDGE_LOOP ( 'NONE', ( #3074, #1860, #3942 ) ) ;
#1923 = EDGE_CURVE ( 'NONE', #2862, #4964, #4980, .T. ) ;
#1924 = DIRECTION ( 'NONE',  ( 1.000000000000000000, 0.000000000000000000, -0.000000000000000000 ) ) ;
#1925 = CARTESIAN_POINT ( 'NONE',  ( 9.429156817667474044, 6.698027035738491008, -0.8999999999999998002 ) ) ;
#1926 = LINE ( 'NONE', #7456, #198 ) ;
#1927 = VERTEX_POINT ( 'NONE', #2218 ) ;
#1928 = DIRECTION ( 'NONE',  ( 1.000000000000000000, 0.000000000000000000, 0.000000000000000000 ) ) ;
#1929 = DIRECTION ( 'NONE',  ( 1.000000000000000000, 0.000000000000000000, 0.000000000000000000 ) ) ;
#1930 = VERTEX_POINT ( 'NONE', #7030 ) ;
#1931 = EDGE_LOOP ( 'NONE', ( #5380, #1578, #915, #1967, #2319 ) ) ;
#1932 = EDGE_CURVE ( 'NONE', #3518, #947, #1509, .T. ) ;
#1933 = DIRECTION ( 'NONE',  ( 0.000000000000000000, 0.000000000000000000, 1.000000000000000000 ) ) ;
#1934 = AXIS2_PLACEMENT_3D ( 'NONE', #7332, #3012, #82 ) ;
#1935 = DIRECTION ( 'NONE',  ( -1.000000000000000000, 0.000000000000000000, 0.000000000000000000 ) ) ;
#1936 = CARTESIAN_POINT ( 'NONE',  ( 0.000000000000000000, 0.000000000000000000, 0.000000000000000000 ) ) ;
#1937 = VECTOR ( 'NONE', #3578, 1000.000000000000000 ) ;
#1938 = CARTESIAN_POINT ( 'NONE',  ( 0.000000000000000000, 7.000000000000000000, 0.000000000000000000 ) ) ;
#1939 = EDGE_LOOP ( 'NONE', ( #1519, #4100, #1820, #4570 ) ) ;
#1940 = VERTEX_POINT ( 'NONE', #2789 ) ;
#1941 = EDGE_CURVE ( 'NONE', #7153, #1840, #5496, .T. ) ;
#1942 = FACE_BOUND ( 'NONE', #7763, .T. ) ;
#1943 = CARTESIAN_POINT ( 'NONE',  ( 0.000000000000000000, 0.000000000000000000, -0.9000000000000000222 ) ) ;
#1944 = FACE_OUTER_BOUND ( 'NONE', #1069, .T. ) ;
#1945 = ORIENTED_EDGE ( 'NONE', *, *, #5100, .F. ) ;
#1946 = CARTESIAN_POINT ( 'NONE',  ( -13.42339375865887163, 7.749999999999872990, -4.000000000000003553 ) ) ;
#1947 = CARTESIAN_POINT ( 'NONE',  ( 0.000000000000000000, 0.000000000000000000, 2.499999999999999556 ) ) ;
#1948 = CARTESIAN_POINT ( 'NONE',  ( -10.16702125952748759, -12.99544838427347671, -2.500000000000000000 ) ) ;
#1949 = CARTESIAN_POINT ( 'NONE',  ( -3.849999999999999645, 4.714890176717309515E-16, -3.100000000000000089 ) ) ;
#1950 = CARTESIAN_POINT ( 'NONE',  ( 0.7499999999999997780, -0.05307744633479850177, 4.852295800272074189 ) ) ;
#1951 = CARTESIAN_POINT ( 'NONE',  ( -8.999999999999870326, -13.42339375865886986, -0.3500000000000030864 ) ) ;
#1952 = ORIENTED_EDGE ( 'NONE', *, *, #3505, .T. ) ;
#1953 = CARTESIAN_POINT ( 'NONE',  ( -6.149999999999875122, -13.42339375865886986, 0.000000000000000000 ) ) ;
#1954 = EDGE_LOOP ( 'NONE', ( #7946, #3903, #2606, #5813 ) ) ;
#1955 = DIRECTION ( 'NONE',  ( -1.224646799147353207E-16, 1.000000000000000000, 0.000000000000000000 ) ) ;
#1956 = ORIENTED_EDGE ( 'NONE', *, *, #6482, .T. ) ;
#1957 = CIRCLE ( 'NONE', #2738, 16.00000000000000000 ) ;
#1958 = DIRECTION ( 'NONE',  ( 1.224646799147353207E-16, 1.000000000000000000, -0.000000000000000000 ) ) ;
#1959 = FACE_BOUND ( 'NONE', #1266, .T. ) ;
#1960 = EDGE_CURVE ( 'NONE', #6432, #1861, #6656, .T. ) ;
#1961 = EDGE_CURVE ( 'NONE', #825, #4301, #6670, .T. ) ;
#1962 = DIRECTION ( 'NONE',  ( 1.000000000000000000, 0.000000000000000000, 0.000000000000000000 ) ) ;
#1963 = ORIENTED_EDGE ( 'NONE', *, *, #6017, .F. ) ;
#1964 = PLANE ( 'NONE',  #142 ) ;
#1965 = AXIS2_PLACEMENT_3D ( 'NONE', #6788, #4235, #3627 ) ;
#1966 = CYLINDRICAL_SURFACE ( 'NONE', #3593, 1.299999999999999156 ) ;
#1967 = ORIENTED_EDGE ( 'NONE', *, *, #4642, .F. ) ;
#1968 = ORIENTED_EDGE ( 'NONE', *, *, #1718, .T. ) ;
#1969 = EDGE_LOOP ( 'NONE', ( #3702, #7426 ) ) ;
#1970 = PLANE ( 'NONE',  #7536 ) ;
#1971 = DIRECTION ( 'NONE',  ( 0.000000000000000000, -0.000000000000000000, -1.000000000000000000 ) ) ;
#1972 = AXIS2_PLACEMENT_3D ( 'NONE', #4560, #1420, #4485 ) ;
#1973 = AXIS2_PLACEMENT_3D ( 'NONE', #2196, #5956, #5880 ) ;
#1974 = EDGE_CURVE ( 'NONE', #6414, #1579, #7444, .T. ) ;
#1975 = CARTESIAN_POINT ( 'NONE',  ( 3.191745543516252503, -5.425185320222774479E-15, 0.08185669346382386247 ) ) ;
#1976 = CARTESIAN_POINT ( 'NONE',  ( -3.535533905932757293, -8.485281374238567764, -2.500000000000000000 ) ) ;
#1977 = ORIENTED_EDGE ( 'NONE', *, *, #1544, .F. ) ;
#1978 = EDGE_LOOP ( 'NONE', ( #1656, #7539, #5429 ) ) ;
#1979 = AXIS2_PLACEMENT_3D ( 'NONE', #877, #1346, #3802 ) ;
#1980 = AXIS2_PLACEMENT_3D ( 'NONE', #5545, #21, #2994 ) ;
#1981 = FACE_BOUND ( 'NONE', #7866, .T. ) ;
#1982 = DIRECTION ( 'NONE',  ( 0.000000000000000000, -0.000000000000000000, -1.000000000000000000 ) ) ;
#1983 = EDGE_CURVE ( 'NONE', #4547, #2475, #5645, .T. ) ;
#1984 = AXIS2_PLACEMENT_3D ( 'NONE', #6830, #6232, #1616 ) ;
#1985 = ORIENTED_EDGE ( 'NONE', *, *, #3317, .F. ) ;
#1986 = ORIENTED_EDGE ( 'NONE', *, *, #2731, .F. ) ;
#1987 = FACE_OUTER_BOUND ( 'NONE', #5715, .T. ) ;
#1988 = DIRECTION ( 'NONE',  ( -0.000000000000000000, -0.000000000000000000, -1.000000000000000000 ) ) ;
#1989 = CARTESIAN_POINT ( 'NONE',  ( -15.50000000000000000, 0.000000000000000000, 0.000000000000000000 ) ) ;
#1990 = ORIENTED_EDGE ( 'NONE', *, *, #2760, .T. ) ;
#1991 = VECTOR ( 'NONE', #5607, 1000.000000000000000 ) ;
#1992 = AXIS2_PLACEMENT_3D ( 'NONE', #3333, #5809, #6936 ) ;
#1993 = DIRECTION ( 'NONE',  ( 0.9949540640923917323, 0.000000000000000000, 0.1003315022614176544 ) ) ;
#1994 = CARTESIAN_POINT ( 'NONE',  ( 0.000000000000000000, -0.5000000000000000000, 4.250000000000001776 ) ) ;
#1995 = ADVANCED_FACE ( 'NONE', ( #5910 ), #220, .F. ) ;
#1996 = DIRECTION ( 'NONE',  ( 0.000000000000000000, 0.000000000000000000, -1.000000000000000000 ) ) ;
#1997 = AXIS2_PLACEMENT_3D ( 'NONE', #646, #1933, #4879 ) ;
#1998 = ORIENTED_EDGE ( 'NONE', *, *, #3279, .T. ) ;
#1999 = CARTESIAN_POINT ( 'NONE',  ( 13.08147545195115136, 10.25304832720491710, 0.000000000000000000 ) ) ;
#2000 = ORIENTED_EDGE ( 'NONE', *, *, #1314, .F. ) ;
#2001 = CARTESIAN_POINT ( 'NONE',  ( -13.42339375865887163, 7.749999999999872990, 1.734723475976807094E-15 ) ) ;
#2002 = AXIS2_PLACEMENT_3D ( 'NONE', #2826, #5820, #3949 ) ;
#2003 = VERTEX_POINT ( 'NONE', #1461 ) ;
#2004 = FACE_OUTER_BOUND ( 'NONE', #1399, .T. ) ;
#2005 = DIRECTION ( 'NONE',  ( -0.000000000000000000, -0.000000000000000000, 1.000000000000000000 ) ) ;
#2006 = CARTESIAN_POINT ( 'NONE',  ( -2.716615824122599498, 5.403232569518970685, 2.499999999999999556 ) ) ;
#2007 = EDGE_LOOP ( 'NONE', ( #7323, #1587 ) ) ;
#2008 = CARTESIAN_POINT ( 'NONE',  ( -6.500000000000066613, 13.42339375865876505, -4.000000000000000000 ) ) ;
#2009 = DIRECTION ( 'NONE',  ( 0.000000000000000000, 1.000000000000000000, 0.000000000000000000 ) ) ;
#2010 = VERTEX_POINT ( 'NONE', #900 ) ;
#2011 = VERTEX_POINT ( 'NONE', #2708 ) ;
#2012 = EDGE_CURVE ( 'NONE', #2657, #1534, #2745, .T. ) ;
#2013 = VECTOR ( 'NONE', #3385, 1000.000000000000227 ) ;
#2014 = DIRECTION ( 'NONE',  ( 0.000000000000000000, 0.000000000000000000, -1.000000000000000000 ) ) ;
#2015 = EDGE_CURVE ( 'NONE', #5603, #5743, #5166, .T. ) ;
#2016 = B_SPLINE_CURVE_WITH_KNOTS ( 'NONE', 3,
 ( #5110, #5765, #7622, #161 ),
 .UNSPECIFIED., .F., .F.,
 ( 4, 4 ),
 ( 0.0004183644018367166872, 0.001321672604715584762 ),
 .UNSPECIFIED. ) ;
#2017 = LINE ( 'NONE', #776, #6546 ) ;
#2018 = VECTOR ( 'NONE', #6559, 1000.000000000000000 ) ;
#2019 = VECTOR ( 'NONE', #2845, 1000.000000000000000 ) ;
#2020 = CARTESIAN_POINT ( 'NONE',  ( 9.145678436334959471, 7.784279046336843422, 1.355252715606880543E-17 ) ) ;
#2021 = FACE_OUTER_BOUND ( 'NONE', #3247, .T. ) ;
#2022 = ORIENTED_EDGE ( 'NONE', *, *, #7256, .T. ) ;
#2023 = ORIENTED_EDGE ( 'NONE', *, *, #496, .F. ) ;
#2024 = AXIS2_PLACEMENT_3D ( 'NONE', #5720, #1393, #1681 ) ;
#2025 = EDGE_CURVE ( 'NONE', #837, #1784, #3384, .T. ) ;
#2026 = AXIS2_PLACEMENT_3D ( 'NONE', #5744, #3954, #6462 ) ;
#2027 = FACE_BOUND ( 'NONE', #3507, .T. ) ;
#2028 = CIRCLE ( 'NONE', #1766, 1.902702702702702586 ) ;
#2029 = DIRECTION ( 'NONE',  ( -1.000000000000000000, 0.000000000000000000, 0.000000000000000000 ) ) ;
#2030 = DIRECTION ( 'NONE',  ( -0.9425055466151045502, 0.3341905064476890508, 0.000000000000000000 ) ) ;
#2031 = CONICAL_SURFACE ( 'NONE', #2801, 5.499999999999996447, 0.7853981633974473908 ) ;
#2032 = CIRCLE ( 'NONE', #3953, 0.09999999999999939493 ) ;
#2033 = CARTESIAN_POINT ( 'NONE',  ( 6.821067811865489716, 6.821067811865461294, -3.000000000000000000 ) ) ;
#2034 = ORIENTED_EDGE ( 'NONE', *, *, #1038, .F. ) ;
#2035 = DIRECTION ( 'NONE',  ( 0.000000000000000000, 0.000000000000000000, 1.000000000000000000 ) ) ;
#2036 = DIRECTION ( 'NONE',  ( -0.000000000000000000, -0.000000000000000000, 1.000000000000000000 ) ) ;
#2037 = EDGE_LOOP ( 'NONE', ( #3222, #2092, #4254 ) ) ;
#2038 = ADVANCED_FACE ( 'NONE', ( #7141 ), #4759, .T. ) ;
#2039 = PLANE ( 'NONE',  #363 ) ;
#2040 = FACE_OUTER_BOUND ( 'NONE', #2844, .T. ) ;
#2041 = EDGE_LOOP ( 'NONE', ( #1854, #2241, #1609, #7767 ) ) ;
#2042 = DIRECTION ( 'NONE',  ( 0.000000000000000000, 0.000000000000000000, -1.000000000000000000 ) ) ;
#2043 = ORIENTED_EDGE ( 'NONE', *, *, #981, .T. ) ;
#2044 = CARTESIAN_POINT ( 'NONE',  ( 14.72339375865886879, 7.749999999999872990, -4.000000000000000000 ) ) ;
#2045 = VERTEX_POINT ( 'NONE', #2369 ) ;
#2046 = CARTESIAN_POINT ( 'NONE',  ( -0.7437180045556108787, -0.2500000000000000000, 4.308557691376452503 ) ) ;
#2047 = AXIS2_PLACEMENT_3D ( 'NONE', #3635, #3675, #4281 ) ;
#2048 = ORIENTED_EDGE ( 'NONE', *, *, #7465, .F. ) ;
#2049 = EDGE_CURVE ( 'NONE', #1009, #3581, #7830, .T. ) ;
#2050 = DIRECTION ( 'NONE',  ( -0.000000000000000000, -1.000000000000000000, 0.000000000000000000 ) ) ;
#2051 = DIRECTION ( 'NONE',  ( 0.000000000000000000, 0.8660254037844381525, -0.5000000000000006661 ) ) ;
#2052 = DIRECTION ( 'NONE',  ( 0.9949540640923917323, 0.000000000000000000, 0.1003315022614176544 ) ) ;
#2053 = ORIENTED_EDGE ( 'NONE', *, *, #7411, .F. ) ;
#2054 = DIRECTION ( 'NONE',  ( 1.000000000000000000, 0.000000000000000000, 0.000000000000000000 ) ) ;
#2055 = UNCERTAINTY_MEASURE_WITH_UNIT (LENGTH_MEASURE( 1.000000000000000082E-05 ), #7852, 'distance_accuracy_value', 'NONE');
#2056 = SURFACE_SIDE_STYLE ('',( #5035 ) ) ;
#2057 = ORIENTED_EDGE ( 'NONE', *, *, #4418, .F. ) ;
#2058 = ORIENTED_EDGE ( 'NONE', *, *, #2376, .F. ) ;
#2059 = CARTESIAN_POINT ( 'NONE',  ( 13.42339375865887163, 7.749999999999872990, -1.599999999999999645 ) ) ;
#2060 = DIRECTION ( 'NONE',  ( 1.000000000000000000, 0.000000000000000000, 0.000000000000000000 ) ) ;
#2061 = PRODUCT_DEFINITION_SHAPE ( 'NONE', 'NONE',  #7979 ) ;
#2062 = LINE ( 'NONE', #815, #2256 ) ;
#2063 = ORIENTED_EDGE ( 'NONE', *, *, #1528, .T. ) ;
#2064 = ORIENTED_EDGE ( 'NONE', *, *, #2969, .T. ) ;
#2065 = CARTESIAN_POINT ( 'NONE',  ( 13.42339375865876328, 7.750000000000064837, -0.2250000000000003664 ) ) ;
#2066 = AXIS2_PLACEMENT_3D ( 'NONE', #6821, #2585, #2665 ) ;
#2067 = DIRECTION ( 'NONE',  ( -0.000000000000000000, -0.000000000000000000, -1.000000000000000000 ) ) ;
#2068 = DIRECTION ( 'NONE',  ( -1.734723475976807094E-18, -1.211350928885223303E-32, -1.000000000000000222 ) ) ;
#2069 = EDGE_CURVE ( 'NONE', #3211, #472, #4606, .T. ) ;
#2070 = EDGE_CURVE ( 'NONE', #1348, #6227, #6057, .T. ) ;
#2071 = DIRECTION ( 'NONE',  ( 0.000000000000000000, 0.000000000000000000, -1.000000000000000000 ) ) ;
#2072 = ORIENTED_EDGE ( 'NONE', *, *, #5287, .T. ) ;
#2073 = CARTESIAN_POINT ( 'NONE',  ( 10.96015510839150409, -8.131727983645280489, -3.000000000000000000 ) ) ;
#2074 = CARTESIAN_POINT ( 'NONE',  ( -8.131727983645316016, 10.96015510839147389, -3.000000000000000000 ) ) ;
#2075 = ADVANCED_BREP_SHAPE_REPRESENTATION ( '', ( #5989, #7250 ), #7896 ) ;
#2076 = ORIENTED_EDGE ( 'NONE', *, *, #6571, .F. ) ;
#2077 = CARTESIAN_POINT ( 'NONE',  ( -9.996238290208703248, -12.82466541495469592, -2.946399743125104553 ) ) ;
#2078 = CARTESIAN_POINT ( 'NONE',  ( 1.380817672985122258, 0.1007578817157863266, -0.1007578817157859796 ) ) ;
#2079 = EDGE_CURVE ( 'NONE', #5000, #6920, #6419, .T. ) ;
#2080 = DIRECTION ( 'NONE',  ( 1.000000000000000000, 0.000000000000000000, 0.000000000000000000 ) ) ;
#2081 = VERTEX_POINT ( 'NONE', #4797 ) ;
#2082 = DIRECTION ( 'NONE',  ( 0.000000000000000000, -0.000000000000000000, 1.000000000000000000 ) ) ;
#2083 = EDGE_LOOP ( 'NONE', ( #4223, #1803, #4924, #2270 ) ) ;
#2084 = CARTESIAN_POINT ( 'NONE',  ( 13.42339375865887163, 7.749999999999872990, -4.000000000000000000 ) ) ;
#2085 = CARTESIAN_POINT ( 'NONE',  ( 7.321067811865490604, 5.621067811865462005, -3.000000000000000000 ) ) ;
#2086 = CARTESIAN_POINT ( 'NONE',  ( 10.96015510839150409, -8.131727983645280489, -3.000000000000000000 ) ) ;
#2087 = EDGE_CURVE ( 'NONE', #7974, #1743, #1698, .T. ) ;
#2088 = DIRECTION ( 'NONE',  ( 1.000000000000000000, 0.000000000000000000, 0.000000000000000000 ) ) ;
#2089 = EDGE_LOOP ( 'NONE', ( #5637, #3699, #3162, #408 ) ) ;
#2090 = PLANE ( 'NONE',  #7214 ) ;
#2091 = DIRECTION ( 'NONE',  ( 0.000000000000000000, 0.000000000000000000, -1.000000000000000000 ) ) ;
#2092 = ORIENTED_EDGE ( 'NONE', *, *, #4369, .T. ) ;
#2093 = ORIENTED_EDGE ( 'NONE', *, *, #962, .T. ) ;
#2094 = DIRECTION ( 'NONE',  ( -0.000000000000000000, 0.000000000000000000, 1.000000000000000000 ) ) ;
#2095 = ADVANCED_FACE ( 'NONE', ( #1082 ), #4146, .T. ) ;
#2096 = VECTOR ( 'NONE', #3524, 1000.000000000000000 ) ;
#2097 = FACE_OUTER_BOUND ( 'NONE', #1686, .T. ) ;
#2098 = CARTESIAN_POINT ( 'NONE',  ( 9.050298470989755373, 7.874723726239856170, 0.000000000000000000 ) ) ;
#2099 = FACE_OUTER_BOUND ( 'NONE', #1931, .T. ) ;
#2100 = ORIENTED_EDGE ( 'NONE', *, *, #1834, .T. ) ;
#2101 = CARTESIAN_POINT ( 'NONE',  ( -25.39999999999996305, 0.000000000000000000, 2.000000000000000000 ) ) ;
#2102 = CARTESIAN_POINT ( 'NONE',  ( -9.238842190220072581, 7.767187134470159293, -0.1000000000000000056 ) ) ;
#2103 = DIRECTION ( 'NONE',  ( -1.000000000000000222, 0.000000000000000000, -1.734723475976807094E-18 ) ) ;
#2104 = VECTOR ( 'NONE', #305, 1000.000000000000114 ) ;
#2105 = CARTESIAN_POINT ( 'NONE',  ( -12.63918572269500551, -9.810758597948616710, -3.000000000000000000 ) ) ;
#2107 = ORIENTED_EDGE ( 'NONE', *, *, #5926, .F. ) ;
#2106 = CIRCLE ( 'NONE', #4033, 1.600000000000000755 ) ;
#2108 = CYLINDRICAL_SURFACE ( 'NONE', #2671, 16.00000000000000000 ) ;
#2109 = LINE ( 'NONE', #2594, #2283 ) ;
#2110 = CARTESIAN_POINT ( 'NONE',  ( 1.600000000000000755, 0.000000000000000000, 0.000000000000000000 ) ) ;
#2111 = EDGE_CURVE ( 'NONE', #3001, #5033, #2931, .T. ) ;
#2112 = ADVANCED_FACE ( 'NONE', ( #6018 ), #2942, .T. ) ;
#2113 = CIRCLE ( 'NONE', #7134, 0.09999999999999982514 ) ;
#2114 = LINE ( 'NONE', #5144, #1064 ) ;
#2115 = DIRECTION ( 'NONE',  ( 0.000000000000000000, 0.000000000000000000, 1.000000000000000000 ) ) ;
#2116 = ORIENTED_EDGE ( 'NONE', *, *, #7810, .F. ) ;
#2117 = CARTESIAN_POINT ( 'NONE',  ( -1.500000000000000222, -13.10000000000000142, -3.000000000000000000 ) ) ;
#2118 = ORIENTED_EDGE ( 'NONE', *, *, #4168, .T. ) ;
#2119 = DIRECTION ( 'NONE',  ( -1.000000000000000000, 0.000000000000000000, 0.000000000000000000 ) ) ;
#2120 = AXIS2_PLACEMENT_3D ( 'NONE', #1271, #3174, #2610 ) ;
#2121 = EDGE_CURVE ( 'NONE', #7034, #2427, #5401, .T. ) ;
#2122 = DIRECTION ( 'NONE',  ( 0.000000000000000000, 0.000000000000000000, -1.000000000000000000 ) ) ;
#2123 = CARTESIAN_POINT ( 'NONE',  ( 9.996238290208610877, 12.82466541495476342, -2.946399743125104553 ) ) ;
#2124 = CARTESIAN_POINT ( 'NONE',  ( 0.000000000000000000, 0.000000000000000000, -19.50000000000000000 ) ) ;
#2125 = VERTEX_POINT ( 'NONE', #4721 ) ;
#2126 = FACE_OUTER_BOUND ( 'NONE', #6138, .T. ) ;
#2127 = CARTESIAN_POINT ( 'NONE',  ( 8.521067811865490782, 6.821067811865461294, -2.500000000000000000 ) ) ;
#2128 = ORIENTED_EDGE ( 'NONE', *, *, #6847, .F. ) ;
#2129 = EDGE_LOOP ( 'NONE', ( #924, #846, #7894, #2795, #2975, #3085, #2974, #1902 ) ) ;
#2130 = EDGE_CURVE ( 'NONE', #5437, #3472, #3583, .T. ) ;
#2131 = AXIS2_PLACEMENT_3D ( 'NONE', #4715, #5280, #7670 ) ;
#2132 = DIRECTION ( 'NONE',  ( -0.000000000000000000, 0.000000000000000000, 1.000000000000000000 ) ) ;
#2133 = DIRECTION ( 'NONE',  ( 0.7071067811865489050, -0.7071067811865461294, 0.000000000000000000 ) ) ;
#2134 =( NAMED_UNIT ( * ) PLANE_ANGLE_UNIT ( ) SI_UNIT ( $, .RADIAN. ) );
#2135 = CARTESIAN_POINT ( 'NONE',  ( 0.000000000000000000, 0.000000000000000000, 2.499999999999999556 ) ) ;
#2136 = ORIENTED_EDGE ( 'NONE', *, *, #684, .F. ) ;
#2137 = AXIS2_PLACEMENT_3D ( 'NONE', #1083, #3540, #491 ) ;
#2138 = VERTEX_POINT ( 'NONE', #3465 ) ;
#2139 = AXIS2_PLACEMENT_3D ( 'NONE', #5509, #6123, #1758 ) ;
#2140 = ADVANCED_FACE ( 'NONE', ( #524 ), #2976, .F. ) ;
#2141 = EDGE_CURVE ( 'NONE', #2412, #4657, #5944, .T. ) ;
#2142 = DIRECTION ( 'NONE',  ( 1.000000000000000000, 0.000000000000000000, 0.000000000000000000 ) ) ;
#2143 = CARTESIAN_POINT ( 'NONE',  ( 13.42339375865887163, 7.749999999999872990, 0.000000000000000000 ) ) ;
#2144 = AXIS2_PLACEMENT_3D ( 'NONE', #4943, #1881, #5467 ) ;
#2145 = AXIS2_PLACEMENT_3D ( 'NONE', #4986, #1921, #4373 ) ;
#2146 = CARTESIAN_POINT ( 'NONE',  ( -16.00000000000000355, 1.959434878635765526E-15, -19.50000000000000000 ) ) ;
#2147 = ORIENTED_EDGE ( 'NONE', *, *, #5459, .F. ) ;
#2148 = DIRECTION ( 'NONE',  ( -1.000000000000000000, -0.000000000000000000, -0.000000000000000000 ) ) ;
#2149 = LINE ( 'NONE', #1703, #7709 ) ;
#2150 = AXIS2_PLACEMENT_3D ( 'NONE', #3349, #7673, #4639 ) ;
#2151 = AXIS2_PLACEMENT_3D ( 'NONE', #4234, #6151, #1206 ) ;
#2152 = DIRECTION ( 'NONE',  ( -1.000000000000000000, -0.000000000000000000, -0.000000000000000000 ) ) ;
#2153 = VECTOR ( 'NONE', #7364, 1000.000000000000000 ) ;
#2154 = CARTESIAN_POINT ( 'NONE',  ( -15.50000000000000000, 0.000000000000000000, -0.3500000000000030864 ) ) ;
#2155 = AXIS2_PLACEMENT_3D ( 'NONE', #4960, #7421, #1363 ) ;
#2156 = VECTOR ( 'NONE', #5258, 1000.000000000000114 ) ;
#2157 = ORIENTED_EDGE ( 'NONE', *, *, #5309, .F. ) ;
#2158 = DIRECTION ( 'NONE',  ( 1.000000000000000000, 0.000000000000000000, 0.000000000000000000 ) ) ;
#2159 = CARTESIAN_POINT ( 'NONE',  ( 5.642782126156920874, 6.821067811865461294, -2.500000000000000000 ) ) ;
#2160 = EDGE_LOOP ( 'NONE', ( #2530, #3372, #6843, #2489 ) ) ;
#2161 = CARTESIAN_POINT ( 'NONE',  ( -9.810758597948838755, -12.63918572269483498, -3.000000000000000000 ) ) ;
#2162 = ADVANCED_FACE ( 'NONE', ( #7258, #4110 ), #1010, .F. ) ;
#2163 = ORIENTED_EDGE ( 'NONE', *, *, #1627, .F. ) ;
#2164 = CARTESIAN_POINT ( 'NONE',  ( -9.053759197646304102, 7.806372392231543778, -0.02376857251534627083 ) ) ;
#2165 = VECTOR ( 'NONE', #1665, 1000.000000000000000 ) ;
#2166 = CARTESIAN_POINT ( 'NONE',  ( 5.642782126156920874, 7.321067811865461294, -2.500000000000000000 ) ) ;
#2167 = CARTESIAN_POINT ( 'NONE',  ( 8.131727983645317792, 10.96015510839147566, 0.000000000000000000 ) ) ;
#2168 = LINE ( 'NONE', #4013, #7032 ) ;
#2169 = EDGE_CURVE ( 'NONE', #3134, #5687, #3839, .T. ) ;
#2170 = CARTESIAN_POINT ( 'NONE',  ( 1.500000000000000666, -0.3749999999999998890, 4.466506350946112924 ) ) ;
#2171 = EDGE_CURVE ( 'NONE', #3616, #7678, #3020, .T. ) ;
#2172 = VERTEX_POINT ( 'NONE', #2415 ) ;
#2173 = DIRECTION ( 'NONE',  ( 0.000000000000000000, 0.000000000000000000, 1.000000000000000000 ) ) ;
#2174 = CARTESIAN_POINT ( 'NONE',  ( 13.08147545195115136, 10.25304832720491710, -3.000000000000000000 ) ) ;
#2175 = ORIENTED_EDGE ( 'NONE', *, *, #3789, .F. ) ;
#2176 = ADVANCED_BREP_SHAPE_REPRESENTATION ( '', ( #6032, #7250 ), #4803 ) ;
#2177 = DIRECTION ( 'NONE',  ( 0.000000000000000000, 0.5000000000000009992, 0.8660254037844380415 ) ) ;
#2178 = CARTESIAN_POINT ( 'NONE',  ( 8.521067811865490782, 7.321067811865461294, -3.000000000000000000 ) ) ;
#2179 = ADVANCED_FACE ( 'NONE', ( #2904 ), #43, .F. ) ;
#2180 = CARTESIAN_POINT ( 'NONE',  ( 9.000577241494243097, 7.764713999415524093, -0.02940528083977306251 ) ) ;
#2181 = DIRECTION ( 'NONE',  ( -0.000000000000000000, -0.000000000000000000, 1.000000000000000000 ) ) ;
#2182 = VERTEX_POINT ( 'NONE', #5525 ) ;
#2183 = ORIENTED_EDGE ( 'NONE', *, *, #399, .F. ) ;
#2184 = CARTESIAN_POINT ( 'NONE',  ( -16.50000000000000355, 2.020667218593133494E-15, -19.50000000000000000 ) ) ;
#2185 = DIRECTION ( 'NONE',  ( 0.000000000000000000, 0.000000000000000000, 1.000000000000000000 ) ) ;
#2186 = SHAPE_DEFINITION_REPRESENTATION ( #5359, #7656 ) ;
#2187 = EDGE_CURVE ( 'NONE', #5044, #7965, #6142, .T. ) ;
#2188 = AXIS2_PLACEMENT_3D ( 'NONE', #7333, #6731, #1814 ) ;
#2189 = CARTESIAN_POINT ( 'NONE',  ( -9.137476020901193152, 7.747339701210207430, -0.05067571876649681895 ) ) ;
#2190 = ORIENTED_EDGE ( 'NONE', *, *, #2495, .F. ) ;
#2191 = DIRECTION ( 'NONE',  ( -0.7071067811865454633, 0.7071067811865496822, 0.000000000000000000 ) ) ;
#2192 = ORIENTED_EDGE ( 'NONE', *, *, #1092, .T. ) ;
#2193 = CARTESIAN_POINT ( 'NONE',  ( -10.16702125952748759, -12.99544838427347671, -2.500000000000000000 ) ) ;
#2194 = AXIS2_PLACEMENT_3D ( 'NONE', #4302, #2446, #2485 ) ;
#2195 = ORIENTED_EDGE ( 'NONE', *, *, #389, .F. ) ;
#2196 = CARTESIAN_POINT ( 'NONE',  ( 0.000000000000000000, 0.000000000000000000, 2.499999999999999556 ) ) ;
#2197 = CARTESIAN_POINT ( 'NONE',  ( -1.966615824122599276, -5.403232569518970685, 2.499999999999999556 ) ) ;
#2198 = VERTEX_POINT ( 'NONE', #6776 ) ;
#2199 = CYLINDRICAL_SURFACE ( 'NONE', #2274, 1.249999999999996003 ) ;
#2200 = ORIENTED_EDGE ( 'NONE', *, *, #1770, .F. ) ;
#2201 = PLANE ( 'NONE',  #4735 ) ;
#2202 = CARTESIAN_POINT ( 'NONE',  ( -18.50000000000000355, 2.265596578422603396E-15, -29.00000000000000000 ) ) ;
#2203 = DIRECTION ( 'NONE',  ( 0.000000000000000000, 0.000000000000000000, 1.000000000000000000 ) ) ;
#2204 = FACE_OUTER_BOUND ( 'NONE', #16, .T. ) ;
#2205 = ORIENTED_EDGE ( 'NONE', *, *, #1720, .T. ) ;
#2206 = SURFACE_STYLE_FILL_AREA ( #5303 ) ;
#2207 = VERTEX_POINT ( 'NONE', #3 ) ;
#2208 = LINE ( 'NONE', #6489, #2707 ) ;
#2209 = ORIENTED_EDGE ( 'NONE', *, *, #3093, .T. ) ;
#2210 = DIRECTION ( 'NONE',  ( -0.03200903675263360587, -0.9994875794956977755, 4.334586420246067754E-14 ) ) ;
#2211 = EDGE_CURVE ( 'NONE', #6498, #958, #5375, .T. ) ;
#2212 = EDGE_CURVE ( 'NONE', #4749, #4057, #7957, .T. ) ;
#2213 = FACE_OUTER_BOUND ( 'NONE', #5894, .T. ) ;
#2214 = CARTESIAN_POINT ( 'NONE',  ( 9.166914626814625322, 7.706716911730780772, -0.06579798566743250143 ) ) ;
#2215 = CARTESIAN_POINT ( 'NONE',  ( -1.499999999999999778, 13.10000000000000142, -3.000000000000000000 ) ) ;
#2216 = EDGE_LOOP ( 'NONE', ( #6773, #2600, #4852, #6146 ) ) ;
#2217 = VERTEX_POINT ( 'NONE', #6259 ) ;
#2218 = CARTESIAN_POINT ( 'NONE',  ( 1.189999999999999947, 0.1200000000000004119, -0.1199999999999996209 ) ) ;
#2219 = DIRECTION ( 'NONE',  ( 0.000000000000000000, 0.4999999999999995559, 0.8660254037844389297 ) ) ;
#2220 = EDGE_CURVE ( 'NONE', #219, #8, #5655, .T. ) ;
#2221 = VECTOR ( 'NONE', #4577, 1000.000000000000000 ) ;
#2222 = DIRECTION ( 'NONE',  ( 0.000000000000000000, 0.000000000000000000, 1.000000000000000000 ) ) ;
#2223 = VERTEX_POINT ( 'NONE', #5041 ) ;
#2224 = DIRECTION ( 'NONE',  ( 1.224646799147353207E-16, 1.000000000000000000, -0.000000000000000000 ) ) ;
#2225 = AXIS2_PLACEMENT_3D ( 'NONE', #5712, #5212, #3887 ) ;
#2226 = ORIENTED_EDGE ( 'NONE', *, *, #2866, .T. ) ;
#2227 = DIRECTION ( 'NONE',  ( -0.000000000000000000, -0.000000000000000000, 1.000000000000000000 ) ) ;
#2228 = ADVANCED_FACE ( 'NONE', ( #3828 ), #5080, .F. ) ;
#2229 =( REPRESENTATION_RELATIONSHIP ('NONE','NONE', #5135, #1836 ) REPRESENTATION_RELATIONSHIP_WITH_TRANSFORMATION ( #5251 )SHAPE_REPRESENTATION_RELATIONSHIP( ) );
#2230 = CIRCLE ( 'NONE', #3512, 2.499999999999995115 ) ;
#2231 = CARTESIAN_POINT ( 'NONE',  ( 7.071067811865489716, 7.071067811865461294, -2.500000000000000000 ) ) ;
#2232 = DIRECTION ( 'NONE',  ( -0.000000000000000000, -0.000000000000000000, -1.000000000000000000 ) ) ;
#2233 = ORIENTED_EDGE ( 'NONE', *, *, #5750, .F. ) ;
#2234 = CARTESIAN_POINT ( 'NONE',  ( -10.96015510839155915, -8.131727983645202329, -3.000000000000000000 ) ) ;
#2235 = ORIENTED_EDGE ( 'NONE', *, *, #6341, .T. ) ;
#2236 = CARTESIAN_POINT ( 'NONE',  ( -8.904446493209105640, 7.676197224259131424, 0.000000000000000000 ) ) ;
#2237 = AXIS2_PLACEMENT_3D ( 'NONE', #5475, #3459, #6091 ) ;
#2238 = DIRECTION ( 'NONE',  ( 1.000000000000000000, 0.000000000000000000, 0.000000000000000000 ) ) ;
#2239 = CARTESIAN_POINT ( 'NONE',  ( -13.42339375865887163, 7.749999999999872990, -4.000000000000003553 ) ) ;
#2240 = VECTOR ( 'NONE', #359, 1000.000000000000000 ) ;
#2241 = ORIENTED_EDGE ( 'NONE', *, *, #1817, .F. ) ;
#2242 = SURFACE_STYLE_USAGE ( .BOTH. , #1719 ) ;
#2243 = ORIENTED_EDGE ( 'NONE', *, *, #2935, .F. ) ;
#2244 = CARTESIAN_POINT ( 'NONE',  ( 0.000000000000000000, 0.000000000000000000, 0.000000000000000000 ) ) ;
#2245 = VERTEX_POINT ( 'NONE', #1898 ) ;
#2246 = AXIS2_PLACEMENT_3D ( 'NONE', #6183, #3137, #2539 ) ;
#2247 = STYLED_ITEM ( 'NONE', ( #6636 ), #6032 ) ;
#2248 = DIRECTION ( 'NONE',  ( 0.3420201433256745971, 0.000000000000000000, 0.9396926207859062075 ) ) ;
#2249 = CARTESIAN_POINT ( 'NONE',  ( 0.1183307166263566079, 0.2280674907603644497, 0.8314443141724190411 ) ) ;
#2250 = VECTOR ( 'NONE', #1151, 1000.000000000000000 ) ;
#2251 = DIRECTION ( 'NONE',  ( 1.000000000000000000, 0.000000000000000000, 0.000000000000000000 ) ) ;
#2252 = ORIENTED_EDGE ( 'NONE', *, *, #6898, .F. ) ;
#2253 = EDGE_CURVE ( 'NONE', #6155, #3912, #131, .T. ) ;
#2254 = ORIENTED_EDGE ( 'NONE', *, *, #64, .F. ) ;
#2255 = EDGE_CURVE ( 'NONE', #3111, #764, #2017, .T. ) ;
#2256 = VECTOR ( 'NONE', #779, 1000.000000000000000 ) ;
#2257 = CARTESIAN_POINT ( 'NONE',  ( 0.000000000000000000, 0.000000000000000000, 9.499999999999998224 ) ) ;
#2258 = CARTESIAN_POINT ( 'NONE',  ( -1.702988244406250833E-16, -1.999166975080230335, 5.981569860407212502 ) ) ;
#2259 = SHAPE_DEFINITION_REPRESENTATION ( #7609, #3170 ) ;
#2260 = CARTESIAN_POINT ( 'NONE',  ( 0.7999999999999997113, -3.250000000000000444, 6.415063509461103486 ) ) ;
#2261 = ORIENTED_EDGE ( 'NONE', *, *, #4650, .F. ) ;
#2262 = DIRECTION ( 'NONE',  ( 1.000000000000000000, 0.000000000000000000, 0.000000000000000000 ) ) ;
#2263 = EDGE_CURVE ( 'NONE', #5891, #528, #3225, .T. ) ;
#2264 = VERTEX_POINT ( 'NONE', #3139 ) ;
#2265 = ORIENTED_EDGE ( 'NONE', *, *, #1807, .F. ) ;
#2266 = CARTESIAN_POINT ( 'NONE',  ( 14.44839375865876363, 7.750000000000064837, 1.734723475976807094E-15 ) ) ;
#2267 = TOROIDAL_SURFACE ( 'NONE', #6779, 16.00000000000000000, 0.5000000000000000000 ) ;
#2268 =( NAMED_UNIT ( * ) SI_UNIT ( $, .STERADIAN. ) SOLID_ANGLE_UNIT ( ) );
#2269 = AXIS2_PLACEMENT_3D ( 'NONE', #1289, #6824, #6228 ) ;
#2270 = ORIENTED_EDGE ( 'NONE', *, *, #5177, .T. ) ;
#2271 = CARTESIAN_POINT ( 'NONE',  ( 11.32339375865887376, 7.749999999999872990, 0.000000000000000000 ) ) ;
#2272 = DIRECTION ( 'NONE',  ( -1.000000000000000000, -0.000000000000000000, -0.000000000000000000 ) ) ;
#2273 = VERTEX_POINT ( 'NONE', #5002 ) ;
#2274 = AXIS2_PLACEMENT_3D ( 'NONE', #7768, #1096, #2920 ) ;
#2275 = CARTESIAN_POINT ( 'NONE',  ( -6.149999999999875122, -13.42339375865886986, 0.000000000000000000 ) ) ;
#2276 = CARTESIAN_POINT ( 'NONE',  ( -8.967714853501158601, 7.841504266267881995, -1.355252715606880543E-17 ) ) ;
#2277 = EDGE_CURVE ( 'NONE', #4964, #1406, #239, .T. ) ;
#2278 = CIRCLE ( 'NONE', #3184, 17.00000000000000000 ) ;
#2279 = DIRECTION ( 'NONE',  ( 0.7071067811865485719, 0.7071067811865465735, 0.000000000000000000 ) ) ;
#2280 = CIRCLE ( 'NONE', #3819, 0.09999999999999982514 ) ;
#2281 = DIRECTION ( 'NONE',  ( 1.000000000000000000, 0.000000000000000000, 0.000000000000000000 ) ) ;
#2282 = AXIS2_PLACEMENT_3D ( 'NONE', #6958, #2035, #4564 ) ;
#2283 = VECTOR ( 'NONE', #5667, 1000.000000000000000 ) ;
#2284 = ORIENTED_EDGE ( 'NONE', *, *, #3628, .F. ) ;
#2285 = LINE ( 'NONE', #2354, #7531 ) ;
#2286 = AXIS2_PLACEMENT_3D ( 'NONE', #5319, #448, #7868 ) ;
#2287 = VERTEX_POINT ( 'NONE', #2540 ) ;
#2288 = CARTESIAN_POINT ( 'NONE',  ( 26.60000000000000497, 0.000000000000000000, 0.000000000000000000 ) ) ;
#2290 = ADVANCED_FACE ( 'NONE', ( #5696 ), #172, .F. ) ;
#2289 = VECTOR ( 'NONE', #1205, 1000.000000000000000 ) ;
#2291 = EDGE_LOOP ( 'NONE', ( #293, #2498, #4655, #7915 ) ) ;
#2292 = LINE ( 'NONE', #5394, #1514 ) ;
#2293 = DIRECTION ( 'NONE',  ( -0.000000000000000000, -0.000000000000000000, 1.000000000000000000 ) ) ;
#2294 = ADVANCED_FACE ( 'NONE', ( #7547 ), #3054, .T. ) ;
#2295 =( NAMED_UNIT ( * ) PLANE_ANGLE_UNIT ( ) SI_UNIT ( $, .RADIAN. ) );
#2296 = ORIENTED_EDGE ( 'NONE', *, *, #2631, .F. ) ;
#2297 = ORIENTED_EDGE ( 'NONE', *, *, #7099, .T. ) ;
#2298 = DIRECTION ( 'NONE',  ( 1.000000000000000000, 0.000000000000000000, 0.000000000000000000 ) ) ;
#2299 = CARTESIAN_POINT ( 'NONE',  ( 6.149999999999968381, 13.42339375865881657, 0.000000000000000000 ) ) ;
#2300 = ITEM_DEFINED_TRANSFORMATION ( 'NONE', 'NONE', #5448,  #7250 ) ;
#2301 = DIRECTION ( 'NONE',  ( -0.7071067811865489050, 0.7071067811865461294, 0.000000000000000000 ) ) ;
#2302 = ORIENTED_EDGE ( 'NONE', *, *, #1218, .F. ) ;
#2303 = CARTESIAN_POINT ( 'NONE',  ( 0.000000000000000000, 0.000000000000000000, 9.499999999999998224 ) ) ;
#2304 = ORIENTED_EDGE ( 'NONE', *, *, #5933, .F. ) ;
#2305 = CARTESIAN_POINT ( 'NONE',  ( -12.63918572269493801, 9.810758597948707305, -3.000000000000000000 ) ) ;
#2306 = EDGE_CURVE ( 'NONE', #484, #446, #1282, .T. ) ;
#2307 = ADVANCED_FACE ( 'NONE', ( #3744 ), #3311, .F. ) ;
#2308 = DIRECTION ( 'NONE',  ( -0.000000000000000000, -0.000000000000000000, 1.000000000000000000 ) ) ;
#2309 = LINE ( 'NONE', #7766, #4589 ) ;
#2310 = ORIENTED_EDGE ( 'NONE', *, *, #2611, .F. ) ;
#2311 = DIRECTION ( 'NONE',  ( 0.000000000000000000, 0.000000000000000000, 1.000000000000000000 ) ) ;
#2312 = CARTESIAN_POINT ( 'NONE',  ( -9.166914626814616440, 7.706716911730788766, -0.06579798566743805255 ) ) ;
#2313 = DIRECTION ( 'NONE',  ( 0.5530835219181907680, 0.8331258114970213624, 0.000000000000000000 ) ) ;
#2314 = CIRCLE ( 'NONE', #5544, 3.000000000000000444 ) ;
#2315 = CARTESIAN_POINT ( 'NONE',  ( -7.750000000000063061, 13.42339375865876505, 0.000000000000000000 ) ) ;
#2316 = DIRECTION ( 'NONE',  ( 0.000000000000000000, -1.000000000000000000, 0.000000000000000000 ) ) ;
#2317 = ADVANCED_FACE ( 'NONE', ( #4307 ), #5608, .F. ) ;
#2318 = AXIS2_PLACEMENT_3D ( 'NONE', #5975, #5279, #4792 ) ;
#2319 = ORIENTED_EDGE ( 'NONE', *, *, #6043, .F. ) ;
#2320 = EDGE_LOOP ( 'NONE', ( #6272, #6579, #2200, #6187 ) ) ;
#2321 = DIRECTION ( 'NONE',  ( 1.000000000000000000, 0.000000000000000000, 0.000000000000000000 ) ) ;
#2322 = VERTEX_POINT ( 'NONE', #87 ) ;
#2323 = CARTESIAN_POINT ( 'NONE',  ( -3.000000000000000444, 3.673940397442060361E-16, -4.000000000000003553 ) ) ;
#2324 = ADVANCED_FACE ( 'NONE', ( #7665 ), #3302, .T. ) ;
#2325 = CARTESIAN_POINT ( 'NONE',  ( 4.676537180435965446, 2.700000000000006839, -3.000000000000000000 ) ) ;
#2326 = CARTESIAN_POINT ( 'NONE',  ( 1.189999999999999947, -0.1200000000000000372, -0.1199999999999999956 ) ) ;
#2327 = CARTESIAN_POINT ( 'NONE',  ( 1.370759493670886231, -2.168404344971008868E-16, 0.1017721518987341478 ) ) ;
#2328 = ORIENTED_EDGE ( 'NONE', *, *, #2306, .T. ) ;
#2329 = ORIENTED_EDGE ( 'NONE', *, *, #3103, .T. ) ;
#2330 = CARTESIAN_POINT ( 'NONE',  ( -13.42339375865876328, 7.750000000000064837, 0.000000000000000000 ) ) ;
#2331 = DIRECTION ( 'NONE',  ( 0.000000000000000000, -1.000000000000000000, 0.000000000000000000 ) ) ;
#2332 = EDGE_CURVE ( 'NONE', #5138, #6568, #2032, .T. ) ;
#2333 = CARTESIAN_POINT ( 'NONE',  ( 2.223130931616851935, 6.108002035108402339, -3.000000000000000000 ) ) ;
#2334 = ORIENTED_EDGE ( 'NONE', *, *, #7002, .T. ) ;
#2335 = DIRECTION ( 'NONE',  ( 1.000000000000000000, 0.000000000000000000, 0.000000000000000000 ) ) ;
#2336 = ORIENTED_EDGE ( 'NONE', *, *, #6904, .T. ) ;
#2337 = CARTESIAN_POINT ( 'NONE',  ( 6.000000000000000888, 7.347880794884120722E-16, 0.000000000000000000 ) ) ;
#2338 = DIRECTION ( 'NONE',  ( -0.000000000000000000, 0.000000000000000000, 1.000000000000000000 ) ) ;
#2339 = DIRECTION ( 'NONE',  ( -1.000000000000000000, 0.000000000000000000, 0.000000000000000000 ) ) ;
#2340 = AXIS2_PLACEMENT_3D ( 'NONE', #2598, #1553, #7569 ) ;
#2341 = DIRECTION ( 'NONE',  ( 1.000000000000000000, 0.000000000000000000, 0.000000000000000000 ) ) ;
#2342 = ORIENTED_EDGE ( 'NONE', *, *, #397, .F. ) ;
#2343 = FACE_BOUND ( 'NONE', #2819, .T. ) ;
#2344 = DIRECTION ( 'NONE',  ( -0.000000000000000000, -0.000000000000000000, 1.000000000000000000 ) ) ;
#2345 = FACE_OUTER_BOUND ( 'NONE', #1694, .T. ) ;
#2346 = EDGE_CURVE ( 'NONE', #6076, #2547, #7183, .T. ) ;
#2347 = EDGE_CURVE ( 'NONE', #528, #2245, #1113, .T. ) ;
#2348 = AXIS2_PLACEMENT_3D ( 'NONE', #5421, #466, #3940 ) ;
#2349 = CARTESIAN_POINT ( 'NONE',  ( 0.000000000000000000, 0.000000000000000000, -3.000000000000000000 ) ) ;
#2350 = CIRCLE ( 'NONE', #2340, 6.250000000000000000 ) ;
#2351 = CARTESIAN_POINT ( 'NONE',  ( 0.000000000000000000, 0.000000000000000000, 9.499999999999998224 ) ) ;
#2352 = CARTESIAN_POINT ( 'NONE',  ( 7.071067811865489716, 7.071067811865461294, -2.500000000000000000 ) ) ;
#2353 = ORIENTED_EDGE ( 'NONE', *, *, #1508, .F. ) ;
#2354 = CARTESIAN_POINT ( 'NONE',  ( 8.521067811865490782, 7.321067811865461294, -3.000000000000000000 ) ) ;
#2355 = ORIENTED_EDGE ( 'NONE', *, *, #5672, .F. ) ;
#2356 = DIRECTION ( 'NONE',  ( -0.000000000000000000, 0.5000000000000009992, 0.8660254037844380415 ) ) ;
#2357 = CIRCLE ( 'NONE', #6877, 4.400000000000001243 ) ;
#2358 = ORIENTED_EDGE ( 'NONE', *, *, #1103, .T. ) ;
#2359 = EDGE_CURVE ( 'NONE', #6173, #2778, #7098, .T. ) ;
#2360 = CARTESIAN_POINT ( 'NONE',  ( 0.000000000000000000, 0.000000000000000000, 0.000000000000000000 ) ) ;
#2361 = VECTOR ( 'NONE', #556, 1000.000000000000114 ) ;
#2362 = FACE_OUTER_BOUND ( 'NONE', #6374, .T. ) ;
#2363 = CARTESIAN_POINT ( 'NONE',  ( 8.131727983645317792, 10.96015510839147566, 0.000000000000000000 ) ) ;
#2364 = DIRECTION ( 'NONE',  ( -0.000000000000000000, -0.000000000000000000, 1.000000000000000000 ) ) ;
#2365 = VERTEX_POINT ( 'NONE', #285 ) ;
#2366 = ORIENTED_EDGE ( 'NONE', *, *, #981, .F. ) ;
#2367 = ADVANCED_FACE ( 'NONE', ( #5898 ), #7710, .T. ) ;
#2368 = VECTOR ( 'NONE', #1889, 1000.000000000000000 ) ;
#2369 = CARTESIAN_POINT ( 'NONE',  ( 15.52339375865887128, 7.749999999999872990, 0.000000000000000000 ) ) ;
#2370 = FACE_OUTER_BOUND ( 'NONE', #6814, .T. ) ;
#2371 = AXIS2_PLACEMENT_3D ( 'NONE', #3595, #2583, #2341 ) ;
#2372 = CARTESIAN_POINT ( 'NONE',  ( 2.223130931616851047, -6.108002035108402339, -3.000000000000000000 ) ) ;
#2373 = ORIENTED_EDGE ( 'NONE', *, *, #4642, .T. ) ;
#2374 = ORIENTED_EDGE ( 'NONE', *, *, #4232, .T. ) ;
#2375 = LINE ( 'NONE', #570, #365 ) ;
#2376 = EDGE_CURVE ( 'NONE', #6344, #6983, #6163, .T. ) ;
#2377 = EDGE_CURVE ( 'NONE', #4668, #5045, #6985, .T. ) ;
#2378 = CARTESIAN_POINT ( 'NONE',  ( 8.131727983645316016, -10.96015510839147389, 0.000000000000000000 ) ) ;
#2379 = CARTESIAN_POINT ( 'NONE',  ( -9.335235707365544755, 6.701034901301983204, -0.9342020143325696635 ) ) ;
#2380 = FACE_OUTER_BOUND ( 'NONE', #2838, .T. ) ;
#2381 = DIRECTION ( 'NONE',  ( 0.5530835219181898799, 2.908843223750394590E-15, -0.8331258114970220285 ) ) ;
#2382 = ORIENTED_EDGE ( 'NONE', *, *, #7357, .T. ) ;
#2383 = DIRECTION ( 'NONE',  ( -1.000000000000000000, -0.000000000000000000, -0.000000000000000000 ) ) ;
#2384 = CARTESIAN_POINT ( 'NONE',  ( 8.994792913867442508, 7.714609032144609913, -0.04323104063764716953 ) ) ;
#2385 = EDGE_CURVE ( 'NONE', #6029, #117, #4736, .T. ) ;
#2386 = DIRECTION ( 'NONE',  ( 1.000000000000000000, 0.000000000000000000, 0.000000000000000000 ) ) ;
#2387 = AXIS2_PLACEMENT_3D ( 'NONE', #7223, #5826, #4760 ) ;
#2388 = CARTESIAN_POINT ( 'NONE',  ( 12.82466541495479895, -9.996238290208570021, -2.946399743125104997 ) ) ;
#2389 = AXIS2_PLACEMENT_3D ( 'NONE', #6083, #1839, #546 ) ;
#2390 = CARTESIAN_POINT ( 'NONE',  ( 0.000000000000000000, 7.000000000000000000, -1.000000000000000000 ) ) ;
#2391 = VECTOR ( 'NONE', #6923, 1000.000000000000114 ) ;
#2392 = ADVANCED_FACE ( 'NONE', ( #367 ), #3944, .T. ) ;
#2393 = DIRECTION ( 'NONE',  ( 0.000000000000000000, 0.000000000000000000, 1.000000000000000000 ) ) ;
#2394 = VERTEX_POINT ( 'NONE', #1408 ) ;
#2395 = LINE ( 'NONE', #4906, #1757 ) ;
#2396 = CIRCLE ( 'NONE', #3428, 1.449999999999999956 ) ;
#2397 = ORIENTED_EDGE ( 'NONE', *, *, #4623, .T. ) ;
#2398 = CARTESIAN_POINT ( 'NONE',  ( 13.42339375865876328, 7.750000000000064837, 1.734723475976807094E-15 ) ) ;
#2399 = ORIENTED_EDGE ( 'NONE', *, *, #5853, .F. ) ;
#2400 = ORIENTED_EDGE ( 'NONE', *, *, #7279, .F. ) ;
#2401 = AXIS2_PLACEMENT_3D ( 'NONE', #1787, #4233, #6705 ) ;
#2402 = VECTOR ( 'NONE', #1910, 1000.000000000000000 ) ;
#2403 = SPHERICAL_SURFACE ( 'NONE', #1089, 0.1000000000000000056 ) ;
#2404 = CIRCLE ( 'NONE', #6161, 16.50000000000000000 ) ;
#2405 = EDGE_CURVE ( 'NONE', #6155, #605, #7590, .T. ) ;
#2406 = AXIS2_PLACEMENT_3D ( 'NONE', #5349, #403, #3576 ) ;
#2407 = EDGE_CURVE ( 'NONE', #4841, #7775, #1242, .T. ) ;
#2408 = VECTOR ( 'NONE', #6392, 999.9999999999998863 ) ;
#2409 = DIRECTION ( 'NONE',  ( 1.000000000000000000, 0.000000000000000000, 0.000000000000000000 ) ) ;
#2410 = FACE_OUTER_BOUND ( 'NONE', #3191, .T. ) ;
#2411 = FACE_OUTER_BOUND ( 'NONE', #5059, .T. ) ;
#2412 = VERTEX_POINT ( 'NONE', #7744 ) ;
#2413 = ORIENTED_EDGE ( 'NONE', *, *, #6713, .T. ) ;
#2414 = DIRECTION ( 'NONE',  ( -0.000000000000000000, -0.000000000000000000, 1.000000000000000000 ) ) ;
#2415 = CARTESIAN_POINT ( 'NONE',  ( 8.131727983645317792, 10.96015510839147566, 0.000000000000000000 ) ) ;
#2416 = ADVANCED_FACE ( 'NONE', ( #3341 ), #4477, .F. ) ;
#2417 = CARTESIAN_POINT ( 'NONE',  ( 7.749999999999968914, 13.42339375865881657, 0.000000000000000000 ) ) ;
#2418 = ORIENTED_EDGE ( 'NONE', *, *, #3166, .F. ) ;
#2419 = ORIENTED_EDGE ( 'NONE', *, *, #5247, .F. ) ;
#2420 = FACE_OUTER_BOUND ( 'NONE', #6862, .T. ) ;
#2421 = CARTESIAN_POINT ( 'NONE',  ( -2.100000000000001421, -15.50000000000000000, -1.600000000000000089 ) ) ;
#2422 = CARTESIAN_POINT ( 'NONE',  ( -9.126014521152693959, 7.805596764978377067, 0.02420119008936231705 ) ) ;
#2423 = EDGE_CURVE ( 'NONE', #5281, #3615, #4514, .T. ) ;
#2424 = FACE_OUTER_BOUND ( 'NONE', #5872, .T. ) ;
#2425 = SURFACE_STYLE_FILL_AREA ( #4434 ) ;
#2426 = VERTEX_POINT ( 'NONE', #3905 ) ;
#2427 = VERTEX_POINT ( 'NONE', #5817 ) ;
#2428 = CARTESIAN_POINT ( 'NONE',  ( 2.500000000000000000, -1.136867401868599581, 21.26631964891794269 ) ) ;
#2429 = CARTESIAN_POINT ( 'NONE',  ( 9.021995954024383479, 7.792091610404480839, -0.02407679109136180717 ) ) ;
#2430 = DIRECTION ( 'NONE',  ( -0.000000000000000000, -0.000000000000000000, 1.000000000000000000 ) ) ;
#2431 = DIRECTION ( 'NONE',  ( -0.9949540640923918433, 0.000000000000000000, 0.1003315022614172103 ) ) ;
#2432 = DIRECTION ( 'NONE',  ( -0.000000000000000000, -0.000000000000000000, -1.000000000000000000 ) ) ;
#2433 = AXIS2_PLACEMENT_3D ( 'NONE', #4444, #4524, #1381 ) ;
#2434 = FACE_OUTER_BOUND ( 'NONE', #3690, .T. ) ;
#2435 = VERTEX_POINT ( 'NONE', #214 ) ;
#2436 = DIRECTION ( 'NONE',  ( 1.000000000000000000, 0.000000000000000000, 0.000000000000000000 ) ) ;
#2437 = ORIENTED_EDGE ( 'NONE', *, *, #5718, .T. ) ;
#2438 = DIRECTION ( 'NONE',  ( 1.000000000000000000, 0.000000000000000000, 0.000000000000000000 ) ) ;
#2439 =( GEOMETRIC_REPRESENTATION_CONTEXT ( 3 ) GLOBAL_UNCERTAINTY_ASSIGNED_CONTEXT ( ( #5116 ) ) GLOBAL_UNIT_ASSIGNED_CONTEXT ( ( #1275, #6982, #3739 ) ) REPRESENTATION_CONTEXT ( 'NONE', 'WORKASPACE' ) );
#2440 = ORIENTED_EDGE ( 'NONE', *, *, #1187, .F. ) ;
#2441 = ORIENTED_EDGE ( 'NONE', *, *, #845, .T. ) ;
#2442 = CARTESIAN_POINT ( 'NONE',  ( 10.16702125952739877, -12.99544838427354954, 0.000000000000000000 ) ) ;
#2443 = AXIS2_PLACEMENT_3D ( 'NONE', #7704, #2173, #1568 ) ;
#2444 = DIRECTION ( 'NONE',  ( 1.000000000000000000, 0.000000000000000000, 0.000000000000000000 ) ) ;
#2445 = EDGE_LOOP ( 'NONE', ( #6594, #1801, #3795, #4414, #7437 ) ) ;
#2446 = DIRECTION ( 'NONE',  ( 0.000000000000000000, 0.000000000000000000, 1.000000000000000000 ) ) ;
#2447 = UNCERTAINTY_MEASURE_WITH_UNIT (LENGTH_MEASURE( 1.000000000000000082E-05 ), #7128, 'distance_accuracy_value', 'NONE');
#2448 = ORIENTED_EDGE ( 'NONE', *, *, #2630, .F. ) ;
#2449 = ORIENTED_EDGE ( 'NONE', *, *, #2423, .F. ) ;
#2450 = EDGE_CURVE ( 'NONE', #3672, #6432, #1379, .T. ) ;
#2451 = DIRECTION ( 'NONE',  ( 0.7071067811865489050, -0.7071067811865461294, 0.000000000000000000 ) ) ;
#2452 = EDGE_CURVE ( 'NONE', #6067, #2537, #3563, .T. ) ;
#2453 = CARTESIAN_POINT ( 'NONE',  ( 1.500000000000000222, 13.10000000000000142, 2.499999999999999556 ) ) ;
#2454 = DIRECTION ( 'NONE',  ( 1.000000000000000000, 0.000000000000000000, 0.000000000000000000 ) ) ;
#2455 = ORIENTED_EDGE ( 'NONE', *, *, #3367, .F. ) ;
#2456 = ORIENTED_EDGE ( 'NONE', *, *, #2662, .T. ) ;
#2457 = DIRECTION ( 'NONE',  ( 0.000000000000000000, 0.000000000000000000, -1.000000000000000000 ) ) ;
#2458 = ADVANCED_FACE ( 'NONE', ( #4588 ), #4988, .F. ) ;
#2459 = DIRECTION ( 'NONE',  ( 1.000000000000000000, 0.000000000000000000, 0.000000000000000000 ) ) ;
#2460 = CARTESIAN_POINT ( 'NONE',  ( -0.1976855915722204593, 0.2500000000000002220, 3.728315892706453027 ) ) ;
#2461 = CARTESIAN_POINT ( 'NONE',  ( 7.071067811865489716, 7.071067811865461294, -2.500000000000000000 ) ) ;
#2462 = ORIENTED_EDGE ( 'NONE', *, *, #1834, .F. ) ;
#2463 = ORIENTED_EDGE ( 'NONE', *, *, #3146, .T. ) ;
#2464 = CARTESIAN_POINT ( 'NONE',  ( -12.63918572269493801, 9.810758597948707305, -3.000000000000000000 ) ) ;
#2465 = CARTESIAN_POINT ( 'NONE',  ( 9.008366235374253961, 7.776531861319812222, -0.02693181504802557094 ) ) ;
#2466 = CARTESIAN_POINT ( 'NONE',  ( 1.500000000000000666, -0.5000000000000000000, 4.250000000000001776 ) ) ;
#2467 = PRODUCT_DEFINITION_FORMATION_WITH_SPECIFIED_SOURCE ( 'ANY', '', #6933, .NOT_KNOWN. ) ;
#2468 = EDGE_CURVE ( 'NONE', #2930, #1015, #6606, .T. ) ;
#2469 = CARTESIAN_POINT ( 'NONE',  ( 7.321067811865490604, 7.321067811865461294, -2.500000000000000000 ) ) ;
#2470 = CARTESIAN_POINT ( 'NONE',  ( 0.6205105636860595020, 0.2269896399161186462, 4.467923143144636455 ) ) ;
#2471 = VECTOR ( 'NONE', #469, 1000.000000000000000 ) ;
#2472 = CARTESIAN_POINT ( 'NONE',  ( -0.7500000000000000000, -0.05307744633479850177, 4.852295800272074189 ) ) ;
#2473 = VERTEX_POINT ( 'NONE', #515 ) ;
#2474 = CARTESIAN_POINT ( 'NONE',  ( 1.414213562373088706, 1.414213562373092481, 0.000000000000000000 ) ) ;
#2475 = VERTEX_POINT ( 'NONE', #7212 ) ;
#2476 = CARTESIAN_POINT ( 'NONE',  ( 0.000000000000000000, 0.000000000000000000, 0.000000000000000000 ) ) ;
#2477 = EDGE_LOOP ( 'NONE', ( #6760, #1842, #5296, #5107 ) ) ;
#2478 = EDGE_CURVE ( 'NONE', #947, #3518, #6790, .T. ) ;
#2479 = CARTESIAN_POINT ( 'NONE',  ( 9.097485798867440465, 7.867651031520945359, 0.000000000000000000 ) ) ;
#2480 = APPLICATION_CONTEXT ( 'automotive_design' ) ;
#2481 = VECTOR ( 'NONE', #4891, 1000.000000000000000 ) ;
#2482 = CIRCLE ( 'NONE', #1604, 16.00000000000000000 ) ;
#2483 = DIRECTION ( 'NONE',  ( -0.7071067811865459074, 0.7071067811865491270, 0.000000000000000000 ) ) ;
#2484 = ORIENTED_EDGE ( 'NONE', *, *, #3451, .T. ) ;
#2485 = DIRECTION ( 'NONE',  ( 1.000000000000000000, 0.000000000000000000, 0.000000000000000000 ) ) ;
#2486 = CARTESIAN_POINT ( 'NONE',  ( 16.00000000000000355, 0.000000000000000000, -0.5000000000000004441 ) ) ;
#2487 = EDGE_LOOP ( 'NONE', ( #3867, #4401, #6950, #2440 ) ) ;
#2488 = VERTEX_POINT ( 'NONE', #479 ) ;
#2489 = ORIENTED_EDGE ( 'NONE', *, *, #3789, .T. ) ;
#2490 = CARTESIAN_POINT ( 'NONE',  ( 7.321067811865490604, 5.642782126156891565, -2.500000000000000000 ) ) ;
#2491 = B_SPLINE_CURVE_WITH_KNOTS ( 'NONE', 3,
 ( #2214, #4106, #1117, #2896 ),
 .UNSPECIFIED., .F., .F.,
 ( 4, 4 ),
 ( 0.000000000000000000, 0.001334374846701228160 ),
 .UNSPECIFIED. ) ;
#2492 = AXIS2_PLACEMENT_3D ( 'NONE', #3986, #6456, #2060 ) ;
#2493 = CARTESIAN_POINT ( 'NONE',  ( -1.500000000000000222, -13.10000000000000142, 2.499999999999999556 ) ) ;
#2494 = PRODUCT_RELATED_PRODUCT_CATEGORY ( 'part', '', ( #4719 ) ) ;
#2495 = EDGE_CURVE ( 'NONE', #2575, #531, #4790, .T. ) ;
#2496 = CIRCLE ( 'NONE', #4049, 1.299999999999998934 ) ;
#2497 = CARTESIAN_POINT ( 'NONE',  ( 0.000000000000000000, 0.9100000000000002531, 0.2399999999999994360 ) ) ;
#2498 = ORIENTED_EDGE ( 'NONE', *, *, #4286, .T. ) ;
#2499 = ORIENTED_EDGE ( 'NONE', *, *, #1844, .T. ) ;
#2500 = CARTESIAN_POINT ( 'NONE',  ( 10.25304832720496151, -13.08147545195111405, 0.000000000000000000 ) ) ;
#2501 = CARTESIAN_POINT ( 'NONE',  ( -1.702988244406250833E-16, -1.349647922241902442, 5.606569860407210726 ) ) ;
#2502 = DIRECTION ( 'NONE',  ( 0.000000000000000000, 0.000000000000000000, 1.000000000000000000 ) ) ;
#2503 = AXIS2_PLACEMENT_3D ( 'NONE', #577, #5042, #7506 ) ;
#2504 =( NAMED_UNIT ( * ) PLANE_ANGLE_UNIT ( ) SI_UNIT ( $, .RADIAN. ) );
#2505 = ADVANCED_FACE ( 'NONE', ( #552 ), #6009, .F. ) ;
#2506 = CARTESIAN_POINT ( 'NONE',  ( 2.640432800705812877, -2.482242362430875914E-15, -0.8428923634937750542 ) ) ;
#2507 = EDGE_LOOP ( 'NONE', ( #6968, #7628, #4922, #128 ) ) ;
#2508 = EDGE_LOOP ( 'NONE', ( #5102, #104, #307, #6254 ) ) ;
#2509 = CARTESIAN_POINT ( 'NONE',  ( -3.649999999999999911, 0.000000000000000000, -5.899999999999999467 ) ) ;
#2510 = FACE_OUTER_BOUND ( 'NONE', #833, .T. ) ;
#2511 = CARTESIAN_POINT ( 'NONE',  ( -10.60660171779822392, -5.656854249492355713, -2.500000000000000000 ) ) ;
#2512 = AXIS2_PLACEMENT_3D ( 'NONE', #5067, #956, #2051 ) ;
#2513 = AXIS2_PLACEMENT_3D ( 'NONE', #7785, #5905, #4676 ) ;
#2514 = DIRECTION ( 'NONE',  ( 0.000000000000000000, 0.000000000000000000, 1.000000000000000000 ) ) ;
#2515 = CARTESIAN_POINT ( 'NONE',  ( 18.50000000000000355, 0.000000000000000000, -29.00000000000000000 ) ) ;
#2516 = EDGE_CURVE ( 'NONE', #6568, #531, #875, .T. ) ;
#2517 = CARTESIAN_POINT ( 'NONE',  ( -0.7500000000000003331, 0.04916018911939114971, 4.776432237721516927 ) ) ;
#2518 = ORIENTED_EDGE ( 'NONE', *, *, #3339, .F. ) ;
#2519 = VECTOR ( 'NONE', #5402, 1000.000000000000000 ) ;
#2520 = CARTESIAN_POINT ( 'NONE',  ( -11.32339375865876363, 7.750000000000064837, -1.600000000000000089 ) ) ;
#2521 = ORIENTED_EDGE ( 'NONE', *, *, #3117, .F. ) ;
#2522 = DIRECTION ( 'NONE',  ( 0.000000000000000000, 0.000000000000000000, -1.000000000000000000 ) ) ;
#2523 = ORIENTED_EDGE ( 'NONE', *, *, #5878, .T. ) ;
#2524 = DIRECTION ( 'NONE',  ( -0.000000000000000000, -1.000000000000000000, -0.000000000000000000 ) ) ;
#2525 = FACE_BOUND ( 'NONE', #1247, .T. ) ;
#2526 = AXIS2_PLACEMENT_3D ( 'NONE', #5677, #2645, #5060 ) ;
#2527 = AXIS2_PLACEMENT_3D ( 'NONE', #4367, #3000, #710 ) ;
#2528 = EDGE_CURVE ( 'NONE', #5336, #673, #2292, .T. ) ;
#2529 = CARTESIAN_POINT ( 'NONE',  ( -3.810511776651528404, 2.200000000000006839, 2.500000000000000000 ) ) ;
#2530 = ORIENTED_EDGE ( 'NONE', *, *, #5460, .F. ) ;
#2531 = LINE ( 'NONE', #125, #4638 ) ;
#2532 = PRODUCT_DEFINITION_CONTEXT ( 'detailed design', #6874, 'design' ) ;
#2533 = AXIS2_PLACEMENT_3D ( 'NONE', #7267, #1744, #6666 ) ;
#2534 = CARTESIAN_POINT ( 'NONE',  ( 0.000000000000000000, -3.250000000000000444, 6.415063509461103486 ) ) ;
#2535 = ORIENTED_EDGE ( 'NONE', *, *, #2822, .F. ) ;
#2536 = CIRCLE ( 'NONE', #4591, 16.00000000000000000 ) ;
#2537 = VERTEX_POINT ( 'NONE', #1727 ) ;
#2538 = ORIENTED_EDGE ( 'NONE', *, *, #5869, .F. ) ;
#2539 = DIRECTION ( 'NONE',  ( -1.000000000000000000, 0.000000000000000000, 0.000000000000000000 ) ) ;
#2540 = CARTESIAN_POINT ( 'NONE',  ( -5.400000000000000355, 0.000000000000000000, -3.000000000000000000 ) ) ;
#2541 = AXIS2_PLACEMENT_3D ( 'NONE', #5856, #2177, #7630 ) ;
#2542 = CIRCLE ( 'NONE', #1655, 9.023948508257607415 ) ;
#2543 = AXIS2_PLACEMENT_3D ( 'NONE', #4315, #7268, #55 ) ;
#2544 = AXIS2_PLACEMENT_3D ( 'NONE', #5457, #6834, #3718 ) ;
#2545 = DIRECTION ( 'NONE',  ( -0.000000000000000000, -0.000000000000000000, 1.000000000000000000 ) ) ;
#2546 = ORIENTED_EDGE ( 'NONE', *, *, #7860, .T. ) ;
#2547 = VERTEX_POINT ( 'NONE', #4712 ) ;
#2548 = DIRECTION ( 'NONE',  ( 1.000000000000000000, 0.000000000000000000, 0.000000000000000000 ) ) ;
#2549 = CARTESIAN_POINT ( 'NONE',  ( 0.000000000000000000, 7.000000000000000000, -0.1000000000000000472 ) ) ;
#2550 = CARTESIAN_POINT ( 'NONE',  ( -3.750000000000000000, 4.592425496802573972E-16, -5.899999999999999467 ) ) ;
#2551 = CARTESIAN_POINT ( 'NONE',  ( -0.7999999999999983791, -3.125000000000000000, 6.631569860407212857 ) ) ;
#2552 = ORIENTED_EDGE ( 'NONE', *, *, #405, .F. ) ;
#2553 = EDGE_LOOP ( 'NONE', ( #5620, #1805, #4748, #774 ) ) ;
#2554 = CARTESIAN_POINT ( 'NONE',  ( -9.810758597948748161, 12.63918572269490248, -3.000000000000000000 ) ) ;
#2555 = DIRECTION ( 'NONE',  ( 1.000000000000000000, 0.000000000000000000, 0.000000000000000000 ) ) ;
#2556 = DIRECTION ( 'NONE',  ( -0.000000000000000000, -0.000000000000000000, 1.000000000000000000 ) ) ;
#2557 = DIRECTION ( 'NONE',  ( -1.000000000000000000, 0.000000000000000000, 0.000000000000000000 ) ) ;
#2558 = EDGE_CURVE ( 'NONE', #5138, #6448, #6026, .T. ) ;
#2559 = ADVANCED_FACE ( 'NONE', ( #4672, #1657 ), #7133, .F. ) ;
#2560 = CARTESIAN_POINT ( 'NONE',  ( 0.5573504689888972852, 0.2500000000000061062, 4.359818250924242911 ) ) ;
#2561 = CARTESIAN_POINT ( 'NONE',  ( -9.176611129266124323, 7.830186938603451274, -0.000000000000000000 ) ) ;
#2562 = ORIENTED_EDGE ( 'NONE', *, *, #7789, .F. ) ;
#2563 = DIRECTION ( 'NONE',  ( 0.000000000000000000, -1.000000000000000000, 0.000000000000000000 ) ) ;
#2564 = ORIENTED_EDGE ( 'NONE', *, *, #4145, .T. ) ;
#2565 = CARTESIAN_POINT ( 'NONE',  ( -1.500000000000000222, -13.10000000000000142, -3.000000000000000000 ) ) ;
#2566 = ORIENTED_EDGE ( 'NONE', *, *, #3057, .F. ) ;
#2567 = EDGE_CURVE ( 'NONE', #283, #7904, #7702, .T. ) ;
#2568 = FACE_BOUND ( 'NONE', #3144, .T. ) ;
#2569 = FACE_OUTER_BOUND ( 'NONE', #5007, .T. ) ;
#2570 = AXIS2_PLACEMENT_3D ( 'NONE', #3098, #5559, #7218 ) ;
#2571 = DIRECTION ( 'NONE',  ( 0.000000000000000000, 0.000000000000000000, 1.000000000000000000 ) ) ;
#2572 = ORIENTED_EDGE ( 'NONE', *, *, #2187, .F. ) ;
#2573 = DIRECTION ( 'NONE',  ( 1.000000000000000000, 0.000000000000000000, 0.000000000000000000 ) ) ;
#2574 = DIRECTION ( 'NONE',  ( -0.000000000000000000, -0.000000000000000000, 1.000000000000000000 ) ) ;
#2575 = VERTEX_POINT ( 'NONE', #5934 ) ;
#2576 = CLOSED_SHELL ( 'NONE', ( #7195, #1442, #6965, #24, #2559, #5263, #5038, #4483 ) ) ;
#2577 = VERTEX_POINT ( 'NONE', #4176 ) ;
#2578 = ORIENTED_EDGE ( 'NONE', *, *, #4772, .F. ) ;
#2579 = LINE ( 'NONE', #2490, #3149 ) ;
#2580 = EDGE_CURVE ( 'NONE', #6737, #3250, #5474, .T. ) ;
#2581 = CIRCLE ( 'NONE', #3601, 1.249999999999996669 ) ;
#2582 = CARTESIAN_POINT ( 'NONE',  ( 8.521067811865490782, 6.821067811865461294, -3.000000000000000000 ) ) ;
#2583 = DIRECTION ( 'NONE',  ( 0.000000000000000000, 0.000000000000000000, 1.000000000000000000 ) ) ;
#2584 = AXIS2_PLACEMENT_3D ( 'NONE', #443, #4832, #7902 ) ;
#2585 = DIRECTION ( 'NONE',  ( -1.000000000000000000, -0.000000000000000000, -0.000000000000000000 ) ) ;
#2586 = ORIENTED_EDGE ( 'NONE', *, *, #7205, .T. ) ;
#2587 = EDGE_LOOP ( 'NONE', ( #7956, #5418, #809 ) ) ;
#2588 = DIRECTION ( 'NONE',  ( -1.000000000000000000, 0.000000000000000000, 0.000000000000000000 ) ) ;
#2589 = DIRECTION ( 'NONE',  ( 0.000000000000000000, 0.000000000000000000, 1.000000000000000000 ) ) ;
#2590 = CARTESIAN_POINT ( 'NONE',  ( 3.851859888774471706E-31, 9.629649721936179265E-32, -24.99999999999999645 ) ) ;
#2591 = AXIS2_PLACEMENT_3D ( 'NONE', #2466, #4936, #4856 ) ;
#2592 = FACE_OUTER_BOUND ( 'NONE', #346, .T. ) ;
#2593 = CARTESIAN_POINT ( 'NONE',  ( 17.00000000000000000, 0.000000000000000000, -4.000000000000000000 ) ) ;
#2594 = CARTESIAN_POINT ( 'NONE',  ( -1.024999999999997913, -15.50000000000000000, 1.734723475976807094E-15 ) ) ;
#2595 = LINE ( 'NONE', #3798, #436 ) ;
#2596 = DIRECTION ( 'NONE',  ( -0.000000000000000000, -0.000000000000000000, -1.000000000000000000 ) ) ;
#2597 = B_SPLINE_CURVE_WITH_KNOTS ( 'NONE', 3,
 ( #4464, #315, #4578, #1565 ),
 .UNSPECIFIED., .F., .F.,
 ( 4, 4 ),
 ( 0.0009034838456593107621, 0.001321929595906961045 ),
 .UNSPECIFIED. ) ;
#2598 = CARTESIAN_POINT ( 'NONE',  ( 0.000000000000000000, 7.000000000000000000, -4.000000000000000000 ) ) ;
#2599 = DIRECTION ( 'NONE',  ( 1.000000000000000000, 0.000000000000000000, 0.000000000000000000 ) ) ;
#2600 = ORIENTED_EDGE ( 'NONE', *, *, #7124, .F. ) ;
#2601 = EDGE_CURVE ( 'NONE', #4629, #6763, #7821, .T. ) ;
#2602 = DIRECTION ( 'NONE',  ( 1.000000000000000000, 0.000000000000000000, 0.000000000000000000 ) ) ;
#2603 = EDGE_CURVE ( 'NONE', #7955, #1170, #3829, .T. ) ;
#2604 = ORIENTED_EDGE ( 'NONE', *, *, #7487, .F. ) ;
#2605 = CARTESIAN_POINT ( 'NONE',  ( 2.500000000000000444, -1.658312395177699905, 20.99999999999999289 ) ) ;
#2606 = ORIENTED_EDGE ( 'NONE', *, *, #4586, .T. ) ;
#2607 = CONICAL_SURFACE ( 'NONE', #2865, 9.363970234266195902, 0.3490658503988721129 ) ;
#2608 = CARTESIAN_POINT ( 'NONE',  ( -10.16702125952739877, 12.99544838427354954, -3.000000000000000000 ) ) ;
#2609 = DIRECTION ( 'NONE',  ( 0.000000000000000000, 0.000000000000000000, 1.000000000000000000 ) ) ;
#2610 = DIRECTION ( 'NONE',  ( 0.000000000000000000, 0.000000000000000000, 1.000000000000000000 ) ) ;
#2611 = EDGE_CURVE ( 'NONE', #453, #7974, #3021, .T. ) ;
#2612 = ORIENTED_EDGE ( 'NONE', *, *, #7745, .F. ) ;
#2613 = FACE_OUTER_BOUND ( 'NONE', #6039, .T. ) ;
#2614 =( GEOMETRIC_REPRESENTATION_CONTEXT ( 3 ) GLOBAL_UNCERTAINTY_ASSIGNED_CONTEXT ( ( #4384 ) ) GLOBAL_UNIT_ASSIGNED_CONTEXT ( ( #5374, #7803, #2268 ) ) REPRESENTATION_CONTEXT ( 'NONE', 'WORKASPACE' ) );
#2615 = DIRECTION ( 'NONE',  ( 1.000000000000000000, 0.000000000000000000, 0.000000000000000000 ) ) ;
#2616 = ORIENTED_EDGE ( 'NONE', *, *, #7953, .F. ) ;
#2617 = ORIENTED_EDGE ( 'NONE', *, *, #7850, .F. ) ;
#2618 = ORIENTED_EDGE ( 'NONE', *, *, #767, .F. ) ;
#2619 = DIRECTION ( 'NONE',  ( -0.1003315022614176544, -0.9949540640923917323, -3.473863547784720570E-15 ) ) ;
#2620 = CARTESIAN_POINT ( 'NONE',  ( -0.7999999999999983791, -3.250000000000000444, 6.415063509461103486 ) ) ;
#2621 = EDGE_CURVE ( 'NONE', #4917, #2950, #1111, .T. ) ;
#2622 = CARTESIAN_POINT ( 'NONE',  ( -1.414213562373078270, 1.414213562373104249, 0.000000000000000000 ) ) ;
#2623 = CARTESIAN_POINT ( 'NONE',  ( 16.74999999999999645, 0.000000000000000000, -0.3500000000000030864 ) ) ;
#2624 = EDGE_LOOP ( 'NONE', ( #3397, #1816, #5114, #1749 ) ) ;
#2625 = VERTEX_POINT ( 'NONE', #4062 ) ;
#2626 = AXIS2_PLACEMENT_3D ( 'NONE', #6175, #4912, #3698 ) ;
#2627 = CARTESIAN_POINT ( 'NONE',  ( 1.500000000000000222, 12.50000000000000000, 2.499999999999999556 ) ) ;
#2628 = CARTESIAN_POINT ( 'NONE',  ( 6.821067811865489716, 7.321067811865461294, -3.000000000000000000 ) ) ;
#2629 = DIRECTION ( 'NONE',  ( -0.9931866423978968905, 0.1165345157556012257, 0.000000000000000000 ) ) ;
#2630 = EDGE_CURVE ( 'NONE', #7671, #3421, #7781, .T. ) ;
#2631 = EDGE_CURVE ( 'NONE', #1013, #6344, #1874, .T. ) ;
#2632 = EDGE_LOOP ( 'NONE', ( #5604, #2058, #2296, #5652 ) ) ;
#2633 = ORIENTED_EDGE ( 'NONE', *, *, #5415, .T. ) ;
#2634 = DIRECTION ( 'NONE',  ( -1.000000000000000000, 0.000000000000000000, 0.000000000000000000 ) ) ;
#2635 = DIRECTION ( 'NONE',  ( 0.000000000000000000, 0.000000000000000000, 1.000000000000000000 ) ) ;
#2636 = PRODUCT_DEFINITION_SHAPE ( 'NONE', 'NONE',  #7975 ) ;
#2637 = CIRCLE ( 'NONE', #5083, 3.198942222936095092 ) ;
#2638 = AXIS2_PLACEMENT_3D ( 'NONE', #1034, #999, #5892 ) ;
#2639 = DIRECTION ( 'NONE',  ( 1.000000000000000000, 0.000000000000000000, 0.000000000000000000 ) ) ;
#2640 = DIRECTION ( 'NONE',  ( 0.000000000000000000, 0.000000000000000000, -1.000000000000000000 ) ) ;
#2641 = EDGE_CURVE ( 'NONE', #1080, #7743, #6131, .T. ) ;
#2642 = DIRECTION ( 'NONE',  ( 1.000000000000000000, 0.000000000000000000, 0.000000000000000000 ) ) ;
#2643 = VECTOR ( 'NONE', #842, 1000.000000000000000 ) ;
#2644 = ORIENTED_EDGE ( 'NONE', *, *, #3824, .F. ) ;
#2645 = DIRECTION ( 'NONE',  ( 0.000000000000000000, 0.000000000000000000, 1.000000000000000000 ) ) ;
#2646 = EDGE_LOOP ( 'NONE', ( #84, #6724, #4294, #903 ) ) ;
#2647 = DIRECTION ( 'NONE',  ( 1.000000000000000000, 0.000000000000000000, 0.000000000000000000 ) ) ;
#2648 = CIRCLE ( 'NONE', #3663, 4.400000000000001243 ) ;
#2649 = ORIENTED_EDGE ( 'NONE', *, *, #6506, .T. ) ;
#2650 = DIRECTION ( 'NONE',  ( -0.000000000000000000, 0.5000000000000009992, 0.8660254037844380415 ) ) ;
#2651 = DIRECTION ( 'NONE',  ( -0.000000000000000000, -0.000000000000000000, -1.000000000000000000 ) ) ;
#2652 = CARTESIAN_POINT ( 'NONE',  ( 0.000000000000000000, 7.000000000000000000, 0.000000000000000000 ) ) ;
#2653 = ORIENTED_EDGE ( 'NONE', *, *, #6516, .T. ) ;
#2654 = DIRECTION ( 'NONE',  ( 0.000000000000000000, 0.000000000000000000, -1.000000000000000000 ) ) ;
#2655 = CYLINDRICAL_SURFACE ( 'NONE', #1682, 1.249999999999997558 ) ;
#2656 = ORIENTED_EDGE ( 'NONE', *, *, #2332, .T. ) ;
#2657 = VERTEX_POINT ( 'NONE', #7329 ) ;
#2658 = AXIS2_PLACEMENT_3D ( 'NONE', #4070, #3993, #412 ) ;
#2659 = CARTESIAN_POINT ( 'NONE',  ( 10.16702125952739877, 12.99544838427354776, -3.000000000000000000 ) ) ;
#2660 = EDGE_CURVE ( 'NONE', #4964, #7603, #1354, .T. ) ;
#2661 = AXIS2_PLACEMENT_3D ( 'NONE', #6283, #2115, #193 ) ;
#2662 = EDGE_CURVE ( 'NONE', #4917, #1255, #584, .T. ) ;
#2663 = CIRCLE ( 'NONE', #5625, 3.198942222936095092 ) ;
#2664 = CARTESIAN_POINT ( 'NONE',  ( 8.974404893818890727, 7.779714963627621493, 2.610173215254771882E-15 ) ) ;
#2665 = DIRECTION ( 'NONE',  ( 0.000000000000000000, 0.000000000000000000, 1.000000000000000000 ) ) ;
#2666 = ORIENTED_EDGE ( 'NONE', *, *, #3678, .T. ) ;
#2667 = ORIENTED_EDGE ( 'NONE', *, *, #5992, .F. ) ;
#2668 = CIRCLE ( 'NONE', #2145, 0.2399999999999997691 ) ;
#2669 = AXIS2_PLACEMENT_3D ( 'NONE', #5372, #2983, #1132 ) ;
#2670 = DIRECTION ( 'NONE',  ( 1.000000000000000000, 0.000000000000000000, 0.000000000000000000 ) ) ;
#2671 = AXIS2_PLACEMENT_3D ( 'NONE', #5096, #869, #2634 ) ;
#2672 = DIRECTION ( 'NONE',  ( -1.000000000000000000, 0.000000000000000000, 0.000000000000000000 ) ) ;
#2673 = EDGE_CURVE ( 'NONE', #4000, #7219, #6764, .T. ) ;
#2674 = DIRECTION ( 'NONE',  ( 1.000000000000000000, 0.000000000000000000, 0.000000000000000000 ) ) ;
#2675 = VECTOR ( 'NONE', #3357, 1000.000000000000000 ) ;
#2676 = AXIS2_PLACEMENT_3D ( 'NONE', #3980, #324, #4630 ) ;
#2677 = AXIS2_PLACEMENT_3D ( 'NONE', #1949, #7442, #6204 ) ;
#2678 = CARTESIAN_POINT ( 'NONE',  ( -9.295387871263214308, 7.391767866650093666, -0.3524557063581324479 ) ) ;
#2679 = ORIENTED_EDGE ( 'NONE', *, *, #3761, .T. ) ;
#2680 = FACE_OUTER_BOUND ( 'NONE', #3579, .T. ) ;
#2681 = LINE ( 'NONE', #2074, #880 ) ;
#2682 = ORIENTED_EDGE ( 'NONE', *, *, #1294, .F. ) ;
#2683 = CARTESIAN_POINT ( 'NONE',  ( -8.929979246179014396, 7.000000000000000888, 0.000000000000000000 ) ) ;
#2684 = ADVANCED_FACE ( 'NONE', ( #6249, #6174, #1846, #598, #4417, #1959, #6765, #5595, #3812, #6887, #2525, #1808 ), #1312, .T. ) ;
#2685 = DIRECTION ( 'NONE',  ( -1.000000000000000000, 0.000000000000000000, 0.000000000000000000 ) ) ;
#2686 = AXIS2_PLACEMENT_3D ( 'NONE', #6835, #6160, #2386 ) ;
#2687 = CARTESIAN_POINT ( 'NONE',  ( -8.904395166388949789, 7.676920468809090181, 0.000000000000000000 ) ) ;
#2688 = ORIENTED_EDGE ( 'NONE', *, *, #4178, .T. ) ;
#2689 = CYLINDRICAL_SURFACE ( 'NONE', #7041, 16.00000000000000355 ) ;
#2690 = ORIENTED_EDGE ( 'NONE', *, *, #6176, .F. ) ;
#2691 = CARTESIAN_POINT ( 'NONE',  ( -2.882050807568876216, -1.571891108675438575, 5.157531754730548812 ) ) ;
#2692 = DIRECTION ( 'NONE',  ( -0.000000000000000000, -0.000000000000000000, -1.000000000000000000 ) ) ;
#2693 = CARTESIAN_POINT ( 'NONE',  ( 1.189999999999999947, -0.1200000000000000372, -0.1199999999999999956 ) ) ;
#2694 = CARTESIAN_POINT ( 'NONE',  ( -7.749999999999874767, -13.42339375865886986, 0.000000000000000000 ) ) ;
#2695 = ORIENTED_EDGE ( 'NONE', *, *, #2874, .F. ) ;
#2696 = DIRECTION ( 'NONE',  ( -0.000000000000000000, -0.000000000000000000, 1.000000000000000000 ) ) ;
#2697 = DIRECTION ( 'NONE',  ( -1.000000000000000000, 0.000000000000000000, 0.000000000000000000 ) ) ;
#2698 = ORIENTED_EDGE ( 'NONE', *, *, #606, .F. ) ;
#2699 = ORIENTED_EDGE ( 'NONE', *, *, #7897, .T. ) ;
#2700 = DIRECTION ( 'NONE',  ( 1.224646799147353207E-16, 1.000000000000000000, -0.000000000000000000 ) ) ;
#2701 = FACE_OUTER_BOUND ( 'NONE', #290, .T. ) ;
#2702 = CARTESIAN_POINT ( 'NONE',  ( -6.000000000000000888, 0.000000000000000000, 0.000000000000000000 ) ) ;
#2703 = CARTESIAN_POINT ( 'NONE',  ( 0.000000000000000000, 0.000000000000000000, -5.899999999999999467 ) ) ;
#2704 = ORIENTED_EDGE ( 'NONE', *, *, #3843, .F. ) ;
#2705 = EDGE_CURVE ( 'NONE', #7111, #6882, #4206, .T. ) ;
#2706 = EDGE_CURVE ( 'NONE', #176, #5328, #3053, .T. ) ;
#2707 = VECTOR ( 'NONE', #6604, 1000.000000000000000 ) ;
#2708 = CARTESIAN_POINT ( 'NONE',  ( -16.74999999999999289, 1.530808498934188366E-16, -0.3500000000000030864 ) ) ;
#2709 = CIRCLE ( 'NONE', #5, 3.035855235850013933 ) ;
#2710 = FACE_OUTER_BOUND ( 'NONE', #83, .T. ) ;
#2711 = DIRECTION ( 'NONE',  ( 0.5975151722610095861, 0.8018576051381545167, 0.000000000000000000 ) ) ;
#2712 = CONICAL_SURFACE ( 'NONE', #7480, 1.600000000000000755, 0.7853981633974482790 ) ;
#2713 = CARTESIAN_POINT ( 'NONE',  ( 6.821067811865489716, 7.071067811865461294, -2.500000000000000000 ) ) ;
#2714 = ORIENTED_EDGE ( 'NONE', *, *, #1401, .T. ) ;
#2715 = CARTESIAN_POINT ( 'NONE',  ( -25.39999999999996305, 2.449293598294706414E-16, -2.000000000000000000 ) ) ;
#2716 = CARTESIAN_POINT ( 'NONE',  ( 3.810511776651528848, -2.200000000000004619, 2.499999999999999556 ) ) ;
#2717 = EDGE_CURVE ( 'NONE', #7034, #4629, #5746, .T. ) ;
#2718 = PLANE ( 'NONE',  #3564 ) ;
#2719 = DIRECTION ( 'NONE',  ( -0.000000000000000000, -0.000000000000000000, 1.000000000000000000 ) ) ;
#2720 = CARTESIAN_POINT ( 'NONE',  ( 8.499353497574059446, 7.321067811865461294, -3.000000000000000000 ) ) ;
#2721 = VERTEX_POINT ( 'NONE', #2442 ) ;
#2722 = CARTESIAN_POINT ( 'NONE',  ( 0.000000000000000000, 0.000000000000000000, -0.5000000000000004441 ) ) ;
#2723 = VERTEX_POINT ( 'NONE', #3171 ) ;
#2724 = CARTESIAN_POINT ( 'NONE',  ( -0.7500000000000000000, -0.2704899768756915401, 4.365257764938375473 ) ) ;
#2725 = ADVANCED_FACE ( 'NONE', ( #2569 ), #2403, .F. ) ;
#2726 = CARTESIAN_POINT ( 'NONE',  ( 2.500000000000000444, 1.658312395177699905, 9.499999999999998224 ) ) ;
#2727 = CARTESIAN_POINT ( 'NONE',  ( -15.50000000000000000, 0.000000000000000000, 0.000000000000000000 ) ) ;
#2728 = DIRECTION ( 'NONE',  ( -0.000000000000000000, -0.000000000000000000, -1.000000000000000000 ) ) ;
#2729 = ORIENTED_EDGE ( 'NONE', *, *, #6121, .T. ) ;
#2730 = CARTESIAN_POINT ( 'NONE',  ( -9.429156817667474044, 6.698027035738486568, -0.9000000000000000222 ) ) ;
#2731 = EDGE_CURVE ( 'NONE', #6234, #2881, #7369, .T. ) ;
#2732 = EDGE_CURVE ( 'NONE', #3280, #1534, #4378, .T. ) ;
#2733 = DIRECTION ( 'NONE',  ( -1.000000000000000000, 0.000000000000000000, 0.000000000000000000 ) ) ;
#2734 = ORIENTED_EDGE ( 'NONE', *, *, #1684, .T. ) ;
#2735 = ORIENTED_EDGE ( 'NONE', *, *, #4299, .F. ) ;
#2736 = CARTESIAN_POINT ( 'NONE',  ( 12.63918572269493978, 9.810758597948705528, 0.000000000000000000 ) ) ;
#2737 = CARTESIAN_POINT ( 'NONE',  ( -12.07002075382098027, 1.478151228180898530E-15, -0.1000000000000000472 ) ) ;
#2738 = AXIS2_PLACEMENT_3D ( 'NONE', #1102, #1030, #430 ) ;
#2739 = CARTESIAN_POINT ( 'NONE',  ( 2.500000000000000444, 1.658312395177699905, 20.99999999999999289 ) ) ;
#2740 = CYLINDRICAL_SURFACE ( 'NONE', #4120, 1.249999999999996003 ) ;
#2741 = FACE_OUTER_BOUND ( 'NONE', #361, .T. ) ;
#2742 = ORIENTED_EDGE ( 'NONE', *, *, #2995, .T. ) ;
#2743 = ORIENTED_EDGE ( 'NONE', *, *, #2837, .F. ) ;
#2744 = VECTOR ( 'NONE', #231, 1000.000000000000000 ) ;
#2745 = LINE ( 'NONE', #7069, #7711 ) ;
#2746 = CARTESIAN_POINT ( 'NONE',  ( 0.000000000000000000, 7.000000000000000000, 0.000000000000000000 ) ) ;
#2747 = DIRECTION ( 'NONE',  ( 1.000000000000000000, 0.000000000000000000, 0.000000000000000000 ) ) ;
#2748 = EDGE_CURVE ( 'NONE', #5160, #1930, #674, .T. ) ;
#2749 = ADVANCED_FACE ( 'NONE', ( #78 ), #1618, .T. ) ;
#2750 =( REPRESENTATION_RELATIONSHIP ('NONE','NONE', #5135, #5481 ) REPRESENTATION_RELATIONSHIP_WITH_TRANSFORMATION ( #1625 )SHAPE_REPRESENTATION_RELATIONSHIP( ) );
#2751 = VECTOR ( 'NONE', #6558, 1000.000000000000000 ) ;
#2752 = CARTESIAN_POINT ( 'NONE',  ( -9.075371564882951603, 7.795707042810478882, -0.02941714299994672988 ) ) ;
#2754 = ORIENTED_EDGE ( 'NONE', *, *, #4029, .F. ) ;
#2753 = AXIS2_PLACEMENT_3D ( 'NONE', #6276, #754, #5668 ) ;
#2755 = CARTESIAN_POINT ( 'NONE',  ( -9.000000000000060396, 13.42339375865876505, 0.000000000000000000 ) ) ;
#2756 = CARTESIAN_POINT ( 'NONE',  ( 13.42339375865887163, 7.749999999999872990, 0.000000000000000000 ) ) ;
#2757 = DIRECTION ( 'NONE',  ( 0.000000000000000000, 0.000000000000000000, 1.000000000000000000 ) ) ;
#2758 = AXIS2_PLACEMENT_3D ( 'NONE', #965, #5903, #7746 ) ;
#2759 = CYLINDRICAL_SURFACE ( 'NONE', #2225, 6.500000000000000000 ) ;
#2760 = EDGE_CURVE ( 'NONE', #6076, #2045, #7699, .T. ) ;
#2761 = EDGE_CURVE ( 'NONE', #2475, #4668, #3544, .T. ) ;
#2762 = DIRECTION ( 'NONE',  ( 0.7071067811865490160, 0.7071067811865460184, -0.000000000000000000 ) ) ;
#2763 = CARTESIAN_POINT ( 'NONE',  ( -4.676537180435965446, -2.700000000000006839, -3.000000000000000000 ) ) ;
#2764 = ORIENTED_EDGE ( 'NONE', *, *, #414, .F. ) ;
#2765 = CARTESIAN_POINT ( 'NONE',  ( -3.000000000000000444, 0.000000000000000000, 0.000000000000000000 ) ) ;
#2766 = EDGE_LOOP ( 'NONE', ( #5863, #5841, #4382, #2373, #3684, #3913, #3755, #2965, #2566, #6697, #2899 ) ) ;
#2767 = DIRECTION ( 'NONE',  ( -0.000000000000000000, -0.000000000000000000, 1.000000000000000000 ) ) ;
#2768 = CIRCLE ( 'NONE', #1992, 12.07002075382098027 ) ;
#2769 = CARTESIAN_POINT ( 'NONE',  ( 1.898202538678397163E-15, -15.50000000000000000, -4.000000000000003553 ) ) ;
#2770 = DIRECTION ( 'NONE',  ( 0.000000000000000000, 0.000000000000000000, -1.000000000000000000 ) ) ;
#2771 = DIRECTION ( 'NONE',  ( 1.000000000000000000, 0.000000000000000000, 0.000000000000000000 ) ) ;
#2772 = EDGE_CURVE ( 'NONE', #7603, #2625, #2597, .T. ) ;
#2773 = CIRCLE ( 'NONE', #3016, 1.000000000000000000 ) ;
#2774 = CARTESIAN_POINT ( 'NONE',  ( 16.00000000000000000, 1.959434878635765131E-15, 2.500000000000000000 ) ) ;
#2775 = VERTEX_POINT ( 'NONE', #3255 ) ;
#2776 = CARTESIAN_POINT ( 'NONE',  ( 0.1183307166263548732, -0.8314443141724191522, 0.2280674907603670309 ) ) ;
#2777 = DIRECTION ( 'NONE',  ( 0.8331258114970219175, -1.931080795598997141E-15, 0.5530835219181897688 ) ) ;
#2778 = VERTEX_POINT ( 'NONE', #5685 ) ;
#2779 = AXIS2_PLACEMENT_3D ( 'NONE', #2327, #3614, #7374 ) ;
#2780 = DIRECTION ( 'NONE',  ( 0.000000000000000000, 0.000000000000000000, 1.000000000000000000 ) ) ;
#2781 = EDGE_CURVE ( 'NONE', #7344, #6521, #4308, .T. ) ;
#2782 = DIRECTION ( 'NONE',  ( -0.000000000000000000, -0.000000000000000000, 1.000000000000000000 ) ) ;
#2783 = CARTESIAN_POINT ( 'NONE',  ( 0.000000000000000000, 0.000000000000000000, -2.500000000000000000 ) ) ;
#2784 = CARTESIAN_POINT ( 'NONE',  ( 1.500000000000000222, 13.10000000000000142, -3.000000000000000000 ) ) ;
#2785 = ORIENTED_EDGE ( 'NONE', *, *, #7549, .F. ) ;
#2786 = TOROIDAL_SURFACE ( 'NONE', #7558, 16.00000000000000355, 0.5000000000000000000 ) ;
#2787 = ORIENTED_EDGE ( 'NONE', *, *, #7485, .F. ) ;
#2788 = AXIS2_PLACEMENT_3D ( 'NONE', #7081, #2805, #3400 ) ;
#2789 = CARTESIAN_POINT ( 'NONE',  ( 7.321067811865490604, 8.499353497574031024, -3.000000000000000000 ) ) ;
#2790 = CARTESIAN_POINT ( 'NONE',  ( -2.223130931616851935, -6.108002035108402339, -3.000000000000000000 ) ) ;
#2791 = CONTEXT_DEPENDENT_SHAPE_REPRESENTATION ( #5531, #1412 ) ;
#2792 = TOROIDAL_SURFACE ( 'NONE', #5766, 1.760000000000000231, 0.2399999999999997413 ) ;
#2793 = CIRCLE ( 'NONE', #6652, 1.249999999999996003 ) ;
#2794 = CARTESIAN_POINT ( 'NONE',  ( -9.001254125200041756, 7.639586470505681959, -0.06579798566743193244 ) ) ;
#2795 = ORIENTED_EDGE ( 'NONE', *, *, #6825, .T. ) ;
#2796 = DIRECTION ( 'NONE',  ( 1.000000000000000000, 0.000000000000000000, 0.000000000000000000 ) ) ;
#2797 = ORIENTED_EDGE ( 'NONE', *, *, #4027, .F. ) ;
#2798 = AXIS2_PLACEMENT_3D ( 'NONE', #2549, #6785, #3876 ) ;
#2799 = AXIS2_PLACEMENT_3D ( 'NONE', #6389, #3201, #7035 ) ;
#2800 = CARTESIAN_POINT ( 'NONE',  ( -5.499999999999996447, 0.000000000000000000, 6.000000000000000000 ) ) ;
#2801 = AXIS2_PLACEMENT_3D ( 'NONE', #1588, #977, #7147 ) ;
#2802 = VECTOR ( 'NONE', #1450, 1000.000000000000000 ) ;
#2803 = CIRCLE ( 'NONE', #7308, 2.000000000000000000 ) ;
#2804 = DIRECTION ( 'NONE',  ( 1.000000000000000000, 0.000000000000000000, 0.000000000000000000 ) ) ;
#2805 = DIRECTION ( 'NONE',  ( -1.000000000000000000, -0.000000000000000000, -0.000000000000000000 ) ) ;
#2806 = ORIENTED_EDGE ( 'NONE', *, *, #3386, .T. ) ;
#2807 = FACE_BOUND ( 'NONE', #1978, .T. ) ;
#2808 = CIRCLE ( 'NONE', #5252, 5.400000000000000355 ) ;
#2809 = VERTEX_POINT ( 'NONE', #3973 ) ;
#2810 = CARTESIAN_POINT ( 'NONE',  ( -9.012394417094320431, 7.790043723996107339, -0.02351601081360501014 ) ) ;
#2811 = EDGE_CURVE ( 'NONE', #1449, #5968, #6369, .T. ) ;
#2812 = AXIS2_PLACEMENT_3D ( 'NONE', #6653, #7185, #1124 ) ;
#2813 = EDGE_CURVE ( 'NONE', #5633, #5130, #5726, .T. ) ;
#2814 = CARTESIAN_POINT ( 'NONE',  ( 13.42339375865876328, 7.750000000000064837, 1.734723475976807094E-15 ) ) ;
#2815 = DIRECTION ( 'NONE',  ( -1.000000000000000000, 0.000000000000000000, -0.000000000000000000 ) ) ;
#2816 = CARTESIAN_POINT ( 'NONE',  ( -0.5477614601820151030, -0.2500000000000002220, 2.092432889576114619 ) ) ;
#2817 = ORIENTED_EDGE ( 'NONE', *, *, #746, .T. ) ;
#2818 = LINE ( 'NONE', #4665, #203 ) ;
#2819 = EDGE_LOOP ( 'NONE', ( #4652, #7914, #2856, #5257, #4948, #5367 ) ) ;
#2820 = CARTESIAN_POINT ( 'NONE',  ( 1.500000000000000666, -0.1250000000000005551, 4.899519052838331667 ) ) ;
#2821 = EDGE_LOOP ( 'NONE', ( #3644, #6557, #6758, #3863 ) ) ;
#2822 = EDGE_CURVE ( 'NONE', #673, #4636, #1526, .T. ) ;
#2823 = DIRECTION ( 'NONE',  ( 1.000000000000000000, 0.000000000000000000, 0.000000000000000000 ) ) ;
#2824 = DIRECTION ( 'NONE',  ( 1.000000000000000000, 0.000000000000000000, -0.000000000000000000 ) ) ;
#2825 = CARTESIAN_POINT ( 'NONE',  ( -9.001254125200041756, 7.639586470505681959, -0.06579798566743193244 ) ) ;
#2826 = CARTESIAN_POINT ( 'NONE',  ( 0.000000000000000000, 0.000000000000000000, 0.000000000000000000 ) ) ;
#2827 = ORIENTED_EDGE ( 'NONE', *, *, #6363, .T. ) ;
#2828 = ORIENTED_EDGE ( 'NONE', *, *, #5508, .T. ) ;
#2829 = EDGE_CURVE ( 'NONE', #176, #2322, #851, .T. ) ;
#2830 = DIRECTION ( 'NONE',  ( 1.000000000000000000, 0.000000000000000000, -0.000000000000000000 ) ) ;
#2831 = CARTESIAN_POINT ( 'NONE',  ( 0.000000000000000000, 0.000000000000000000, 6.000000000000000000 ) ) ;
#2832 = APPLICATION_PROTOCOL_DEFINITION ( 'draft international standard', 'automotive_design', 1998, #7712 ) ;
#2833 = STYLED_ITEM ( 'NONE', ( #483 ), #597 ) ;
#2834 = SPHERICAL_SURFACE ( 'NONE', #6323, 3.199999999999999734 ) ;
#2835 = EDGE_LOOP ( 'NONE', ( #2419, #899, #3131, #3105 ) ) ;
#2836 = CARTESIAN_POINT ( 'NONE',  ( 1.710100716628347062, -4.698463103929539919, -3.000000000000000000 ) ) ;
#2837 = EDGE_CURVE ( 'NONE', #3250, #1927, #6445, .T. ) ;
#2838 = EDGE_LOOP ( 'NONE', ( #6335, #2484, #260, #6840 ) ) ;
#2839 = CARTESIAN_POINT ( 'NONE',  ( -9.810758597948838755, -12.63918572269483498, -3.000000000000000000 ) ) ;
#2840 = AXIS2_PLACEMENT_3D ( 'NONE', #4469, #4627, #7055 ) ;
#2841 = ORIENTED_EDGE ( 'NONE', *, *, #2984, .T. ) ;
#2842 = DIRECTION ( 'NONE',  ( -0.000000000000000000, -0.000000000000000000, -1.000000000000000000 ) ) ;
#2843 = DIRECTION ( 'NONE',  ( 0.000000000000000000, 1.000000000000000000, 0.000000000000000000 ) ) ;
#2844 = EDGE_LOOP ( 'NONE', ( #2934, #2578, #3837, #1903 ) ) ;
#2845 = DIRECTION ( 'NONE',  ( -0.000000000000000000, -0.000000000000000000, 1.000000000000000000 ) ) ;
#2846 = ORIENTED_EDGE ( 'NONE', *, *, #3304, .T. ) ;
#2847 = CARTESIAN_POINT ( 'NONE',  ( -8.485281374238578422, -3.535533905932718213, -2.500000000000000000 ) ) ;
#2848 = CARTESIAN_POINT ( 'NONE',  ( 0.000000000000000000, 0.000000000000000000, 0.000000000000000000 ) ) ;
#2849 = DIRECTION ( 'NONE',  ( -0.7071067811865492381, -0.7071067811865457964, 0.000000000000000000 ) ) ;
#2850 = PRODUCT_RELATED_PRODUCT_CATEGORY ( 'part', '', ( #5207 ) ) ;
#2851 = EDGE_CURVE ( 'NONE', #6004, #5633, #2168, .T. ) ;
#2852 = ORIENTED_EDGE ( 'NONE', *, *, #2528, .T. ) ;
#2853 = CARTESIAN_POINT ( 'NONE',  ( 6.821067811865489716, 5.621067811865462005, -3.000000000000000000 ) ) ;
#2854 = EDGE_LOOP ( 'NONE', ( #7286, #1210, #7328, #4438 ) ) ;
#2855 = DIRECTION ( 'NONE',  ( 0.000000000000000000, 0.000000000000000000, 1.000000000000000000 ) ) ;
#2856 = ORIENTED_EDGE ( 'NONE', *, *, #4549, .F. ) ;
#2857 = DIRECTION ( 'NONE',  ( 1.000000000000000000, 0.000000000000000000, 0.000000000000000000 ) ) ;
#2858 = EDGE_CURVE ( 'NONE', #7413, #5121, #6512, .T. ) ;
#2859 = LINE ( 'NONE', #6647, #1937 ) ;
#2860 = CARTESIAN_POINT ( 'NONE',  ( -1.499999999999999778, 13.10000000000000142, 2.499999999999999556 ) ) ;
#2861 = ORIENTED_EDGE ( 'NONE', *, *, #6744, .T. ) ;
#2862 = VERTEX_POINT ( 'NONE', #6976 ) ;
#2863 = CARTESIAN_POINT ( 'NONE',  ( 0.000000000000000000, 0.000000000000000000, -29.00000000000000000 ) ) ;
#2864 = CARTESIAN_POINT ( 'NONE',  ( 3.649999999999999911, 4.531193156845206201E-16, -6.000000000000000000 ) ) ;
#2865 = AXIS2_PLACEMENT_3D ( 'NONE', #2390, #4861, #7970 ) ;
#2866 = EDGE_CURVE ( 'NONE', #4547, #4258, #1441, .T. ) ;
#2867 = LINE ( 'NONE', #5828, #7211 ) ;
#2868 = ORIENTED_EDGE ( 'NONE', *, *, #3810, .T. ) ;
#2869 = CARTESIAN_POINT ( 'NONE',  ( 1.710100716628346840, 4.698463103929539919, -3.000000000000000000 ) ) ;
#2870 = ORIENTED_EDGE ( 'NONE', *, *, #2049, .T. ) ;
#2871 = CARTESIAN_POINT ( 'NONE',  ( 9.229465075639117444, 7.048053704204336078, -0.6132302443814998671 ) ) ;
#2872 = CARTESIAN_POINT ( 'NONE',  ( 0.1183307166263553034, -0.2280674907603698898, 0.8314443141724184860 ) ) ;
#2873 = AXIS2_PLACEMENT_3D ( 'NONE', #505, #2313, #4204 ) ;
#2874 = EDGE_CURVE ( 'NONE', #2426, #3672, #5339, .T. ) ;
#2875 = EDGE_CURVE ( 'NONE', #3179, #1086, #2016, .T. ) ;
#2876 = AXIS2_PLACEMENT_3D ( 'NONE', #5259, #7116, #7764 ) ;
#2877 = ORIENTED_EDGE ( 'NONE', *, *, #1824, .F. ) ;
#2878 = VECTOR ( 'NONE', #7320, 1000.000000000000000 ) ;
#2879 = FACE_OUTER_BOUND ( 'NONE', #7615, .T. ) ;
#2880 = DIRECTION ( 'NONE',  ( 0.000000000000000000, 0.000000000000000000, 1.000000000000000000 ) ) ;
#2881 = VERTEX_POINT ( 'NONE', #2086 ) ;
#2882 = DIRECTION ( 'NONE',  ( 0.9949540640923917323, 0.000000000000000000, 0.1003315022614176683 ) ) ;
#2883 = CARTESIAN_POINT ( 'NONE',  ( -9.088393953260291980, 7.825304127856718139, -3.035430955839906051E-16 ) ) ;
#2884 = CIRCLE ( 'NONE', #6884, 11.97605149174238726 ) ;
#2885 = DIRECTION ( 'NONE',  ( 0.9949540640923917323, -0.1003315022614176544, -3.503055678438373771E-16 ) ) ;
#2886 = LINE ( 'NONE', #1646, #5845 ) ;
#2887 = EDGE_CURVE ( 'NONE', #691, #5605, #3281, .T. ) ;
#2888 = AXIS2_PLACEMENT_3D ( 'NONE', #7207, #4214, #4823 ) ;
#2889 = ORIENTED_EDGE ( 'NONE', *, *, #6678, .T. ) ;
#2890 = LINE ( 'NONE', #6682, #2240 ) ;
#2891 = ORIENTED_EDGE ( 'NONE', *, *, #5779, .T. ) ;
#2892 = CARTESIAN_POINT ( 'NONE',  ( -0.7500000000000000000, -6.124005888325776858, -2.662860710371244721 ) ) ;
#2893 = ORIENTED_EDGE ( 'NONE', *, *, #4490, .F. ) ;
#2894 = DIRECTION ( 'NONE',  ( -0.000000000000000000, -0.000000000000000000, 1.000000000000000000 ) ) ;
#2895 = FACE_OUTER_BOUND ( 'NONE', #61, .T. ) ;
#2896 = CARTESIAN_POINT ( 'NONE',  ( 9.505764998351658335, 6.752445863986207719, -0.9342020143325664439 ) ) ;
#2897 = AXIS2_PLACEMENT_3D ( 'NONE', #5515, #4256, #4338 ) ;
#2898 = CARTESIAN_POINT ( 'NONE',  ( 13.89999999999999858, 1.959434878635765970E-16, 0.000000000000000000 ) ) ;
#2899 = ORIENTED_EDGE ( 'NONE', *, *, #2450, .F. ) ;
#2900 = ORIENTED_EDGE ( 'NONE', *, *, #5750, .T. ) ;
#2901 = VECTOR ( 'NONE', #7467, 1000.000000000000000 ) ;
#2902 = EDGE_CURVE ( 'NONE', #379, #3391, #2773, .T. ) ;
#2903 = ADVANCED_FACE ( 'NONE', ( #276 ), #5875, .F. ) ;
#2904 = FACE_OUTER_BOUND ( 'NONE', #3288, .T. ) ;
#2905 = DIRECTION ( 'NONE',  ( 0.000000000000000000, 0.000000000000000000, -1.000000000000000000 ) ) ;
#2906 = VECTOR ( 'NONE', #6019, 1000.000000000000000 ) ;
#2907 = CARTESIAN_POINT ( 'NONE',  ( 6.499999999999972466, 13.42339375865881657, -0.3500000000000030864 ) ) ;
#2908 = ORIENTED_EDGE ( 'NONE', *, *, #5397, .T. ) ;
#2909 = DIRECTION ( 'NONE',  ( 1.000000000000000000, 0.000000000000000000, 0.000000000000000000 ) ) ;
#2910 = EDGE_LOOP ( 'NONE', ( #7703, #7197, #859, #2304 ) ) ;
#2911 = EDGE_CURVE ( 'NONE', #1845, #3513, #20, .T. ) ;
#2912 = DIRECTION ( 'NONE',  ( 0.7071067811865489050, 0.7071067811865462405, 0.000000000000000000 ) ) ;
#2913 = AXIS2_PLACEMENT_3D ( 'NONE', #6841, #670, #1802 ) ;
#2914 = AXIS2_PLACEMENT_3D ( 'NONE', #4864, #2393, #6803 ) ;
#2915 = ORIENTED_EDGE ( 'NONE', *, *, #7043, .F. ) ;
#2916 = CARTESIAN_POINT ( 'NONE',  ( -1.414213562373088706, -1.414213562373092481, 0.000000000000000000 ) ) ;
#2917 = DIRECTION ( 'NONE',  ( 0.000000000000000000, 0.000000000000000000, 1.000000000000000000 ) ) ;
#2918 = ORIENTED_EDGE ( 'NONE', *, *, #5868, .T. ) ;
#2919 = TOROIDAL_SURFACE ( 'NONE', #478, 16.00000000000000000, 0.5000000000000000000 ) ;
#2920 = DIRECTION ( 'NONE',  ( 1.000000000000000000, 0.000000000000000000, 0.000000000000000000 ) ) ;
#2921 = FACE_OUTER_BOUND ( 'NONE', #3970, .T. ) ;
#2922 = CARTESIAN_POINT ( 'NONE',  ( -1.499999999999999778, 12.50000000000000000, 2.499999999999999556 ) ) ;
#2923 = AXIS2_PLACEMENT_3D ( 'NONE', #6128, #3165, #7326 ) ;
#2924 = ADVANCED_FACE ( 'NONE', ( #2204 ), #7794, .F. ) ;
#2925 = DIRECTION ( 'NONE',  ( -0.000000000000000000, -0.000000000000000000, -1.000000000000000000 ) ) ;
#2926 = AXIS2_PLACEMENT_3D ( 'NONE', #7378, #6184, #1857 ) ;
#2927 = CARTESIAN_POINT ( 'NONE',  ( 7.321067811865490604, 7.071067811865461294, -2.500000000000000000 ) ) ;
#2928 = CIRCLE ( 'NONE', #7430, 0.7999999999999864997 ) ;
#2929 = AXIS2_PLACEMENT_3D ( 'NONE', #4362, #1911, #2992 ) ;
#2930 = VERTEX_POINT ( 'NONE', #1607 ) ;
#2931 = CIRCLE ( 'NONE', #6036, 1.249999999999996669 ) ;
#2932 = ORIENTED_EDGE ( 'NONE', *, *, #2049, .F. ) ;
#2933 = DIRECTION ( 'NONE',  ( -0.000000000000000000, -0.000000000000000000, 1.000000000000000000 ) ) ;
#2934 = ORIENTED_EDGE ( 'NONE', *, *, #7789, .T. ) ;
#2935 = EDGE_CURVE ( 'NONE', #538, #1861, #2637, .T. ) ;
#2936 = CARTESIAN_POINT ( 'NONE',  ( 0.000000000000000000, 0.000000000000000000, -0.06579798566743247368 ) ) ;
#2937 = DIRECTION ( 'NONE',  ( -0.000000000000000000, -0.000000000000000000, 1.000000000000000000 ) ) ;
#2938 = DIRECTION ( 'NONE',  ( -0.7071067811865483499, 0.000000000000000000, -0.7071067811865465735 ) ) ;
#2939 = DIRECTION ( 'NONE',  ( 1.000000000000000000, 0.000000000000000000, 0.000000000000000000 ) ) ;
#2940 = EDGE_LOOP ( 'NONE', ( #4426, #6893, #4572, #7084 ) ) ;
#2941 = ORIENTED_EDGE ( 'NONE', *, *, #4831, .T. ) ;
#2942 = PLANE ( 'NONE',  #6295 ) ;
#2943 = CARTESIAN_POINT ( 'NONE',  ( -9.349999999999875300, -13.42339375865886986, 0.000000000000000000 ) ) ;
#2944 = APPLICATION_PROTOCOL_DEFINITION ( 'draft international standard', 'automotive_design', 1998, #6874 ) ;
#2945 = ADVANCED_FACE ( 'NONE', ( #7947 ), #1855, .F. ) ;
#2946 = ADVANCED_FACE ( 'NONE', ( #6734 ), #3658, .F. ) ;
#2947 = DIRECTION ( 'NONE',  ( 0.000000000000000000, 0.000000000000000000, -1.000000000000000000 ) ) ;
#2948 = ORIENTED_EDGE ( 'NONE', *, *, #2069, .T. ) ;
#2949 = LINE ( 'NONE', #4966, #5912 ) ;
#2950 = VERTEX_POINT ( 'NONE', #5654 ) ;
#2951 = DIRECTION ( 'NONE',  ( 0.000000000000000000, 0.000000000000000000, 1.000000000000000000 ) ) ;
#2952 = CARTESIAN_POINT ( 'NONE',  ( 0.1976855915722201262, 0.2500000000000002220, 3.728315892706453027 ) ) ;
#2953 = EDGE_CURVE ( 'NONE', #7457, #5272, #4175, .T. ) ;
#2954 = DIRECTION ( 'NONE',  ( -0.000000000000000000, -0.000000000000000000, 1.000000000000000000 ) ) ;
#2955 = DIRECTION ( 'NONE',  ( 1.000000000000000000, 0.000000000000000000, 0.000000000000000000 ) ) ;
#2956 = VERTEX_POINT ( 'NONE', #4389 ) ;
#2957 = FACE_BOUND ( 'NONE', #5810, .T. ) ;
#2958 = CARTESIAN_POINT ( 'NONE',  ( 9.001254125200041756, 7.639586470505682847, -0.06579798566743193244 ) ) ;
#2959 = CARTESIAN_POINT ( 'NONE',  ( 0.000000000000000000, 0.000000000000000000, 0.000000000000000000 ) ) ;
#2960 = AXIS2_PLACEMENT_3D ( 'NONE', #4508, #6298, #3335 ) ;
#2961 = LINE ( 'NONE', #4781, #6367 ) ;
#2962 = DIRECTION ( 'NONE',  ( 1.000000000000000000, 0.000000000000000000, 0.000000000000000000 ) ) ;
#2963 = EDGE_CURVE ( 'NONE', #421, #2473, #42, .T. ) ;
#2964 = ORIENTED_EDGE ( 'NONE', *, *, #4888, .F. ) ;
#2965 = ORIENTED_EDGE ( 'NONE', *, *, #3834, .F. ) ;
#2966 = LINE ( 'NONE', #2892, #6972 ) ;
#2967 = ORIENTED_EDGE ( 'NONE', *, *, #4441, .T. ) ;
#2968 = DIRECTION ( 'NONE',  ( -0.000000000000000000, -0.000000000000000000, -1.000000000000000000 ) ) ;
#2969 = EDGE_CURVE ( 'NONE', #947, #3001, #3062, .T. ) ;
#2970 = EDGE_CURVE ( 'NONE', #1037, #7944, #1614, .T. ) ;
#2971 = DIRECTION ( 'NONE',  ( 0.000000000000000000, 0.000000000000000000, 1.000000000000000000 ) ) ;
#2972 = LINE ( 'NONE', #1617, #3995 ) ;
#2973 =( NAMED_UNIT ( * ) SI_UNIT ( $, .STERADIAN. ) SOLID_ANGLE_UNIT ( ) );
#2974 = ORIENTED_EDGE ( 'NONE', *, *, #3982, .T. ) ;
#2975 = ORIENTED_EDGE ( 'NONE', *, *, #4923, .T. ) ;
#2976 = CYLINDRICAL_SURFACE ( 'NONE', #7062, 1.249999999999996003 ) ;
#2977 = DIRECTION ( 'NONE',  ( 1.000000000000000000, 0.000000000000000000, 0.000000000000000000 ) ) ;
#2978 =( GEOMETRIC_REPRESENTATION_CONTEXT ( 3 ) GLOBAL_UNCERTAINTY_ASSIGNED_CONTEXT ( ( #7863 ) ) GLOBAL_UNIT_ASSIGNED_CONTEXT ( ( #1463, #5747, #6994 ) ) REPRESENTATION_CONTEXT ( 'NONE', 'WORKASPACE' ) );
#2979 = CARTESIAN_POINT ( 'NONE',  ( 0.7499999999999997780, -1.599647922241902664, 5.173557158514992871 ) ) ;
#2980 = VERTEX_POINT ( 'NONE', #6775 ) ;
#2981 = ORIENTED_EDGE ( 'NONE', *, *, #352, .T. ) ;
#2982 = FACE_OUTER_BOUND ( 'NONE', #1783, .T. ) ;
#2983 = DIRECTION ( 'NONE',  ( 0.000000000000000000, 0.000000000000000000, 1.000000000000000000 ) ) ;
#2984 = EDGE_CURVE ( 'NONE', #7363, #5426, #5524, .T. ) ;
#2985 = DIRECTION ( 'NONE',  ( 0.000000000000000000, -1.000000000000000000, 0.000000000000000000 ) ) ;
#2986 = EDGE_CURVE ( 'NONE', #5348, #2223, #2579, .T. ) ;
#2987 =( NAMED_UNIT ( * ) SI_UNIT ( $, .STERADIAN. ) SOLID_ANGLE_UNIT ( ) );
#2988 = DIRECTION ( 'NONE',  ( 1.000000000000000000, 0.000000000000000000, -0.000000000000000000 ) ) ;
#2989 = FACE_OUTER_BOUND ( 'NONE', #6651, .T. ) ;
#2990 = EDGE_LOOP ( 'NONE', ( #5478, #817, #3880, #1156 ) ) ;
#2991 = DIRECTION ( 'NONE',  ( -0.000000000000000000, -1.000000000000000000, -0.000000000000000000 ) ) ;
#2992 = DIRECTION ( 'NONE',  ( 1.000000000000000000, 0.000000000000000000, 0.000000000000000000 ) ) ;
#2993 = CYLINDRICAL_SURFACE ( 'NONE', #4862, 2.100000000000000089 ) ;
#2994 = DIRECTION ( 'NONE',  ( 1.000000000000000000, 0.000000000000000000, 0.000000000000000000 ) ) ;
#2995 = EDGE_CURVE ( 'NONE', #4626, #1170, #5040, .T. ) ;
#2996 = ADVANCED_FACE ( 'NONE', ( #6258 ), #4429, .F. ) ;
#2997 = AXIS2_PLACEMENT_3D ( 'NONE', #821, #2711, #6953 ) ;
#2998 = VECTOR ( 'NONE', #6671, 1000.000000000000000 ) ;
#2999 = DIRECTION ( 'NONE',  ( -0.000000000000000000, -0.000000000000000000, 1.000000000000000000 ) ) ;
#3000 = DIRECTION ( 'NONE',  ( 0.000000000000000000, 0.000000000000000000, 1.000000000000000000 ) ) ;
#3001 = VERTEX_POINT ( 'NONE', #7464 ) ;
#3002 = DIRECTION ( 'NONE',  ( -1.000000000000000000, -1.251928832280964955E-16, 7.228014483236709374E-17 ) ) ;
#3003 = ORIENTED_EDGE ( 'NONE', *, *, #2851, .T. ) ;
#3004 = DIRECTION ( 'NONE',  ( 1.000000000000000000, 0.000000000000000000, 0.000000000000000000 ) ) ;
#3005 = TOROIDAL_SURFACE ( 'NONE', #1197, 3.649999999999999911, 0.1000000000000000056 ) ;
#3006 = AXIS2_PLACEMENT_3D ( 'NONE', #6080, #4900, #2431 ) ;
#3007 = EDGE_LOOP ( 'NONE', ( #1695, #6984, #6382, #6303 ) ) ;
#3008 = ADVANCED_FACE ( 'NONE', ( #7420 ), #7502, .F. ) ;
#3009 = CARTESIAN_POINT ( 'NONE',  ( 0.000000000000000000, 0.000000000000000000, 0.000000000000000000 ) ) ;
#3010 = CIRCLE ( 'NONE', #3271, 0.7500000000000002220 ) ;
#3011 = CARTESIAN_POINT ( 'NONE',  ( 0.000000000000000000, 0.000000000000000000, -5.899999999999999467 ) ) ;
#3012 = DIRECTION ( 'NONE',  ( -0.000000000000000000, -0.000000000000000000, 1.000000000000000000 ) ) ;
#3013 = CARTESIAN_POINT ( 'NONE',  ( 9.429156817667472268, 6.698027035738493673, -0.8999999999999990230 ) ) ;
#3014 = ORIENTED_EDGE ( 'NONE', *, *, #5161, .T. ) ;
#3015 = ORIENTED_EDGE ( 'NONE', *, *, #6642, .F. ) ;
#3016 = AXIS2_PLACEMENT_3D ( 'NONE', #4622, #5806, #2609 ) ;
#3017 = CIRCLE ( 'NONE', #7537, 1.249999999999996003 ) ;
#3018 = DIRECTION ( 'NONE',  ( 1.000000000000000000, 0.000000000000000000, 0.000000000000000000 ) ) ;
#3019 = EDGE_CURVE ( 'NONE', #1741, #1613, #7337, .T. ) ;
#3020 = LINE ( 'NONE', #5483, #1122 ) ;
#3021 = CIRCLE ( 'NONE', #7544, 3.198942222936095092 ) ;
#3022 = AXIS2_PLACEMENT_3D ( 'NONE', #4594, #5314, #7066 ) ;
#3023 = CARTESIAN_POINT ( 'NONE',  ( 0.7500000000000000000, -0.3750000000000001665, 4.466506350946112924 ) ) ;
#3024 = ORIENTED_EDGE ( 'NONE', *, *, #4432, .T. ) ;
#3025 = VERTEX_POINT ( 'NONE', #4348 ) ;
#3026 = CARTESIAN_POINT ( 'NONE',  ( -7.749999999999874767, -13.42339375865886986, -0.3500000000000030864 ) ) ;
#3027 = ADVANCED_FACE ( 'NONE', ( #6897 ), #1970, .T. ) ;
#3028 = PLANE ( 'NONE',  #102 ) ;
#3029 = CARTESIAN_POINT ( 'NONE',  ( 11.56600901191282738, 0.000000000000000000, -0.9000000000000000222 ) ) ;
#3030 = CARTESIAN_POINT ( 'NONE',  ( 0.000000000000000000, 0.000000000000000000, -28.99999999999999645 ) ) ;
#3031 = CARTESIAN_POINT ( 'NONE',  ( 1.500000000000000666, -0.3749999999999998890, 4.466506350946112924 ) ) ;
#3032 = CARTESIAN_POINT ( 'NONE',  ( 0.000000000000000000, 0.000000000000000000, 21.50000000000000000 ) ) ;
#3033 = VERTEX_POINT ( 'NONE', #6818 ) ;
#3034 = ORIENTED_EDGE ( 'NONE', *, *, #1075, .T. ) ;
#3035 = CARTESIAN_POINT ( 'NONE',  ( 2.500000000000000444, -1.401894456084913809, 21.14174034891448883 ) ) ;
#3036 = CARTESIAN_POINT ( 'NONE',  ( 9.050840435447096155, 7.801191273332246823, -0.02490999328344056796 ) ) ;
#3037 = DIRECTION ( 'NONE',  ( 1.000000000000000000, 0.000000000000000000, 0.000000000000000000 ) ) ;
#3038 = AXIS2_PLACEMENT_3D ( 'NONE', #2831, #2905, #4722 ) ;
#3039 = DIRECTION ( 'NONE',  ( 0.000000000000000000, 0.000000000000000000, 1.000000000000000000 ) ) ;
#3040 = VECTOR ( 'NONE', #4354, 1000.000000000000000 ) ;
#3041 = FACE_OUTER_BOUND ( 'NONE', #3979, .T. ) ;
#3042 = AXIS2_PLACEMENT_3D ( 'NONE', #3364, #5717, #5104 ) ;
#3043 = CARTESIAN_POINT ( 'NONE',  ( -0.6207355126277167567, 0.2267812663844984700, 4.468394430242917714 ) ) ;
#3044 = EDGE_LOOP ( 'NONE', ( #2521, #3740 ) ) ;
#3045 = EDGE_CURVE ( 'NONE', #6234, #3411, #6140, .T. ) ;
#3046 = CARTESIAN_POINT ( 'NONE',  ( -15.50000000000000000, 0.000000000000000000, -0.3500000000000030864 ) ) ;
#3047 = VECTOR ( 'NONE', #2933, 1000.000000000000000 ) ;
#3048 = ADVANCED_FACE ( 'NONE', ( #1279 ), #1, .F. ) ;
#3049 = VERTEX_POINT ( 'NONE', #685 ) ;
#3050 = DIRECTION ( 'NONE',  ( 1.000000000000000000, 0.000000000000000000, 0.000000000000000000 ) ) ;
#3051 = ORIENTED_EDGE ( 'NONE', *, *, #4369, .F. ) ;
#3052 = VECTOR ( 'NONE', #5793, 1000.000000000000000 ) ;
#3053 = LINE ( 'NONE', #3733, #3662 ) ;
#3054 = CONICAL_SURFACE ( 'NONE', #6410, 2.499999999999995115, 0.7853981633974496113 ) ;
#3055 = AXIS2_PLACEMENT_3D ( 'NONE', #1796, #6715, #3637 ) ;
#3056 = DIRECTION ( 'NONE',  ( 1.000000000000000000, 0.000000000000000000, 0.000000000000000000 ) ) ;
#3057 = EDGE_CURVE ( 'NONE', #7817, #4124, #3792, .T. ) ;
#3058 = ORIENTED_EDGE ( 'NONE', *, *, #450, .T. ) ;
#3059 = FACE_BOUND ( 'NONE', #1368, .T. ) ;
#3060 = ORIENTED_EDGE ( 'NONE', *, *, #4381, .F. ) ;
#3061 = EDGE_LOOP ( 'NONE', ( #5377, #3100, #6297, #6702 ) ) ;
#3062 = LINE ( 'NONE', #3183, #7926 ) ;
#3063 = DIRECTION ( 'NONE',  ( 0.000000000000000000, 0.000000000000000000, -1.000000000000000000 ) ) ;
#3064 = B_SPLINE_CURVE_WITH_KNOTS ( 'NONE', 3,
 ( #7613, #4532, #2561, #3326, #3207, #5798, #3852, #5632, #2687, #4568 ),
 .UNSPECIFIED., .F., .F.,
 ( 4, 2, 2, 2, 4 ),
 ( 0.000000000000000000, 0.0001309716700928215800, 0.0002619433401856431599, 0.0003929150102784647399, 0.0005238866803712863198 ),
 .UNSPECIFIED. ) ;
#3065 = ADVANCED_FACE ( 'NONE', ( #7880 ), #3784, .T. ) ;
#3066 = CARTESIAN_POINT ( 'NONE',  ( -6.000000000000000888, 0.000000000000000000, 5.499999999999994671 ) ) ;
#3067 = ORIENTED_EDGE ( 'NONE', *, *, #6461, .T. ) ;
#3068 = ORIENTED_EDGE ( 'NONE', *, *, #3947, .T. ) ;
#3069 = DIRECTION ( 'NONE',  ( -0.000000000000000000, -0.000000000000000000, 1.000000000000000000 ) ) ;
#3070 = LINE ( 'NONE', #3549, #2289 ) ;
#3071 = CARTESIAN_POINT ( 'NONE',  ( 6.821067811865489716, 6.821067811865461294, -5.942787793912431837 ) ) ;
#3072 = FACE_OUTER_BOUND ( 'NONE', #3868, .T. ) ;
#3073 = VERTEX_POINT ( 'NONE', #7270 ) ;
#3074 = ORIENTED_EDGE ( 'NONE', *, *, #274, .T. ) ;
#3075 = LINE ( 'NONE', #3113, #5775 ) ;
#3076 = CARTESIAN_POINT ( 'NONE',  ( 9.064180706824032541, 7.799721587239364595, -0.02692756319917764471 ) ) ;
#3077 = DIRECTION ( 'NONE',  ( 1.000000000000000000, 0.000000000000000000, 0.000000000000000000 ) ) ;
#3078 = PRODUCT_DEFINITION_SHAPE ( 'NONE', 'NONE',  #3239 ) ;
#3079 = DIRECTION ( 'NONE',  ( -0.000000000000000000, -0.000000000000000000, -1.000000000000000000 ) ) ;
#3080 = CARTESIAN_POINT ( 'NONE',  ( -2.223130931616851935, -6.108002035108403227, 2.500000000000000000 ) ) ;
#3081 = CLOSED_SHELL ( 'NONE', ( #6878, #933, #1240, #5631, #585, #4970, #1451, #983, #2324, #1067, #4624, #4747, #2458, #3410, #1160, #6141, #4399, #974 ) ) ;
#3082 = DIRECTION ( 'NONE',  ( -0.9949540640923917323, 0.000000000000000000, 0.1003315022614172103 ) ) ;
#3083 = ORIENTED_EDGE ( 'NONE', *, *, #3965, .T. ) ;
#3084 = DIRECTION ( 'NONE',  ( 1.000000000000000000, 0.000000000000000000, 0.000000000000000000 ) ) ;
#3085 = ORIENTED_EDGE ( 'NONE', *, *, #5441, .F. ) ;
#3086 = DIRECTION ( 'NONE',  ( -0.1003315022614176683, -0.9949540640923918433, -3.473863547784720965E-15 ) ) ;
#3087 = CIRCLE ( 'NONE', #1152, 0.09999999999999999167 ) ;
#3088 = CIRCLE ( 'NONE', #4114, 0.09999999999999975575 ) ;
#3089 = ORIENTED_EDGE ( 'NONE', *, *, #64, .T. ) ;
#3090 = CIRCLE ( 'NONE', #5159, 0.7499999999999998890 ) ;
#3091 = DIRECTION ( 'NONE',  ( 0.000000000000000000, 0.000000000000000000, 1.000000000000000000 ) ) ;
#3092 = ADVANCED_FACE ( 'NONE', ( #3189 ), #500, .F. ) ;
#3093 = EDGE_CURVE ( 'NONE', #7817, #1927, #5454, .T. ) ;
#3094 = CARTESIAN_POINT ( 'NONE',  ( 1.190000000000000169, 0.1199999999999999956, 0.1199999999999999400 ) ) ;
#3095 = EDGE_LOOP ( 'NONE', ( #27, #4834 ) ) ;
#3096 = DIRECTION ( 'NONE',  ( 0.000000000000000000, 0.000000000000000000, -1.000000000000000000 ) ) ;
#3097 = UNCERTAINTY_MEASURE_WITH_UNIT (LENGTH_MEASURE( 1.000000000000000082E-05 ), #6072, 'distance_accuracy_value', 'NONE');
#3098 = CARTESIAN_POINT ( 'NONE',  ( 13.42339375865887163, 7.749999999999872990, -4.000000000000000000 ) ) ;
#3099 = ORIENTED_EDGE ( 'NONE', *, *, #5480, .T. ) ;
#3100 = ORIENTED_EDGE ( 'NONE', *, *, #7535, .F. ) ;
#3101 = CARTESIAN_POINT ( 'NONE',  ( -2.100000000000001421, -15.50000000000000000, 0.000000000000000000 ) ) ;
#3102 = DIRECTION ( 'NONE',  ( -1.000000000000000000, 0.000000000000000000, 0.000000000000000000 ) ) ;
#3103 = EDGE_CURVE ( 'NONE', #7039, #127, #6260, .T. ) ;
#3104 = CARTESIAN_POINT ( 'NONE',  ( -14.72339375865876221, 7.750000000000064837, -4.000000000000000000 ) ) ;
#3105 = ORIENTED_EDGE ( 'NONE', *, *, #7064, .F. ) ;
#3106 = ORIENTED_EDGE ( 'NONE', *, *, #5169, .T. ) ;
#3107 = DIRECTION ( 'NONE',  ( 0.5530835219181898799, -0.8331258114970220285, 0.000000000000000000 ) ) ;
#3108 = CARTESIAN_POINT ( 'NONE',  ( 3.000000000000000444, 0.000000000000000000, -4.000000000000003553 ) ) ;
#3109 = ADVANCED_FACE ( 'NONE', ( #2989 ), #7921, .F. ) ;
#3110 = DIRECTION ( 'NONE',  ( 0.7071067811865490160, 0.7071067811865460184, -0.000000000000000000 ) ) ;
#3111 = VERTEX_POINT ( 'NONE', #6306 ) ;
#3112 = VERTEX_POINT ( 'NONE', #4850 ) ;
#3113 = CARTESIAN_POINT ( 'NONE',  ( -25.39999999999996305, 0.000000000000000000, 1.000000000000000000 ) ) ;
#3114 = CARTESIAN_POINT ( 'NONE',  ( 9.028476583279207546, 7.796132497950314821, -0.02368897677454467193 ) ) ;
#3115 = FACE_OUTER_BOUND ( 'NONE', #4395, .T. ) ;
#3116 = DIRECTION ( 'NONE',  ( 0.000000000000000000, 0.000000000000000000, 1.000000000000000000 ) ) ;
#3117 = EDGE_CURVE ( 'NONE', #4136, #1015, #6504, .T. ) ;
#3118 = DIRECTION ( 'NONE',  ( 1.000000000000000000, 0.000000000000000000, 0.000000000000000000 ) ) ;
#3119 = CIRCLE ( 'NONE', #1310, 3.000000000000000444 ) ;
#3120 = CARTESIAN_POINT ( 'NONE',  ( -0.7174041988161331540, 0.1270782441303252019, 4.677410823525811168 ) ) ;
#3121 = ORIENTED_EDGE ( 'NONE', *, *, #5618, .F. ) ;
#3122 = CARTESIAN_POINT ( 'NONE',  ( 4.676537180435966334, -2.700000000000007727, 2.499999999999999556 ) ) ;
#3123 = ORIENTED_EDGE ( 'NONE', *, *, #1739, .F. ) ;
#3124 = DIRECTION ( 'NONE',  ( 0.000000000000000000, 0.000000000000000000, -1.000000000000000000 ) ) ;
#3125 = ORIENTED_EDGE ( 'NONE', *, *, #5950, .T. ) ;
#3126 = AXIS2_PLACEMENT_3D ( 'NONE', #6356, #5756, #2685 ) ;
#3127 = CARTESIAN_POINT ( 'NONE',  ( 1.898202538678397163E-15, -15.50000000000000000, -4.000000000000003553 ) ) ;
#3128 = CIRCLE ( 'NONE', #6366, 17.70000000000000284 ) ;
#3129 = VECTOR ( 'NONE', #1644, 1000.000000000000000 ) ;
#3130 = DIRECTION ( 'NONE',  ( -0.000000000000000000, -0.000000000000000000, 1.000000000000000000 ) ) ;
#3131 = ORIENTED_EDGE ( 'NONE', *, *, #6642, .T. ) ;
#3132 = CARTESIAN_POINT ( 'NONE',  ( 0.000000000000000000, 0.000000000000000000, -4.000000000000003553 ) ) ;
#3133 = LINE ( 'NONE', #3820, #5019 ) ;
#3134 = VERTEX_POINT ( 'NONE', #4811 ) ;
#3135 = ORIENTED_EDGE ( 'NONE', *, *, #7367, .T. ) ;
#3136 = EDGE_LOOP ( 'NONE', ( #2128, #5621, #322, #2183 ) ) ;
#3137 = DIRECTION ( 'NONE',  ( 0.000000000000000000, 0.000000000000000000, -1.000000000000000000 ) ) ;
#3138 = AXIS2_PLACEMENT_3D ( 'NONE', #7591, #699, #5783 ) ;
#3139 = CARTESIAN_POINT ( 'NONE',  ( 5.642782126156920874, 7.321067811865461294, -3.000000000000000000 ) ) ;
#3140 = VECTOR ( 'NONE', #6134, 1000.000000000000000 ) ;
#3141 = CARTESIAN_POINT ( 'NONE',  ( 0.000000000000000000, 0.000000000000000000, 0.000000000000000000 ) ) ;
#3142 = ORIENTED_EDGE ( 'NONE', *, *, #1899, .F. ) ;
#3143 = EDGE_CURVE ( 'NONE', #329, #4626, #174, .T. ) ;
#3144 = EDGE_LOOP ( 'NONE', ( #2334, #6943 ) ) ;
#3145 = CARTESIAN_POINT ( 'NONE',  ( -3.810511776651527960, -2.200000000000005063, -3.000000000000000000 ) ) ;
#3146 = EDGE_CURVE ( 'NONE', #3816, #1930, #1865, .T. ) ;
#3147 = LINE ( 'NONE', #95, #4732 ) ;
#3148 = CARTESIAN_POINT ( 'NONE',  ( 0.000000000000000000, 0.000000000000000000, -0.1000000000000000472 ) ) ;
#3149 = VECTOR ( 'NONE', #86, 1000.000000000000000 ) ;
#3150 = CARTESIAN_POINT ( 'NONE',  ( 2.500000000000000444, 0.000000000000000000, 21.50000000000000000 ) ) ;
#3151 = ORIENTED_EDGE ( 'NONE', *, *, #1508, .T. ) ;
#3152 = VERTEX_POINT ( 'NONE', #3228 ) ;
#3153 = LINE ( 'NONE', #4202, #995 ) ;
#3154 = DIRECTION ( 'NONE',  ( 1.000000000000000000, 0.000000000000000000, 0.000000000000000000 ) ) ;
#3155 = EDGE_CURVE ( 'NONE', #309, #2657, #1748, .T. ) ;
#3156 = CARTESIAN_POINT ( 'NONE',  ( -3.000000000000000444, 3.673940397442060361E-16, 0.000000000000000000 ) ) ;
#3157 = AXIS2_PLACEMENT_3D ( 'NONE', #6457, #3420, #5241 ) ;
#3158 = DIRECTION ( 'NONE',  ( -0.000000000000000000, -0.000000000000000000, 1.000000000000000000 ) ) ;
#3159 = APPLICATION_CONTEXT ( 'automotive_design' ) ;
#3160 = CARTESIAN_POINT ( 'NONE',  ( 0.4948047520287067180, 0.2500000000000000000, 4.250000000000001776 ) ) ;
#3161 = FACE_OUTER_BOUND ( 'NONE', #7730, .T. ) ;
#3162 = ORIENTED_EDGE ( 'NONE', *, *, #7655, .T. ) ;
#3163 = AXIS2_PLACEMENT_3D ( 'NONE', #1419, #862, #2672 ) ;
#3164 = EDGE_LOOP ( 'NONE', ( #6910, #6055, #2915, #2418 ) ) ;
#3165 = DIRECTION ( 'NONE',  ( 0.000000000000000000, 0.000000000000000000, 1.000000000000000000 ) ) ;
#3166 = EDGE_CURVE ( 'NONE', #7345, #2721, #4442, .T. ) ;
#3167 = ORIENTED_EDGE ( 'NONE', *, *, #6931, .T. ) ;
#3168 = AXIS2_PLACEMENT_3D ( 'NONE', #5548, #4904, #4982 ) ;
#3169 = CARTESIAN_POINT ( 'NONE',  ( 1.499999999999999778, 0.2500000000000000000, -4.249999999999998224 ) ) ;
#3170 = SHAPE_REPRESENTATION ( 'DC MOTOR, JGB37-520', ( #7250 ), #4803 ) ;
#3171 = CARTESIAN_POINT ( 'NONE',  ( -4.400000000000001243, 0.000000000000000000, 2.499999999999999556 ) ) ;
#3172 = MECHANICAL_DESIGN_GEOMETRIC_PRESENTATION_REPRESENTATION (  '', ( #5111 ), #347 ) ;
#3173 = VECTOR ( 'NONE', #1308, 1000.000000000000000 ) ;
#3174 = DIRECTION ( 'NONE',  ( -1.000000000000000000, 0.000000000000000000, 0.000000000000000000 ) ) ;
#3175 = ORIENTED_EDGE ( 'NONE', *, *, #5609, .F. ) ;
#3176 = DIRECTION ( 'NONE',  ( 1.000000000000000000, 0.000000000000000000, 0.000000000000000000 ) ) ;
#3177 = UNCERTAINTY_MEASURE_WITH_UNIT (LENGTH_MEASURE( 1.000000000000000082E-05 ), #6342, 'distance_accuracy_value', 'NONE');
#3178 = AXIS2_PLACEMENT_3D ( 'NONE', #4030, #3992, #1499 ) ;
#3179 = VERTEX_POINT ( 'NONE', #6672 ) ;
#3180 = CIRCLE ( 'NONE', #3693, 0.1000000000000000472 ) ;
#3181 = ORIENTED_EDGE ( 'NONE', *, *, #3489, .T. ) ;
#3182 = ORIENTED_EDGE ( 'NONE', *, *, #4969, .T. ) ;
#3183 = CARTESIAN_POINT ( 'NONE',  ( 6.500000000000159872, -13.42339375865870998, 0.000000000000000000 ) ) ;
#3184 = AXIS2_PLACEMENT_3D ( 'NONE', #1061, #5382, #3520 ) ;
#3185 = DIRECTION ( 'NONE',  ( 0.000000000000000000, 0.000000000000000000, 1.000000000000000000 ) ) ;
#3186 = B_SPLINE_CURVE_WITH_KNOTS ( 'NONE', 3,
 ( #4356, #3840, #819, #1863, #4928, #3790 ),
 .UNSPECIFIED., .F., .F.,
 ( 4, 2, 4 ),
 ( 0.000000000000000000, 0.0003920442032835527268, 0.0007840884065671054537 ),
 .UNSPECIFIED. ) ;
#3187 = AXIS2_PLACEMENT_3D ( 'NONE', #1767, #6641, #7249 ) ;
#3188 = VECTOR ( 'NONE', #2191, 1000.000000000000114 ) ;
#3189 = FACE_OUTER_BOUND ( 'NONE', #3192, .T. ) ;
#3190 = LINE ( 'NONE', #5698, #5344 ) ;
#3191 = EDGE_LOOP ( 'NONE', ( #6515, #4518, #1977, #4893 ) ) ;
#3192 = EDGE_LOOP ( 'NONE', ( #6748, #6927, #3347, #7188 ) ) ;
#3193 = AXIS2_PLACEMENT_3D ( 'NONE', #7635, #375, #2830 ) ;
#3194 = CARTESIAN_POINT ( 'NONE',  ( 0.1183307166263579124, 0.8314443141724179309, 0.2280674907603667811 ) ) ;
#3195 = DIRECTION ( 'NONE',  ( 1.000000000000000000, 0.000000000000000000, 0.000000000000000000 ) ) ;
#3196 = APPLICATION_PROTOCOL_DEFINITION ( 'draft international standard', 'automotive_design', 1998, #7751 ) ;
#3197 = EDGE_CURVE ( 'NONE', #6737, #6774, #5739, .T. ) ;
#3198 = EDGE_CURVE ( 'NONE', #169, #7153, #6380, .T. ) ;
#3199 = DIRECTION ( 'NONE',  ( 0.000000000000000000, 0.000000000000000000, 1.000000000000000000 ) ) ;
#3200 = ORIENTED_EDGE ( 'NONE', *, *, #3734, .F. ) ;
#3201 = DIRECTION ( 'NONE',  ( -0.000000000000000000, -0.000000000000000000, 1.000000000000000000 ) ) ;
#3202 = DIRECTION ( 'NONE',  ( 0.000000000000000000, 0.000000000000000000, -1.000000000000000000 ) ) ;
#3203 = CYLINDRICAL_SURFACE ( 'NONE', #3772, 1.249999999999996003 ) ;
#3204 = CARTESIAN_POINT ( 'NONE',  ( -1.500000000000000222, -13.10000000000000142, 2.499999999999999556 ) ) ;
#3205 = CARTESIAN_POINT ( 'NONE',  ( 7.749999999999968914, 13.42339375865881657, 0.000000000000000000 ) ) ;
#3206 = ADVANCED_FACE ( 'NONE', ( #3631 ), #1483, .T. ) ;
#3207 = CARTESIAN_POINT ( 'NONE',  ( -9.050245942495276807, 7.874712276763383478, 0.000000000000000000 ) ) ;
#3208 = MANIFOLD_SOLID_BREP ( 'Chamfer1', #5021 ) ;
#3209 = EDGE_LOOP ( 'NONE', ( #6990, #7688, #433, #4132 ) ) ;
#3210 = DIRECTION ( 'NONE',  ( 0.7071067811865460184, -0.7071067811865490160, 0.000000000000000000 ) ) ;
#3211 = VERTEX_POINT ( 'NONE', #3910 ) ;
#3212 = PLANE ( 'NONE',  #2024 ) ;
#3213 = ORIENTED_EDGE ( 'NONE', *, *, #6743, .F. ) ;
#3214 = FACE_OUTER_BOUND ( 'NONE', #3209, .T. ) ;
#3215 = CARTESIAN_POINT ( 'NONE',  ( 0.000000000000000000, 7.000000000000000000, -1.000000000000000000 ) ) ;
#3216 = ADVANCED_FACE ( 'NONE', ( #966 ), #5816, .T. ) ;
#3217 = CIRCLE ( 'NONE', #3984, 3.000000000000000444 ) ;
#3218 = DIRECTION ( 'NONE',  ( 1.000000000000000000, 0.000000000000000000, 0.000000000000000000 ) ) ;
#3219 = ORIENTED_EDGE ( 'NONE', *, *, #7850, .T. ) ;
#3220 = PLANE ( 'NONE',  #6329 ) ;
#3221 = EDGE_LOOP ( 'NONE', ( #921, #7327, #6528, #3747 ) ) ;
#3222 = ORIENTED_EDGE ( 'NONE', *, *, #2660, .F. ) ;
#3223 = FACE_OUTER_BOUND ( 'NONE', #2160, .T. ) ;
#3224 = CIRCLE ( 'NONE', #1423, 16.50000000000000355 ) ;
#3225 = LINE ( 'NONE', #648, #4208 ) ;
#3226 = ADVANCED_FACE ( 'NONE', ( #5082 ), #1575, .F. ) ;
#3227 = ADVANCED_FACE ( 'NONE', ( #1411 ), #853, .T. ) ;
#3228 = CARTESIAN_POINT ( 'NONE',  ( -2.716615824122599498, -5.403232569518970685, 2.499999999999999556 ) ) ;
#3229 = CARTESIAN_POINT ( 'NONE',  ( 0.000000000000000000, -0.9099999999999984768, -0.2399999999999999911 ) ) ;
#3230 = ORIENTED_EDGE ( 'NONE', *, *, #4014, .F. ) ;
#3231 = VERTEX_POINT ( 'NONE', #3948 ) ;
#3232 = FACE_BOUND ( 'NONE', #4359, .T. ) ;
#3233 = DIRECTION ( 'NONE',  ( 1.000000000000000000, 0.000000000000000000, 0.000000000000000000 ) ) ;
#3234 = EDGE_CURVE ( 'NONE', #2217, #4757, #3307, .T. ) ;
#3235 = VERTEX_POINT ( 'NONE', #2702 ) ;
#3236 = EDGE_LOOP ( 'NONE', ( #5731, #5589, #2666, #5371, #1726, #5951 ) ) ;
#3237 = CARTESIAN_POINT ( 'NONE',  ( 0.000000000000000000, 0.000000000000000000, -3.000000000000000000 ) ) ;
#3238 = FACE_OUTER_BOUND ( 'NONE', #4151, .T. ) ;
#3239 = PRODUCT_DEFINITION ( 'UNKNOWN', '', #32, #6179 ) ;
#3240 = ORIENTED_EDGE ( 'NONE', *, *, #6846, .F. ) ;
#3241 = ADVANCED_FACE ( 'NONE', ( #896 ), #2740, .F. ) ;
#3242 = CARTESIAN_POINT ( 'NONE',  ( 1.898202538678397163E-15, -15.50000000000000000, 0.000000000000000000 ) ) ;
#3243 = CARTESIAN_POINT ( 'NONE',  ( 8.131727983645316016, -10.96015510839147389, -3.000000000000000000 ) ) ;
#3244 = CARTESIAN_POINT ( 'NONE',  ( 0.000000000000000000, -0.5000000000000000000, 4.250000000000001776 ) ) ;
#3245 = EDGE_LOOP ( 'NONE', ( #3015, #2633, #723 ) ) ;
#3246 = DIRECTION ( 'NONE',  ( 0.000000000000000000, 0.000000000000000000, 1.000000000000000000 ) ) ;
#3247 = EDGE_LOOP ( 'NONE', ( #2644, #2908, #194, #6371, #3394, #2893 ) ) ;
#3248 = LINE ( 'NONE', #5679, #4725 ) ;
#3249 = EDGE_CURVE ( 'NONE', #4301, #7219, #927, .T. ) ;
#3250 = VERTEX_POINT ( 'NONE', #2326 ) ;
#3251 = EDGE_CURVE ( 'NONE', #7775, #4841, #4773, .T. ) ;
#3252 = VECTOR ( 'NONE', #4539, 1000.000000000000000 ) ;
#3253 = ORIENTED_EDGE ( 'NONE', *, *, #2087, .F. ) ;
#3254 = DIRECTION ( 'NONE',  ( -1.000000000000000000, 0.000000000000000000, 0.000000000000000000 ) ) ;
#3255 = CARTESIAN_POINT ( 'NONE',  ( 0.7999999999999998224, -3.125000000000000000, 6.631569860407212857 ) ) ;
#3256 = DIRECTION ( 'NONE',  ( 0.000000000000000000, 0.000000000000000000, -1.000000000000000000 ) ) ;
#3257 = ORIENTED_EDGE ( 'NONE', *, *, #2781, .F. ) ;
#3258 = CARTESIAN_POINT ( 'NONE',  ( 7.750000000000157208, -13.42339375865870998, -0.3500000000000030864 ) ) ;
#3259 =( GEOMETRIC_REPRESENTATION_CONTEXT ( 3 ) GLOBAL_UNCERTAINTY_ASSIGNED_CONTEXT ( ( #4303 ) ) GLOBAL_UNIT_ASSIGNED_CONTEXT ( ( #7350, #56, #1293 ) ) REPRESENTATION_CONTEXT ( 'NONE', 'WORKASPACE' ) );
#3260 = DIRECTION ( 'NONE',  ( 1.000000000000000000, 0.000000000000000000, 0.000000000000000000 ) ) ;
#3261 = ORIENTED_EDGE ( 'NONE', *, *, #6766, .F. ) ;
#3262 = ORIENTED_EDGE ( 'NONE', *, *, #2875, .T. ) ;
#3263 = ADVANCED_FACE ( 'NONE', ( #5396 ), #273, .T. ) ;
#3264 = DIRECTION ( 'NONE',  ( -0.000000000000000000, -0.000000000000000000, 1.000000000000000000 ) ) ;
#3265 = CIRCLE ( 'NONE', #3907, 11.56600901191282738 ) ;
#3266 = CARTESIAN_POINT ( 'NONE',  ( 9.169035081028502177, 7.753403076485149370, 2.398304133220399125E-14 ) ) ;
#3267 = FACE_OUTER_BOUND ( 'NONE', #1776, .T. ) ;
#3268 = VERTEX_POINT ( 'NONE', #2825 ) ;
#3269 = ORIENTED_EDGE ( 'NONE', *, *, #2887, .T. ) ;
#3270 = EDGE_CURVE ( 'NONE', #486, #4528, #2972, .T. ) ;
#3271 = AXIS2_PLACEMENT_3D ( 'NONE', #1810, #3815, #1355 ) ;
#3272 = CARTESIAN_POINT ( 'NONE',  ( 0.000000000000000000, 0.000000000000000000, -0.9000000000000000222 ) ) ;
#3273 = FACE_OUTER_BOUND ( 'NONE', #6219, .T. ) ;
#3274 =( GEOMETRIC_REPRESENTATION_CONTEXT ( 3 ) GLOBAL_UNCERTAINTY_ASSIGNED_CONTEXT ( ( #2447 ) ) GLOBAL_UNIT_ASSIGNED_CONTEXT ( ( #7128, #5389, #6567 ) ) REPRESENTATION_CONTEXT ( 'NONE', 'WORKASPACE' ) );
#3275 = ORIENTED_EDGE ( 'NONE', *, *, #1326, .F. ) ;
#3276 = ORIENTED_EDGE ( 'NONE', *, *, #5933, .T. ) ;
#3277 = LINE ( 'NONE', #2715, #611 ) ;
#3278 = CARTESIAN_POINT ( 'NONE',  ( 7.071067811865489716, 7.071067811865461294, -2.500000000000000000 ) ) ;
#3279 = EDGE_CURVE ( 'NONE', #2427, #6763, #7097, .T. ) ;
#3280 = VERTEX_POINT ( 'NONE', #4180 ) ;
#3281 = CIRCLE ( 'NONE', #1738, 16.00000000000000355 ) ;
#3282 = CARTESIAN_POINT ( 'NONE',  ( 1.370759493670886231, -1.084202172485504434E-16, -0.1017721518987341200 ) ) ;
#3283 = DIRECTION ( 'NONE',  ( 0.000000000000000000, 0.000000000000000000, -1.000000000000000000 ) ) ;
#3284 = CARTESIAN_POINT ( 'NONE',  ( 0.000000000000000000, 0.000000000000000000, -1.000000000000000000 ) ) ;
#3285 = AXIS2_PLACEMENT_3D ( 'NONE', #637, #3091, #5643 ) ;
#3286 = ORIENTED_EDGE ( 'NONE', *, *, #2732, .F. ) ;
#3287 = CARTESIAN_POINT ( 'NONE',  ( 0.000000000000000000, 0.000000000000000000, -6.000000000000000000 ) ) ;
#3288 = EDGE_LOOP ( 'NONE', ( #5105, #5896, #578, #3175, #5155, #2742 ) ) ;
#3289 = FACE_OUTER_BOUND ( 'NONE', #5693, .T. ) ;
#3290 = VECTOR ( 'NONE', #1007, 1000.000000000000000 ) ;
#3291 = CARTESIAN_POINT ( 'NONE',  ( -2.223130931616851047, 6.108002035108402339, 2.499999999999999556 ) ) ;
#3292 = DIRECTION ( 'NONE',  ( 0.000000000000000000, 1.000000000000000000, 0.000000000000000000 ) ) ;
#3293 = EDGE_CURVE ( 'NONE', #6902, #5045, #7862, .T. ) ;
#3294 = EDGE_CURVE ( 'NONE', #4944, #4657, #6071, .T. ) ;
#3295 = DIRECTION ( 'NONE',  ( -1.000000000000000000, 0.000000000000000000, 0.000000000000000000 ) ) ;
#3296 = ORIENTED_EDGE ( 'NONE', *, *, #1961, .T. ) ;
#3297 = CARTESIAN_POINT ( 'NONE',  ( 0.000000000000000000, 0.000000000000000000, -0.1000000000000000472 ) ) ;
#3298 = CARTESIAN_POINT ( 'NONE',  ( -13.42339375865876328, 7.750000000000064837, 0.000000000000000000 ) ) ;
#3299 = ORIENTED_EDGE ( 'NONE', *, *, #6214, .F. ) ;
#3300 = EDGE_LOOP ( 'NONE', ( #7418, #4352, #4535, #4116 ) ) ;
#3301 = AXIS2_PLACEMENT_3D ( 'NONE', #973, #449, #5911 ) ;
#3302 = CYLINDRICAL_SURFACE ( 'NONE', #7579, 17.00000000000000000 ) ;
#3303 = AXIS2_PLACEMENT_3D ( 'NONE', #7844, #2272, #2880 ) ;
#3304 = EDGE_CURVE ( 'NONE', #2081, #2003, #2859, .T. ) ;
#3305 = CIRCLE ( 'NONE', #7945, 3.199999999999999734 ) ;
#3306 = DIRECTION ( 'NONE',  ( 0.000000000000000000, 0.000000000000000000, 1.000000000000000000 ) ) ;
#3307 = LINE ( 'NONE', #5784, #4379 ) ;
#3308 = DIRECTION ( 'NONE',  ( 0.000000000000000000, -0.8660254037844383745, 0.5000000000000005551 ) ) ;
#3309 = ORIENTED_EDGE ( 'NONE', *, *, #1131, .T. ) ;
#3310 = AXIS2_PLACEMENT_3D ( 'NONE', #5513, #549, #3688 ) ;
#3311 = CONICAL_SURFACE ( 'NONE', #2926, 1.599999999999999867, 0.7853981633974482790 ) ;
#3312 = DIRECTION ( 'NONE',  ( 1.000000000000000000, 0.000000000000000000, 0.000000000000000000 ) ) ;
#3313 = CIRCLE ( 'NONE', #7436, 1.449999999999999956 ) ;
#3314 = DIRECTION ( 'NONE',  ( -0.7071067811865485719, -0.7071067811865465735, 0.000000000000000000 ) ) ;
#3315 = PRODUCT_CONTEXT ( 'NONE', #3159, 'mechanical' ) ;
#3316 = AXIS2_PLACEMENT_3D ( 'NONE', #6317, #3797, #6871 ) ;
#3317 = EDGE_CURVE ( 'NONE', #4102, #3527, #2491, .T. ) ;
#3318 = VECTOR ( 'NONE', #3102, 1000.000000000000000 ) ;
#3319 = ORIENTED_EDGE ( 'NONE', *, *, #3093, .F. ) ;
#3320 = EDGE_LOOP ( 'NONE', ( #6832, #7796, #1611, #3240 ) ) ;
#3321 = DIRECTION ( 'NONE',  ( 1.000000000000000000, 0.000000000000000000, 0.000000000000000000 ) ) ;
#3322 = CYLINDRICAL_SURFACE ( 'NONE', #6924, 1.299999999999998712 ) ;
#3323 = ORIENTED_EDGE ( 'NONE', *, *, #3599, .F. ) ;
#3324 = DIRECTION ( 'NONE',  ( -1.000000000000000000, 0.000000000000000000, 0.000000000000000000 ) ) ;
#3325 = CYLINDRICAL_SURFACE ( 'NONE', #818, 0.2500000000000002220 ) ;
#3326 = CARTESIAN_POINT ( 'NONE',  ( -9.097357773060927855, 7.867694611052278297, -0.000000000000000000 ) ) ;
#3327 = VERTEX_POINT ( 'NONE', #7252 ) ;
#3328 = PLANE ( 'NONE',  #7820 ) ;
#3329 = EDGE_LOOP ( 'NONE', ( #1246, #1184, #6046, #1415 ) ) ;
#3330 = CARTESIAN_POINT ( 'NONE',  ( 7.071067811865489716, 7.071067811865461294, -2.500000000000000000 ) ) ;
#3331 = FACE_OUTER_BOUND ( 'NONE', #3136, .T. ) ;
#3332 = DIRECTION ( 'NONE',  ( 1.000000000000000000, 0.000000000000000000, 0.000000000000000000 ) ) ;
#3333 = CARTESIAN_POINT ( 'NONE',  ( 0.000000000000000000, 0.000000000000000000, 0.000000000000000000 ) ) ;
#3334 = ORIENTED_EDGE ( 'NONE', *, *, #2732, .T. ) ;
#3335 = DIRECTION ( 'NONE',  ( 1.000000000000000000, 0.000000000000000000, 0.000000000000000000 ) ) ;
#3336 = PLANE ( 'NONE',  #2348 ) ;
#3337 = ORIENTED_EDGE ( 'NONE', *, *, #3532, .T. ) ;
#3338 = ORIENTED_EDGE ( 'NONE', *, *, #3965, .F. ) ;
#3339 = EDGE_CURVE ( 'NONE', #1822, #4136, #1077, .T. ) ;
#3340 = ADVANCED_FACE ( 'NONE', ( #5434 ), #406, .F. ) ;
#3341 = FACE_OUTER_BOUND ( 'NONE', #2910, .T. ) ;
#3342 = AXIS2_PLACEMENT_3D ( 'NONE', #613, #2947, #7 ) ;
#3343 = CARTESIAN_POINT ( 'NONE',  ( -1.499999999999999334, -0.1250000000000005551, 4.899519052838331667 ) ) ;
#3344 = DIRECTION ( 'NONE',  ( 0.000000000000000000, 0.000000000000000000, 1.000000000000000000 ) ) ;
#3345 = CARTESIAN_POINT ( 'NONE',  ( 1.500000000000000222, 13.10000000000000142, 2.500000000000000000 ) ) ;
#3346 = ORIENTED_EDGE ( 'NONE', *, *, #4651, .T. ) ;
#3347 = ORIENTED_EDGE ( 'NONE', *, *, #7835, .T. ) ;
#3348 = ADVANCED_FACE ( 'NONE', ( #7292 ), #4675, .T. ) ;
#3349 = CARTESIAN_POINT ( 'NONE',  ( -1.966615824122599276, -5.403232569518970685, -3.000000000000000000 ) ) ;
#3350 = AXIS2_PLACEMENT_3D ( 'NONE', #5443, #4921, #6659 ) ;
#3351 = DIRECTION ( 'NONE',  ( -0.000000000000000000, -0.000000000000000000, -1.000000000000000000 ) ) ;
#3352 = MANIFOLD_SOLID_BREP ( 'Cut-Extrude1', #3081 ) ;
#3353 = APPLICATION_PROTOCOL_DEFINITION ( 'draft international standard', 'automotive_design', 1998, #2480 ) ;
#3354 = VECTOR ( 'NONE', #6053, 1000.000000000000000 ) ;
#3355 = ORIENTED_EDGE ( 'NONE', *, *, #7877, .T. ) ;
#3356 = DIRECTION ( 'NONE',  ( -0.000000000000000000, -0.000000000000000000, -1.000000000000000000 ) ) ;
#3357 = DIRECTION ( 'NONE',  ( 0.000000000000000000, -1.000000000000000000, -2.258754526011467242E-16 ) ) ;
#3358 = ADVANCED_FACE ( 'NONE', ( #5476 ), #2712, .F. ) ;
#3359 = LINE ( 'NONE', #6472, #2156 ) ;
#3360 = CARTESIAN_POINT ( 'NONE',  ( 9.810758597948748161, -12.63918572269490248, -3.000000000000000000 ) ) ;
#3361 = DIRECTION ( 'NONE',  ( -0.9899837497469134995, -0.09983029409212494654, -0.09983029409212572369 ) ) ;
#3362 = CARTESIAN_POINT ( 'NONE',  ( 0.6271178757805834225, 0.000000000000000000, 0.000000000000000000 ) ) ;
#3363 = EDGE_LOOP ( 'NONE', ( #4584, #47, #2076, #5274 ) ) ;
#3364 = CARTESIAN_POINT ( 'NONE',  ( -4.676537180435966334, 2.700000000000007727, 2.499999999999999556 ) ) ;
#3365 = ORIENTED_EDGE ( 'NONE', *, *, #4168, .F. ) ;
#3366 = FACE_OUTER_BOUND ( 'NONE', #237, .T. ) ;
#3367 = EDGE_CURVE ( 'NONE', #4528, #5676, #523, .T. ) ;
#3368 = DIRECTION ( 'NONE',  ( 0.000000000000000000, 0.000000000000000000, 1.000000000000000000 ) ) ;
#3369 = DIRECTION ( 'NONE',  ( -0.000000000000000000, -0.000000000000000000, 1.000000000000000000 ) ) ;
#3370 = DIRECTION ( 'NONE',  ( -0.000000000000000000, -0.000000000000000000, 1.000000000000000000 ) ) ;
#3371 = DIRECTION ( 'NONE',  ( -0.000000000000000000, -0.000000000000000000, 1.000000000000000000 ) ) ;
#3372 = ORIENTED_EDGE ( 'NONE', *, *, #3294, .F. ) ;
#3373 = CARTESIAN_POINT ( 'NONE',  ( 0.000000000000000000, 0.000000000000000000, 0.000000000000000000 ) ) ;
#3374 = LINE ( 'NONE', #4545, #7215 ) ;
#3375 = ORIENTED_EDGE ( 'NONE', *, *, #2963, .F. ) ;
#3376 = EDGE_CURVE ( 'NONE', #4427, #207, #516, .T. ) ;
#3377 = VECTOR ( 'NONE', #2849, 1000.000000000000000 ) ;
#3378 = DIRECTION ( 'NONE',  ( 0.000000000000000000, 0.000000000000000000, 1.000000000000000000 ) ) ;
#3379 = FACE_OUTER_BOUND ( 'NONE', #4581, .T. ) ;
#3380 = DIRECTION ( 'NONE',  ( -0.000000000000000000, -0.000000000000000000, 1.000000000000000000 ) ) ;
#3381 = VERTEX_POINT ( 'NONE', #4343 ) ;
#3382 = ORIENTED_EDGE ( 'NONE', *, *, #1422, .T. ) ;
#3383 = AXIS2_PLACEMENT_3D ( 'NONE', #3878, #5704, #5134 ) ;
#3384 = LINE ( 'NONE', #2184, #4215 ) ;
#3385 = DIRECTION ( 'NONE',  ( -0.000000000000000000, 0.8660254037844380415, -0.5000000000000008882 ) ) ;
#3386 = EDGE_CURVE ( 'NONE', #5855, #4330, #6829, .T. ) ;
#3387 = ADVANCED_FACE ( 'NONE', ( #3700, #557, #5650, #3059, #4259, #6728, #6891 ), #1964, .T. ) ;
#3388 = AXIS2_PLACEMENT_3D ( 'NONE', #152, #3888, #2599 ) ;
#3389 = CARTESIAN_POINT ( 'NONE',  ( -8.993812658022939388, 7.690103798704606142, -0.05022069891674992709 ) ) ;
#3391 = VERTEX_POINT ( 'NONE', #7414 ) ;
#3390 = AXIS2_PLACEMENT_3D ( 'NONE', #2315, #5462, #6597 ) ;
#3392 = DIRECTION ( 'NONE',  ( 0.8152472307392648609, -0.5791130742540352427, 3.252606517456508569E-15 ) ) ;
#3393 = PLANE ( 'NONE',  #1120 ) ;
#3394 = ORIENTED_EDGE ( 'NONE', *, *, #5341, .F. ) ;
#3395 = DIRECTION ( 'NONE',  ( -0.7071067811865462405, 8.659560562354915602E-17, 0.7071067811865489050 ) ) ;
#3396 = CONICAL_SURFACE ( 'NONE', #1984, 1.599999999999999867, 0.7853981633974495002 ) ;
#3397 = ORIENTED_EDGE ( 'NONE', *, *, #1684, .F. ) ;
#3398 = EDGE_CURVE ( 'NONE', #5289, #4334, #4423, .T. ) ;
#3399 = CARTESIAN_POINT ( 'NONE',  ( 0.000000000000000000, 0.000000000000000000, -3.000000000000000000 ) ) ;
#3400 = DIRECTION ( 'NONE',  ( 0.000000000000000000, 0.000000000000000000, 1.000000000000000000 ) ) ;
#3401 = ORIENTED_EDGE ( 'NONE', *, *, #1914, .T. ) ;
#3402 = FACE_BOUND ( 'NONE', #3245, .T. ) ;
#3403 = ORIENTED_EDGE ( 'NONE', *, *, #996, .F. ) ;
#3404 = DIRECTION ( 'NONE',  ( -0.7071067811865454633, 0.7071067811865495711, 0.000000000000000000 ) ) ;
#3405 = AXIS2_PLACEMENT_3D ( 'NONE', #7623, #3862, #6487 ) ;
#3406 = LINE ( 'NONE', #2166, #953 ) ;
#3407 = CARTESIAN_POINT ( 'NONE',  ( 6.821067811865489716, 5.642782126156891565, -3.000000000000000000 ) ) ;
#3408 = DIRECTION ( 'NONE',  ( -0.1003315022614172242, 3.017703066837731300E-17, -0.9949540640923918433 ) ) ;
#3409 = AXIS2_PLACEMENT_3D ( 'NONE', #885, #3859, #6404 ) ;
#3410 = ADVANCED_FACE ( 'NONE', ( #1891 ), #3775, .F. ) ;
#3411 = VERTEX_POINT ( 'NONE', #7942 ) ;
#3412 = CARTESIAN_POINT ( 'NONE',  ( 0.000000000000000000, 7.000000000000000000, -4.000000000000000000 ) ) ;
#3413 = ORIENTED_EDGE ( 'NONE', *, *, #122, .F. ) ;
#3414 = DIRECTION ( 'NONE',  ( -0.000000000000000000, -0.000000000000000000, -1.000000000000000000 ) ) ;
#3415 = ORIENTED_EDGE ( 'NONE', *, *, #3117, .T. ) ;
#3416 = DIRECTION ( 'NONE',  ( 1.000000000000000000, 0.000000000000000000, 0.000000000000000000 ) ) ;
#3417 = ADVANCED_FACE ( 'NONE', ( #2410 ), #6178, .T. ) ;
#3418 = PLANE ( 'NONE',  #5324 ) ;
#3419 = CARTESIAN_POINT ( 'NONE',  ( 8.904439401313618774, 7.676297044995086694, 0.000000000000000000 ) ) ;
#3420 = DIRECTION ( 'NONE',  ( -0.000000000000000000, -0.000000000000000000, 1.000000000000000000 ) ) ;
#3421 = VERTEX_POINT ( 'NONE', #4875 ) ;
#3422 = CIRCLE ( 'NONE', #5356, 1.249999999999996003 ) ;
#3423 = ORIENTED_EDGE ( 'NONE', *, *, #5480, .F. ) ;
#3424 = DIRECTION ( 'NONE',  ( -0.000000000000000000, -0.000000000000000000, -1.000000000000000000 ) ) ;
#3425 = CARTESIAN_POINT ( 'NONE',  ( 6.821067811865489716, 8.499353497574031024, -2.500000000000000000 ) ) ;
#3426 = APPLICATION_PROTOCOL_DEFINITION ( 'draft international standard', 'automotive_design', 1998, #6514 ) ;
#3427 = CIRCLE ( 'NONE', #6786, 1.000000000000000000 ) ;
#3428 = AXIS2_PLACEMENT_3D ( 'NONE', #7651, #6328, #2119 ) ;
#3429 = CARTESIAN_POINT ( 'NONE',  ( -8.996631433654767918, 7.664537330453208064, -0.05798791109935396565 ) ) ;
#3430 = ORIENTED_EDGE ( 'NONE', *, *, #512, .F. ) ;
#3431 = LINE ( 'NONE', #5987, #6417 ) ;
#3432 = EDGE_LOOP ( 'NONE', ( #1233, #6738, #7663, #3334 ) ) ;
#3433 = CIRCLE ( 'NONE', #993, 2.099999999999999645 ) ;
#3434 = CIRCLE ( 'NONE', #3945, 1.299999999999999156 ) ;
#3435 = CARTESIAN_POINT ( 'NONE',  ( 0.000000000000000000, 0.000000000000000000, 0.000000000000000000 ) ) ;
#3436 = ADVANCED_FACE ( 'NONE', ( #3817, #3654 ), #724, .T. ) ;
#3437 = CIRCLE ( 'NONE', #4339, 9.023948508257607415 ) ;
#3438 = EDGE_CURVE ( 'NONE', #1182, #6639, #6698, .T. ) ;
#3439 = CARTESIAN_POINT ( 'NONE',  ( -10.60660171779822392, -5.656854249492355713, -2.500000000000000000 ) ) ;
#3440 = AXIS2_PLACEMENT_3D ( 'NONE', #2620, #7466, #3661 ) ;
#3441 = CIRCLE ( 'NONE', #5246, 3.000000000000000444 ) ;
#3442 = ORIENTED_EDGE ( 'NONE', *, *, #2121, .F. ) ;
#3443 = AXIS2_PLACEMENT_3D ( 'NONE', #1795, #6872, #3037 ) ;
#3444 = LINE ( 'NONE', #4005, #555 ) ;
#3445 = CARTESIAN_POINT ( 'NONE',  ( 18.50000000000000355, 0.000000000000000000, 0.000000000000000000 ) ) ;
#3446 = ORIENTED_EDGE ( 'NONE', *, *, #7745, .T. ) ;
#3447 = CARTESIAN_POINT ( 'NONE',  ( 0.000000000000000000, 0.000000000000000000, -3.000000000000000000 ) ) ;
#3448 = EDGE_LOOP ( 'NONE', ( #5742, #2846, #7361, #7096 ) ) ;
#3449 = CARTESIAN_POINT ( 'NONE',  ( -8.962102834923783234, 7.710303428464775344, 4.261472448534234172E-16 ) ) ;
#3450 = DIRECTION ( 'NONE',  ( 1.000000000000000000, 0.000000000000000000, -0.000000000000000000 ) ) ;
#3451 = EDGE_CURVE ( 'NONE', #7119, #2217, #2531, .T. ) ;
#3452 = FACE_OUTER_BOUND ( 'NONE', #3236, .T. ) ;
#3453 = ORIENTED_EDGE ( 'NONE', *, *, #4522, .T. ) ;
#3454 = ORIENTED_EDGE ( 'NONE', *, *, #7597, .T. ) ;
#3455 = DIRECTION ( 'NONE',  ( -1.000000000000000000, 0.000000000000000000, 1.020425574104004122E-16 ) ) ;
#3456 = ORIENTED_EDGE ( 'NONE', *, *, #5460, .T. ) ;
#3457 = EDGE_CURVE ( 'NONE', #5554, #531, #3087, .T. ) ;
#3458 = DIRECTION ( 'NONE',  ( -0.000000000000000000, -0.000000000000000000, 1.000000000000000000 ) ) ;
#3459 = DIRECTION ( 'NONE',  ( -0.000000000000000000, -0.000000000000000000, 1.000000000000000000 ) ) ;
#3460 = CARTESIAN_POINT ( 'NONE',  ( 13.42339375865887163, 7.749999999999872990, -1.599999999999999645 ) ) ;
#3461 = FILL_AREA_STYLE_COLOUR ( '', #7802 ) ;
#3462 = VERTEX_POINT ( 'NONE', #3738 ) ;
#3463 = ORIENTED_EDGE ( 'NONE', *, *, #1026, .T. ) ;
#3464 = ADVANCED_FACE ( 'NONE', ( #1274 ), #677, .F. ) ;
#3465 = CARTESIAN_POINT ( 'NONE',  ( -13.89999999999999858, 0.000000000000000000, 0.000000000000000000 ) ) ;
#3466 = CYLINDRICAL_SURFACE ( 'NONE', #6010, 1.299999999999997380 ) ;
#3467 = AXIS2_PLACEMENT_3D ( 'NONE', #6956, #1424, #6349 ) ;
#3468 = VECTOR ( 'NONE', #2574, 1000.000000000000000 ) ;
#3469 = CARTESIAN_POINT ( 'NONE',  ( 6.250000000000000000, 7.000000000000000000, -29.00000000000000000 ) ) ;
#3470 = ORIENTED_EDGE ( 'NONE', *, *, #626, .F. ) ;
#3471 = FACE_OUTER_BOUND ( 'NONE', #7132, .T. ) ;
#3472 = VERTEX_POINT ( 'NONE', #4383 ) ;
#3473 = EDGE_CURVE ( 'NONE', #837, #5302, #3224, .T. ) ;
#3474 = FACE_BOUND ( 'NONE', #7508, .T. ) ;
#3475 = AXIS2_PLACEMENT_3D ( 'NONE', #208, #6336, #6372 ) ;
#3476 =( LENGTH_UNIT ( ) NAMED_UNIT ( * ) SI_UNIT ( .MILLI., .METRE. ) );
#3477 = VERTEX_POINT ( 'NONE', #164 ) ;
#3478 = DIRECTION ( 'NONE',  ( 0.5530835219181907680, -2.908843223750392223E-15, 0.8331258114970213624 ) ) ;
#3479 = CARTESIAN_POINT ( 'NONE',  ( 1.414213562373088706, 1.414213562373092481, 0.000000000000000000 ) ) ;
#3480 = ORIENTED_EDGE ( 'NONE', *, *, #4671, .F. ) ;
#3481 = CARTESIAN_POINT ( 'NONE',  ( 3.199999999999999734, -5.425185320222774479E-15, 0.000000000000000000 ) ) ;
#3482 = CARTESIAN_POINT ( 'NONE',  ( -9.145656544093929696, 7.784317580890157906, 2.910445683791793238E-16 ) ) ;
#3483 = CARTESIAN_POINT ( 'NONE',  ( -16.00000000000000000, 0.000000000000000000, 2.500000000000000000 ) ) ;
#3484 = CARTESIAN_POINT ( 'NONE',  ( -9.239364071259618783, 6.999999999985517363, -0.6576473808145505417 ) ) ;
#3485 = PRODUCT_DEFINITION_SHAPE ( 'NONE', 'NONE',  #6107 ) ;
#3486 = ORIENTED_EDGE ( 'NONE', *, *, #4523, .T. ) ;
#3487 = ADVANCED_FACE ( 'NONE', ( #5073 ), #3991, .T. ) ;
#3488 = DIRECTION ( 'NONE',  ( 1.000000000000000000, 0.000000000000000000, 0.000000000000000000 ) ) ;
#3489 = EDGE_CURVE ( 'NONE', #5554, #5138, #1027, .T. ) ;
#3490 = ORIENTED_EDGE ( 'NONE', *, *, #7666, .T. ) ;
#3491 = DIRECTION ( 'NONE',  ( -1.000000000000000000, -0.000000000000000000, -0.000000000000000000 ) ) ;
#3492 = ORIENTED_EDGE ( 'NONE', *, *, #6060, .T. ) ;
#3493 = DIRECTION ( 'NONE',  ( 1.000000000000000000, 0.000000000000000000, 0.000000000000000000 ) ) ;
#3494 = CARTESIAN_POINT ( 'NONE',  ( -13.42339375865876328, 7.750000000000064837, 0.000000000000000000 ) ) ;
#3495 = EDGE_CURVE ( 'NONE', #5743, #1927, #5688, .T. ) ;
#3496 = CARTESIAN_POINT ( 'NONE',  ( 0.000000000000000000, 7.000000000000000000, -1.000000000000000000 ) ) ;
#3497 = EDGE_CURVE ( 'NONE', #4124, #1927, #7612, .T. ) ;
#3498 = CARTESIAN_POINT ( 'NONE',  ( -4.676537180435965446, 2.700000000000007727, -3.000000000000000000 ) ) ;
#3499 = ORIENTED_EDGE ( 'NONE', *, *, #223, .F. ) ;
#3500 = ORIENTED_EDGE ( 'NONE', *, *, #6866, .F. ) ;
#3501 = DIRECTION ( 'NONE',  ( -0.000000000000000000, -0.000000000000000000, 1.000000000000000000 ) ) ;
#3502 = CARTESIAN_POINT ( 'NONE',  ( 1.500000000000000666, -2.518782217350889585, 6.281569860407209660 ) ) ;
#3503 = AXIS2_PLACEMENT_3D ( 'NONE', #1756, #4130, #4210 ) ;
#3504 = PRODUCT_CONTEXT ( 'NONE', #23, 'mechanical' ) ;
#3505 = EDGE_CURVE ( 'NONE', #3581, #1009, #3870, .T. ) ;
#3506 = CARTESIAN_POINT ( 'NONE',  ( -9.023410629508555658, 7.793142473495043632, -0.02394333702979555001 ) ) ;
#3507 = EDGE_LOOP ( 'NONE', ( #2336, #2734 ) ) ;
#3508 = DIRECTION ( 'NONE',  ( -0.7071067811865409114, 0.7071067811865541231, 0.000000000000000000 ) ) ;
#3509 = AXIS2_PLACEMENT_3D ( 'NONE', #3924, #6394, #1388 ) ;
#3510 = ORIENTED_EDGE ( 'NONE', *, *, #5565, .T. ) ;
#3511 = CARTESIAN_POINT ( 'NONE',  ( -13.42339375865876328, 7.750000000000064837, -4.000000000000000000 ) ) ;
#3512 = AXIS2_PLACEMENT_3D ( 'NONE', #1908, #499, #7434 ) ;
#3513 = VERTEX_POINT ( 'NONE', #5115 ) ;
#3514 = AXIS2_PLACEMENT_3D ( 'NONE', #7696, #7771, #2238 ) ;
#3515 = EDGE_CURVE ( 'NONE', #5033, #3001, #2581, .T. ) ;
#3516 = DIRECTION ( 'NONE',  ( 0.7071067811865492381, 0.7071067811865457964, 0.000000000000000000 ) ) ;
#3517 = DIRECTION ( 'NONE',  ( -1.000000000000000000, -0.000000000000000000, -0.000000000000000000 ) ) ;
#3518 = VERTEX_POINT ( 'NONE', #888 ) ;
#3519 = DIRECTION ( 'NONE',  ( -0.1003315022614176683, 0.000000000000000000, 0.9949540640923918433 ) ) ;
#3520 = DIRECTION ( 'NONE',  ( 1.000000000000000000, 0.000000000000000000, 0.000000000000000000 ) ) ;
#3521 = FACE_OUTER_BOUND ( 'NONE', #6880, .T. ) ;
#3522 = AXIS2_PLACEMENT_3D ( 'NONE', #4220, #3577, #4179 ) ;
#3523 = DIRECTION ( 'NONE',  ( 1.000000000000000000, 0.000000000000000000, 0.000000000000000000 ) ) ;
#3524 = DIRECTION ( 'NONE',  ( -1.020425574104004122E-16, -0.000000000000000000, -1.000000000000000000 ) ) ;
#3525 = VECTOR ( 'NONE', #2483, 1000.000000000000000 ) ;
#3526 = ORIENTED_EDGE ( 'NONE', *, *, #4145, .F. ) ;
#3527 = VERTEX_POINT ( 'NONE', #7094 ) ;
#3528 = CARTESIAN_POINT ( 'NONE',  ( 2.500000000000000444, -1.658312395177699905, 9.499999999999998224 ) ) ;
#3529 = ORIENTED_EDGE ( 'NONE', *, *, #4946, .T. ) ;
#3530 = STYLED_ITEM ( 'NONE', ( #6859 ), #3208 ) ;
#3531 = CARTESIAN_POINT ( 'NONE',  ( 0.000000000000000000, -0.2399999999999961608, -0.9099999999999993650 ) ) ;
#3532 = EDGE_CURVE ( 'NONE', #4034, #5306, #7611, .T. ) ;
#3533 = ADVANCED_FACE ( 'NONE', ( #2613 ), #5771, .T. ) ;
#3534 = DIRECTION ( 'NONE',  ( -0.000000000000000000, -0.000000000000000000, 1.000000000000000000 ) ) ;
#3535 = CARTESIAN_POINT ( 'NONE',  ( 0.000000000000000000, 0.000000000000000000, 2.499999999999999556 ) ) ;
#3536 = AXIS2_PLACEMENT_3D ( 'NONE', #6935, #2771, #5847 ) ;
#3537 = EDGE_LOOP ( 'NONE', ( #7468, #7484, #5907, #2366 ) ) ;
#3538 = ORIENTED_EDGE ( 'NONE', *, *, #4196, .T. ) ;
#3539 = DIRECTION ( 'NONE',  ( 1.000000000000000000, 0.000000000000000000, 0.000000000000000000 ) ) ;
#3540 = DIRECTION ( 'NONE',  ( -0.000000000000000000, -0.000000000000000000, -1.000000000000000000 ) ) ;
#3541 = EDGE_CURVE ( 'NONE', #5272, #28, #1486, .T. ) ;
#3542 = PRODUCT_CONTEXT ( 'NONE', #3983, 'mechanical' ) ;
#3543 = VECTOR ( 'NONE', #7599, 1000.000000000000000 ) ;
#3544 = B_SPLINE_CURVE_WITH_KNOTS ( 'NONE', 3,
 ( #7089, #3897, #2123, #1482, #7049, #6332 ),
 .UNSPECIFIED., .F., .F.,
 ( 4, 2, 4 ),
 ( 0.000000000000000000, 0.0003920463364800282546, 0.0007840926729600565092 ),
 .UNSPECIFIED. ) ;
#3545 = CARTESIAN_POINT ( 'NONE',  ( -0.7500000000000000000, -0.05307744633479850177, 4.852295800272074189 ) ) ;
#3546 = ORIENTED_EDGE ( 'NONE', *, *, #7761, .T. ) ;
#3547 = CARTESIAN_POINT ( 'NONE',  ( -9.810758597948838755, -12.63918572269483143, 0.000000000000000000 ) ) ;
#3548 = ORIENTED_EDGE ( 'NONE', *, *, #717, .T. ) ;
#3549 = CARTESIAN_POINT ( 'NONE',  ( 10.96015510839150231, 8.131727983645278712, 0.000000000000000000 ) ) ;
#3550 = VECTOR ( 'NONE', #6040, 1000.000000000000000 ) ;
#3551 = EDGE_CURVE ( 'NONE', #207, #4427, #3730, .T. ) ;
#3552 = VECTOR ( 'NONE', #6066, 1000.000000000000000 ) ;
#3553 = CARTESIAN_POINT ( 'NONE',  ( 9.810758597948748161, -12.63918572269490248, -3.000000000000000000 ) ) ;
#3554 = DIRECTION ( 'NONE',  ( 1.000000000000000000, 0.000000000000000000, 0.000000000000000000 ) ) ;
#3555 = CIRCLE ( 'NONE', #5772, 0.7999999999999986011 ) ;
#3556 = ORIENTED_EDGE ( 'NONE', *, *, #3293, .F. ) ;
#3557 = AXIS2_PLACEMENT_3D ( 'NONE', #7477, #6351, #5666 ) ;
#3558 = CARTESIAN_POINT ( 'NONE',  ( 1.600000000000000755, 0.000000000000000000, 0.000000000000000000 ) ) ;
#3559 = CARTESIAN_POINT ( 'NONE',  ( -8.967089911000144298, 7.671711677891716263, -1.684035408542311349E-15 ) ) ;
#3560 = FACE_OUTER_BOUND ( 'NONE', #5823, .T. ) ;
#3561 = AXIS2_PLACEMENT_3D ( 'NONE', #6362, #6400, #2647 ) ;
#3562 = CARTESIAN_POINT ( 'NONE',  ( 12.95640886200009056, -10.12798173725385631, -2.762336163841304426 ) ) ;
#3563 = CIRCLE ( 'NONE', #7822, 2.000000000000000000 ) ;
#3565 = EDGE_CURVE ( 'NONE', #2625, #6983, #1552, .T. ) ;
#3564 = AXIS2_PLACEMENT_3D ( 'NONE', #5952, #5175, #7644 ) ;
#3566 = EDGE_CURVE ( 'NONE', #5306, #2010, #4245, .T. ) ;
#3567 = DIRECTION ( 'NONE',  ( 1.000000000000000000, 0.000000000000000000, 0.000000000000000000 ) ) ;
#3568 = VECTOR ( 'NONE', #1907, 1000.000000000000000 ) ;
#3569 = AXIS2_PLACEMENT_3D ( 'NONE', #5501, #6078, #7273 ) ;
#3570 = ORIENTED_EDGE ( 'NONE', *, *, #440, .F. ) ;
#3571 = AXIS2_PLACEMENT_3D ( 'NONE', #2330, #7298, #6097 ) ;
#3572 = VERTEX_POINT ( 'NONE', #2776 ) ;
#3573 = CARTESIAN_POINT ( 'NONE',  ( 8.999999999999964473, 13.42339375865881657, -4.000000000000000000 ) ) ;
#3574 = APPLICATION_CONTEXT ( 'automotive_design' ) ;
#3575 = EDGE_LOOP ( 'NONE', ( #1137, #5916 ) ) ;
#3576 = DIRECTION ( 'NONE',  ( 0.7071067811865460184, -0.7071067811865490160, 0.000000000000000000 ) ) ;
#3577 = DIRECTION ( 'NONE',  ( 0.000000000000000000, 0.000000000000000000, -1.000000000000000000 ) ) ;
#3578 = DIRECTION ( 'NONE',  ( 0.000000000000000000, 0.000000000000000000, 1.000000000000000000 ) ) ;
#3579 = EDGE_LOOP ( 'NONE', ( #4410, #4869, #6361, #4794 ) ) ;
#3580 = EDGE_CURVE ( 'NONE', #6869, #5023, #770, .T. ) ;
#3581 = VERTEX_POINT ( 'NONE', #2008 ) ;
#3582 = EDGE_CURVE ( 'NONE', #70, #1591, #6062, .T. ) ;
#3583 = LINE ( 'NONE', #4227, #1524 ) ;
#3584 = CARTESIAN_POINT ( 'NONE',  ( -13.89999999999999858, 0.000000000000000000, 0.000000000000000000 ) ) ;
#3585 = LINE ( 'NONE', #6699, #7216 ) ;
#3586 = EDGE_LOOP ( 'NONE', ( #6095, #6025 ) ) ;
#3587 = ADVANCED_FACE ( 'NONE', ( #5156, #7625 ), #2090, .F. ) ;
#3588 = ORIENTED_EDGE ( 'NONE', *, *, #3495, .F. ) ;
#3589 = ADVANCED_FACE ( 'NONE', ( #2126 ), #3220, .T. ) ;
#3590 = ORIENTED_EDGE ( 'NONE', *, *, #7724, .F. ) ;
#3591 = DIRECTION ( 'NONE',  ( 0.000000000000000000, 0.000000000000000000, 1.000000000000000000 ) ) ;
#3592 = DIRECTION ( 'NONE',  ( -0.000000000000000000, -0.000000000000000000, 1.000000000000000000 ) ) ;
#3593 = AXIS2_PLACEMENT_3D ( 'NONE', #3298, #7415, #3260 ) ;
#3594 = DIRECTION ( 'NONE',  ( -0.000000000000000000, -0.000000000000000000, 1.000000000000000000 ) ) ;
#3595 = CARTESIAN_POINT ( 'NONE',  ( 0.000000000000000000, 0.000000000000000000, 0.000000000000000000 ) ) ;
#3596 = ORIENTED_EDGE ( 'NONE', *, *, #7390, .T. ) ;
#3597 = DIRECTION ( 'NONE',  ( -0.9899837497469134995, 0.09983029409212537675, 0.09983029409212529348 ) ) ;
#3598 = CARTESIAN_POINT ( 'NONE',  ( 8.997003145038718230, 7.743440904475509257, -0.03513820753568426547 ) ) ;
#3599 = EDGE_CURVE ( 'NONE', #6242, #5540, #395, .T. ) ;
#3600 = CARTESIAN_POINT ( 'NONE',  ( -14.22339375865885813, 7.749999999999872990, -4.000000000000003553 ) ) ;
#3601 = AXIS2_PLACEMENT_3D ( 'NONE', #3258, #6980, #3864 ) ;
#3602 = DIRECTION ( 'NONE',  ( -1.000000000000000000, 0.000000000000000000, 0.000000000000000000 ) ) ;
#3603 = CARTESIAN_POINT ( 'NONE',  ( 6.000000000000000888, 7.347880794884120722E-16, 5.499999999999994671 ) ) ;
#3604 = DIRECTION ( 'NONE',  ( -0.000000000000000000, -0.000000000000000000, -1.000000000000000000 ) ) ;
#3605 = VERTEX_POINT ( 'NONE', #4058 ) ;
#3606 = VERTEX_POINT ( 'NONE', #4667 ) ;
#3607 = DIRECTION ( 'NONE',  ( -0.000000000000000000, -0.000000000000000000, 1.000000000000000000 ) ) ;
#3608 = EDGE_CURVE ( 'NONE', #3025, #6242, #2208, .T. ) ;
#3609 = EDGE_LOOP ( 'NONE', ( #7873, #2034, #4480, #7262 ) ) ;
#3610 = DIRECTION ( 'NONE',  ( 0.000000000000000000, 0.000000000000000000, 1.000000000000000000 ) ) ;
#3611 = CARTESIAN_POINT ( 'NONE',  ( -11.56600901191282738, 1.422181549335987855E-15, -1.000000000000000000 ) ) ;
#3612 = DIRECTION ( 'NONE',  ( -0.000000000000000000, -0.000000000000000000, 1.000000000000000000 ) ) ;
#3613 = EDGE_CURVE ( 'NONE', #1631, #4495, #266, .T. ) ;
#3614 = DIRECTION ( 'NONE',  ( -0.1003315022614172242, 3.017703066837731300E-17, -0.9949540640923918433 ) ) ;
#3615 = VERTEX_POINT ( 'NONE', #7245 ) ;
#3616 = VERTEX_POINT ( 'NONE', #1036 ) ;
#3617 = DIRECTION ( 'NONE',  ( -0.000000000000000000, -0.000000000000000000, 1.000000000000000000 ) ) ;
#3618 = CARTESIAN_POINT ( 'NONE',  ( 1.500000000000000222, 13.10000000000000142, 2.499999999999999556 ) ) ;
#3619 = PRODUCT_DEFINITION_FORMATION_WITH_SPECIFIED_SOURCE ( 'ANY', '', #5425, .NOT_KNOWN. ) ;
#3620 = FACE_OUTER_BOUND ( 'NONE', #3329, .T. ) ;
#3621 = ORIENTED_EDGE ( 'NONE', *, *, #4598, .F. ) ;
#3622 = ORIENTED_EDGE ( 'NONE', *, *, #7835, .F. ) ;
#3623 = CARTESIAN_POINT ( 'NONE',  ( -1.499999999999999334, 0.2500000000000000000, 4.250000000000001776 ) ) ;
#3624 = AXIS2_PLACEMENT_3D ( 'NONE', #1440, #2770, #7698 ) ;
#3625 = DIRECTION ( 'NONE',  ( 0.7071067811865462405, 0.000000000000000000, 0.7071067811865489050 ) ) ;
#3626 = CARTESIAN_POINT ( 'NONE',  ( 8.999999999999964473, 13.42339375865881657, 0.000000000000000000 ) ) ;
#3627 = DIRECTION ( 'NONE',  ( 1.000000000000000000, 0.000000000000000000, 0.000000000000000000 ) ) ;
#3628 = EDGE_CURVE ( 'NONE', #4519, #5025, #2966, .T. ) ;
#3629 = EDGE_CURVE ( 'NONE', #1485, #5855, #7742, .T. ) ;
#3630 = DIRECTION ( 'NONE',  ( 0.8331258114970213624, 0.000000000000000000, -0.5530835219181906570 ) ) ;
#3631 = FACE_OUTER_BOUND ( 'NONE', #81, .T. ) ;
#3632 = ORIENTED_EDGE ( 'NONE', *, *, #296, .T. ) ;
#3633 = CARTESIAN_POINT ( 'NONE',  ( 0.8200840350970419745, 0.000000000000000000, 2.000000000000000000 ) ) ;
#3634 = DIRECTION ( 'NONE',  ( 1.445602896647338917E-16, -0.8660254037844380415, 0.5000000000000009992 ) ) ;
#3635 = CARTESIAN_POINT ( 'NONE',  ( -8.131727983645394175, -10.96015510839141882, 0.000000000000000000 ) ) ;
#3636 = CIRCLE ( 'NONE', #6486, 1.299999999999998712 ) ;
#3637 = DIRECTION ( 'NONE',  ( 1.000000000000000000, 0.000000000000000000, 0.000000000000000000 ) ) ;
#3638 = CIRCLE ( 'NONE', #952, 11.56600901191282738 ) ;
#3639 = DIRECTION ( 'NONE',  ( -1.000000000000000000, 0.000000000000000000, 0.000000000000000000 ) ) ;
#3640 = EDGE_CURVE ( 'NONE', #764, #4000, #476, .T. ) ;
#3641 = CARTESIAN_POINT ( 'NONE',  ( 1.370759493670886231, -2.168404344971008868E-16, 0.1017721518987341478 ) ) ;
#3642 = ORIENTED_EDGE ( 'NONE', *, *, #3676, .T. ) ;
#3643 = CARTESIAN_POINT ( 'NONE',  ( 15.52339375865887128, 7.749999999999872990, -1.600000000000000089 ) ) ;
#3644 = ORIENTED_EDGE ( 'NONE', *, *, #1697, .T. ) ;
#3645 = CARTESIAN_POINT ( 'NONE',  ( 3.649999999999999911, 4.469960816887839416E-16, -5.899999999999999467 ) ) ;
#3646 = AXIS2_PLACEMENT_3D ( 'NONE', #4830, #404, #7901 ) ;
#3647 = ORIENTED_EDGE ( 'NONE', *, *, #1131, .F. ) ;
#3648 = ORIENTED_EDGE ( 'NONE', *, *, #2705, .F. ) ;
#3649 = DIRECTION ( 'NONE',  ( -1.000000000000000000, 0.000000000000000000, 0.000000000000000000 ) ) ;
#3650 = EDGE_CURVE ( 'NONE', #5923, #7750, #1032, .T. ) ;
#3651 = AXIS2_PLACEMENT_3D ( 'NONE', #4300, #6769, #34 ) ;
#3652 = CARTESIAN_POINT ( 'NONE',  ( -1.500000000000000222, 0.2500000000000000000, -4.249999999999998224 ) ) ;
#3653 = ORIENTED_EDGE ( 'NONE', *, *, #2673, .T. ) ;
#3654 = FACE_BOUND ( 'NONE', #7585, .T. ) ;
#3655 = SURFACE_STYLE_USAGE ( .BOTH. , #1661 ) ;
#3656 = VERTEX_POINT ( 'NONE', #961 ) ;
#3657 = ORIENTED_EDGE ( 'NONE', *, *, #1326, .T. ) ;
#3658 = TOROIDAL_SURFACE ( 'NONE', #7275, 3.849999999999999645, 0.1000000000000000056 ) ;
#3659 = COLOUR_RGB ( '',0.7921568627450980005, 0.8196078431372548767, 0.9333333333333333481 ) ;
#3660 = DIRECTION ( 'NONE',  ( 0.000000000000000000, 0.000000000000000000, -1.000000000000000000 ) ) ;
#3661 = DIRECTION ( 'NONE',  ( 0.000000000000000000, -0.5000000000000009992, -0.8660254037844380415 ) ) ;
#3662 = VECTOR ( 'NONE', #1885, 1000.000000000000114 ) ;
#3663 = AXIS2_PLACEMENT_3D ( 'NONE', #2135, #3380, #1042 ) ;
#3664 = CARTESIAN_POINT ( 'NONE',  ( 0.000000000000000000, 0.000000000000000000, 2.499999999999999556 ) ) ;
#3665 = VERTEX_POINT ( 'NONE', #6532 ) ;
#3666 = ORIENTED_EDGE ( 'NONE', *, *, #1797, .T. ) ;
#3667 = DIRECTION ( 'NONE',  ( 0.000000000000000000, -1.000000000000000000, 0.000000000000000000 ) ) ;
#3668 = LINE ( 'NONE', #2266, #1250 ) ;
#3669 = CARTESIAN_POINT ( 'NONE',  ( -1.500000000000000222, -13.10000000000000142, 2.499999999999999556 ) ) ;
#3670 = CARTESIAN_POINT ( 'NONE',  ( 0.000000000000000000, 0.000000000000000000, -2.500000000000000000 ) ) ;
#3671 = ORIENTED_EDGE ( 'NONE', *, *, #894, .T. ) ;
#3672 = VERTEX_POINT ( 'NONE', #7778 ) ;
#3673 = DIRECTION ( 'NONE',  ( -0.000000000000000000, -0.000000000000000000, -1.000000000000000000 ) ) ;
#3674 = CARTESIAN_POINT ( 'NONE',  ( 9.166914626814625322, 7.706716911730780772, -0.06579798566743250143 ) ) ;
#3675 = DIRECTION ( 'NONE',  ( 0.7071067811865415775, -0.7071067811865535679, 0.000000000000000000 ) ) ;
#3676 = EDGE_CURVE ( 'NONE', #3235, #1639, #4513, .T. ) ;
#3677 = VECTOR ( 'NONE', #2219, 1000.000000000000114 ) ;
#3678 = EDGE_CURVE ( 'NONE', #2778, #5758, #2314, .T. ) ;
#3679 = DIRECTION ( 'NONE',  ( -1.445602896647338917E-16, 0.8660254037844380415, -0.5000000000000009992 ) ) ;
#3680 = CIRCLE ( 'NONE', #2914, 16.00000000000000000 ) ;
#3681 = LINE ( 'NONE', #6165, #7510 ) ;
#3682 = VECTOR ( 'NONE', #7236, 1000.000000000000227 ) ;
#3683 = DIRECTION ( 'NONE',  ( -0.000000000000000000, -0.000000000000000000, -1.000000000000000000 ) ) ;
#3684 = ORIENTED_EDGE ( 'NONE', *, *, #6347, .F. ) ;
#3685 = LINE ( 'NONE', #5588, #4465 ) ;
#3686 = AXIS2_PLACEMENT_3D ( 'NONE', #2476, #5026, #4868 ) ;
#3687 = ORIENTED_EDGE ( 'NONE', *, *, #7933, .T. ) ;
#3688 = DIRECTION ( 'NONE',  ( 0.000000000000000000, 0.000000000000000000, -1.000000000000000000 ) ) ;
#3689 = ORIENTED_EDGE ( 'NONE', *, *, #4681, .F. ) ;
#3690 = EDGE_LOOP ( 'NONE', ( #4143, #1211, #676, #1621 ) ) ;
#3691 = ADVANCED_FACE ( 'NONE', ( #434 ), #1722, .F. ) ;
#3692 = AXIS2_PLACEMENT_3D ( 'NONE', #4396, #11, #4314 ) ;
#3693 = AXIS2_PLACEMENT_3D ( 'NONE', #3029, #6108, #4846 ) ;
#3694 = DIRECTION ( 'NONE',  ( 0.000000000000000000, 0.000000000000000000, -1.000000000000000000 ) ) ;
#3695 = AXIS2_PLACEMENT_3D ( 'NONE', #3999, #454, #1014 ) ;
#3696 = VECTOR ( 'NONE', #4919, 1000.000000000000000 ) ;
#3697 = VECTOR ( 'NONE', #3395, 1000.000000000000000 ) ;
#3698 = DIRECTION ( 'NONE',  ( 1.000000000000000000, 0.000000000000000000, 0.000000000000000000 ) ) ;
#3699 = ORIENTED_EDGE ( 'NONE', *, *, #3937, .F. ) ;
#3700 = FACE_BOUND ( 'NONE', #4533, .T. ) ;
#3701 = ORIENTED_EDGE ( 'NONE', *, *, #4724, .T. ) ;
#3702 = ORIENTED_EDGE ( 'NONE', *, *, #5983, .F. ) ;
#3703 = ADVANCED_FACE ( 'NONE', ( #4101 ), #4017, .F. ) ;
#3704 = DIRECTION ( 'NONE',  ( -0.5000000000000017764, 0.8660254037844375974, 0.000000000000000000 ) ) ;
#3705 = DIRECTION ( 'NONE',  ( 0.000000000000000000, -0.000000000000000000, 1.000000000000000000 ) ) ;
#3706 = DIRECTION ( 'NONE',  ( -1.000000000000000000, 0.000000000000000000, 0.000000000000000000 ) ) ;
#3707 = ORIENTED_EDGE ( 'NONE', *, *, #7411, .T. ) ;
#3708 = ORIENTED_EDGE ( 'NONE', *, *, #4225, .T. ) ;
#3709 = CARTESIAN_POINT ( 'NONE',  ( -0.7499999999999998890, -1.599647922241901998, 5.173557158514992871 ) ) ;
#3710 = EDGE_CURVE ( 'NONE', #7552, #6578, #4374, .T. ) ;
#3711 = CARTESIAN_POINT ( 'NONE',  ( 0.000000000000000000, 0.000000000000000000, -3.000000000000000000 ) ) ;
#3712 = CARTESIAN_POINT ( 'NONE',  ( 7.321067811865490604, 8.499353497574031024, -2.500000000000000000 ) ) ;
#3713 = SHAPE_REPRESENTATION_RELATIONSHIP ( 'NONE' , 'NONE' ,  #7911, #5236 ) ;
#3714 = LINE ( 'NONE', #1790, #2481 ) ;
#3715 = ORIENTED_EDGE ( 'NONE', *, *, #4255, .T. ) ;
#3716 = ORIENTED_EDGE ( 'NONE', *, *, #2377, .T. ) ;
#3717 = DIRECTION ( 'NONE',  ( -1.000000000000000000, 0.000000000000000000, -0.000000000000000000 ) ) ;
#3718 = DIRECTION ( 'NONE',  ( 1.000000000000000000, 0.000000000000000000, 0.000000000000000000 ) ) ;
#3719 = ADVANCED_FACE ( 'NONE', ( #4750 ), #7209, .F. ) ;
#3720 = DIRECTION ( 'NONE',  ( 0.7071067811865484609, -0.7071067811865466846, 0.000000000000000000 ) ) ;
#3721 = PRODUCT_DEFINITION_SHAPE ( 'NONE', 'NONE',  #7985 ) ;
#3722 = CARTESIAN_POINT ( 'NONE',  ( 0.000000000000000000, 0.000000000000000000, 50.06316010800758676 ) ) ;
#3723 = DIRECTION ( 'NONE',  ( 0.000000000000000000, 0.000000000000000000, 1.000000000000000000 ) ) ;
#3724 = VECTOR ( 'NONE', #2222, 1000.000000000000000 ) ;
#3725 = CARTESIAN_POINT ( 'NONE',  ( 15.50000000000000000, 0.000000000000000000, 0.000000000000000000 ) ) ;
#3726 = VERTEX_POINT ( 'NONE', #401 ) ;
#3727 = DIRECTION ( 'NONE',  ( -0.000000000000000000, -1.000000000000000000, 0.000000000000000000 ) ) ;
#3728 = EDGE_LOOP ( 'NONE', ( #4277, #801, #3989, #5472 ) ) ;
#3729 = CARTESIAN_POINT ( 'NONE',  ( 9.000000000000154543, -13.42339375865870998, 0.000000000000000000 ) ) ;
#3730 = CIRCLE ( 'NONE', #7738, 17.70000000000000284 ) ;
#3731 = AXIS2_PLACEMENT_3D ( 'NONE', #2534, #39, #1929 ) ;
#3732 = ORIENTED_EDGE ( 'NONE', *, *, #2130, .T. ) ;
#3733 = CARTESIAN_POINT ( 'NONE',  ( 0.7499999999999997780, -6.124005888325776858, -2.662860710371244721 ) ) ;
#3734 = EDGE_CURVE ( 'NONE', #5557, #5289, #7567, .T. ) ;
#3735 = ADVANCED_FACE ( 'NONE', ( #1688 ), #5365, .F. ) ;
#3736 = FACE_OUTER_BOUND ( 'NONE', #1598, .T. ) ;
#3737 = ORIENTED_EDGE ( 'NONE', *, *, #5789, .F. ) ;
#3738 = CARTESIAN_POINT ( 'NONE',  ( 16.74999999999999645, 0.000000000000000000, -4.000000000000000000 ) ) ;
#3739 =( NAMED_UNIT ( * ) SI_UNIT ( $, .STERADIAN. ) SOLID_ANGLE_UNIT ( ) );
#3740 = ORIENTED_EDGE ( 'NONE', *, *, #834, .F. ) ;
#3741 = VERTEX_POINT ( 'NONE', #3573 ) ;
#3742 = ORIENTED_EDGE ( 'NONE', *, *, #2813, .T. ) ;
#3743 = DIRECTION ( 'NONE',  ( -0.000000000000000000, -0.000000000000000000, -1.000000000000000000 ) ) ;
#3744 = FACE_OUTER_BOUND ( 'NONE', #4077, .T. ) ;
#3745 = EDGE_CURVE ( 'NONE', #1255, #1079, #6049, .T. ) ;
#3746 = DIRECTION ( 'NONE',  ( 1.000000000000000000, 1.251928832280964955E-16, -7.228014483236709374E-17 ) ) ;
#3747 = ORIENTED_EDGE ( 'NONE', *, *, #7638, .F. ) ;
#3748 = ORIENTED_EDGE ( 'NONE', *, *, #4481, .F. ) ;
#3749 = CARTESIAN_POINT ( 'NONE',  ( 12.62339375865876434, 7.750000000000064837, -0.2250000000000003664 ) ) ;
#3750 = CARTESIAN_POINT ( 'NONE',  ( 1.190000000000000169, -0.1200000000000003564, 0.1199999999999995653 ) ) ;
#3751 = FACE_OUTER_BOUND ( 'NONE', #7828, .T. ) ;
#3752 = ADVANCED_FACE ( 'NONE', ( #4787 ), #4826, .F. ) ;
#3753 = DIRECTION ( 'NONE',  ( 1.000000000000000000, 0.000000000000000000, 0.000000000000000000 ) ) ;
#3754 = ORIENTED_EDGE ( 'NONE', *, *, #3473, .F. ) ;
#3755 = ORIENTED_EDGE ( 'NONE', *, *, #3197, .T. ) ;
#3756 = CARTESIAN_POINT ( 'NONE',  ( -12.99544838427358506, 10.16702125952735436, -2.632586449637394743 ) ) ;
#3757 = CARTESIAN_POINT ( 'NONE',  ( 9.037830329749459324, 7.800107650929397174, -0.02366466392691821477 ) ) ;
#3758 = CARTESIAN_POINT ( 'NONE',  ( -13.42339375865887163, 7.749999999999872990, 1.734723475976807094E-15 ) ) ;
#3759 = CYLINDRICAL_SURFACE ( 'NONE', #7959, 3.000000000000000444 ) ;
#3760 = CARTESIAN_POINT ( 'NONE',  ( 1.500000000000000222, 13.10000000000000142, -3.000000000000000000 ) ) ;
#3761 = EDGE_CURVE ( 'NONE', #6869, #421, #2793, .T. ) ;
#3762 = CIRCLE ( 'NONE', #3624, 6.500000000000000000 ) ;
#3763 = CARTESIAN_POINT ( 'NONE',  ( 1.025000000000001910, -15.50000000000000000, 1.734723475976807094E-15 ) ) ;
#3764 = ORIENTED_EDGE ( 'NONE', *, *, #5161, .F. ) ;
#3765 = SURFACE_SIDE_STYLE ('',( #4289 ) ) ;
#3766 = ORIENTED_EDGE ( 'NONE', *, *, #5355, .F. ) ;
#3767 = CARTESIAN_POINT ( 'NONE',  ( -1.499999999999999334, -0.2500000000000000000, 4.250000000000001776 ) ) ;
#3768 = ORIENTED_EDGE ( 'NONE', *, *, #4036, .T. ) ;
#3769 = CYLINDRICAL_SURFACE ( 'NONE', #2137, 6.500000000000000000 ) ;
#3770 = DIRECTION ( 'NONE',  ( -0.3420201433256745971, 0.000000000000000000, -0.9396926207859062075 ) ) ;
#3771 = AXIS2_PLACEMENT_3D ( 'NONE', #5576, #2954, #1829 ) ;
#3772 = AXIS2_PLACEMENT_3D ( 'NONE', #1989, #7521, #147 ) ;
#3773 = DIRECTION ( 'NONE',  ( 1.000000000000000000, 0.000000000000000000, 0.000000000000000000 ) ) ;
#3774 = ORIENTED_EDGE ( 'NONE', *, *, #1592, .T. ) ;
#3775 = CYLINDRICAL_SURFACE ( 'NONE', #7342, 0.7999999999999917177 ) ;
#3776 = CARTESIAN_POINT ( 'NONE',  ( -1.898202538678397557E-15, -15.50000000000000000, 0.000000000000000000 ) ) ;
#3777 = ORIENTED_EDGE ( 'NONE', *, *, #6437, .F. ) ;
#3778 = EDGE_LOOP ( 'NONE', ( #7017, #4997, #7192, #4728 ) ) ;
#3779 = ADVANCED_FACE ( 'NONE', ( #29 ), #6407, .T. ) ;
#3780 = DIRECTION ( 'NONE',  ( 0.000000000000000000, 0.000000000000000000, 1.000000000000000000 ) ) ;
#3781 = ADVANCED_FACE ( 'NONE', ( #7451 ), #6916, .F. ) ;
#3782 = AXIS2_PLACEMENT_3D ( 'NONE', #4380, #3130, #3218 ) ;
#3783 = DIRECTION ( 'NONE',  ( -1.000000000000000000, -0.000000000000000000, -0.000000000000000000 ) ) ;
#3784 = PLANE ( 'NONE',  #7143 ) ;
#3785 = TOROIDAL_SURFACE ( 'NONE', #7140, 9.433990988087167295, 0.1000000000000000056 ) ;
#3786 = FACE_OUTER_BOUND ( 'NONE', #5282, .T. ) ;
#3787 = EDGE_LOOP ( 'NONE', ( #343, #1316 ) ) ;
#3788 = ORIENTED_EDGE ( 'NONE', *, *, #5853, .T. ) ;
#3789 = EDGE_CURVE ( 'NONE', #3073, #5538, #4073, .T. ) ;
#3790 = CARTESIAN_POINT ( 'NONE',  ( -12.63918572269500551, -9.810758597948616710, -3.000000000000000000 ) ) ;
#3791 = LINE ( 'NONE', #6311, #3543 ) ;
#3792 = CIRCLE ( 'NONE', #4048, 3.198942222936095536 ) ;
#3793 = SHAPE_DEFINITION_REPRESENTATION ( #7164, #7911 ) ;
#3794 = CARTESIAN_POINT ( 'NONE',  ( 0.000000000000000000, 0.000000000000000000, 6.000000000000000000 ) ) ;
#3795 = ORIENTED_EDGE ( 'NONE', *, *, #2858, .T. ) ;
#3796 = DIRECTION ( 'NONE',  ( -1.000000000000000000, 0.000000000000000000, 0.000000000000000000 ) ) ;
#3797 = DIRECTION ( 'NONE',  ( -0.000000000000000000, -0.000000000000000000, 1.000000000000000000 ) ) ;
#3798 = CARTESIAN_POINT ( 'NONE',  ( 2.223130931616851047, -6.108002035108402339, 2.499999999999999556 ) ) ;
#3799 = ADVANCED_FACE ( 'NONE', ( #4908 ), #1267, .T. ) ;
#3800 = CARTESIAN_POINT ( 'NONE',  ( 0.000000000000000000, 0.000000000000000000, 0.000000000000000000 ) ) ;
#3801 = DIRECTION ( 'NONE',  ( -0.000000000000000000, -0.000000000000000000, -1.000000000000000000 ) ) ;
#3802 = DIRECTION ( 'NONE',  ( 1.000000000000000000, 0.000000000000000000, 0.000000000000000000 ) ) ;
#3803 = ORIENTED_EDGE ( 'NONE', *, *, #3339, .T. ) ;
#3804 = AXIS2_PLACEMENT_3D ( 'NONE', #1396, #354, #6368 ) ;
#3805 = CARTESIAN_POINT ( 'NONE',  ( 10.96015510839150409, -8.131727983645280489, 0.000000000000000000 ) ) ;
#3806 = VERTEX_POINT ( 'NONE', #6087 ) ;
#3807 = DIRECTION ( 'NONE',  ( -0.000000000000000000, 1.000000000000000000, -0.000000000000000000 ) ) ;
#3808 = ORIENTED_EDGE ( 'NONE', *, *, #316, .F. ) ;
#3809 = ADVANCED_FACE ( 'NONE', ( #5590 ), #6761, .F. ) ;
#3810 = EDGE_CURVE ( 'NONE', #2775, #5426, #5963, .T. ) ;
#3811 = FACE_OUTER_BOUND ( 'NONE', #2320, .T. ) ;
#3812 = FACE_BOUND ( 'NONE', #7316, .T. ) ;
#3813 = AXIS2_PLACEMENT_3D ( 'NONE', #3287, #7649, #1436 ) ;
#3814 = CIRCLE ( 'NONE', #3686, 16.00000000000000000 ) ;
#3815 = DIRECTION ( 'NONE',  ( 0.000000000000000000, 0.000000000000000000, -1.000000000000000000 ) ) ;
#3816 = VERTEX_POINT ( 'NONE', #4291 ) ;
#3817 = FACE_OUTER_BOUND ( 'NONE', #298, .T. ) ;
#3818 = PRODUCT_DEFINITION_CONTEXT ( 'detailed design', #6465, 'design' ) ;
#3819 = AXIS2_PLACEMENT_3D ( 'NONE', #1542, #4069, #4601 ) ;
#3820 = CARTESIAN_POINT ( 'NONE',  ( 0.7500000000000000000, -0.3749999999999998890, 4.466506350946112924 ) ) ;
#3821 = VERTEX_POINT ( 'NONE', #2565 ) ;
#3822 = VECTOR ( 'NONE', #3597, 1000.000000000000000 ) ;
#3823 = ORIENTED_EDGE ( 'NONE', *, *, #450, .F. ) ;
#3824 = EDGE_CURVE ( 'NONE', #3411, #6853, #3814, .T. ) ;
#3825 = VERTEX_POINT ( 'NONE', #6245 ) ;
#3826 = CARTESIAN_POINT ( 'NONE',  ( 7.071067811865489716, 7.071067811865461294, -3.000000000000000000 ) ) ;
#3827 = AXIS2_PLACEMENT_3D ( 'NONE', #7883, #2344, #7439 ) ;
#3828 = FACE_OUTER_BOUND ( 'NONE', #5733, .T. ) ;
#3829 = CIRCLE ( 'NONE', #360, 16.50000000000000000 ) ;
#3830 = AXIS2_PLACEMENT_3D ( 'NONE', #4001, #3923, #3324 ) ;
#3831 = VECTOR ( 'NONE', #5543, 1000.000000000000000 ) ;
#3832 = ADVANCED_FACE ( 'NONE', ( #1225 ), #4217, .T. ) ;
#3833 = TOROIDAL_SURFACE ( 'NONE', #4863, 1.760000000000000231, 0.2399999999999997413 ) ;
#3834 = EDGE_CURVE ( 'NONE', #4124, #6774, #4466, .T. ) ;
#3835 = CARTESIAN_POINT ( 'NONE',  ( 0.000000000000000000, 0.000000000000000000, -3.000000000000000000 ) ) ;
#3836 = DIRECTION ( 'NONE',  ( 0.5530835219181897688, -0.8331258114970219175, 0.000000000000000000 ) ) ;
#3837 = ORIENTED_EDGE ( 'NONE', *, *, #2306, .F. ) ;
#3838 = ORIENTED_EDGE ( 'NONE', *, *, #811, .F. ) ;
#3839 = CIRCLE ( 'NONE', #3571, 2.099999999999999645 ) ;
#3840 = CARTESIAN_POINT ( 'NONE',  ( -12.99544838427365079, -10.16702125952725666, -2.632568534611627431 ) ) ;
#3841 = CARTESIAN_POINT ( 'NONE',  ( -9.810758597948751714, 12.63918572269490426, 0.000000000000000000 ) ) ;
#3842 = DIRECTION ( 'NONE',  ( 0.000000000000000000, 0.000000000000000000, 1.000000000000000000 ) ) ;
#3843 = EDGE_CURVE ( 'NONE', #6451, #2426, #2668, .T. ) ;
#3844 = EDGE_CURVE ( 'NONE', #3518, #5033, #6684, .T. ) ;
#3845 = ORIENTED_EDGE ( 'NONE', *, *, #4946, .F. ) ;
#3846 = ORIENTED_EDGE ( 'NONE', *, *, #6073, .F. ) ;
#3847 = DIRECTION ( 'NONE',  ( 1.000000000000000000, 0.000000000000000000, 0.000000000000000000 ) ) ;
#3848 = LINE ( 'NONE', #4527, #487 ) ;
#3849 = DIRECTION ( 'NONE',  ( -0.000000000000000000, -0.000000000000000000, -1.000000000000000000 ) ) ;
#3850 = FACE_OUTER_BOUND ( 'NONE', #2990, .T. ) ;
#3851 = EDGE_CURVE ( 'NONE', #1845, #7413, #6721, .T. ) ;
#3852 = CARTESIAN_POINT ( 'NONE',  ( -8.938658439024548485, 7.803574194669352870, 0.000000000000000000 ) ) ;
#3853 = ORIENTED_EDGE ( 'NONE', *, *, #5081, .T. ) ;
#3854 = FACE_OUTER_BOUND ( 'NONE', #645, .T. ) ;
#3855 = ORIENTED_EDGE ( 'NONE', *, *, #6808, .F. ) ;
#3856 = DIRECTION ( 'NONE',  ( -0.000000000000000000, 0.5000000000000009992, 0.8660254037844381525 ) ) ;
#3857 = ORIENTED_EDGE ( 'NONE', *, *, #6043, .T. ) ;
#3858 = CARTESIAN_POINT ( 'NONE',  ( 0.000000000000000000, 0.000000000000000000, -2.500000000000000000 ) ) ;
#3859 = DIRECTION ( 'NONE',  ( -1.000000000000000000, -0.000000000000000000, -0.000000000000000000 ) ) ;
#3860 = ADVANCED_FACE ( 'NONE', ( #715 ), #1148, .T. ) ;
#3861 = MECHANICAL_DESIGN_GEOMETRIC_PRESENTATION_REPRESENTATION (  '', ( #2833 ), #1281 ) ;
#3862 = DIRECTION ( 'NONE',  ( 0.000000000000000000, 0.000000000000000000, 1.000000000000000000 ) ) ;
#3863 = ORIENTED_EDGE ( 'NONE', *, *, #7379, .T. ) ;
#3864 = DIRECTION ( 'NONE',  ( 1.000000000000000000, 0.000000000000000000, 0.000000000000000000 ) ) ;
#3865 = ORIENTED_EDGE ( 'NONE', *, *, #1887, .T. ) ;
#3866 = CIRCLE ( 'NONE', #394, 3.000000000000000444 ) ;
#3867 = ORIENTED_EDGE ( 'NONE', *, *, #1690, .F. ) ;
#3868 = EDGE_LOOP ( 'NONE', ( #1676, #3919, #2754, #614 ) ) ;
#3869 = LINE ( 'NONE', #4094, #1849 ) ;
#3870 = CIRCLE ( 'NONE', #2960, 1.249999999999996669 ) ;
#3871 = DIRECTION ( 'NONE',  ( 0.000000000000000000, 0.000000000000000000, 1.000000000000000000 ) ) ;
#3872 = CARTESIAN_POINT ( 'NONE',  ( 8.962089568230057424, 7.710354926150988497, -2.741852488203258570E-15 ) ) ;
#3873 = CYLINDRICAL_SURFACE ( 'NONE', #6574, 4.400000000000001243 ) ;
#3874 = ORIENTED_EDGE ( 'NONE', *, *, #7445, .F. ) ;
#3875 = VERTEX_POINT ( 'NONE', #6210 ) ;
#3876 = DIRECTION ( 'NONE',  ( 1.000000000000000000, 0.000000000000000000, 0.000000000000000000 ) ) ;
#3877 = CARTESIAN_POINT ( 'NONE',  ( 7.749999999999968914, 13.42339375865881657, -4.000000000000000000 ) ) ;
#3878 = CARTESIAN_POINT ( 'NONE',  ( 1.558540622947912624E-16, 7.000000000000000000, 0.000000000000000000 ) ) ;
#3879 = PLANE ( 'NONE',  #4112 ) ;
#3880 = ORIENTED_EDGE ( 'NONE', *, *, #157, .F. ) ;
#3881 = CARTESIAN_POINT ( 'NONE',  ( -9.904478704014245238, 12.73290582876039956, -3.000000000000001332 ) ) ;
#3882 = DIRECTION ( 'NONE',  ( 0.000000000000000000, 0.000000000000000000, 1.000000000000000000 ) ) ;
#3883 = ORIENTED_EDGE ( 'NONE', *, *, #2580, .F. ) ;
#3884 = DIRECTION ( 'NONE',  ( 0.000000000000000000, -0.000000000000000000, 1.000000000000000000 ) ) ;
#3885 = EDGE_CURVE ( 'NONE', #2575, #2394, #1112, .T. ) ;
#3886 = EDGE_CURVE ( 'NONE', #4629, #7171, #7432, .T. ) ;
#3887 = DIRECTION ( 'NONE',  ( -1.000000000000000000, 0.000000000000000000, 0.000000000000000000 ) ) ;
#3888 = DIRECTION ( 'NONE',  ( 0.000000000000000000, 0.000000000000000000, 1.000000000000000000 ) ) ;
#3889 = PRODUCT_DEFINITION_FORMATION_WITH_SPECIFIED_SOURCE ( 'ANY', '', #7878, .NOT_KNOWN. ) ;
#3890 = ORIENTED_EDGE ( 'NONE', *, *, #3376, .F. ) ;
#3891 = CARTESIAN_POINT ( 'NONE',  ( 0.000000000000000000, -0.9099999999999984768, 0.2399999999999993250 ) ) ;
#3892 = EDGE_LOOP ( 'NONE', ( #7109, #942, #254, #2358 ) ) ;
#3893 = CARTESIAN_POINT ( 'NONE',  ( 1.966615824122599276, 5.403232569518970685, 2.499999999999999556 ) ) ;
#3894 = ADVANCED_FACE ( 'NONE', ( #3289 ), #6883, .F. ) ;
#3895 = CIRCLE ( 'NONE', #6093, 1.249999999999996003 ) ;
#3896 = CARTESIAN_POINT ( 'NONE',  ( -10.60660171779822392, -5.656854249492355713, -2.500000000000000000 ) ) ;
#3897 = CARTESIAN_POINT ( 'NONE',  ( 9.904490717250469700, 12.73291784199661869, -2.999999999999999556 ) ) ;
#3898 = DIRECTION ( 'NONE',  ( 1.000000000000000000, 0.000000000000000000, 0.000000000000000000 ) ) ;
#3899 = ORIENTED_EDGE ( 'NONE', *, *, #7877, .F. ) ;
#3900 = DIRECTION ( 'NONE',  ( -1.000000000000000000, -0.000000000000000000, -0.000000000000000000 ) ) ;
#3901 = FACE_OUTER_BOUND ( 'NONE', #6762, .T. ) ;
#3902 = ORIENTED_EDGE ( 'NONE', *, *, #777, .T. ) ;
#3903 = ORIENTED_EDGE ( 'NONE', *, *, #1555, .T. ) ;
#3904 = EDGE_CURVE ( 'NONE', #3656, #3951, #238, .T. ) ;
#3905 = CARTESIAN_POINT ( 'NONE',  ( 0.6271178757805834225, 0.000000000000000000, 1.902702702702702586 ) ) ;
#3906 = AXIS2_PLACEMENT_3D ( 'NONE', #3977, #923, #1300 ) ;
#3907 = AXIS2_PLACEMENT_3D ( 'NONE', #3284, #7647, #2642 ) ;
#3908 = CONICAL_SURFACE ( 'NONE', #3390, 1.599999999999999867, 0.7853981633974482790 ) ;
#3909 = CARTESIAN_POINT ( 'NONE',  ( 2.500000000000000000, 1.402278147529452568, 21.14152825548834969 ) ) ;
#3910 = CARTESIAN_POINT ( 'NONE',  ( 1.299999999999996936, -15.50000000000000000, -1.599999999999999645 ) ) ;
#3911 = CYLINDRICAL_SURFACE ( 'NONE', #7152, 0.7500000000000002220 ) ;
#3912 = VERTEX_POINT ( 'NONE', #1351 ) ;
#3913 = ORIENTED_EDGE ( 'NONE', *, *, #6130, .F. ) ;
#3914 = EDGE_CURVE ( 'NONE', #1322, #226, #3248, .T. ) ;
#3915 = DIRECTION ( 'NONE',  ( 0.000000000000000000, 0.000000000000000000, 1.000000000000000000 ) ) ;
#3916 = DIRECTION ( 'NONE',  ( -0.7071067811865465735, 0.7071067811865485719, 0.000000000000000000 ) ) ;
#3917 = APPLICATION_PROTOCOL_DEFINITION ( 'draft international standard', 'automotive_design', 1998, #3159 ) ;
#3918 = EDGE_LOOP ( 'NONE', ( #3200, #5930, #1541, #6770 ) ) ;
#3919 = ORIENTED_EDGE ( 'NONE', *, *, #7842, .T. ) ;
#3920 = CARTESIAN_POINT ( 'NONE',  ( -13.42339375865876328, 7.750000000000064837, -1.599999999999999645 ) ) ;
#3921 = CARTESIAN_POINT ( 'NONE',  ( 0.000000000000000000, 0.000000000000000000, -3.000000000000000000 ) ) ;
#3922 = AXIS2_PLACEMENT_3D ( 'NONE', #4661, #4052, #7126 ) ;
#3923 = DIRECTION ( 'NONE',  ( -0.000000000000000000, -0.000000000000000000, -1.000000000000000000 ) ) ;
#3924 = CARTESIAN_POINT ( 'NONE',  ( 3.191745543516253392, -0.08185669346382391798, -2.858011176883249371E-16 ) ) ;
#3925 = CARTESIAN_POINT ( 'NONE',  ( 1.499999999999999778, -13.10000000000000142, 2.499999999999999556 ) ) ;
#3926 = ORIENTED_EDGE ( 'NONE', *, *, #6942, .T. ) ;
#3927 = EDGE_CURVE ( 'NONE', #2980, #2182, #608, .T. ) ;
#3928 = DIRECTION ( 'NONE',  ( 1.000000000000000000, 0.000000000000000000, 0.000000000000000000 ) ) ;
#3929 = EDGE_CURVE ( 'NONE', #4788, #5497, #7174, .T. ) ;
#3930 = ORIENTED_EDGE ( 'NONE', *, *, #5781, .F. ) ;
#3931 = DIRECTION ( 'NONE',  ( 0.000000000000000000, 0.000000000000000000, -1.000000000000000000 ) ) ;
#3932 = AXIS2_PLACEMENT_3D ( 'NONE', #5976, #3988, #4554 ) ;
#3933 = LINE ( 'NONE', #6934, #7643 ) ;
#3934 = DIRECTION ( 'NONE',  ( 0.000000000000000000, 0.000000000000000000, 1.000000000000000000 ) ) ;
#3935 = AXIS2_PLACEMENT_3D ( 'NONE', #525, #5440, #5684 ) ;
#3936 = DIRECTION ( 'NONE',  ( -0.000000000000000000, -0.000000000000000000, 1.000000000000000000 ) ) ;
#3937 = EDGE_CURVE ( 'NONE', #6086, #3806, #4195, .T. ) ;
#3938 = ORIENTED_EDGE ( 'NONE', *, *, #565, .F. ) ;
#3939 = DIRECTION ( 'NONE',  ( -1.000000000000000000, 0.000000000000000000, -0.000000000000000000 ) ) ;
#3940 = DIRECTION ( 'NONE',  ( 0.000000000000000000, -0.000000000000000000, 1.000000000000000000 ) ) ;
#3941 = EDGE_LOOP ( 'NONE', ( #4422, #3950, #2329, #124 ) ) ;
#3942 = ORIENTED_EDGE ( 'NONE', *, *, #2935, .T. ) ;
#3943 = VECTOR ( 'NONE', #4743, 1000.000000000000000 ) ;
#3944 = PLANE ( 'NONE',  #2676 ) ;
#3945 = AXIS2_PLACEMENT_3D ( 'NONE', #3920, #7641, #3321 ) ;
#3946 = DIRECTION ( 'NONE',  ( -0.7071067811865462405, 8.659560562354915602E-17, 0.7071067811865489050 ) ) ;
#3947 = EDGE_CURVE ( 'NONE', #2723, #1348, #5112, .T. ) ;
#3948 = CARTESIAN_POINT ( 'NONE',  ( 11.56600901191282738, 0.000000000000000000, -1.000000000000000000 ) ) ;
#3949 = DIRECTION ( 'NONE',  ( 1.000000000000000000, 0.000000000000000000, -0.000000000000000000 ) ) ;
#3950 = ORIENTED_EDGE ( 'NONE', *, *, #6322, .F. ) ;
#3951 = VERTEX_POINT ( 'NONE', #7489 ) ;
#3952 = AXIS2_PLACEMENT_3D ( 'NONE', #511, #7893, #1654 ) ;
#3953 = AXIS2_PLACEMENT_3D ( 'NONE', #2737, #2700, #5234 ) ;
#3954 = DIRECTION ( 'NONE',  ( -0.000000000000000000, -0.000000000000000000, -1.000000000000000000 ) ) ;
#3955 = AXIS2_PLACEMENT_3D ( 'NONE', #1943, #2589, #3956 ) ;
#3956 = DIRECTION ( 'NONE',  ( 1.000000000000000000, 0.000000000000000000, 0.000000000000000000 ) ) ;
#3957 = AXIS2_PLACEMENT_3D ( 'NONE', #4730, #6510, #2909 ) ;
#3958 = AXIS2_PLACEMENT_3D ( 'NONE', #6501, #3424, #5249 ) ;
#3959 = EDGE_CURVE ( 'NONE', #3825, #484, #4413, .T. ) ;
#3960 = EDGE_LOOP ( 'NONE', ( #2456, #5231 ) ) ;
#3961 = DIRECTION ( 'NONE',  ( 1.000000000000000000, 0.000000000000000000, -0.000000000000000000 ) ) ;
#3962 = DIRECTION ( 'NONE',  ( 0.7071067811865450192, 0.000000000000000000, 0.7071067811865500152 ) ) ;
#3963 = FACE_OUTER_BOUND ( 'NONE', #4037, .T. ) ;
#3964 = PLANE ( 'NONE',  #1460 ) ;
#3965 = EDGE_CURVE ( 'NONE', #4160, #7553, #99, .T. ) ;
#3966 = CYLINDRICAL_SURFACE ( 'NONE', #7779, 16.50000000000000355 ) ;
#3967 = CYLINDRICAL_SURFACE ( 'NONE', #7428, 0.7500000000000002220 ) ;
#3968 = ORIENTED_EDGE ( 'NONE', *, *, #5490, .T. ) ;
#3969 = DIRECTION ( 'NONE',  ( -1.000000000000000000, 0.000000000000000000, 0.000000000000000000 ) ) ;
#3970 = EDGE_LOOP ( 'NONE', ( #6566, #6991, #682, #1447 ) ) ;
#3971 = FACE_OUTER_BOUND ( 'NONE', #816, .T. ) ;
#3972 = PLANE ( 'NONE',  #1708 ) ;
#3973 = CARTESIAN_POINT ( 'NONE',  ( 4.676537180435965446, -2.700000000000007727, -3.000000000000000000 ) ) ;
#3974 = DIRECTION ( 'NONE',  ( -0.000000000000000000, -0.000000000000000000, -1.000000000000000000 ) ) ;
#3975 = ORIENTED_EDGE ( 'NONE', *, *, #845, .F. ) ;
#3976 = CARTESIAN_POINT ( 'NONE',  ( 1.966615824122599276, -5.403232569518970685, 2.499999999999999556 ) ) ;
#3977 = CARTESIAN_POINT ( 'NONE',  ( 8.929979246179014396, 7.000000000000000000, -0.1000000000000000472 ) ) ;
#3978 = ORIENTED_EDGE ( 'NONE', *, *, #3629, .F. ) ;
#3979 = EDGE_LOOP ( 'NONE', ( #521, #6710, #6807, #3653, #4009, #2714 ) ) ;
#3980 = CARTESIAN_POINT ( 'NONE',  ( 1.370759493670886231, -0.1017721518987341478, -5.721760036654400180E-16 ) ) ;
#3981 = EDGE_CURVE ( 'NONE', #1579, #3951, #882, .T. ) ;
#3982 = EDGE_CURVE ( 'NONE', #5064, #3513, #1725, .T. ) ;
#3983 = APPLICATION_CONTEXT ( 'automotive_design' ) ;
#3984 = AXIS2_PLACEMENT_3D ( 'NONE', #6373, #7587, #4471 ) ;
#3985 = CIRCLE ( 'NONE', #1550, 5.400000000000000355 ) ;
#3986 = CARTESIAN_POINT ( 'NONE',  ( 1.898202538678397163E-15, -15.50000000000000000, -0.2250000000000003664 ) ) ;
#3987 = DIRECTION ( 'NONE',  ( 1.000000000000000000, 0.000000000000000000, 0.000000000000000000 ) ) ;
#3988 = DIRECTION ( 'NONE',  ( -0.1003315022614176544, -0.9949540640923917323, -3.473863547784720570E-15 ) ) ;
#3989 = ORIENTED_EDGE ( 'NONE', *, *, #7737, .F. ) ;
#3990 = ORIENTED_EDGE ( 'NONE', *, *, #6556, .T. ) ;
#3991 = TOROIDAL_SURFACE ( 'NONE', #5943, 12.07002075382098027, 0.1000000000000000056 ) ;
#3992 = DIRECTION ( 'NONE',  ( 0.5530835219181907680, 0.8331258114970213624, 0.000000000000000000 ) ) ;
#3993 = DIRECTION ( 'NONE',  ( 0.000000000000000000, 0.000000000000000000, 1.000000000000000000 ) ) ;
#3994 = ADVANCED_FACE ( 'NONE', ( #3971 ), #800, .F. ) ;
#3995 = VECTOR ( 'NONE', #3612, 1000.000000000000000 ) ;
#3996 = DIRECTION ( 'NONE',  ( -0.7071067811865493491, 0.6123724356957926940, -0.3535533905932736753 ) ) ;
#3997 = ORIENTED_EDGE ( 'NONE', *, *, #7148, .T. ) ;
#3998 = CARTESIAN_POINT ( 'NONE',  ( 3.750000000000000000, 0.000000000000000000, -3.100000000000000089 ) ) ;
#3999 = CARTESIAN_POINT ( 'NONE',  ( 3.199999999999999734, -5.425185320222774479E-15, 0.000000000000000000 ) ) ;
#4000 = VERTEX_POINT ( 'NONE', #2605 ) ;
#4001 = CARTESIAN_POINT ( 'NONE',  ( -1.966615824122599276, 5.403232569518970685, 2.499999999999999556 ) ) ;
#4002 = EDGE_CURVE ( 'NONE', #144, #4804, #5767, .T. ) ;
#4003 = CARTESIAN_POINT ( 'NONE',  ( 10.16702125952739877, -12.99544838427354954, -2.500000000000000000 ) ) ;
#4004 = ORIENTED_EDGE ( 'NONE', *, *, #2012, .F. ) ;
#4005 = CARTESIAN_POINT ( 'NONE',  ( -8.131727983645316016, 10.96015510839147389, 0.000000000000000000 ) ) ;
#4006 = LINE ( 'NONE', #5994, #4068 ) ;
#4007 = ORIENTED_EDGE ( 'NONE', *, *, #7256, .F. ) ;
#4008 = FACE_OUTER_BOUND ( 'NONE', #4766, .T. ) ;
#4009 = ORIENTED_EDGE ( 'NONE', *, *, #1421, .T. ) ;
#4010 = FACE_OUTER_BOUND ( 'NONE', #2940, .T. ) ;
#4011 = CARTESIAN_POINT ( 'NONE',  ( 7.071067811865489716, 7.071067811865461294, -2.500000000000000000 ) ) ;
#4012 = DIRECTION ( 'NONE',  ( 0.000000000000000000, 0.000000000000000000, -1.000000000000000000 ) ) ;
#4013 = CARTESIAN_POINT ( 'NONE',  ( -1.500000000000000222, -12.50000000000000000, 2.499999999999999556 ) ) ;
#4014 = EDGE_CURVE ( 'NONE', #4394, #127, #6863, .T. ) ;
#4015 = CARTESIAN_POINT ( 'NONE',  ( 0.7499999999999997780, -4.824967782649119741, -3.412860710371246498 ) ) ;
#4016 = ORIENTED_EDGE ( 'NONE', *, *, #5211, .F. ) ;
#4017 = CYLINDRICAL_SURFACE ( 'NONE', #5405, 2.100000000000000089 ) ;
#4018 = DIRECTION ( 'NONE',  ( 0.000000000000000000, 0.000000000000000000, 1.000000000000000000 ) ) ;
#4019 = EDGE_LOOP ( 'NONE', ( #4821, #773, #4412 ) ) ;
#4020 = VECTOR ( 'NONE', #3369, 1000.000000000000000 ) ;
#4021 = CARTESIAN_POINT ( 'NONE',  ( 7.321067811865490604, 6.821067811865461294, -5.942787793912431837 ) ) ;
#4022 = CIRCLE ( 'NONE', #5057, 2.000000000000000000 ) ;
#4023 = DIRECTION ( 'NONE',  ( 1.000000000000000000, 0.000000000000000000, 0.000000000000000000 ) ) ;
#4024 = CARTESIAN_POINT ( 'NONE',  ( 8.967748248172545900, 7.841541195019101629, 0.000000000000000000 ) ) ;
#4025 = DIRECTION ( 'NONE',  ( -0.000000000000000000, 1.000000000000000000, -0.000000000000000000 ) ) ;
#4026 = ORIENTED_EDGE ( 'NONE', *, *, #223, .T. ) ;
#4027 = EDGE_CURVE ( 'NONE', #7532, #6226, #1761, .T. ) ;
#4028 = ORIENTED_EDGE ( 'NONE', *, *, #3532, .F. ) ;
#4029 = EDGE_CURVE ( 'NONE', #7578, #529, #2396, .T. ) ;
#4030 = CARTESIAN_POINT ( 'NONE',  ( 2.640432800705815097, -0.8428923634937768306, 0.000000000000000000 ) ) ;
#4031 = LINE ( 'NONE', #6548, #3677 ) ;
#4032 = FACE_OUTER_BOUND ( 'NONE', #1072, .T. ) ;
#4034 = VERTEX_POINT ( 'NONE', #4573 ) ;
#4033 = AXIS2_PLACEMENT_3D ( 'NONE', #6523, #1407, #1605 ) ;
#4035 = CARTESIAN_POINT ( 'NONE',  ( 7.071067811865489716, 7.071067811865461294, -2.500000000000000000 ) ) ;
#4036 = EDGE_CURVE ( 'NONE', #1439, #7955, #7045, .T. ) ;
#4037 = EDGE_LOOP ( 'NONE', ( #3777, #6960, #7936, #7462 ) ) ;
#4038 = CYLINDRICAL_SURFACE ( 'NONE', #3830, 0.7500000000000002220 ) ;
#4039 = AXIS2_PLACEMENT_3D ( 'NONE', #206, #5071, #6978 ) ;
#4040 = ORIENTED_EDGE ( 'NONE', *, *, #7470, .F. ) ;
#4041 = DIRECTION ( 'NONE',  ( -1.000000000000000000, 0.000000000000000000, 0.000000000000000000 ) ) ;
#4042 = CARTESIAN_POINT ( 'NONE',  ( 10.16702125952739877, 12.99544838427354776, -2.500000000000000000 ) ) ;
#4043 = ORIENTED_EDGE ( 'NONE', *, *, #6571, .T. ) ;
#4044 = FACE_BOUND ( 'NONE', #4474, .T. ) ;
#4045 = VERTEX_POINT ( 'NONE', #763 ) ;
#4046 = CARTESIAN_POINT ( 'NONE',  ( -9.050214821685905520, 7.874713574341861033, -1.355252715606880543E-17 ) ) ;
#4047 = ADVANCED_FACE ( 'NONE', ( #3366 ), #3212, .T. ) ;
#4048 = AXIS2_PLACEMENT_3D ( 'NONE', #1975, #7234, #6038 ) ;
#4049 = AXIS2_PLACEMENT_3D ( 'NONE', #6529, #7740, #1651 ) ;
#4050 = CARTESIAN_POINT ( 'NONE',  ( 9.001254125200041756, 7.639586470505682847, -0.06579798566743193244 ) ) ;
#4051 = CARTESIAN_POINT ( 'NONE',  ( 7.321067811865490604, 7.071067811865461294, -2.500000000000000000 ) ) ;
#4052 = DIRECTION ( 'NONE',  ( -0.000000000000000000, -0.000000000000000000, 1.000000000000000000 ) ) ;
#4053 = VECTOR ( 'NONE', #3770, 1000.000000000000114 ) ;
#4054 = VECTOR ( 'NONE', #4025, 1000.000000000000000 ) ;
#4055 = EDGE_LOOP ( 'NONE', ( #2785, #4697, #6683, #1945 ) ) ;
#4056 = DIRECTION ( 'NONE',  ( 1.000000000000000000, 0.000000000000000000, 0.000000000000000000 ) ) ;
#4057 = VERTEX_POINT ( 'NONE', #465 ) ;
#4058 = CARTESIAN_POINT ( 'NONE',  ( 6.821067811865489716, 6.821067811865461294, -2.500000000000000000 ) ) ;
#4059 = EDGE_CURVE ( 'NONE', #5968, #309, #5218, .T. ) ;
#4060 = EDGE_CURVE ( 'NONE', #6639, #1182, #2278, .T. ) ;
#4061 = ORIENTED_EDGE ( 'NONE', *, *, #7859, .T. ) ;
#4062 = CARTESIAN_POINT ( 'NONE',  ( -9.335235707365546531, 6.701034901301980540, -0.9342020143325688863 ) ) ;
#4063 = DIRECTION ( 'NONE',  ( -1.000000000000000000, 0.000000000000000000, 0.000000000000000000 ) ) ;
#4064 = SURFACE_SIDE_STYLE ('',( #5313 ) ) ;
#4065 = LINE ( 'NONE', #6542, #3290 ) ;
#4066 = ORIENTED_EDGE ( 'NONE', *, *, #834, .T. ) ;
#4067 = EDGE_LOOP ( 'NONE', ( #3051, #7498, #2552, #7851 ) ) ;
#4068 = VECTOR ( 'NONE', #462, 1000.000000000000000 ) ;
#4069 = DIRECTION ( 'NONE',  ( 0.000000000000000000, -1.000000000000000000, 0.000000000000000000 ) ) ;
#4070 = CARTESIAN_POINT ( 'NONE',  ( 0.000000000000000000, 0.000000000000000000, 6.000000000000000000 ) ) ;
#4071 = CONTEXT_DEPENDENT_SHAPE_REPRESENTATION ( #1409, #706 ) ;
#4072 = AXIS2_PLACEMENT_3D ( 'NONE', #3447, #7808, #6561 ) ;
#4073 = CIRCLE ( 'NONE', #6789, 1.024999999999999911 ) ;
#4074 = DIRECTION ( 'NONE',  ( 1.000000000000000000, 0.000000000000000000, 0.000000000000000000 ) ) ;
#4075 = ORIENTED_EDGE ( 'NONE', *, *, #2468, .F. ) ;
#4076 = DIRECTION ( 'NONE',  ( 0.000000000000000000, 0.000000000000000000, 1.000000000000000000 ) ) ;
#4077 = EDGE_LOOP ( 'NONE', ( #3060, #6949, #2382, #269 ) ) ;
#4078 = AXIS2_PLACEMENT_3D ( 'NONE', #6229, #7554, #1374 ) ;
#4079 = VECTOR ( 'NONE', #1138, 1000.000000000000000 ) ;
#4080 = DIRECTION ( 'NONE',  ( 1.000000000000000000, 0.000000000000000000, 0.000000000000000000 ) ) ;
#4081 = AXIS2_PLACEMENT_3D ( 'NONE', #4700, #950, #3404 ) ;
#4082 = SHAPE_REPRESENTATION_RELATIONSHIP ( 'NONE' , 'NONE' ,  #3170, #2176 ) ;
#4083 = EDGE_CURVE ( 'NONE', #1558, #5706, #5997, .T. ) ;
#4084 = VECTOR ( 'NONE', #5275, 1000.000000000000000 ) ;
#4085 = ADVANCED_FACE ( 'NONE', ( #2921 ), #4131, .T. ) ;
#4086 = AXIS2_PLACEMENT_3D ( 'NONE', #3435, #265, #7151 ) ;
#4087 = EDGE_LOOP ( 'NONE', ( #7741, #199, #4883, #1497 ) ) ;
#4088 = CARTESIAN_POINT ( 'NONE',  ( 1.499999999999999778, -12.50000000000000000, -3.000000000000000000 ) ) ;
#4089 = LINE ( 'NONE', #306, #2018 ) ;
#4090 = ORIENTED_EDGE ( 'NONE', *, *, #4490, .T. ) ;
#4091 = DIRECTION ( 'NONE',  ( 0.000000000000000000, 1.224646799147353207E-16, -1.000000000000000000 ) ) ;
#4092 = ORIENTED_EDGE ( 'NONE', *, *, #6120, .T. ) ;
#4093 = CARTESIAN_POINT ( 'NONE',  ( 12.73290582876043509, 9.904478704014202606, -3.000000000000000444 ) ) ;
#4094 = CARTESIAN_POINT ( 'NONE',  ( 0.000000000000000000, 0.2400000000000031553, -0.9099999999999975886 ) ) ;
#4095 = CARTESIAN_POINT ( 'NONE',  ( -1.499999999999999334, -0.3749999999999998890, 4.466506350946112924 ) ) ;
#4096 = ADVANCED_FACE ( 'NONE', ( #4010 ), #427, .F. ) ;
#4097 = CONICAL_SURFACE ( 'NONE', #628, 1.024999999999999911, 0.7853981633974463916 ) ;
#4098 = ORIENTED_EDGE ( 'NONE', *, *, #5490, .F. ) ;
#4099 = CARTESIAN_POINT ( 'NONE',  ( 6.150000000000156675, -13.42339375865870998, 0.000000000000000000 ) ) ;
#4100 = ORIENTED_EDGE ( 'NONE', *, *, #2495, .T. ) ;
#4101 = FACE_OUTER_BOUND ( 'NONE', #4751, .T. ) ;
#4102 = VERTEX_POINT ( 'NONE', #4744 ) ;
#4103 = DIRECTION ( 'NONE',  ( -0.000000000000000000, -0.000000000000000000, -1.000000000000000000 ) ) ;
#4104 = EDGE_CURVE ( 'NONE', #5968, #7375, #5885, .T. ) ;
#4105 = CARTESIAN_POINT ( 'NONE',  ( -16.00000000000000355, 1.959434878635765526E-15, -0.5000000000000004441 ) ) ;
#4106 = CARTESIAN_POINT ( 'NONE',  ( 9.295387871263212531, 7.391767866650095442, -0.3524557063581323368 ) ) ;
#4107 = DIRECTION ( 'NONE',  ( 0.7071067811865454633, -0.7071067811865495711, 0.000000000000000000 ) ) ;
#4108 = ORIENTED_EDGE ( 'NONE', *, *, #5247, .T. ) ;
#4109 = ORIENTED_EDGE ( 'NONE', *, *, #6644, .F. ) ;
#4110 = FACE_OUTER_BOUND ( 'NONE', #6255, .T. ) ;
#4111 = LINE ( 'NONE', #6502, #5890 ) ;
#4112 = AXIS2_PLACEMENT_3D ( 'NONE', #6314, #7639, #788 ) ;
#4113 = AXIS2_PLACEMENT_3D ( 'NONE', #1445, #7660, #847 ) ;
#4114 = AXIS2_PLACEMENT_3D ( 'NONE', #3013, #5477, #7943 ) ;
#4115 = CARTESIAN_POINT ( 'NONE',  ( -9.065519849840653066, 7.799613135492881710, -0.02711888873297054608 ) ) ;
#4116 = ORIENTED_EDGE ( 'NONE', *, *, #2405, .F. ) ;
#4117 = CARTESIAN_POINT ( 'NONE',  ( 17.70000000000000284, 2.167624834490815751E-15, -4.000000000000003553 ) ) ;
#4118 = EDGE_LOOP ( 'NONE', ( #5549, #4468, #1505, #4183 ) ) ;
#4119 = CARTESIAN_POINT ( 'NONE',  ( -4.676537180435965446, -2.700000000000006839, 2.499999999999999556 ) ) ;
#4120 = AXIS2_PLACEMENT_3D ( 'NONE', #7668, #1538, #3987 ) ;
#4121 = ORIENTED_EDGE ( 'NONE', *, *, #5563, .F. ) ;
#4122 = LINE ( 'NONE', #2271, #7257 ) ;
#4123 = LINE ( 'NONE', #6477, #93 ) ;
#4124 = VERTEX_POINT ( 'NONE', #7732 ) ;
#4125 = DIRECTION ( 'NONE',  ( -1.000000000000000000, -0.000000000000000000, -0.000000000000000000 ) ) ;
#4126 = FACE_OUTER_BOUND ( 'NONE', #1679, .T. ) ;
#4127 = ADVANCED_FACE ( 'NONE', ( #4126 ), #2201, .F. ) ;
#4128 = EDGE_CURVE ( 'NONE', #3726, #1018, #277, .T. ) ;
#4129 = DIRECTION ( 'NONE',  ( 1.000000000000000000, 0.000000000000000000, 0.000000000000000000 ) ) ;
#4130 = DIRECTION ( 'NONE',  ( -0.000000000000000000, -0.000000000000000000, -1.000000000000000000 ) ) ;
#4131 =( BOUNDED_SURFACE ( )  B_SPLINE_SURFACE ( 3, 2, ( 
 ( #2312, #4779, #7809 ),
 ( #1024, #7692, #6522 ),
 ( #5299, #3482, #7770 ),
 ( #7237, #2883, #7085 ),
 ( #2164, #1712, #4046 ),
 ( #2810, #6630, #2276 ),
 ( #990, #6481, #5924 ),
 ( #1097, #3449, #5338 ),
 ( #1561, #3559, #2236 ),
 ( #6041, #5960, #503 ) ),
 .UNSPECIFIED., .F., .F., .F. ) 
 B_SPLINE_SURFACE_WITH_KNOTS ( ( 4, 2, 2, 2, 4 ),
 ( 3, 3 ),
 ( 0.0001453021938352435771, 0.0002757668736886689266, 0.0004062315535420942219, 0.0005366962333955195173, 0.0006671609132489448668 ),
 ( 0.000000000000000000, 1.000000000000000000 ),
 .UNSPECIFIED. ) 
 GEOMETRIC_REPRESENTATION_ITEM ( )  RATIONAL_B_SPLINE_SURFACE ( (
 ( 1.000000000000000000, 0.8191520442889771436, 1.000000000000000000),
 ( 1.000000000000000000, 0.8500524795314716719, 1.000000000000000000),
 ( 1.000000000000000000, 0.8784412408629825864, 1.000000000000000000),
 ( 1.000000000000000000, 0.9226874239937545852, 1.000000000000000000),
 ( 1.000000000000000000, 0.9386996153301648826, 1.000000000000000000),
 ( 1.000000000000000000, 0.9393723126615415309, 1.000000000000000000),
 ( 1.000000000000000000, 0.9237474121744523314, 1.000000000000000000),
 ( 1.000000000000000000, 0.8794218929847473776, 1.000000000000000000),
 ( 1.000000000000000000, 0.8505849113112788906, 1.000000000000000000),
 ( 1.000000000000000000, 0.8191520442889917986, 1.000000000000000000) ) ) 
 REPRESENTATION_ITEM ( '' )  SURFACE ( )  );
#4132 = ORIENTED_EDGE ( 'NONE', *, *, #6857, .F. ) ;
#4133 = ORIENTED_EDGE ( 'NONE', *, *, #122, .T. ) ;
#4134 = DIRECTION ( 'NONE',  ( 1.000000000000000000, 0.000000000000000000, 0.000000000000000000 ) ) ;
#4135 =( REPRESENTATION_RELATIONSHIP ('NONE','NONE', #5135, #7911 ) REPRESENTATION_RELATIONSHIP_WITH_TRANSFORMATION ( #1667 )SHAPE_REPRESENTATION_RELATIONSHIP( ) );
#4136 = VERTEX_POINT ( 'NONE', #6201 ) ;
#4137 = EDGE_CURVE ( 'NONE', #418, #5891, #4205, .T. ) ;
#4138 = CARTESIAN_POINT ( 'NONE',  ( -1.966615824122599276, 5.403232569518970685, 2.499999999999999556 ) ) ;
#4139 = CARTESIAN_POINT ( 'NONE',  ( 13.42339375865876328, 7.750000000000064837, 1.734723475976807094E-15 ) ) ;
#4140 =( NAMED_UNIT ( * ) SI_UNIT ( $, .STERADIAN. ) SOLID_ANGLE_UNIT ( ) );
#4141 = PRODUCT_DEFINITION_CONTEXT ( 'detailed design', #3574, 'design' ) ;
#4142 = PRESENTATION_STYLE_ASSIGNMENT (( #3655 ) ) ;
#4143 = ORIENTED_EDGE ( 'NONE', *, *, #7107, .F. ) ;
#4144 = ORIENTED_EDGE ( 'NONE', *, *, #7638, .T. ) ;
#4145 = EDGE_CURVE ( 'NONE', #1930, #3816, #1648, .T. ) ;
#4146 = PLANE ( 'NONE',  #2812 ) ;
#4147 = DIRECTION ( 'NONE',  ( -1.000000000000000000, 0.000000000000000000, 0.000000000000000000 ) ) ;
#4148 = CIRCLE ( 'NONE', #5709, 0.7999999999999864997 ) ;
#4149 = PRODUCT_CONTEXT ( 'NONE', #7446, 'mechanical' ) ;
#4150 = DIRECTION ( 'NONE',  ( 0.000000000000000000, 0.5000000000000009992, 0.8660254037844380415 ) ) ;
#4151 = EDGE_LOOP ( 'NONE', ( #7777, #840, #4133, #970 ) ) ;
#4152 = DIRECTION ( 'NONE',  ( 0.000000000000000000, 0.5000000000000009992, 0.8660254037844380415 ) ) ;
#4153 = ADVANCED_FACE ( 'NONE', ( #7395, #4897 ), #4203, .F. ) ;
#4154 = ORIENTED_EDGE ( 'NONE', *, *, #6507, .F. ) ;
#4155 = FACE_OUTER_BOUND ( 'NONE', #91, .T. ) ;
#4156 = VECTOR ( 'NONE', #4197, 1000.000000000000000 ) ;
#4157 = CIRCLE ( 'NONE', #4420, 1.449999999999999956 ) ;
#4158 = FACE_OUTER_BOUND ( 'NONE', #4965, .T. ) ;
#4159 = CARTESIAN_POINT ( 'NONE',  ( 0.000000000000000000, 0.9100000000000002531, -0.2399999999999999911 ) ) ;
#4160 = VERTEX_POINT ( 'NONE', #6159 ) ;
#4161 = CARTESIAN_POINT ( 'NONE',  ( -9.349999999999875300, -13.42339375865886986, 0.000000000000000000 ) ) ;
#4162 = DIRECTION ( 'NONE',  ( 0.8660254037844379305, -0.5000000000000011102, 0.000000000000000000 ) ) ;
#4163 = CARTESIAN_POINT ( 'NONE',  ( 2.500000000000000444, -1.658312395177699905, 9.499999999999998224 ) ) ;
#4164 = VECTOR ( 'NONE', #3946, 1000.000000000000000 ) ;
#4165 = CARTESIAN_POINT ( 'NONE',  ( 12.99544838427358506, -10.16702125952735258, -2.500000000000000000 ) ) ;
#4166 = CARTESIAN_POINT ( 'NONE',  ( -15.50000000000000000, 0.000000000000000000, -4.000000000000000000 ) ) ;
#4167 = PRODUCT_DEFINITION ( 'UNKNOWN', '', #928, #1319 ) ;
#4168 = EDGE_CURVE ( 'NONE', #4102, #1086, #5468, .T. ) ;
#4169 = VECTOR ( 'NONE', #5648, 1000.000000000000000 ) ;
#4170 = ORIENTED_EDGE ( 'NONE', *, *, #7043, .T. ) ;
#4171 = CARTESIAN_POINT ( 'NONE',  ( 7.750000000000157208, -13.42339375865870998, 0.000000000000000000 ) ) ;
#4172 = ORIENTED_EDGE ( 'NONE', *, *, #5695, .F. ) ;
#4173 = DIRECTION ( 'NONE',  ( 0.000000000000000000, 0.000000000000000000, 1.000000000000000000 ) ) ;
#4174 = EDGE_LOOP ( 'NONE', ( #2400, #4437, #5087, #7006 ) ) ;
#4175 = CIRCLE ( 'NONE', #573, 1.449999999999999956 ) ;
#4176 = CARTESIAN_POINT ( 'NONE',  ( -9.000000000000060396, 13.42339375865876505, -0.3500000000000030864 ) ) ;
#4177 = EDGE_CURVE ( 'NONE', #6262, #5553, #5420, .T. ) ;
#4178 = EDGE_CURVE ( 'NONE', #7171, #5119, #997, .T. ) ;
#4179 = DIRECTION ( 'NONE',  ( 1.000000000000000000, 0.000000000000000000, 0.000000000000000000 ) ) ;
#4180 = CARTESIAN_POINT ( 'NONE',  ( -5.656854249492404563, -10.60660171779820438, -2.500000000000000000 ) ) ;
#4181 = FILL_AREA_STYLE ('',( #6137 ) ) ;
#4182 = EDGE_LOOP ( 'NONE', ( #3382, #2499, #3262 ) ) ;
#4183 = ORIENTED_EDGE ( 'NONE', *, *, #4796, .T. ) ;
#4184 = PRESENTATION_LAYER_ASSIGNMENT (  '', '', ( #4309 ) ) ;
#4185 = DIRECTION ( 'NONE',  ( 0.8302011287295821829, 0.08371776088029558860, -0.5511419257952686612 ) ) ;
#4186 = CARTESIAN_POINT ( 'NONE',  ( -10.16702125952748759, -12.99544838427347671, 0.000000000000000000 ) ) ;
#4187 = ADVANCED_FACE ( 'NONE', ( #2510 ), #4974, .F. ) ;
#4188 = CIRCLE ( 'NONE', #728, 0.09999999999999939493 ) ;
#4189 = CARTESIAN_POINT ( 'NONE',  ( 2.640432800705815097, -0.8428923634937768306, 0.000000000000000000 ) ) ;
#4190 = ORIENTED_EDGE ( 'NONE', *, *, #6942, .F. ) ;
#4191 = CONICAL_SURFACE ( 'NONE', #6148, 1.024999999999999911, 0.7853981633974447263 ) ;
#4192 = EDGE_LOOP ( 'NONE', ( #4043, #3732, #601, #6804 ) ) ;
#4193 = DIRECTION ( 'NONE',  ( 0.000000000000000000, 1.000000000000000000, 0.000000000000000000 ) ) ;
#4194 = CARTESIAN_POINT ( 'NONE',  ( -8.960950002074600462, 7.736817086761019091, 0.02420119008936231705 ) ) ;
#4195 = CIRCLE ( 'NONE', #1371, 2.099999999999999645 ) ;
#4196 = EDGE_CURVE ( 'NONE', #3656, #4757, #540, .T. ) ;
#4197 = DIRECTION ( 'NONE',  ( -0.000000000000000000, -0.000000000000000000, -1.000000000000000000 ) ) ;
#4198 = CARTESIAN_POINT ( 'NONE',  ( -3.535533905932757293, -8.485281374238567764, -2.500000000000000000 ) ) ;
#4199 = CIRCLE ( 'NONE', #7300, 1.249999999999997558 ) ;
#4200 = ORIENTED_EDGE ( 'NONE', *, *, #5392, .T. ) ;
#4201 = AXIS2_PLACEMENT_3D ( 'NONE', #2509, #2991, #6200 ) ;
#4202 = CARTESIAN_POINT ( 'NONE',  ( -8.131727983645316016, 10.96015510839147389, 0.000000000000000000 ) ) ;
#4203 = PLANE ( 'NONE',  #4605 ) ;
#4204 = DIRECTION ( 'NONE',  ( -0.8331258114970213624, 0.5530835219181907680, 0.000000000000000000 ) ) ;
#4205 = CIRCLE ( 'NONE', #2929, 1.249999999999997558 ) ;
#4206 = B_SPLINE_CURVE_WITH_KNOTS ( 'NONE', 3,
 ( #1269, #7937, #4295, #4920, #33, #5555, #2479, #6132, #6725, #7409 ),
 .UNSPECIFIED., .F., .F.,
 ( 4, 2, 2, 2, 4 ),
 ( 0.000000000000000000, 0.0001310089620568885842, 0.0002620179241137771684, 0.0003930268861706657526, 0.0005240358482275543368 ),
 .UNSPECIFIED. ) ;
#4207 = DIRECTION ( 'NONE',  ( -0.000000000000000000, -0.000000000000000000, 1.000000000000000000 ) ) ;
#4208 = VECTOR ( 'NONE', #6856, 1000.000000000000000 ) ;
#4209 = CIRCLE ( 'NONE', #5782, 3.750000000000000000 ) ;
#4210 = DIRECTION ( 'NONE',  ( -1.000000000000000000, 0.000000000000000000, 0.000000000000000000 ) ) ;
#4211 = TOROIDAL_SURFACE ( 'NONE', #1386, 16.00000000000000000, 0.5000000000000000000 ) ;
#4212 = DIRECTION ( 'NONE',  ( 0.000000000000000000, 0.000000000000000000, 1.000000000000000000 ) ) ;
#4213 = ORIENTED_EDGE ( 'NONE', *, *, #5169, .F. ) ;
#4214 = DIRECTION ( 'NONE',  ( 0.000000000000000000, 0.000000000000000000, 1.000000000000000000 ) ) ;
#4215 = VECTOR ( 'NONE', #4683, 1000.000000000000000 ) ;
#4216 = ORIENTED_EDGE ( 'NONE', *, *, #5779, .F. ) ;
#4217 = PLANE ( 'NONE',  #7694 ) ;
#4218 = VERTEX_POINT ( 'NONE', #1794 ) ;
#4219 = DIRECTION ( 'NONE',  ( -0.9949540640923918433, -0.1003315022614172103, 0.000000000000000000 ) ) ;
#4220 = CARTESIAN_POINT ( 'NONE',  ( 1.966615824122599276, -5.403232569518970685, -3.000000000000000000 ) ) ;
#4221 = DIRECTION ( 'NONE',  ( -0.000000000000000000, -0.000000000000000000, 1.000000000000000000 ) ) ;
#4222 =( NAMED_UNIT ( * ) SI_UNIT ( $, .STERADIAN. ) SOLID_ANGLE_UNIT ( ) );
#4223 = ORIENTED_EDGE ( 'NONE', *, *, #5029, .F. ) ;
#4224 = ORIENTED_EDGE ( 'NONE', *, *, #5123, .T. ) ;
#4225 = EDGE_CURVE ( 'NONE', #1360, #5025, #4242, .T. ) ;
#4226 = ADVANCED_FACE ( 'NONE', ( #6115 ), #7520, .T. ) ;
#4227 = CARTESIAN_POINT ( 'NONE',  ( 4.676537180435966334, -2.700000000000007727, 2.499999999999999556 ) ) ;
#4228 = DIRECTION ( 'NONE',  ( -0.9974850939101881364, 0.07087656472335041036, -1.246832498358325839E-14 ) ) ;
#4229 = VERTEX_POINT ( 'NONE', #870 ) ;
#4230 = ORIENTED_EDGE ( 'NONE', *, *, #4481, .T. ) ;
#4231 = CARTESIAN_POINT ( 'NONE',  ( -12.12339375865876434, 7.750000000000064837, -1.599999999999999645 ) ) ;
#4232 = EDGE_CURVE ( 'NONE', #3472, #7121, #5623, .T. ) ;
#4233 = DIRECTION ( 'NONE',  ( -0.000000000000000000, -0.000000000000000000, 1.000000000000000000 ) ) ;
#4234 = CARTESIAN_POINT ( 'NONE',  ( -7.749999999999874767, -13.42339375865886986, 0.000000000000000000 ) ) ;
#4235 = DIRECTION ( 'NONE',  ( 0.000000000000000000, 0.000000000000000000, 1.000000000000000000 ) ) ;
#4236 = PRESENTATION_LAYER_ASSIGNMENT (  '', '', ( #2833 ) ) ;
#4237 = CARTESIAN_POINT ( 'NONE',  ( 0.000000000000000000, 7.000000000000000000, -29.00000000000000000 ) ) ;
#4238 = DIRECTION ( 'NONE',  ( 1.000000000000000000, 0.000000000000000000, 0.000000000000000000 ) ) ;
#4239 = ORIENTED_EDGE ( 'NONE', *, *, #6744, .F. ) ;
#4240 = AXIS2_PLACEMENT_3D ( 'NONE', #6550, #1546, #4074 ) ;
#4241 = CARTESIAN_POINT ( 'NONE',  ( -17.00000000000000000, 2.081899558550500280E-15, 0.000000000000000000 ) ) ;
#4242 = LINE ( 'NONE', #1172, #4857 ) ;
#4243 = DIRECTION ( 'NONE',  ( -0.7071067811865462405, 0.7071067811865489050, 0.000000000000000000 ) ) ;
#4244 = EDGE_CURVE ( 'NONE', #5706, #2723, #6798, .T. ) ;
#4245 = CIRCLE ( 'NONE', #6194, 0.7500000000000002220 ) ;
#4246 = FACE_OUTER_BOUND ( 'NONE', #5815, .T. ) ;
#4247 = DIRECTION ( 'NONE',  ( 0.000000000000000000, 0.000000000000000000, 1.000000000000000000 ) ) ;
#4248 = PLANE ( 'NONE',  #2139 ) ;
#4249 = ORIENTED_EDGE ( 'NONE', *, *, #2761, .F. ) ;
#4250 = DIRECTION ( 'NONE',  ( 1.000000000000000000, 0.000000000000000000, 0.000000000000000000 ) ) ;
#4251 = ORIENTED_EDGE ( 'NONE', *, *, #4632, .T. ) ;
#4252 = DIRECTION ( 'NONE',  ( 1.000000000000000000, 0.000000000000000000, 0.000000000000000000 ) ) ;
#4253 = ORIENTED_EDGE ( 'NONE', *, *, #6755, .T. ) ;
#4254 = ORIENTED_EDGE ( 'NONE', *, *, #7724, .T. ) ;
#4255 = EDGE_CURVE ( 'NONE', #1079, #2956, #2109, .T. ) ;
#4256 = DIRECTION ( 'NONE',  ( -0.000000000000000000, -0.000000000000000000, 1.000000000000000000 ) ) ;
#4257 = CARTESIAN_POINT ( 'NONE',  ( -15.52339375865876292, 7.750000000000064837, 0.000000000000000000 ) ) ;
#4258 = VERTEX_POINT ( 'NONE', #4404 ) ;
#4259 = FACE_BOUND ( 'NONE', #7881, .T. ) ;
#4260 = FACE_OUTER_BOUND ( 'NONE', #5388, .T. ) ;
#4261 = EDGE_LOOP ( 'NONE', ( #3938, #2462, #3492, #2948 ) ) ;
#4262 = ORIENTED_EDGE ( 'NONE', *, *, #2717, .F. ) ;
#4263 = CARTESIAN_POINT ( 'NONE',  ( 4.676537180435965446, 2.700000000000006839, 2.499999999999999556 ) ) ;
#4264 = CARTESIAN_POINT ( 'NONE',  ( 12.62339375865877145, 7.750000000000064837, 0.000000000000000000 ) ) ;
#4265 = PRODUCT_DEFINITION ( 'UNKNOWN', '', #3619, #2532 ) ;
#4266 = ADVANCED_FACE ( 'NONE', ( #3238 ), #5052, .F. ) ;
#4267 = CARTESIAN_POINT ( 'NONE',  ( 3.000000000000000444, 0.000000000000000000, -19.50000000000000000 ) ) ;
#4268 = ORIENTED_EDGE ( 'NONE', *, *, #1974, .T. ) ;
#4269 = ORIENTED_EDGE ( 'NONE', *, *, #4701, .F. ) ;
#4270 = FACE_BOUND ( 'NONE', #6543, .T. ) ;
#4271 = AXIS2_PLACEMENT_3D ( 'NONE', #1525, #6444, #4012 ) ;
#4272 = CYLINDRICAL_SURFACE ( 'NONE', #240, 16.00000000000000000 ) ;
#4273 = CARTESIAN_POINT ( 'NONE',  ( 4.676537180435965446, 2.700000000000006839, 2.499999999999999556 ) ) ;
#4274 = DIRECTION ( 'NONE',  ( 0.000000000000000000, 0.000000000000000000, 0.9999999999999998890 ) ) ;
#4275 = ADVANCED_FACE ( 'NONE', ( #4447 ), #108, .F. ) ;
#4276 = CARTESIAN_POINT ( 'NONE',  ( 1.966615824122599276, 5.403232569518970685, 2.499999999999999556 ) ) ;
#4277 = ORIENTED_EDGE ( 'NONE', *, *, #5222, .F. ) ;
#4278 = ORIENTED_EDGE ( 'NONE', *, *, #7445, .T. ) ;
#4279 = LINE ( 'NONE', #1871, #1647 ) ;
#4280 = CARTESIAN_POINT ( 'NONE',  ( 9.032919823443357643, 7.798145713863705808, -0.02364144067463852875 ) ) ;
#4281 = DIRECTION ( 'NONE',  ( 0.7071067811865535679, 0.7071067811865415775, 0.000000000000000000 ) ) ;
#4282 = DIRECTION ( 'NONE',  ( 1.000000000000000000, 0.000000000000000000, 0.000000000000000000 ) ) ;
#4283 = VECTOR ( 'NONE', #1473, 1000.000000000000000 ) ;
#4284 = LINE ( 'NONE', #3760, #7889 ) ;
#4285 = CIRCLE ( 'NONE', #2753, 6.000000000000000888 ) ;
#4286 = EDGE_CURVE ( 'NONE', #5289, #3726, #2404, .T. ) ;
#4287 = CARTESIAN_POINT ( 'NONE',  ( 1.898202538678397163E-15, -15.50000000000000000, 1.734723475976807094E-15 ) ) ;
#4288 = EDGE_LOOP ( 'NONE', ( #3490, #7180, #5523, #5724, #425, #1162 ) ) ;
#4289 = SURFACE_STYLE_FILL_AREA ( #4370 ) ;
#4290 = VERTEX_POINT ( 'NONE', #753 ) ;
#4291 = CARTESIAN_POINT ( 'NONE',  ( -9.350000000000063594, 13.42339375865876505, 0.000000000000000000 ) ) ;
#4292 = CIRCLE ( 'NONE', #7523, 5.400000000000000355 ) ;
#4293 = ORIENTED_EDGE ( 'NONE', *, *, #4994, .T. ) ;
#4294 = ORIENTED_EDGE ( 'NONE', *, *, #2902, .F. ) ;
#4295 = CARTESIAN_POINT ( 'NONE',  ( 8.908159339797663279, 7.721496863314244230, -0.000000000000000000 ) ) ;
#4296 = PRODUCT_DEFINITION_SHAPE ( 'NONE', 'NONE',  #7984 ) ;
#4297 = CIRCLE ( 'NONE', #5331, 16.50000000000000000 ) ;
#4298 = ADVANCED_FACE ( 'NONE', ( #188 ), #4565, .T. ) ;
#4299 = EDGE_CURVE ( 'NONE', #2950, #4956, #5097, .T. ) ;
#4300 = CARTESIAN_POINT ( 'NONE',  ( 0.000000000000000000, 0.000000000000000000, -1.000000000000000000 ) ) ;
#4301 = VERTEX_POINT ( 'NONE', #5754 ) ;
#4302 = CARTESIAN_POINT ( 'NONE',  ( 0.000000000000000000, 0.000000000000000000, -4.000000000000000000 ) ) ;
#4303 = UNCERTAINTY_MEASURE_WITH_UNIT (LENGTH_MEASURE( 1.000000000000000082E-05 ), #7350, 'distance_accuracy_value', 'NONE');
#4304 = EDGE_LOOP ( 'NONE', ( #1127, #328, #7865 ) ) ;
#4305 = VERTEX_POINT ( 'NONE', #6912 ) ;
#4306 = CARTESIAN_POINT ( 'NONE',  ( -6.499999999999879208, -13.42339375865886986, 0.000000000000000000 ) ) ;
#4307 = FACE_OUTER_BOUND ( 'NONE', #3300, .T. ) ;
#4308 = CIRCLE ( 'NONE', #1491, 17.00000000000000000 ) ;
#4309 = STYLED_ITEM ( 'NONE', ( #4142 ), #583 ) ;
#4310 = DIRECTION ( 'NONE',  ( -0.000000000000000000, -0.000000000000000000, 1.000000000000000000 ) ) ;
#4311 = EDGE_LOOP ( 'NONE', ( #49, #1288, #7500 ) ) ;
#4312 = VERTEX_POINT ( 'NONE', #1384 ) ;
#4313 = CARTESIAN_POINT ( 'NONE',  ( 7.071067811865489716, 7.071067811865461294, -3.000000000000000000 ) ) ;
#4314 = DIRECTION ( 'NONE',  ( 1.000000000000000000, 0.000000000000000000, 0.000000000000000000 ) ) ;
#4315 = CARTESIAN_POINT ( 'NONE',  ( 0.000000000000000000, 0.000000000000000000, -4.000000000000003553 ) ) ;
#4316 =( NAMED_UNIT ( * ) SI_UNIT ( $, .STERADIAN. ) SOLID_ANGLE_UNIT ( ) );
#4317 = DIRECTION ( 'NONE',  ( 0.5530835219181907680, -2.908843223750392223E-15, 0.8331258114970213624 ) ) ;
#4318 = ORIENTED_EDGE ( 'NONE', *, *, #1284, .T. ) ;
#4319 = EDGE_LOOP ( 'NONE', ( #7417, #364 ) ) ;
#4320 = CARTESIAN_POINT ( 'NONE',  ( -12.95640886200009056, 10.12798173725385631, -2.762336163841304426 ) ) ;
#4321 = CARTESIAN_POINT ( 'NONE',  ( 9.080185313885687393, 7.792978355839134785, -0.03077401255025543139 ) ) ;
#4322 = CARTESIAN_POINT ( 'NONE',  ( 12.63918572269493801, 9.810758597948705528, -3.000000000000000000 ) ) ;
#4323 = AXIS2_PLACEMENT_3D ( 'NONE', #4440, #6267, #1982 ) ;
#4324 = CYLINDRICAL_SURFACE ( 'NONE', #4989, 17.70000000000000284 ) ;
#4325 = EDGE_CURVE ( 'NONE', #453, #1743, #3848, .T. ) ;
#4326 = VECTOR ( 'NONE', #5379, 1000.000000000000114 ) ;
#4327 = ADVANCED_FACE ( 'NONE', ( #5140 ), #3322, .F. ) ;
#4328 = CARTESIAN_POINT ( 'NONE',  ( 0.000000000000000000, 0.000000000000000000, -3.000000000000000000 ) ) ;
#4329 = LINE ( 'NONE', #7448, #1364 ) ;
#4330 = VERTEX_POINT ( 'NONE', #6998 ) ;
#4331 = AXIS2_PLACEMENT_3D ( 'NONE', #6971, #5149, #5802 ) ;
#4332 = ORIENTED_EDGE ( 'NONE', *, *, #3251, .F. ) ;
#4333 = DIRECTION ( 'NONE',  ( 0.000000000000000000, 0.000000000000000000, 1.000000000000000000 ) ) ;
#4334 = VERTEX_POINT ( 'NONE', #6352 ) ;
#4335 = VECTOR ( 'NONE', #2248, 1000.000000000000114 ) ;
#4336 = VECTOR ( 'NONE', #7317, 1000.000000000000114 ) ;
#4337 = ADVANCED_FACE ( 'NONE', ( #4489 ), #5794, .T. ) ;
#4338 = DIRECTION ( 'NONE',  ( -1.000000000000000000, 0.000000000000000000, 0.000000000000000000 ) ) ;
#4339 = AXIS2_PLACEMENT_3D ( 'NONE', #5014, #7076, #7229 ) ;
#4340 = AXIS2_PLACEMENT_3D ( 'NONE', #7791, #3501, #4836 ) ;
#4341 = CARTESIAN_POINT ( 'NONE',  ( -1.898202538678397557E-15, -15.50000000000000000, -1.600000000000000089 ) ) ;
#4342 = VERTEX_POINT ( 'NONE', #1427 ) ;
#4343 = CARTESIAN_POINT ( 'NONE',  ( 0.01778144479759428964, -0.2382069131296529196, -0.2382069131296542797 ) ) ;
#4344 = DIRECTION ( 'NONE',  ( -0.000000000000000000, -0.000000000000000000, 1.000000000000000000 ) ) ;
#4345 = ORIENTED_EDGE ( 'NONE', *, *, #1914, .F. ) ;
#4346 = ORIENTED_EDGE ( 'NONE', *, *, #2211, .F. ) ;
#4347 = EDGE_LOOP ( 'NONE', ( #6957, #1021, #6289, #6588 ) ) ;
#4348 = CARTESIAN_POINT ( 'NONE',  ( -3.000000000000000444, 0.000000000000000000, 6.000000000000000000 ) ) ;
#4349 = EDGE_CURVE ( 'NONE', #4258, #1055, #2681, .T. ) ;
#4350 = DIRECTION ( 'NONE',  ( 0.000000000000000000, -1.000000000000000000, 0.000000000000000000 ) ) ;
#4351 = CARTESIAN_POINT ( 'NONE',  ( -4.676537180435966334, 2.700000000000007727, -3.000000000000000000 ) ) ;
#4352 = ORIENTED_EDGE ( 'NONE', *, *, #1690, .T. ) ;
#4353 = ORIENTED_EDGE ( 'NONE', *, *, #6073, .T. ) ;
#4354 = DIRECTION ( 'NONE',  ( -0.000000000000000000, -0.000000000000000000, 1.000000000000000000 ) ) ;
#4355 = EDGE_CURVE ( 'NONE', #1845, #6817, #1430, .T. ) ;
#4356 = CARTESIAN_POINT ( 'NONE',  ( -12.99544838427365434, -10.16702125952725844, -2.500000000000000000 ) ) ;
#4357 = LINE ( 'NONE', #12, #5630 ) ;
#4358 = CARTESIAN_POINT ( 'NONE',  ( -9.505764998351658335, 6.752445863986207719, -0.9342020143325664439 ) ) ;
#4359 = EDGE_LOOP ( 'NONE', ( #4689, #6129 ) ) ;
#4360 = ORIENTED_EDGE ( 'NONE', *, *, #3566, .T. ) ;
#4361 = DIRECTION ( 'NONE',  ( -1.000000000000000000, 0.000000000000000000, 0.000000000000000000 ) ) ;
#4362 = CARTESIAN_POINT ( 'NONE',  ( 15.50000000000000000, 0.000000000000000000, -0.3500000000000030864 ) ) ;
#4363 = CARTESIAN_POINT ( 'NONE',  ( 14.22339375865875510, 7.750000000000064837, 0.000000000000000000 ) ) ;
#4364 = CARTESIAN_POINT ( 'NONE',  ( 0.000000000000000000, 0.000000000000000000, -5.899999999999999467 ) ) ;
#4365 = CARTESIAN_POINT ( 'NONE',  ( 6.499999999999972466, 13.42339375865881657, 0.000000000000000000 ) ) ;
#4366 = CLOSED_SHELL ( 'NONE', ( #893, #7646, #7762, #3065, #1995, #7453, #2112, #2294 ) ) ;
#4367 = CARTESIAN_POINT ( 'NONE',  ( 0.000000000000000000, 0.000000000000000000, 0.000000000000000000 ) ) ;
#4368 = ORIENTED_EDGE ( 'NONE', *, *, #1123, .F. ) ;
#4369 = EDGE_CURVE ( 'NONE', #4964, #3268, #3437, .T. ) ;
#4370 = FILL_AREA_STYLE ('',( #4866 ) ) ;
#4371 = EDGE_CURVE ( 'NONE', #3280, #1449, #7723, .T. ) ;
#4372 = ORIENTED_EDGE ( 'NONE', *, *, #3019, .T. ) ;
#4373 = DIRECTION ( 'NONE',  ( 0.000000000000000000, 0.000000000000000000, -1.000000000000000000 ) ) ;
#4374 = CIRCLE ( 'NONE', #4984, 1.000000000000000000 ) ;
#4375 = ORIENTED_EDGE ( 'NONE', *, *, #5271, .F. ) ;
#4376 = AXIS2_PLACEMENT_3D ( 'NONE', #6101, #7261, #6780 ) ;
#4377 = CYLINDRICAL_SURFACE ( 'NONE', #85, 1.449999999999999956 ) ;
#4378 = LINE ( 'NONE', #6212, #5090 ) ;
#4379 = VECTOR ( 'NONE', #252, 1000.000000000000114 ) ;
#4380 = CARTESIAN_POINT ( 'NONE',  ( -7.749999999999874767, -13.42339375865886986, -0.3500000000000030864 ) ) ;
#4381 = EDGE_CURVE ( 'NONE', #3001, #6029, #3431, .T. ) ;
#4382 = ORIENTED_EDGE ( 'NONE', *, *, #6408, .T. ) ;
#4383 = CARTESIAN_POINT ( 'NONE',  ( 3.810511776651528404, -2.200000000000006839, 2.500000000000000000 ) ) ;
#4384 = UNCERTAINTY_MEASURE_WITH_UNIT (LENGTH_MEASURE( 1.000000000000000082E-05 ), #5374, 'distance_accuracy_value', 'NONE');
#4385 = DIRECTION ( 'NONE',  ( 1.000000000000000000, 0.000000000000000000, 0.000000000000000000 ) ) ;
#4386 = ORIENTED_EDGE ( 'NONE', *, *, #7581, .T. ) ;
#4387 = ORIENTED_EDGE ( 'NONE', *, *, #5502, .T. ) ;
#4388 = EDGE_LOOP ( 'NONE', ( #282, #319 ) ) ;
#4389 = CARTESIAN_POINT ( 'NONE',  ( -1.024999999999997913, -15.50000000000000000, 1.734723475976807094E-15 ) ) ;
#4390 = DIRECTION ( 'NONE',  ( 0.000000000000000000, 1.000000000000000000, 0.000000000000000000 ) ) ;
#4391 = ADVANCED_FACE ( 'NONE', ( #1630 ), #5831, .T. ) ;
#4392 = SURFACE_STYLE_USAGE ( .BOTH. , #6900 ) ;
#4393 = DIRECTION ( 'NONE',  ( 0.000000000000000000, 0.000000000000000000, 1.000000000000000000 ) ) ;
#4394 = VERTEX_POINT ( 'NONE', #2869 ) ;
#4395 = EDGE_LOOP ( 'NONE', ( #7158, #548, #5700, #3346 ) ) ;
#4396 = CARTESIAN_POINT ( 'NONE',  ( -7.749999999999874767, -13.42339375865886986, 0.000000000000000000 ) ) ;
#4397 = DIRECTION ( 'NONE',  ( 0.000000000000000000, 0.000000000000000000, 1.000000000000000000 ) ) ;
#4398 = PRODUCT_CONTEXT ( 'NONE', #4967, 'mechanical' ) ;
#4399 = ADVANCED_FACE ( 'NONE', ( #3471 ), #7182, .F. ) ;
#4400 = EDGE_CURVE ( 'NONE', #4290, #605, #6469, .T. ) ;
#4401 = ORIENTED_EDGE ( 'NONE', *, *, #4575, .T. ) ;
#4402 = EDGE_LOOP ( 'NONE', ( #6605, #3748 ) ) ;
#4403 = DIRECTION ( 'NONE',  ( 0.000000000000000000, 0.000000000000000000, -1.000000000000000000 ) ) ;
#4404 = CARTESIAN_POINT ( 'NONE',  ( -8.131727983645316016, 10.96015510839147389, -3.000000000000000000 ) ) ;
#4405 = DIRECTION ( 'NONE',  ( -0.7071067811865489050, -0.7071067811865462405, 0.000000000000000000 ) ) ;
#4406 = VECTOR ( 'NONE', #7125, 1000.000000000000000 ) ;
#4407 = DIRECTION ( 'NONE',  ( -1.000000000000000000, 0.000000000000000000, 0.000000000000000000 ) ) ;
#4408 = DIRECTION ( 'NONE',  ( 0.000000000000000000, -1.224646799147352961E-16, 1.000000000000000000 ) ) ;
#4409 = CARTESIAN_POINT ( 'NONE',  ( -10.96015510839150409, 8.131727983645280489, 0.000000000000000000 ) ) ;
#4410 = ORIENTED_EDGE ( 'NONE', *, *, #2111, .F. ) ;
#4411 = CARTESIAN_POINT ( 'NONE',  ( 3.191745543516252059, 0.08185669346382297429, 2.882838372813723493E-16 ) ) ;
#4412 = ORIENTED_EDGE ( 'NONE', *, *, #2953, .F. ) ;
#4413 = LINE ( 'NONE', #7577, #739 ) ;
#4414 = ORIENTED_EDGE ( 'NONE', *, *, #1528, .F. ) ;
#4415 = AXIS2_PLACEMENT_3D ( 'NONE', #294, #2629, #863 ) ;
#4416 = DIRECTION ( 'NONE',  ( -1.000000000000000000, 1.224646799147353947E-16, 0.000000000000000000 ) ) ;
#4417 = FACE_BOUND ( 'NONE', #497, .T. ) ;
#4418 = EDGE_CURVE ( 'NONE', #5743, #1743, #417, .T. ) ;
#4419 = EDGE_CURVE ( 'NONE', #3462, #5039, #5777, .T. ) ;
#4420 = AXIS2_PLACEMENT_3D ( 'NONE', #4011, #6483, #954 ) ;
#4421 = LINE ( 'NONE', #768, #3525 ) ;
#4422 = ORIENTED_EDGE ( 'NONE', *, *, #5889, .F. ) ;
#4423 = LINE ( 'NONE', #5558, #4899 ) ;
#4424 = CARTESIAN_POINT ( 'NONE',  ( 9.429156817667474044, 6.698027035738486568, -0.9000000000000000222 ) ) ;
#4425 = ORIENTED_EDGE ( 'NONE', *, *, #5322, .T. ) ;
#4426 = ORIENTED_EDGE ( 'NONE', *, *, #458, .T. ) ;
#4427 = VERTEX_POINT ( 'NONE', #4117 ) ;
#4428 = B_SPLINE_CURVE_WITH_KNOTS ( 'NONE', 3,
 ( #5707, #1383, #6273, #752, #3881, #2554 ),
 .UNSPECIFIED., .F., .F.,
 ( 4, 2, 4 ),
 ( 4.336808689942017736E-19, 0.0003920442032835521305, 0.0007840884065671038274 ),
 .UNSPECIFIED. ) ;
#4429 = CYLINDRICAL_SURFACE ( 'NONE', #2246, 17.70000000000000284 ) ;
#4430 = TOROIDAL_SURFACE ( 'NONE', #7014, 3.849999999999999645, 0.1000000000000000056 ) ;
#4431 = CARTESIAN_POINT ( 'NONE',  ( -13.08147545195122241, -10.25304832720482473, 0.000000000000000000 ) ) ;
#4432 = EDGE_CURVE ( 'NONE', #2207, #6732, #2149, .T. ) ;
#4433 = EDGE_CURVE ( 'NONE', #764, #6173, #1521, .T. ) ;
#4434 = FILL_AREA_STYLE ('',( #7964 ) ) ;
#4435 = CIRCLE ( 'NONE', #5870, 0.7500000000000000000 ) ;
#4436 = FACE_OUTER_BOUND ( 'NONE', #4174, .T. ) ;
#4437 = ORIENTED_EDGE ( 'NONE', *, *, #4419, .F. ) ;
#4438 = ORIENTED_EDGE ( 'NONE', *, *, #7064, .T. ) ;
#4439 = FACE_BOUND ( 'NONE', #2007, .T. ) ;
#4440 = CARTESIAN_POINT ( 'NONE',  ( 1.500000000000000222, 12.50000000000000000, 2.499999999999999556 ) ) ;
#4441 = EDGE_CURVE ( 'NONE', #2045, #1356, #4476, .T. ) ;
#4442 = CIRCLE ( 'NONE', #5999, 16.50000000000000000 ) ;
#4443 = DIRECTION ( 'NONE',  ( 0.000000000000000000, 0.000000000000000000, 0.9999999999999998890 ) ) ;
#4444 = CARTESIAN_POINT ( 'NONE',  ( -1.702988244406250833E-16, -6.124005888325776858, -2.662860710371244721 ) ) ;
#4445 = ORIENTED_EDGE ( 'NONE', *, *, #2171, .F. ) ;
#4446 = DIRECTION ( 'NONE',  ( 0.000000000000000000, 0.000000000000000000, -1.000000000000000000 ) ) ;
#4447 = FACE_OUTER_BOUND ( 'NONE', #5955, .T. ) ;
#4448 = CARTESIAN_POINT ( 'NONE',  ( -10.96015510839150409, 8.131727983645280489, -3.000000000000000000 ) ) ;
#4449 = ORIENTED_EDGE ( 'NONE', *, *, #5547, .F. ) ;
#4450 = CARTESIAN_POINT ( 'NONE',  ( -3.810511776651527960, -2.200000000000005063, 2.499999999999999556 ) ) ;
#4451 = ADVANCED_FACE ( 'NONE', ( #1670 ), #300, .T. ) ;
#4452 = CARTESIAN_POINT ( 'NONE',  ( 10.16702125952739699, -12.99544838427354243, -2.632568534611627875 ) ) ;
#4453 = FACE_OUTER_BOUND ( 'NONE', #7608, .T. ) ;
#4454 = ORIENTED_EDGE ( 'NONE', *, *, #7289, .T. ) ;
#4455 = CIRCLE ( 'NONE', #2658, 5.499999999999996447 ) ;
#4456 = CYLINDRICAL_SURFACE ( 'NONE', #2526, 16.50000000000000355 ) ;
#4457 = VERTEX_POINT ( 'NONE', #940 ) ;
#4458 = DIRECTION ( 'NONE',  ( 1.000000000000000000, 0.000000000000000000, 0.000000000000000000 ) ) ;
#4459 = ORIENTED_EDGE ( 'NONE', *, *, #2423, .T. ) ;
#4460 = AXIS2_PLACEMENT_3D ( 'NONE', #3362, #3517, #6518 ) ;
#4461 = ADVANCED_FACE ( 'NONE', ( #7191 ), #3393, .F. ) ;
#4462 = ORIENTED_EDGE ( 'NONE', *, *, #2450, .T. ) ;
#4463 = CYLINDRICAL_SURFACE ( 'NONE', #1057, 1.299999999999998712 ) ;
#4464 = CARTESIAN_POINT ( 'NONE',  ( -9.239364071259618783, 6.999999999985517363, -0.6576473808145505417 ) ) ;
#4465 = VECTOR ( 'NONE', #3084, 1000.000000000000000 ) ;
#4466 = CIRCLE ( 'NONE', #6658, 3.198942222936095536 ) ;
#4467 = CARTESIAN_POINT ( 'NONE',  ( 14.25000000000000178, 1.530808498934188612E-16, -0.3500000000000030864 ) ) ;
#4468 = ORIENTED_EDGE ( 'NONE', *, *, #4935, .F. ) ;
#4469 = CARTESIAN_POINT ( 'NONE',  ( 0.000000000000000000, 0.000000000000000000, -3.000000000000000000 ) ) ;
#4470 = AXIS2_PLACEMENT_3D ( 'NONE', #2501, #5573, #4968 ) ;
#4471 = DIRECTION ( 'NONE',  ( 1.000000000000000000, 0.000000000000000000, 0.000000000000000000 ) ) ;
#4472 = VERTEX_POINT ( 'NONE', #5873 ) ;
#4473 = AXIS2_PLACEMENT_3D ( 'NONE', #3237, #4446, #3796 ) ;
#4474 = EDGE_LOOP ( 'NONE', ( #7306, #3997 ) ) ;
#4475 = DIRECTION ( 'NONE',  ( -1.000000000000000000, 0.000000000000000000, 0.000000000000000000 ) ) ;
#4476 = CIRCLE ( 'NONE', #110, 2.099999999999999645 ) ;
#4477 = CYLINDRICAL_SURFACE ( 'NONE', #1771, 6.250000000000000000 ) ;
#4478 = AXIS2_PLACEMENT_3D ( 'NONE', #5566, #7503, #1971 ) ;
#4479 = PLANE ( 'NONE',  #2002 ) ;
#4480 = ORIENTED_EDGE ( 'NONE', *, *, #3566, .F. ) ;
#4481 = EDGE_CURVE ( 'NONE', #2956, #4956, #5244, .T. ) ;
#4482 = EDGE_LOOP ( 'NONE', ( #5612, #4777, #3121, #6570 ) ) ;
#4483 = ADVANCED_FACE ( 'NONE', ( #906 ), #2031, .T. ) ;
#4484 = FACE_OUTER_BOUND ( 'NONE', #7814, .T. ) ;
#4485 = DIRECTION ( 'NONE',  ( 0.000000000000000000, 0.000000000000000000, -1.000000000000000000 ) ) ;
#4486 = PLANE ( 'NONE',  #3467 ) ;
#4487 = ORIENTED_EDGE ( 'NONE', *, *, #5123, .F. ) ;
#4488 = CARTESIAN_POINT ( 'NONE',  ( -12.39839375865887305, 7.749999999999872990, 1.734723475976807094E-15 ) ) ;
#4489 = FACE_OUTER_BOUND ( 'NONE', #3164, .T. ) ;
#4490 = EDGE_CURVE ( 'NONE', #6853, #5683, #7303, .T. ) ;
#4491 = ORIENTED_EDGE ( 'NONE', *, *, #1188, .T. ) ;
#4492 = FACE_OUTER_BOUND ( 'NONE', #1710, .T. ) ;
#4493 = CARTESIAN_POINT ( 'NONE',  ( -1.500000000000000222, -13.10000000000000142, 2.500000000000000000 ) ) ;
#4494 = LINE ( 'NONE', #6967, #1330 ) ;
#4495 = VERTEX_POINT ( 'NONE', #2836 ) ;
#4496 = CARTESIAN_POINT ( 'NONE',  ( -1.310736671883383948E-16, -4.824967782649119741, -3.412860710371246498 ) ) ;
#4497 = VERTEX_POINT ( 'NONE', #5290 ) ;
#4498 = DIRECTION ( 'NONE',  ( -0.000000000000000000, -0.000000000000000000, -1.000000000000000000 ) ) ;
#4499 = EDGE_CURVE ( 'NONE', #1784, #7904, #7575, .T. ) ;
#4500 = EDGE_LOOP ( 'NONE', ( #4200, #4555, #7067, #1702, #6411 ) ) ;
#4501 = ORIENTED_EDGE ( 'NONE', *, *, #3293, .T. ) ;
#4502 = LINE ( 'NONE', #7621, #1453 ) ;
#4503 = DIRECTION ( 'NONE',  ( 1.000000000000000000, 0.000000000000000000, 0.000000000000000000 ) ) ;
#4504 = CLOSED_SHELL ( 'NONE', ( #3216, #2946, #295, #366, #1527, #159, #5186, #6625, #5261, #4662, #3994, #2095, #7302, #4226, #7494, #3027, #4824, #4391, #3589, #7072, #3860, #4298, #7708, #4337, #1372, #6420, #439, #941, #6185, #4902, #951, #3752, #931, #4461, #2179, #7265, #1730, #4559, #7001, #2505, #6196, #4266, #3008, #6691, #1602, #3387, #1121, #5092, #2945, #304, #1199, #3048, #1581, #3348, #6275, #3719, #3417, #5248, #7313, #3340, #1228, #4726, #7931, #5370, #1781, #1005, #48, #5170, #4096, #3832, #3809, #4047, #6263, #2317, #1452, #794, #866, #6955, #4127, #7941, #1658, #249, #1344, #2228, #5516, #5383, #4531, #6537, #7240, #4979 ) ) ;
#4505 = CIRCLE ( 'NONE', #1028, 2.100000000000000089 ) ;
#4506 = CARTESIAN_POINT ( 'NONE',  ( -18.50000000000000355, 2.265596578422603396E-15, -29.00000000000000000 ) ) ;
#4507 = EDGE_LOOP ( 'NONE', ( #6794, #3125, #4007, #3808 ) ) ;
#4508 = CARTESIAN_POINT ( 'NONE',  ( -7.750000000000063061, 13.42339375865876505, -4.000000000000000000 ) ) ;
#4509 = FACE_OUTER_BOUND ( 'NONE', #2624, .T. ) ;
#4510 = ORIENTED_EDGE ( 'NONE', *, *, #6930, .T. ) ;
#4511 = AXIS2_PLACEMENT_3D ( 'NONE', #2417, #4840, #7304 ) ;
#4512 = EDGE_LOOP ( 'NONE', ( #6718, #7509, #3716, #3556, #2048, #6894 ) ) ;
#4513 = CIRCLE ( 'NONE', #5808, 6.000000000000000888 ) ;
#4514 = LINE ( 'NONE', #812, #481 ) ;
#4515 = CARTESIAN_POINT ( 'NONE',  ( 2.500000000000000000, 0.5868294695848252918, 21.44535503451862724 ) ) ;
#4516 = DIRECTION ( 'NONE',  ( -0.000000000000000000, -0.000000000000000000, 1.000000000000000000 ) ) ;
#4517 = DIRECTION ( 'NONE',  ( 0.8331258114970219175, 0.5530835219181897688, 0.000000000000000000 ) ) ;
#4518 = ORIENTED_EDGE ( 'NONE', *, *, #3103, .F. ) ;
#4519 = VERTEX_POINT ( 'NONE', #3709 ) ;
#4520 = CARTESIAN_POINT ( 'NONE',  ( -13.42339375865876328, 7.750000000000064837, -1.600000000000000089 ) ) ;
#4521 = CARTESIAN_POINT ( 'NONE',  ( 8.131727983645317792, 10.96015510839147566, 0.000000000000000000 ) ) ;
#4522 = EDGE_CURVE ( 'NONE', #3806, #5687, #2375, .T. ) ;
#4523 = EDGE_CURVE ( 'NONE', #5130, #4786, #2949, .T. ) ;
#4524 = DIRECTION ( 'NONE',  ( -0.000000000000000000, 0.5000000000000009992, 0.8660254037844381525 ) ) ;
#4525 = ORIENTED_EDGE ( 'NONE', *, *, #4400, .F. ) ;
#4526 = FACE_OUTER_BOUND ( 'NONE', #4482, .T. ) ;
#4527 = CARTESIAN_POINT ( 'NONE',  ( 1.380817672985122258, -0.1007578817157863543, 0.1007578817157860074 ) ) ;
#4528 = VERTEX_POINT ( 'NONE', #4231 ) ;
#4529 = CARTESIAN_POINT ( 'NONE',  ( -10.12798173725399309, -12.95640886199998221, -2.762336163841304426 ) ) ;
#4530 = DIRECTION ( 'NONE',  ( 0.9899837497469133885, -0.09983029409212607064, 0.09983029409212572369 ) ) ;
#4531 = ADVANCED_FACE ( 'NONE', ( #4843 ), #4211, .T. ) ;
#4532 = CARTESIAN_POINT ( 'NONE',  ( -9.210453198919836382, 7.800955010281826141, 0.000000000000000000 ) ) ;
#4533 = EDGE_LOOP ( 'NONE', ( #6733, #4616, #106, #3003 ) ) ;
#4534 = CARTESIAN_POINT ( 'NONE',  ( 8.521067811865490782, 7.321067811865461294, -5.942787793912431837 ) ) ;
#4535 = ORIENTED_EDGE ( 'NONE', *, *, #4400, .T. ) ;
#4536 = DIRECTION ( 'NONE',  ( 1.000000000000000000, 0.000000000000000000, 0.000000000000000000 ) ) ;
#4537 = CIRCLE ( 'NONE', #301, 1.449999999999999956 ) ;
#4538 = PRODUCT ( 'pan cross head_am_B18.6.7M - M2 x 0.4 x 25 Type I Cross Recessed PHMS --25N', 'pan cross head_am_B18.6.7M - M2 x 0.4 x 25 Type I Cross Recessed PHMS --25N', '', ( #4398 ) ) ;
#4539 = DIRECTION ( 'NONE',  ( 0.7071067811865485719, 0.7071067811865465735, 0.000000000000000000 ) ) ;
#4540 = CARTESIAN_POINT ( 'NONE',  ( -10.60660171779822392, -5.656854249492355713, -2.500000000000000000 ) ) ;
#4541 = EDGE_CURVE ( 'NONE', #4804, #2365, #6703, .T. ) ;
#4542 = DIRECTION ( 'NONE',  ( -0.1003315022614176544, 0.000000000000000000, 0.9949540640923917323 ) ) ;
#4543 = ORIENTED_EDGE ( 'NONE', *, *, #4969, .F. ) ;
#4544 = AXIS2_PLACEMENT_3D ( 'NONE', #7524, #3283, #6917 ) ;
#4545 = CARTESIAN_POINT ( 'NONE',  ( 6.000000000000000888, 7.347880794884120722E-16, 6.000000000000000000 ) ) ;
#4546 = ORIENTED_EDGE ( 'NONE', *, *, #2601, .F. ) ;
#4547 = VERTEX_POINT ( 'NONE', #6663 ) ;
#4548 = CARTESIAN_POINT ( 'NONE',  ( 1.600000000000000755, 0.000000000000000000, 0.000000000000000000 ) ) ;
#4549 = EDGE_CURVE ( 'NONE', #976, #2287, #2808, .T. ) ;
#4550 = VECTOR ( 'NONE', #5537, 1000.000000000000000 ) ;
#4551 = VECTOR ( 'NONE', #1142, 1000.000000000000000 ) ;
#4552 = CARTESIAN_POINT ( 'NONE',  ( 10.96015510839150409, -8.131727983645280489, 0.000000000000000000 ) ) ;
#4553 = CARTESIAN_POINT ( 'NONE',  ( 9.097493432178476169, 7.867649090097940778, 1.355252715606880543E-17 ) ) ;
#4554 = DIRECTION ( 'NONE',  ( 0.9949540640923917323, -0.1003315022614176544, -3.503055678438373771E-16 ) ) ;
#4555 = ORIENTED_EDGE ( 'NONE', *, *, #6527, .T. ) ;
#4556 = AXIS2_PLACEMENT_3D ( 'NONE', #5818, #2782, #286 ) ;
#4557 = DIRECTION ( 'NONE',  ( -0.000000000000000000, -0.000000000000000000, 1.000000000000000000 ) ) ;
#4558 = DIRECTION ( 'NONE',  ( -0.7654371420443020213, 0.6435106693591420290, -8.944667923005427358E-15 ) ) ;
#4559 = ADVANCED_FACE ( 'NONE', ( #617 ), #6739, .F. ) ;
#4560 = CARTESIAN_POINT ( 'NONE',  ( -2.602085213965210642E-15, -15.49999999999999822, -1.734723475976807094E-15 ) ) ;
#4561 = STYLED_ITEM ( 'NONE', ( #4707 ), #5989 ) ;
#4562 = FACE_OUTER_BOUND ( 'NONE', #6831, .T. ) ;
#4563 = ORIENTED_EDGE ( 'NONE', *, *, #6100, .T. ) ;
#4564 = DIRECTION ( 'NONE',  ( 1.000000000000000000, 0.000000000000000000, 0.000000000000000000 ) ) ;
#4565 = CYLINDRICAL_SURFACE ( 'NONE', #7829, 16.50000000000000000 ) ;
#4566 = CARTESIAN_POINT ( 'NONE',  ( 1.500000000000000666, -0.1250000000000008049, 4.899519052838331667 ) ) ;
#4567 = DIRECTION ( 'NONE',  ( 1.000000000000000000, 0.000000000000000000, 0.000000000000000000 ) ) ;
#4568 = CARTESIAN_POINT ( 'NONE',  ( -8.907521186990905449, 7.632926252019963442, 0.000000000000000000 ) ) ;
#4569 = VECTOR ( 'NONE', #4872, 1000.000000000000000 ) ;
#4570 = ORIENTED_EDGE ( 'NONE', *, *, #3317, .T. ) ;
#4571 = LINE ( 'NONE', #1520, #2391 ) ;
#4572 = ORIENTED_EDGE ( 'NONE', *, *, #4059, .F. ) ;
#4573 = CARTESIAN_POINT ( 'NONE',  ( -1.710100716628346840, -4.698463103929539919, 2.499999999999999556 ) ) ;
#4574 = CONICAL_SURFACE ( 'NONE', #852, 1.599999999999999867, 0.7853981633974482790 ) ;
#4575 = EDGE_CURVE ( 'NONE', #3912, #5348, #6294, .T. ) ;
#4576 = ADVANCED_FACE ( 'NONE', ( #2420 ), #3833, .T. ) ;
#4577 = DIRECTION ( 'NONE',  ( -0.000000000000000000, -0.000000000000000000, -1.000000000000000000 ) ) ;
#4578 = CARTESIAN_POINT ( 'NONE',  ( -9.304776394420709806, 6.800967691122396630, -0.8417701225365997741 ) ) ;
#4579 = AXIS2_PLACEMENT_3D ( 'NONE', #719, #7259, #7491 ) ;
#4580 = LINE ( 'NONE', #7051, #6505 ) ;
#4581 = EDGE_LOOP ( 'NONE', ( #1404, #1721 ) ) ;
#4582 = CARTESIAN_POINT ( 'NONE',  ( 0.000000000000000000, 0.000000000000000000, -4.000000000000003553 ) ) ;
#4583 = PLANE ( 'NONE',  #4679 ) ;
#4584 = ORIENTED_EDGE ( 'NONE', *, *, #6616, .T. ) ;
#4585 = ORIENTED_EDGE ( 'NONE', *, *, #3045, .T. ) ;
#4586 = EDGE_CURVE ( 'NONE', #7553, #4160, #1231, .T. ) ;
#4587 = VECTOR ( 'NONE', #1559, 1000.000000000000000 ) ;
#4588 = FACE_OUTER_BOUND ( 'NONE', #2041, .T. ) ;
#4589 = VECTOR ( 'NONE', #2232, 1000.000000000000000 ) ;
#4590 = CIRCLE ( 'NONE', #2401, 0.7999999999999864997 ) ;
#4591 = AXIS2_PLACEMENT_3D ( 'NONE', #1252, #657, #5493 ) ;
#4592 = LINE ( 'NONE', #2178, #441 ) ;
#4593 = CARTESIAN_POINT ( 'NONE',  ( 8.977365845191680904, 7.637889082510135097, 0.000000000000000000 ) ) ;
#4594 = CARTESIAN_POINT ( 'NONE',  ( 0.000000000000000000, 7.000000000000000000, 0.000000000000000000 ) ) ;
#4595 = VERTEX_POINT ( 'NONE', #655 ) ;
#4596 = ORIENTED_EDGE ( 'NONE', *, *, #316, .T. ) ;
#4597 = AXIS2_PLACEMENT_3D ( 'NONE', #4945, #7406, #3004 ) ;
#4598 = EDGE_CURVE ( 'NONE', #7787, #219, #6783, .T. ) ;
#4599 = AXIS2_PLACEMENT_3D ( 'NONE', #5972, #2968, #6051 ) ;
#4600 = AXIS2_PLACEMENT_3D ( 'NONE', #1054, #6033, #1090 ) ;
#4601 = DIRECTION ( 'NONE',  ( 0.000000000000000000, 0.000000000000000000, -1.000000000000000000 ) ) ;
#4602 = VECTOR ( 'NONE', #572, 1000.000000000000000 ) ;
#4603 = LINE ( 'NONE', #5201, #6908 ) ;
#4604 = APPLICATION_PROTOCOL_DEFINITION ( 'draft international standard', 'automotive_design', 1998, #5954 ) ;
#4605 = AXIS2_PLACEMENT_3D ( 'NONE', #1751, #7355, #1257 ) ;
#4606 = CIRCLE ( 'NONE', #4340, 1.299999999999998934 ) ;
#4607 = DIRECTION ( 'NONE',  ( 0.000000000000000000, 1.000000000000000000, 0.000000000000000000 ) ) ;
#4608 = ORIENTED_EDGE ( 'NONE', *, *, #6693, .T. ) ;
#4609 = DIRECTION ( 'NONE',  ( 0.000000000000000000, 0.000000000000000000, 1.000000000000000000 ) ) ;
#4610 = DIRECTION ( 'NONE',  ( 0.000000000000000000, 0.000000000000000000, 1.000000000000000000 ) ) ;
#4611 = CARTESIAN_POINT ( 'NONE',  ( 0.000000000000000000, 0.000000000000000000, -3.000000000000000000 ) ) ;
#4612 = CARTESIAN_POINT ( 'NONE',  ( 10.12807449829051620, -12.95650162303667052, -2.762074505178808703 ) ) ;
#4613 = ORIENTED_EDGE ( 'NONE', *, *, #4586, .F. ) ;
#4614 = CARTESIAN_POINT ( 'NONE',  ( 1.414213562373088928, -1.414213562373095145, 0.000000000000000000 ) ) ;
#4615 = CYLINDRICAL_SURFACE ( 'NONE', #2788, 1.000000000000000000 ) ;
#4616 = ORIENTED_EDGE ( 'NONE', *, *, #2187, .T. ) ;
#4617 = DIRECTION ( 'NONE',  ( 1.251928832280964955E-16, -1.000000000000000000, 0.000000000000000000 ) ) ;
#4618 = EDGE_LOOP ( 'NONE', ( #4425, #1488, #2441, #5755, #1533, #6177 ) ) ;
#4619 = CARTESIAN_POINT ( 'NONE',  ( -8.485281374238578422, -3.535533905932718213, -2.500000000000000000 ) ) ;
#4620 = DIRECTION ( 'NONE',  ( 1.000000000000000000, 0.000000000000000000, 0.000000000000000000 ) ) ;
#4621 = CARTESIAN_POINT ( 'NONE',  ( -1.499999999999999334, -2.518782217350889585, 6.281569860407209660 ) ) ;
#4622 = CARTESIAN_POINT ( 'NONE',  ( 1.600000000000000755, 0.000000000000000000, 0.000000000000000000 ) ) ;
#4623 = EDGE_CURVE ( 'NONE', #5023, #2473, #7559, .T. ) ;
#4624 = ADVANCED_FACE ( 'NONE', ( #495, #530, #4270, #5487, #2982 ), #5530, .T. ) ;
#4625 = CARTESIAN_POINT ( 'NONE',  ( 7.071067811865489716, 7.071067811865461294, -2.500000000000000000 ) ) ;
#4626 = VERTEX_POINT ( 'NONE', #10 ) ;
#4627 = DIRECTION ( 'NONE',  ( -0.000000000000000000, -0.000000000000000000, -1.000000000000000000 ) ) ;
#4628 = DIRECTION ( 'NONE',  ( 1.000000000000000000, 0.000000000000000000, 0.000000000000000000 ) ) ;
#4629 = VERTEX_POINT ( 'NONE', #7958 ) ;
#4630 = DIRECTION ( 'NONE',  ( -0.9949540640923917323, -0.1003315022614172103, -3.503055678438358487E-16 ) ) ;
#4631 = VECTOR ( 'NONE', #6689, 1000.000000000000000 ) ;
#4632 = EDGE_CURVE ( 'NONE', #4757, #2775, #4925, .T. ) ;
#4633 = CARTESIAN_POINT ( 'NONE',  ( 12.39839375865876292, 7.750000000000064837, 1.734723475976807094E-15 ) ) ;
#4634 = CARTESIAN_POINT ( 'NONE',  ( 8.938722351224400953, 7.803706009677044086, 0.000000000000000000 ) ) ;
#4635 = LINE ( 'NONE', #7748, #7676 ) ;
#4636 = VERTEX_POINT ( 'NONE', #1862 ) ;
#4637 = ORIENTED_EDGE ( 'NONE', *, *, #2641, .F. ) ;
#4638 = VECTOR ( 'NONE', #4914, 1000.000000000000000 ) ;
#4639 = DIRECTION ( 'NONE',  ( 1.000000000000000000, 0.000000000000000000, 0.000000000000000000 ) ) ;
#4640 = DIRECTION ( 'NONE',  ( 1.000000000000000000, 0.000000000000000000, 0.000000000000000000 ) ) ;
#4641 = APPLICATION_PROTOCOL_DEFINITION ( 'draft international standard', 'automotive_design', 1998, #7446 ) ;
#4642 = EDGE_CURVE ( 'NONE', #7058, #7243, #5763, .T. ) ;
#4643 = AXIS2_PLACEMENT_3D ( 'NONE', #3535, #1660, #1774 ) ;
#4644 = CARTESIAN_POINT ( 'NONE',  ( -9.119273988527881514, 7.764583142889050826, -0.04357070770814301663 ) ) ;
#4645 = EDGE_LOOP ( 'NONE', ( #1437, #1359, #1998, #4546 ) ) ;
#4646 = CARTESIAN_POINT ( 'NONE',  ( 15.50000000000000000, 0.000000000000000000, -4.000000000000000000 ) ) ;
#4647 = VERTEX_POINT ( 'NONE', #3547 ) ;
#4648 = DIRECTION ( 'NONE',  ( -0.7071067811865469066, 0.000000000000000000, -0.7071067811865482389 ) ) ;
#4649 = SHAPE_REPRESENTATION_RELATIONSHIP ( 'NONE' , 'NONE' ,  #6778, #6020 ) ;
#4650 = EDGE_CURVE ( 'NONE', #3581, #5160, #5408, .T. ) ;
#4651 = EDGE_CURVE ( 'NONE', #5188, #1613, #6784, .T. ) ;
#4652 = ORIENTED_EDGE ( 'NONE', *, *, #168, .F. ) ;
#4653 = DIRECTION ( 'NONE',  ( 0.000000000000000000, 0.000000000000000000, 1.000000000000000000 ) ) ;
#4654 = DIRECTION ( 'NONE',  ( 1.000000000000000000, 0.000000000000000000, 0.000000000000000000 ) ) ;
#4655 = ORIENTED_EDGE ( 'NONE', *, *, #5322, .F. ) ;
#4656 = CARTESIAN_POINT ( 'NONE',  ( 9.429156817667474044, 6.698027035738486568, -1.000000000000000000 ) ) ;
#4657 = VERTEX_POINT ( 'NONE', #3749 ) ;
#4658 = DIRECTION ( 'NONE',  ( 1.000000000000000000, 0.000000000000000000, -0.000000000000000000 ) ) ;
#4659 = CARTESIAN_POINT ( 'NONE',  ( 0.000000000000000000, 0.000000000000000000, -4.000000000000000000 ) ) ;
#4660 = DIRECTION ( 'NONE',  ( -0.000000000000000000, -0.000000000000000000, 1.000000000000000000 ) ) ;
#4661 = CARTESIAN_POINT ( 'NONE',  ( -15.50000000000000000, 0.000000000000000000, 0.000000000000000000 ) ) ;
#4662 = ADVANCED_FACE ( 'NONE', ( #5614 ), #5008, .T. ) ;
#4663 = AXIS2_PLACEMENT_3D ( 'NONE', #6907, #7675, #2674 ) ;
#4664 = VERTEX_POINT ( 'NONE', #3145 ) ;
#4665 = CARTESIAN_POINT ( 'NONE',  ( 1.299999999999996714, -15.50000000000000000, 0.000000000000000000 ) ) ;
#4666 = EDGE_LOOP ( 'NONE', ( #5333, #5072, #1734, #6979 ) ) ;
#4667 = CARTESIAN_POINT ( 'NONE',  ( 2.500000000000000444, 1.658312395177699905, 20.99999999999999289 ) ) ;
#4668 = VERTEX_POINT ( 'NONE', #4042 ) ;
#4669 = CIRCLE ( 'NONE', #5054, 16.50000000000000000 ) ;
#4670 = PRODUCT_RELATED_PRODUCT_CATEGORY ( 'part', '', ( #5425 ) ) ;
#4671 = EDGE_CURVE ( 'NONE', #2809, #7121, #1020, .T. ) ;
#4672 = FACE_OUTER_BOUND ( 'NONE', #4319, .T. ) ;
#4673 = CIRCLE ( 'NONE', #3509, 3.198942222936095536 ) ;
#4674 = CARTESIAN_POINT ( 'NONE',  ( -10.96015510839155915, -8.131727983645202329, 0.000000000000000000 ) ) ;
#4675 = CYLINDRICAL_SURFACE ( 'NONE', #4643, 4.400000000000001243 ) ;
#4676 = DIRECTION ( 'NONE',  ( 1.000000000000000000, 0.000000000000000000, 0.000000000000000000 ) ) ;
#4677 = EDGE_LOOP ( 'NONE', ( #5095, #7232, #2729, #6660 ) ) ;
#4678 = ORIENTED_EDGE ( 'NONE', *, *, #5618, .T. ) ;
#4679 = AXIS2_PLACEMENT_3D ( 'NONE', #281, #2697, #1098 ) ;
#4680 = EDGE_CURVE ( 'NONE', #6578, #7552, #731, .T. ) ;
#4681 = EDGE_CURVE ( 'NONE', #3672, #6498, #7816, .T. ) ;
#4682 = CIRCLE ( 'NONE', #2876, 4.400000000000001243 ) ;
#4683 = DIRECTION ( 'NONE',  ( 0.000000000000000000, 0.000000000000000000, 1.000000000000000000 ) ) ;
#4684 = LINE ( 'NONE', #7186, #1230 ) ;
#4685 = AXIS2_PLACEMENT_3D ( 'NONE', #3494, #2293, #5312 ) ;
#4686 = DIRECTION ( 'NONE',  ( 0.000000000000000000, 0.000000000000000000, 1.000000000000000000 ) ) ;
#4687 = ORIENTED_EDGE ( 'NONE', *, *, #2407, .F. ) ;
#4688 = CARTESIAN_POINT ( 'NONE',  ( 8.521067811865490782, 6.821067811865461294, -2.500000000000000000 ) ) ;
#4689 = ORIENTED_EDGE ( 'NONE', *, *, #6031, .T. ) ;
#4690 = EDGE_CURVE ( 'NONE', #1170, #1237, #4006, .T. ) ;
#4691 = DIRECTION ( 'NONE',  ( 1.000000000000000000, 0.000000000000000000, 0.000000000000000000 ) ) ;
#4692 = CONICAL_SURFACE ( 'NONE', #3651, 11.63602976573380055, 0.3490658503988721129 ) ;
#4693 =( LENGTH_UNIT ( ) NAMED_UNIT ( * ) SI_UNIT ( .MILLI., .METRE. ) );
#4694 = ORIENTED_EDGE ( 'NONE', *, *, #6729, .F. ) ;
#4695 = FACE_OUTER_BOUND ( 'NONE', #5862, .T. ) ;
#4696 = DIRECTION ( 'NONE',  ( -0.000000000000000000, -0.000000000000000000, -1.000000000000000000 ) ) ;
#4697 = ORIENTED_EDGE ( 'NONE', *, *, #6168, .T. ) ;
#4698 = CARTESIAN_POINT ( 'NONE',  ( -9.238842190220072581, 7.767187134470159293, 0.000000000000000000 ) ) ;
#4699 = ORIENTED_EDGE ( 'NONE', *, *, #3438, .F. ) ;
#4700 = CARTESIAN_POINT ( 'NONE',  ( -8.485281374238578422, -3.535533905932718213, -2.500000000000000000 ) ) ;
#4701 = EDGE_CURVE ( 'NONE', #7033, #6509, #5838, .T. ) ;
#4702 = LINE ( 'NONE', #2202, #5452 ) ;
#4703 = CARTESIAN_POINT ( 'NONE',  ( 7.321067811865490604, 8.499353497574031024, -2.500000000000000000 ) ) ;
#4704 = VECTOR ( 'NONE', #3292, 1000.000000000000000 ) ;
#4705 = AXIS2_PLACEMENT_3D ( 'NONE', #444, #6577, #2251 ) ;
#4706 = ORIENTED_EDGE ( 'NONE', *, *, #2478, .F. ) ;
#4707 = PRESENTATION_STYLE_ASSIGNMENT (( #7776 ) ) ;
#4708 = ORIENTED_EDGE ( 'NONE', *, *, #6986, .F. ) ;
#4709 = DIRECTION ( 'NONE',  ( 1.000000000000000000, 0.000000000000000000, 0.000000000000000000 ) ) ;
#4710 = APPLICATION_CONTEXT ( 'automotive_design' ) ;
#4711 = ORIENTED_EDGE ( 'NONE', *, *, #5749, .F. ) ;
#4712 = CARTESIAN_POINT ( 'NONE',  ( 11.32339375865887376, 7.749999999999872990, -1.600000000000000089 ) ) ;
#4713 = LINE ( 'NONE', #1116, #1074 ) ;
#4714 = FILL_AREA_STYLE ('',( #1154 ) ) ;
#4715 = CARTESIAN_POINT ( 'NONE',  ( 0.000000000000000000, 0.000000000000000000, -1.000000000000000000 ) ) ;
#4716 = ORIENTED_EDGE ( 'NONE', *, *, #618, .F. ) ;
#4717 = CIRCLE ( 'NONE', #6393, 11.65997827399141862 ) ;
#4718 = ORIENTED_EDGE ( 'NONE', *, *, #7264, .F. ) ;
#4719 = PRODUCT ( 'SHAFT COUPLER, JGB37-520', 'SHAFT COUPLER, JGB37-520', '', ( #3542 ) ) ;
#4720 = VECTOR ( 'NONE', #4152, 1000.000000000000000 ) ;
#4721 = CARTESIAN_POINT ( 'NONE',  ( -12.62339375865888513, 7.749999999999872990, -4.000000000000003553 ) ) ;
#4722 = DIRECTION ( 'NONE',  ( -1.000000000000000000, 0.000000000000000000, 0.000000000000000000 ) ) ;
#4723 = AXIS2_PLACEMENT_3D ( 'NONE', #4496, #5840, #835 ) ;
#4724 = EDGE_CURVE ( 'NONE', #4664, #976, #5335, .T. ) ;
#4725 = VECTOR ( 'NONE', #1438, 1000.000000000000114 ) ;
#4726 = ADVANCED_FACE ( 'NONE', ( #1518 ), #3967, .F. ) ;
#4727 = CARTESIAN_POINT ( 'NONE',  ( -9.034953759700579567, 7.798978403417410554, -0.02364528307055271950 ) ) ;
#4728 = ORIENTED_EDGE ( 'NONE', *, *, #4831, .F. ) ;
#4729 = AXIS2_PLACEMENT_3D ( 'NONE', #6735, #1198, #6819 ) ;
#4730 = CARTESIAN_POINT ( 'NONE',  ( -13.42339375865887163, 7.749999999999872990, 1.734723475976807094E-15 ) ) ;
#4731 = VERTEX_POINT ( 'NONE', #2159 ) ;
#4732 = VECTOR ( 'NONE', #5009, 1000.000000000000114 ) ;
#4733 = CIRCLE ( 'NONE', #1244, 5.400000000000000355 ) ;
#4734 = CARTESIAN_POINT ( 'NONE',  ( -13.08147545195122241, -10.25304832720482473, -3.000000000000000000 ) ) ;
#4735 = AXIS2_PLACEMENT_3D ( 'NONE', #7202, #4658, #7122 ) ;
#4736 = CIRCLE ( 'NONE', #101, 1.599999999999999867 ) ;
#4737 = VECTOR ( 'NONE', #4886, 1000.000000000000000 ) ;
#4738 = ORIENTED_EDGE ( 'NONE', *, *, #1974, .F. ) ;
#4739 = EDGE_CURVE ( 'NONE', #7219, #3606, #5893, .T. ) ;
#4740 = CARTESIAN_POINT ( 'NONE',  ( 1.500000000000000666, -0.3750000000000001665, 4.466506350946112036 ) ) ;
#4741 = CARTESIAN_POINT ( 'NONE',  ( 8.999999999999964473, 13.42339375865881657, -0.3500000000000030864 ) ) ;
#4742 = ORIENTED_EDGE ( 'NONE', *, *, #908, .T. ) ;
#4743 = DIRECTION ( 'NONE',  ( -0.000000000000000000, -0.000000000000000000, -1.000000000000000000 ) ) ;
#4744 = CARTESIAN_POINT ( 'NONE',  ( 9.166914626814625322, 7.706716911730780772, -0.06579798566743250143 ) ) ;
#4745 = CARTESIAN_POINT ( 'NONE',  ( -1.966615824122599276, 5.403232569518970685, -3.000000000000000000 ) ) ;
#4746 = DIRECTION ( 'NONE',  ( -0.000000000000000000, -0.000000000000000000, 1.000000000000000000 ) ) ;
#4747 = ADVANCED_FACE ( 'NONE', ( #7155 ), #345, .F. ) ;
#4748 = ORIENTED_EDGE ( 'NONE', *, *, #3959, .F. ) ;
#4749 = VERTEX_POINT ( 'NONE', #3445 ) ;
#4750 = FACE_OUTER_BOUND ( 'NONE', #3941, .T. ) ;
#4751 = EDGE_LOOP ( 'NONE', ( #6209, #4372, #5522, #5722 ) ) ;
#4752 = DIRECTION ( 'NONE',  ( -0.1003315022614172242, 0.9949540640923918433, 3.504040578453098130E-15 ) ) ;
#4753 = EDGE_CURVE ( 'NONE', #1130, #3033, #4123, .T. ) ;
#4754 = CARTESIAN_POINT ( 'NONE',  ( 0.000000000000000000, 0.000000000000000000, -0.06579798566743247368 ) ) ;
#4755 = FACE_OUTER_BOUND ( 'NONE', #1922, .T. ) ;
#4756 = ORIENTED_EDGE ( 'NONE', *, *, #1536, .T. ) ;
#4757 = VERTEX_POINT ( 'NONE', #6593 ) ;
#4758 = B_SPLINE_CURVE_WITH_KNOTS ( 'NONE', 3,
 ( #1950, #4978, #113, #2470, #2560, #4939 ),
 .UNSPECIFIED., .F., .F.,
 ( 4, 2, 4 ),
 ( 2.371692252312040949E-19, 0.0003745785984150941470, 0.0007491571968301880772 ),
 .UNSPECIFIED. ) ;
#4759 = CYLINDRICAL_SURFACE ( 'NONE', #5253, 18.50000000000000355 ) ;
#4760 = DIRECTION ( 'NONE',  ( 1.000000000000000000, 0.000000000000000000, -0.000000000000000000 ) ) ;
#4761 = APPLICATION_PROTOCOL_DEFINITION ( 'draft international standard', 'automotive_design', 1998, #3983 ) ;
#4762 = VECTOR ( 'NONE', #5527, 1000.000000000000114 ) ;
#4763 = AXIS2_PLACEMENT_3D ( 'NONE', #5895, #2855, #5273 ) ;
#4764 = VECTOR ( 'NONE', #2009, 1000.000000000000000 ) ;
#4765 = CARTESIAN_POINT ( 'NONE',  ( -9.005324715606203512, 7.769463577454264858, -0.02860926142549716916 ) ) ;
#4766 = EDGE_LOOP ( 'NONE', ( #90, #932, #1180, #6211, #4346 ) ) ;
#4767 = CARTESIAN_POINT ( 'NONE',  ( -10.96015510839155915, -8.131727983645202329, 0.000000000000000000 ) ) ;
#4768 = ORIENTED_EDGE ( 'NONE', *, *, #341, .T. ) ;
#4769 = CIRCLE ( 'NONE', #3350, 16.50000000000000000 ) ;
#4770 = CARTESIAN_POINT ( 'NONE',  ( -1.500000000000000222, 0.2500000000000000000, -4.249999999999998224 ) ) ;
#4771 = PRODUCT_RELATED_PRODUCT_CATEGORY ( 'part', '', ( #7878 ) ) ;
#4772 = EDGE_CURVE ( 'NONE', #446, #501, #4089, .T. ) ;
#4773 = CIRCLE ( 'NONE', #7867, 1.299999999999999156 ) ;
#4774 = EDGE_LOOP ( 'NONE', ( #898, #6493, #4190, #7449, #72, #622 ) ) ;
#4775 = CARTESIAN_POINT ( 'NONE',  ( -6.500000000000066613, 13.42339375865876505, -0.3500000000000030864 ) ) ;
#4776 = DIRECTION ( 'NONE',  ( 1.000000000000000000, 0.000000000000000000, 0.000000000000000000 ) ) ;
#4777 = ORIENTED_EDGE ( 'NONE', *, *, #7465, .T. ) ;
#4778 = LINE ( 'NONE', #2234, #3682 ) ;
#4779 = CARTESIAN_POINT ( 'NONE',  ( -9.185245704531544320, 7.722128032309805157, -2.710505431213760469E-17 ) ) ;
#4780 = CARTESIAN_POINT ( 'NONE',  ( -8.131727983645394175, -10.96015510839141882, 0.000000000000000000 ) ) ;
#4781 = CARTESIAN_POINT ( 'NONE',  ( 2.882050807568877548, -1.321891108675438797, 5.590544456622766667 ) ) ;
#4782 = ADVANCED_FACE ( 'NONE', ( #946 ), #4615, .T. ) ;
#4783 = CARTESIAN_POINT ( 'NONE',  ( -7.749999999999874767, -13.42339375865886986, 0.000000000000000000 ) ) ;
#4784 = EDGE_LOOP ( 'NONE', ( #5882, #4278, #5978, #7382 ) ) ;
#4785 =( NAMED_UNIT ( * ) PLANE_ANGLE_UNIT ( ) SI_UNIT ( $, .RADIAN. ) );
#4786 = VERTEX_POINT ( 'NONE', #5920 ) ;
#4787 = FACE_OUTER_BOUND ( 'NONE', #887, .T. ) ;
#4788 = VERTEX_POINT ( 'NONE', #5957 ) ;
#4789 = ADVANCED_FACE ( 'NONE', ( #424 ), #386, .F. ) ;
#4790 = LINE ( 'NONE', #1004, #4335 ) ;
#4791 = CARTESIAN_POINT ( 'NONE',  ( 6.821067811865489716, 7.321067811865461294, -2.500000000000000000 ) ) ;
#4792 = DIRECTION ( 'NONE',  ( 1.000000000000000000, 0.000000000000000000, 0.000000000000000000 ) ) ;
#4793 =( LENGTH_UNIT ( ) NAMED_UNIT ( * ) SI_UNIT ( .MILLI., .METRE. ) );
#4794 = ORIENTED_EDGE ( 'NONE', *, *, #7357, .F. ) ;
#4795 = VERTEX_POINT ( 'NONE', #5295 ) ;
#4796 = EDGE_CURVE ( 'NONE', #1558, #445, #2309, .T. ) ;
#4797 = CARTESIAN_POINT ( 'NONE',  ( -6.250000000000000000, 7.000000000000000888, -4.000000000000000000 ) ) ;
#4798 = CARTESIAN_POINT ( 'NONE',  ( 7.071067811865489716, 7.071067811865461294, -2.500000000000000000 ) ) ;
#4799 = CIRCLE ( 'NONE', #6730, 1.024999999999999911 ) ;
#4800 = DIRECTION ( 'NONE',  ( 1.000000000000000000, 0.000000000000000000, 0.000000000000000000 ) ) ;
#4801 = EDGE_LOOP ( 'NONE', ( #4999, #6792, #4154, #4224 ) ) ;
#4802 = DIRECTION ( 'NONE',  ( 0.7071067811865483499, -0.7071067811865465735, 0.000000000000000000 ) ) ;
#4803 =( GEOMETRIC_REPRESENTATION_CONTEXT ( 3 ) GLOBAL_UNCERTAINTY_ASSIGNED_CONTEXT ( ( #5436 ) ) GLOBAL_UNIT_ASSIGNED_CONTEXT ( ( #3476, #5877, #7194 ) ) REPRESENTATION_CONTEXT ( 'NONE', 'WORKASPACE' ) );
#4804 = VERTEX_POINT ( 'NONE', #4741 ) ;
#4805 = DIRECTION ( 'NONE',  ( 0.000000000000000000, 0.000000000000000000, -1.000000000000000000 ) ) ;
#4806 = CARTESIAN_POINT ( 'NONE',  ( -8.999999999999870326, -13.42339375865886986, -4.000000000000000000 ) ) ;
#4807 =( LENGTH_UNIT ( ) NAMED_UNIT ( * ) SI_UNIT ( .MILLI., .METRE. ) );
#4808 = AXIS2_PLACEMENT_3D ( 'NONE', #3399, #7233, #461 ) ;
#4809 = CIRCLE ( 'NONE', #3514, 6.000000000000000888 ) ;
#4810 = CARTESIAN_POINT ( 'NONE',  ( 16.50000000000000355, 0.000000000000000000, -19.50000000000000000 ) ) ;
#4811 = CARTESIAN_POINT ( 'NONE',  ( -11.32339375865876363, 7.750000000000064837, 0.000000000000000000 ) ) ;
#4812 = ORIENTED_EDGE ( 'NONE', *, *, #5392, .F. ) ;
#4813 = CARTESIAN_POINT ( 'NONE',  ( -17.00000000000000000, 2.081899558550500280E-15, -4.000000000000000000 ) ) ;
#4814 = CARTESIAN_POINT ( 'NONE',  ( 4.676537180435965446, 2.700000000000006839, -3.000000000000000000 ) ) ;
#4815 = CYLINDRICAL_SURFACE ( 'NONE', #1847, 2.000000000000000000 ) ;
#4816 = CIRCLE ( 'NONE', #2758, 16.00000000000000355 ) ;
#4817 = CARTESIAN_POINT ( 'NONE',  ( 2.500000000000000444, 1.658312395177699905, 9.499999999999998224 ) ) ;
#4818 = CARTESIAN_POINT ( 'NONE',  ( 9.335235707365546531, 6.701034901301980540, -0.9342020143325688863 ) ) ;
#4819 = DIRECTION ( 'NONE',  ( -0.000000000000000000, -0.000000000000000000, 1.000000000000000000 ) ) ;
#4820 = CONICAL_SURFACE ( 'NONE', #839, 1.599999999999999867, 0.7853981633974495002 ) ;
#4821 = ORIENTED_EDGE ( 'NONE', *, *, #6061, .F. ) ;
#4822 = EDGE_CURVE ( 'NONE', #7033, #1439, #5227, .T. ) ;
#4823 = DIRECTION ( 'NONE',  ( 1.000000000000000000, 0.000000000000000000, 0.000000000000000000 ) ) ;
#4824 = ADVANCED_FACE ( 'NONE', ( #6439 ), #912, .F. ) ;
#4825 = EDGE_LOOP ( 'NONE', ( #6337, #5264, #6533, #7490 ) ) ;
#4826 = PLANE ( 'NONE',  #1897 ) ;
#4827 = ORIENTED_EDGE ( 'NONE', *, *, #1941, .T. ) ;
#4828 = VECTOR ( 'NONE', #4892, 1000.000000000000000 ) ;
#4829 = CARTESIAN_POINT ( 'NONE',  ( 0.000000000000000000, 0.000000000000000000, 0.000000000000000000 ) ) ;
#4830 = CARTESIAN_POINT ( 'NONE',  ( 8.907521186990905449, 7.632926252019963442, -0.1000000000000000056 ) ) ;
#4831 = EDGE_CURVE ( 'NONE', #207, #4305, #7890, .T. ) ;
#4832 = DIRECTION ( 'NONE',  ( -0.000000000000000000, -0.000000000000000000, -1.000000000000000000 ) ) ;
#4833 = LINE ( 'NONE', #7293, #4631 ) ;
#4834 = ORIENTED_EDGE ( 'NONE', *, *, #264, .T. ) ;
#4835 = ORIENTED_EDGE ( 'NONE', *, *, #2478, .T. ) ;
#4836 = DIRECTION ( 'NONE',  ( 1.000000000000000000, 0.000000000000000000, 0.000000000000000000 ) ) ;
#4837 = LINE ( 'NONE', #5642, #2519 ) ;
#4838 = AXIS2_PLACEMENT_3D ( 'NONE', #5089, #5702, #3195 ) ;
#4839 = ADVANCED_FACE ( 'NONE', ( #2434 ), #6680, .T. ) ;
#4840 = DIRECTION ( 'NONE',  ( -0.000000000000000000, -0.000000000000000000, 1.000000000000000000 ) ) ;
#4841 = VERTEX_POINT ( 'NONE', #6166 ) ;
#4842 = VERTEX_POINT ( 'NONE', #5464 ) ;
#4843 = FACE_OUTER_BOUND ( 'NONE', #3918, .T. ) ;
#4844 = DIRECTION ( 'NONE',  ( -0.7071067811865484609, 0.7071067811865466846, 0.000000000000000000 ) ) ;
#4845 = VECTOR ( 'NONE', #5959, 1000.000000000000000 ) ;
#4846 = DIRECTION ( 'NONE',  ( 0.000000000000000000, 0.000000000000000000, -1.000000000000000000 ) ) ;
#4847 = AXIS2_PLACEMENT_3D ( 'NONE', #3645, #1955, #7009 ) ;
#4848 = EDGE_CURVE ( 'NONE', #501, #673, #68, .T. ) ;
#4849 = FACE_OUTER_BOUND ( 'NONE', #3448, .T. ) ;
#4850 = CARTESIAN_POINT ( 'NONE',  ( -1.499999999999999778, 13.10000000000000142, -3.000000000000000000 ) ) ;
#4851 = CIRCLE ( 'NONE', #4470, 0.7499999999999998890 ) ;
#4852 = ORIENTED_EDGE ( 'NONE', *, *, #2963, .T. ) ;
#4853 = CIRCLE ( 'NONE', #5238, 3.000000000000000444 ) ;
#4854 = CARTESIAN_POINT ( 'NONE',  ( 6.149999999999968381, 13.42339375865881657, 0.000000000000000000 ) ) ;
#4855 = CARTESIAN_POINT ( 'NONE',  ( -1.499999999999999334, -3.375000000000000444, 6.198557158514995002 ) ) ;
#4856 = DIRECTION ( 'NONE',  ( 0.000000000000000000, 1.000000000000000000, 0.000000000000000000 ) ) ;
#4857 = VECTOR ( 'NONE', #3634, 1000.000000000000000 ) ;
#4858 = CARTESIAN_POINT ( 'NONE',  ( 16.00000000000000355, 0.000000000000000000, -19.50000000000000000 ) ) ;
#4859 = AXIS2_PLACEMENT_3D ( 'NONE', #5124, #6340, #250 ) ;
#4860 = CIRCLE ( 'NONE', #1380, 5.000000000000000000 ) ;
#4861 = DIRECTION ( 'NONE',  ( -0.000000000000000000, -0.000000000000000000, -1.000000000000000000 ) ) ;
#4862 = AXIS2_PLACEMENT_3D ( 'NONE', #1873, #2430, #1258 ) ;
#4863 = AXIS2_PLACEMENT_3D ( 'NONE', #7872, #5570, #1785 ) ;
#4864 = CARTESIAN_POINT ( 'NONE',  ( 0.000000000000000000, 0.000000000000000000, 2.500000000000000000 ) ) ;
#4865 = ORIENTED_EDGE ( 'NONE', *, *, #5211, .T. ) ;
#4866 = FILL_AREA_STYLE_COLOUR ( '', #3659 ) ;
#4867 = ORIENTED_EDGE ( 'NONE', *, *, #6704, .T. ) ;
#4868 = DIRECTION ( 'NONE',  ( 1.000000000000000000, 0.000000000000000000, 0.000000000000000000 ) ) ;
#4869 = ORIENTED_EDGE ( 'NONE', *, *, #4381, .T. ) ;
#4870 = EDGE_LOOP ( 'NONE', ( #2743, #1918, #2057, #1458 ) ) ;
#4871 = SHAPE_REPRESENTATION ( 'COUPLING BRACKET, GEARED BODY TO DC MOTOR, JGB37-520', ( #7250 ), #3259 ) ;
#4872 = DIRECTION ( 'NONE',  ( 0.7071067811865474617, 0.000000000000000000, 0.7071067811865475727 ) ) ;
#4873 = EDGE_CURVE ( 'NONE', #1130, #5829, #3680, .T. ) ;
#4874 = LINE ( 'NONE', #1232, #4169 ) ;
#4875 = CARTESIAN_POINT ( 'NONE',  ( -0.4948047520287074952, 0.2500000000000000000, 4.250000000000001776 ) ) ;
#4876 = CYLINDRICAL_SURFACE ( 'NONE', #2188, 1.249999999999996669 ) ;
#4877 = ORIENTED_EDGE ( 'NONE', *, *, #1797, .F. ) ;
#4878 = ORIENTED_EDGE ( 'NONE', *, *, #4549, .T. ) ;
#4879 = DIRECTION ( 'NONE',  ( 1.000000000000000000, 0.000000000000000000, -0.000000000000000000 ) ) ;
#4880 = DIRECTION ( 'NONE',  ( -0.000000000000000000, -0.000000000000000000, 1.000000000000000000 ) ) ;
#4881 = EDGE_CURVE ( 'NONE', #2245, #528, #474, .T. ) ;
#4882 = LINE ( 'NONE', #1286, #649 ) ;
#4883 = ORIENTED_EDGE ( 'NONE', *, *, #485, .F. ) ;
#4884 = ORIENTED_EDGE ( 'NONE', *, *, #1123, .T. ) ;
#4885 = DIRECTION ( 'NONE',  ( 0.000000000000000000, 0.000000000000000000, 1.000000000000000000 ) ) ;
#4886 = DIRECTION ( 'NONE',  ( -1.000000000000000000, -0.000000000000000000, -0.000000000000000000 ) ) ;
#4887 = CARTESIAN_POINT ( 'NONE',  ( -9.276633455839357723, 7.187113405032362401, -0.7444625214112625677 ) ) ;
#4888 = EDGE_CURVE ( 'NONE', #6763, #2427, #7046, .T. ) ;
#4889 =( NAMED_UNIT ( * ) PLANE_ANGLE_UNIT ( ) SI_UNIT ( $, .RADIAN. ) );
#4890 = CIRCLE ( 'NONE', #6962, 0.7999999999999986011 ) ;
#4891 = DIRECTION ( 'NONE',  ( -0.000000000000000000, -0.000000000000000000, -1.000000000000000000 ) ) ;
#4892 = DIRECTION ( 'NONE',  ( -0.000000000000000000, -0.000000000000000000, -1.000000000000000000 ) ) ;
#4893 = ORIENTED_EDGE ( 'NONE', *, *, #5330, .T. ) ;
#4894 = VECTOR ( 'NONE', #4963, 1000.000000000000114 ) ;
#4895 = ORIENTED_EDGE ( 'NONE', *, *, #3457, .F. ) ;
#4896 = CARTESIAN_POINT ( 'NONE',  ( 1.299999999999996936, -15.50000000000000000, -1.599999999999999867 ) ) ;
#4897 = FACE_OUTER_BOUND ( 'NONE', #1405, .T. ) ;
#4898 = FACE_OUTER_BOUND ( 'NONE', #1149, .T. ) ;
#4899 = VECTOR ( 'NONE', #1192, 1000.000000000000000 ) ;
#4900 = DIRECTION ( 'NONE',  ( -0.1003315022614172242, 3.017703066837731300E-17, -0.9949540640923918433 ) ) ;
#4901 = ADVANCED_FACE ( 'NONE', ( #26 ), #590, .T. ) ;
#4902 = ADVANCED_FACE ( 'NONE', ( #668 ), #4248, .F. ) ;
#4903 = CARTESIAN_POINT ( 'NONE',  ( 0.1183307166263574683, 0.8314443141724180419, -0.2280674907603673085 ) ) ;
#4904 = DIRECTION ( 'NONE',  ( 0.000000000000000000, 0.000000000000000000, -1.000000000000000000 ) ) ;
#4905 = ORIENTED_EDGE ( 'NONE', *, *, #3761, .F. ) ;
#4906 = CARTESIAN_POINT ( 'NONE',  ( -8.131727983645394175, -10.96015510839141882, 0.000000000000000000 ) ) ;
#4907 = ORIENTED_EDGE ( 'NONE', *, *, #1817, .T. ) ;
#4908 = FACE_OUTER_BOUND ( 'NONE', #5681, .T. ) ;
#4909 = EDGE_LOOP ( 'NONE', ( #661, #4318, #2437, #7624, #595, #6309 ) ) ;
#4910 = ORIENTED_EDGE ( 'NONE', *, *, #3451, .F. ) ;
#4911 = EDGE_CURVE ( 'NONE', #6474, #2003, #6645, .T. ) ;
#4912 = DIRECTION ( 'NONE',  ( 0.000000000000000000, 0.000000000000000000, 1.000000000000000000 ) ) ;
#4913 = ORIENTED_EDGE ( 'NONE', *, *, #7962, .T. ) ;
#4914 = DIRECTION ( 'NONE',  ( 0.000000000000000000, -0.5000000000000009992, -0.8660254037844380415 ) ) ;
#4915 = FACE_OUTER_BOUND ( 'NONE', #3537, .T. ) ;
#4916 = ORIENTED_EDGE ( 'NONE', *, *, #1821, .T. ) ;
#4917 = VERTEX_POINT ( 'NONE', #1144 ) ;
#4918 = CARTESIAN_POINT ( 'NONE',  ( 0.000000000000000000, 0.000000000000000000, 2.499999999999999556 ) ) ;
#4919 = DIRECTION ( 'NONE',  ( 1.000000000000000000, -0.000000000000000000, -0.000000000000000000 ) ) ;
#4920 = CARTESIAN_POINT ( 'NONE',  ( 8.938720303391596289, 7.803702620488688346, -0.000000000000000000 ) ) ;
#4921 = DIRECTION ( 'NONE',  ( 0.000000000000000000, 0.000000000000000000, 1.000000000000000000 ) ) ;
#4922 = ORIENTED_EDGE ( 'NONE', *, *, #1219, .T. ) ;
#4923 = EDGE_CURVE ( 'NONE', #3421, #210, #7015, .T. ) ;
#4924 = ORIENTED_EDGE ( 'NONE', *, *, #4935, .T. ) ;
#4925 = LINE ( 'NONE', #50, #4720 ) ;
#4926 = EDGE_CURVE ( 'NONE', #196, #4394, #6530, .T. ) ;
#4927 = AXIS2_PLACEMENT_3D ( 'NONE', #1685, #6524, #994 ) ;
#4928 = CARTESIAN_POINT ( 'NONE',  ( -12.73290582876050436, -9.904478704014112012, -3.000000000000000444 ) ) ;
#4929 = LINE ( 'NONE', #5574, #5120 ) ;
#4930 = DIRECTION ( 'NONE',  ( -0.000000000000000000, -0.000000000000000000, -1.000000000000000000 ) ) ;
#4931 = ORIENTED_EDGE ( 'NONE', *, *, #1296, .T. ) ;
#4932 = ORIENTED_EDGE ( 'NONE', *, *, #5926, .T. ) ;
#4933 = CARTESIAN_POINT ( 'NONE',  ( -12.73291784199665067, 9.904490717250427068, -2.999999999999999556 ) ) ;
#4934 = CARTESIAN_POINT ( 'NONE',  ( 9.004113020416466995, 7.766918375461679958, -0.02919929161855255167 ) ) ;
#4935 = EDGE_CURVE ( 'NONE', #5706, #7138, #4329, .T. ) ;
#4936 = DIRECTION ( 'NONE',  ( 1.000000000000000000, 0.000000000000000000, 0.000000000000000000 ) ) ;
#4937 = CARTESIAN_POINT ( 'NONE',  ( 8.521067811865490782, 7.321067811865461294, -2.500000000000000000 ) ) ;
#4938 = AXIS2_PLACEMENT_3D ( 'NONE', #5022, #7526, #1996 ) ;
#4939 = CARTESIAN_POINT ( 'NONE',  ( 0.4948047520287067180, 0.2500000000000000000, 4.250000000000001776 ) ) ;
#4940 = CIRCLE ( 'NONE', #3055, 16.00000000000000000 ) ;
#4941 = DIRECTION ( 'NONE',  ( 0.000000000000000000, 0.000000000000000000, -1.000000000000000000 ) ) ;
#4942 = EDGE_LOOP ( 'NONE', ( #5966, #7589, #6781, #6375, #2889, #4957 ) ) ;
#4943 = CARTESIAN_POINT ( 'NONE',  ( -13.42339375865887163, 7.749999999999872990, 0.000000000000000000 ) ) ;
#4944 = VERTEX_POINT ( 'NONE', #7360 ) ;
#4945 = CARTESIAN_POINT ( 'NONE',  ( 0.000000000000000000, 0.000000000000000000, -0.1000000000000000472 ) ) ;
#4946 = EDGE_CURVE ( 'NONE', #6983, #5592, #1634, .T. ) ;
#4947 = CIRCLE ( 'NONE', #5984, 16.50000000000000355 ) ;
#4948 = ORIENTED_EDGE ( 'NONE', *, *, #1219, .F. ) ;
#4949 = DIRECTION ( 'NONE',  ( -0.000000000000000000, -0.000000000000000000, 1.000000000000000000 ) ) ;
#4950 = VECTOR ( 'NONE', #844, 1000.000000000000000 ) ;
#4951 = DIRECTION ( 'NONE',  ( 0.000000000000000000, 1.000000000000000000, 0.000000000000000000 ) ) ;
#4952 = ORIENTED_EDGE ( 'NONE', *, *, #6471, .F. ) ;
#4953 = DIRECTION ( 'NONE',  ( -0.000000000000000000, -0.000000000000000000, 1.000000000000000000 ) ) ;
#4954 = FILL_AREA_STYLE_COLOUR ( '', #138 ) ;
#4955 = ORIENTED_EDGE ( 'NONE', *, *, #1178, .F. ) ;
#4956 = VERTEX_POINT ( 'NONE', #3763 ) ;
#4957 = ORIENTED_EDGE ( 'NONE', *, *, #7626, .T. ) ;
#4958 = AXIS2_PLACEMENT_3D ( 'NONE', #4918, #3743, #6222 ) ;
#4959 = CARTESIAN_POINT ( 'NONE',  ( -1.382050807568883988, -2.620929214352095915, 6.340544456622768443 ) ) ;
#4960 = CARTESIAN_POINT ( 'NONE',  ( 0.000000000000000000, 0.000000000000000000, 0.000000000000000000 ) ) ;
#4961 = AXIS2_PLACEMENT_3D ( 'NONE', #3215, #4992, #6485 ) ;
#4962 = VECTOR ( 'NONE', #407, 1000.000000000000000 ) ;
#4963 = DIRECTION ( 'NONE',  ( 0.8302011287295820718, -0.5511419257952689943, -0.08371776088029364571 ) ) ;
#4964 = VERTEX_POINT ( 'NONE', #1917 ) ;
#4965 = EDGE_LOOP ( 'NONE', ( #416, #3286, #1278, #1909 ) ) ;
#4966 = CARTESIAN_POINT ( 'NONE',  ( 1.499999999999999778, -13.10000000000000142, -3.000000000000000000 ) ) ;
#4967 = APPLICATION_CONTEXT ( 'automotive_design' ) ;
#4968 = DIRECTION ( 'NONE',  ( 0.000000000000000000, -0.8660254037844383745, 0.5000000000000005551 ) ) ;
#4969 = EDGE_CURVE ( 'NONE', #4057, #4749, #6016, .T. ) ;
#4970 = ADVANCED_FACE ( 'NONE', ( #3161 ), #4191, .F. ) ;
#4971 = CYLINDRICAL_SURFACE ( 'NONE', #7652, 3.000000000000000444 ) ;
#4972 = EDGE_LOOP ( 'NONE', ( #6127, #1815 ) ) ;
#4973 = ORIENTED_EDGE ( 'NONE', *, *, #626, .T. ) ;
#4974 = CYLINDRICAL_SURFACE ( 'NONE', #3827, 1.249999999999996669 ) ;
#4975 = LINE ( 'NONE', #7968, #3831 ) ;
#4976 = PLANE ( 'NONE',  #5126 ) ;
#4977 = AXIS2_PLACEMENT_3D ( 'NONE', #7322, #3683, #1800 ) ;
#4978 = CARTESIAN_POINT ( 'NONE',  ( 0.7499999999999996669, 0.04900695697339749191, 4.776545940825473124 ) ) ;
#4979 = ADVANCED_FACE ( 'NONE', ( #5145 ), #7939, .T. ) ;
#4980 = CIRCLE ( 'NONE', #2026, 9.023948508257607415 ) ;
#4981 = AXIS2_PLACEMENT_3D ( 'NONE', #6316, #145, #3847 ) ;
#4982 = DIRECTION ( 'NONE',  ( -1.000000000000000000, 0.000000000000000000, 0.000000000000000000 ) ) ;
#4983 = ORIENTED_EDGE ( 'NONE', *, *, #5682, .F. ) ;
#4984 = AXIS2_PLACEMENT_3D ( 'NONE', #2288, #3491, #5347 ) ;
#4985 = ORIENTED_EDGE ( 'NONE', *, *, #5534, .F. ) ;
#4986 = CARTESIAN_POINT ( 'NONE',  ( 0.8200840350970416415, 0.000000000000000000, 1.760000000000000231 ) ) ;
#4987 = ORIENTED_EDGE ( 'NONE', *, *, #5100, .T. ) ;
#4988 = CONICAL_SURFACE ( 'NONE', #6290, 1.024999999999999911, 0.7853981633974447263 ) ;
#4989 = AXIS2_PLACEMENT_3D ( 'NONE', #3722, #666, #5018 ) ;
#4990 = CIRCLE ( 'NONE', #1115, 1.299999999999999156 ) ;
#4991 = LINE ( 'NONE', #3618, #7813 ) ;
#4992 = DIRECTION ( 'NONE',  ( -0.000000000000000000, -0.000000000000000000, -1.000000000000000000 ) ) ;
#4993 = AXIS2_PLACEMENT_3D ( 'NONE', #4646, #4610, #7797 ) ;
#4994 = EDGE_CURVE ( 'NONE', #6448, #1104, #3064, .T. ) ;
#4995 = AXIS2_PLACEMENT_3D ( 'NONE', #6899, #3783, #3185 ) ;
#4996 = LINE ( 'NONE', #3652, #3140 ) ;
#4997 = ORIENTED_EDGE ( 'NONE', *, *, #7380, .T. ) ;
#4998 = CARTESIAN_POINT ( 'NONE',  ( 0.000000000000000000, 0.000000000000000000, -19.50000000000000000 ) ) ;
#4999 = ORIENTED_EDGE ( 'NONE', *, *, #4349, .T. ) ;
#5000 = VERTEX_POINT ( 'NONE', #1389 ) ;
#5001 = DIRECTION ( 'NONE',  ( 1.000000000000000000, -0.000000000000000000, 0.000000000000000000 ) ) ;
#5002 = CARTESIAN_POINT ( 'NONE',  ( 1.299999999999996714, -15.50000000000000000, -4.000000000000000000 ) ) ;
#5003 = EDGE_CURVE ( 'NONE', #3875, #810, #1723, .T. ) ;
#5004 = ADVANCED_FACE ( 'NONE', ( #832 ), #3966, .T. ) ;
#5005 = DIRECTION ( 'NONE',  ( 1.000000000000000000, 0.000000000000000000, 0.000000000000000000 ) ) ;
#5006 = VERTEX_POINT ( 'NONE', #2720 ) ;
#5007 = EDGE_LOOP ( 'NONE', ( #1059, #2817, #850 ) ) ;
#5008 = CYLINDRICAL_SURFACE ( 'NONE', #1101, 16.50000000000000000 ) ;
#5009 = DIRECTION ( 'NONE',  ( 0.3420201433256745971, 4.188538737677063255E-17, -0.9396926207859062075 ) ) ;
#5010 = CARTESIAN_POINT ( 'NONE',  ( -12.62339375865887448, 7.749999999999872990, -0.2250000000000003664 ) ) ;
#5011 =( NAMED_UNIT ( * ) SI_UNIT ( $, .STERADIAN. ) SOLID_ANGLE_UNIT ( ) );
#5012 = DIRECTION ( 'NONE',  ( 0.000000000000000000, 1.000000000000000000, 0.000000000000000000 ) ) ;
#5013 = CARTESIAN_POINT ( 'NONE',  ( 12.99544838427358329, 10.16702125952735081, 0.000000000000000000 ) ) ;
#5014 = CARTESIAN_POINT ( 'NONE',  ( 0.000000000000000000, 7.000000000000000000, -0.06579798566743204347 ) ) ;
#5015 = CYLINDRICAL_SURFACE ( 'NONE', #1664, 3.750000000000000000 ) ;
#5016 = PRODUCT_DEFINITION ( 'UNKNOWN', '', #2467, #3818 ) ;
#5017 = EDGE_CURVE ( 'NONE', #5592, #3231, #3265, .T. ) ;
#5018 = DIRECTION ( 'NONE',  ( -1.000000000000000000, 0.000000000000000000, 0.000000000000000000 ) ) ;
#5019 = VECTOR ( 'NONE', #1892, 1000.000000000000000 ) ;
#5020 = DIRECTION ( 'NONE',  ( 0.000000000000000000, 0.000000000000000000, 1.000000000000000000 ) ) ;
#5021 = CLOSED_SHELL ( 'NONE', ( #31, #7887, #5069, #3691, #148, #7717, #1649, #7139, #2367, #5270, #7548, #7336, #5068, #6429, #650, #6288, #3109, #3894, #6313, #98, #2290 ) ) ;
#5022 = CARTESIAN_POINT ( 'NONE',  ( 0.000000000000000000, -0.5000000000000000000, 4.250000000000001776 ) ) ;
#5023 = VERTEX_POINT ( 'NONE', #1951 ) ;
#5024 = CARTESIAN_POINT ( 'NONE',  ( 0.000000000000000000, 0.000000000000000000, 6.000000000000000000 ) ) ;
#5025 = VERTEX_POINT ( 'NONE', #759 ) ;
#5026 = DIRECTION ( 'NONE',  ( 0.000000000000000000, 0.000000000000000000, 1.000000000000000000 ) ) ;
#5027 = ADVANCED_FACE ( 'NONE', ( #5675 ), #6611, .F. ) ;
#5028 = ORIENTED_EDGE ( 'NONE', *, *, #2748, .F. ) ;
#5029 = EDGE_CURVE ( 'NONE', #2723, #4312, #5058, .T. ) ;
#5030 = LINE ( 'NONE', #3169, #5759 ) ;
#5031 = DIRECTION ( 'NONE',  ( 0.000000000000000000, 1.000000000000000000, 0.000000000000000000 ) ) ;
#5032 = DIRECTION ( 'NONE',  ( 0.000000000000000000, 0.000000000000000000, 1.000000000000000000 ) ) ;
#5033 = VERTEX_POINT ( 'NONE', #5178 ) ;
#5034 = DIRECTION ( 'NONE',  ( -0.000000000000000000, -0.000000000000000000, 1.000000000000000000 ) ) ;
#5035 = SURFACE_STYLE_FILL_AREA ( #848 ) ;
#5036 = VERTEX_POINT ( 'NONE', #4409 ) ;
#5037 = EDGE_LOOP ( 'NONE', ( #2900, #7629, #2163, #2827 ) ) ;
#5038 = ADVANCED_FACE ( 'NONE', ( #7572 ), #1517, .F. ) ;
#5039 = VERTEX_POINT ( 'NONE', #6438 ) ;
#5040 = LINE ( 'NONE', #1896, #1991 ) ;
#5041 = CARTESIAN_POINT ( 'NONE',  ( 7.321067811865490604, 5.642782126156891565, -2.500000000000000000 ) ) ;
#5042 = DIRECTION ( 'NONE',  ( 0.000000000000000000, 0.000000000000000000, 1.000000000000000000 ) ) ;
#5043 = DIRECTION ( 'NONE',  ( -0.000000000000000000, -0.000000000000000000, 1.000000000000000000 ) ) ;
#5044 = VERTEX_POINT ( 'NONE', #3925 ) ;
#5045 = VERTEX_POINT ( 'NONE', #6395 ) ;
#5046 = EDGE_CURVE ( 'NONE', #1940, #904, #911, .T. ) ;
#5047 = CARTESIAN_POINT ( 'NONE',  ( -16.50000000000000355, 2.020667218593133494E-15, -0.5000000000000004441 ) ) ;
#5048 = LINE ( 'NONE', #6865, #5641 ) ;
#5049 = CARTESIAN_POINT ( 'NONE',  ( 8.938192227438422652E-14, -12.80000000000000249, -50.24999999999998579 ) ) ;
#5050 = ORIENTED_EDGE ( 'NONE', *, *, #7002, .F. ) ;
#5051 = CARTESIAN_POINT ( 'NONE',  ( 0.000000000000000000, 0.000000000000000000, -3.000000000000000000 ) ) ;
#5052 = PLANE ( 'NONE',  #612 ) ;
#5053 = FACE_OUTER_BOUND ( 'NONE', #7206, .T. ) ;
#5054 = AXIS2_PLACEMENT_3D ( 'NONE', #3858, #5887, #955 ) ;
#5055 = PLANE ( 'NONE',  #6291 ) ;
#5056 = DIRECTION ( 'NONE',  ( 0.000000000000000000, 0.000000000000000000, 1.000000000000000000 ) ) ;
#5057 = AXIS2_PLACEMENT_3D ( 'NONE', #874, #191, #795 ) ;
#5058 = LINE ( 'NONE', #7483, #4283 ) ;
#5059 = EDGE_LOOP ( 'NONE', ( #4239, #6252, #6635, #5948 ) ) ;
#5060 = DIRECTION ( 'NONE',  ( 1.000000000000000000, 0.000000000000000000, 0.000000000000000000 ) ) ;
#5061 = EDGE_LOOP ( 'NONE', ( #2100, #6941 ) ) ;
#5062 = DIRECTION ( 'NONE',  ( 0.000000000000000000, 0.000000000000000000, 1.000000000000000000 ) ) ;
#5063 = AXIS2_PLACEMENT_3D ( 'NONE', #7095, #1569, #7057 ) ;
#5064 = VERTEX_POINT ( 'NONE', #6921 ) ;
#5065 = AXIS2_PLACEMENT_3D ( 'NONE', #7557, #5091, #2103 ) ;
#5066 = DIRECTION ( 'NONE',  ( 0.000000000000000000, 0.000000000000000000, 1.000000000000000000 ) ) ;
#5067 = CARTESIAN_POINT ( 'NONE',  ( -1.702988244406250833E-16, -1.599647922241902664, 5.173557158514992871 ) ) ;
#5068 = ADVANCED_FACE ( 'NONE', ( #233 ), #5101, .T. ) ;
#5069 = ADVANCED_FACE ( 'NONE', ( #4453 ), #796, .T. ) ;
#5070 = VECTOR ( 'NONE', #1040, 1000.000000000000000 ) ;
#5071 = DIRECTION ( 'NONE',  ( -0.000000000000000000, -0.000000000000000000, 1.000000000000000000 ) ) ;
#5072 = ORIENTED_EDGE ( 'NONE', *, *, #1932, .F. ) ;
#5073 = FACE_OUTER_BOUND ( 'NONE', #1370, .T. ) ;
#5074 = LINE ( 'NONE', #7541, #4764 ) ;
#5075 = ORIENTED_EDGE ( 'NONE', *, *, #5695, .T. ) ;
#5076 = EDGE_LOOP ( 'NONE', ( #2118, #6354, #1671, #5914, #1985 ) ) ;
#5077 = EDGE_LOOP ( 'NONE', ( #177, #1052, #700, #7634 ) ) ;
#5078 = CARTESIAN_POINT ( 'NONE',  ( 1.370759493670886231, 0.1017721518987341200, 2.469153519197884906E-16 ) ) ;
#5079 = AXIS2_PLACEMENT_3D ( 'NONE', #2652, #3256, #3295 ) ;
#5080 = PLANE ( 'NONE',  #4478 ) ;
#5081 = EDGE_CURVE ( 'NONE', #7837, #7153, #4494, .T. ) ;
#5082 = FACE_OUTER_BOUND ( 'NONE', #4666, .T. ) ;
#5083 = AXIS2_PLACEMENT_3D ( 'NONE', #6525, #3408, #5888 ) ;
#5084 = MECHANICAL_DESIGN_GEOMETRIC_PRESENTATION_REPRESENTATION (  '', ( #2247 ), #574 ) ;
#5085 = CARTESIAN_POINT ( 'NONE',  ( 1.600000000000000755, 0.000000000000000000, 1.000000000000000000 ) ) ;
#5086 = EDGE_LOOP ( 'NONE', ( #6388, #2342 ) ) ;
#5087 = ORIENTED_EDGE ( 'NONE', *, *, #5309, .T. ) ;
#5088 = FACE_BOUND ( 'NONE', #7190, .T. ) ;
#5089 = CARTESIAN_POINT ( 'NONE',  ( 0.000000000000000000, 0.000000000000000000, -19.50000000000000000 ) ) ;
#5090 = VECTOR ( 'NONE', #7492, 1000.000000000000000 ) ;
#5091 = DIRECTION ( 'NONE',  ( 1.734723475976807094E-18, 0.000000000000000000, -1.000000000000000222 ) ) ;
#5092 = ADVANCED_FACE ( 'NONE', ( #1707 ), #1556, .F. ) ;
#5093 = AXIS2_PLACEMENT_3D ( 'NONE', #3229, #3836, #4517 ) ;
#5094 = LINE ( 'NONE', #6387, #7090 ) ;
#5095 = ORIENTED_EDGE ( 'NONE', *, *, #6406, .F. ) ;
#5096 = CARTESIAN_POINT ( 'NONE',  ( 0.000000000000000000, 0.000000000000000000, 2.500000000000000000 ) ) ;
#5097 = LINE ( 'NONE', #146, #745 ) ;
#5098 = FACE_OUTER_BOUND ( 'NONE', #2508, .T. ) ;
#5099 = CARTESIAN_POINT ( 'NONE',  ( 9.996507343276938684, -12.82493446802309300, -2.946155535554996430 ) ) ;
#5100 = EDGE_CURVE ( 'NONE', #226, #2721, #422, .T. ) ;
#5101 = CYLINDRICAL_SURFACE ( 'NONE', #4938, 0.7499999999999997780 ) ;
#5102 = ORIENTED_EDGE ( 'NONE', *, *, #836, .T. ) ;
#5103 = VECTOR ( 'NONE', #2067, 1000.000000000000000 ) ;
#5104 = DIRECTION ( 'NONE',  ( -0.8660254037844379305, 0.5000000000000011102, 0.000000000000000000 ) ) ;
#5105 = ORIENTED_EDGE ( 'NONE', *, *, #4690, .T. ) ;
#5106 = DIRECTION ( 'NONE',  ( 0.000000000000000000, 0.000000000000000000, 1.000000000000000000 ) ) ;
#5107 = ORIENTED_EDGE ( 'NONE', *, *, #5716, .F. ) ;
#5108 = AXIS2_PLACEMENT_3D ( 'NONE', #3725, #4819, #5586 ) ;
#5109 = DIRECTION ( 'NONE',  ( -0.000000000000000000, -0.000000000000000000, 1.000000000000000000 ) ) ;
#5110 = CARTESIAN_POINT ( 'NONE',  ( 9.239364071259636546, 6.999999999985456078, -0.6576473808146050537 ) ) ;
#5111 = STYLED_ITEM ( 'NONE', ( #5550 ), #6068 ) ;
#5112 = CIRCLE ( 'NONE', #3561, 4.400000000000001243 ) ;
#5113 = CARTESIAN_POINT ( 'NONE',  ( -10.96015510839150409, 8.131727983645280489, -3.000000000000000000 ) ) ;
#5114 = ORIENTED_EDGE ( 'NONE', *, *, #6644, .T. ) ;
#5115 = CARTESIAN_POINT ( 'NONE',  ( -0.7385401540846884272, -0.2500000000000000000, 4.250000000000001776 ) ) ;
#5116 = UNCERTAINTY_MEASURE_WITH_UNIT (LENGTH_MEASURE( 1.000000000000000082E-05 ), #1275, 'distance_accuracy_value', 'NONE');
#5117 = AXIS2_PLACEMENT_3D ( 'NONE', #5491, #7960, #4805 ) ;
#5118 = CARTESIAN_POINT ( 'NONE',  ( 15.50000000000000000, 0.000000000000000000, 0.000000000000000000 ) ) ;
#5119 = VERTEX_POINT ( 'NONE', #945 ) ;
#5120 = VECTOR ( 'NONE', #7388, 1000.000000000000000 ) ;
#5121 = VERTEX_POINT ( 'NONE', #4740 ) ;
#5122 = AXIS2_PLACEMENT_3D ( 'NONE', #1947, #827, #791 ) ;
#5123 = EDGE_CURVE ( 'NONE', #2488, #4258, #3444, .T. ) ;
#5124 = CARTESIAN_POINT ( 'NONE',  ( 15.50000000000000000, 0.000000000000000000, 0.000000000000000000 ) ) ;
#5125 = AXIS2_PLACEMENT_3D ( 'NONE', #2059, #6418, #6455 ) ;
#5126 = AXIS2_PLACEMENT_3D ( 'NONE', #3204, #6800, #66 ) ;
#5127 = DIRECTION ( 'NONE',  ( 1.000000000000000000, 0.000000000000000000, 0.000000000000000000 ) ) ;
#5128 = CARTESIAN_POINT ( 'NONE',  ( 7.750000000000157208, -13.42339375865870998, 0.000000000000000000 ) ) ;
#5129 = DIRECTION ( 'NONE',  ( 1.000000000000000000, 0.000000000000000000, 0.000000000000000000 ) ) ;
#5130 = VERTEX_POINT ( 'NONE', #4088 ) ;
#5131 = ORIENTED_EDGE ( 'NONE', *, *, #1369, .T. ) ;
#5132 = EDGE_CURVE ( 'NONE', #2138, #2435, #822, .T. ) ;
#5133 = DIRECTION ( 'NONE',  ( 0.000000000000000000, 0.000000000000000000, 1.000000000000000000 ) ) ;
#5134 = DIRECTION ( 'NONE',  ( 0.6317865250949883382, 0.7751424299497480241, 0.000000000000000000 ) ) ;
#5135 = SHAPE_REPRESENTATION ( 'MJGB37-520', ( #4663, #179, #554, #6490, #3383, #944, #5448, #5065, #7900, #4415, #1972, #2997 ), #2978 ) ;
#5136 = AXIS2_PLACEMENT_3D ( 'NONE', #1912, #3720, #7356 ) ;
#5137 = CARTESIAN_POINT ( 'NONE',  ( 5.642782126156920874, 7.321067811865461294, -2.500000000000000000 ) ) ;
#5138 = VERTEX_POINT ( 'NONE', #5213 ) ;
#5139 = CARTESIAN_POINT ( 'NONE',  ( 0.000000000000000000, 0.000000000000000000, 0.000000000000000000 ) ) ;
#5140 = FACE_OUTER_BOUND ( 'NONE', #4261, .T. ) ;
#5141 = EDGE_CURVE ( 'NONE', #3250, #3381, #1056, .T. ) ;
#5142 = ORIENTED_EDGE ( 'NONE', *, *, #5737, .T. ) ;
#5143 = CARTESIAN_POINT ( 'NONE',  ( 3.810511776651527960, 2.200000000000005063, 2.499999999999999556 ) ) ;
#5144 = CARTESIAN_POINT ( 'NONE',  ( 8.499353497574059446, 7.321067811865461294, -2.500000000000000000 ) ) ;
#5145 = FACE_OUTER_BOUND ( 'NONE', #1662, .T. ) ;
#5146 = ORIENTED_EDGE ( 'NONE', *, *, #2347, .F. ) ;
#5147 = FACE_OUTER_BOUND ( 'NONE', #2129, .T. ) ;
#5148 = ORIENTED_EDGE ( 'NONE', *, *, #2087, .T. ) ;
#5149 = DIRECTION ( 'NONE',  ( -0.000000000000000000, -0.000000000000000000, 1.000000000000000000 ) ) ;
#5150 = ADVANCED_FACE ( 'NONE', ( #5993 ), #7843, .F. ) ;
#5151 = DIRECTION ( 'NONE',  ( -0.7071067811865535679, -0.7071067811865415775, 0.000000000000000000 ) ) ;
#5152 = DIRECTION ( 'NONE',  ( 1.000000000000000000, 0.000000000000000000, 0.000000000000000000 ) ) ;
#5153 = AXIS2_PLACEMENT_3D ( 'NONE', #2730, #245, #1531 ) ;
#5154 = DIRECTION ( 'NONE',  ( 1.000000000000000000, 0.000000000000000000, 0.000000000000000000 ) ) ;
#5155 = ORIENTED_EDGE ( 'NONE', *, *, #3143, .T. ) ;
#5156 = FACE_OUTER_BOUND ( 'NONE', #5705, .T. ) ;
#5157 = DIRECTION ( 'NONE',  ( 0.000000000000000000, 0.000000000000000000, 1.000000000000000000 ) ) ;
#5158 = ORIENTED_EDGE ( 'NONE', *, *, #1960, .T. ) ;
#5159 = AXIS2_PLACEMENT_3D ( 'NONE', #736, #7593, #3308 ) ;
#5160 = VERTEX_POINT ( 'NONE', #4775 ) ;
#5161 = EDGE_CURVE ( 'NONE', #1262, #7955, #1677, .T. ) ;
#5162 = AXIS2_PLACEMENT_3D ( 'NONE', #3496, #518, #1731 ) ;
#5163 = CARTESIAN_POINT ( 'NONE',  ( 3.000000000000000444, 3.673940397442060361E-16, 21.50000000000000000 ) ) ;
#5164 = DIRECTION ( 'NONE',  ( -0.000000000000000000, -0.000000000000000000, -1.000000000000000000 ) ) ;
#5165 = ORIENTED_EDGE ( 'NONE', *, *, #4177, .F. ) ;
#5166 = LINE ( 'NONE', #5200, #1248 ) ;
#5167 = LINE ( 'NONE', #785, #5103 ) ;
#5168 = APPLICATION_PROTOCOL_DEFINITION ( 'draft international standard', 'automotive_design', 1998, #5376 ) ;
#5169 = EDGE_CURVE ( 'NONE', #2547, #1356, #4122, .T. ) ;
#5170 = ADVANCED_FACE ( 'NONE', ( #4158 ), #6475, .F. ) ;
#5171 = CYLINDRICAL_SURFACE ( 'NONE', #2433, 0.7500000000000001110 ) ;
#5172 = ORIENTED_EDGE ( 'NONE', *, *, #6017, .T. ) ;
#5173 = DIRECTION ( 'NONE',  ( -1.000000000000000000, 0.000000000000000000, 0.000000000000000000 ) ) ;
#5174 = CARTESIAN_POINT ( 'NONE',  ( 0.7437180564126527615, -0.2500000000000000000, 4.308558277841565420 ) ) ;
#5175 = DIRECTION ( 'NONE',  ( 0.000000000000000000, 0.000000000000000000, -1.000000000000000000 ) ) ;
#5176 = DIRECTION ( 'NONE',  ( 1.000000000000000000, 0.000000000000000000, 0.000000000000000000 ) ) ;
#5177 = EDGE_CURVE ( 'NONE', #7138, #4312, #435, .T. ) ;
#5178 = CARTESIAN_POINT ( 'NONE',  ( 9.000000000000154543, -13.42339375865870998, -0.3500000000000030864 ) ) ;
#5179 = EDGE_LOOP ( 'NONE', ( #6064, #4121, #1321, #7407, #5918 ) ) ;
#5180 = DIRECTION ( 'NONE',  ( -1.000000000000000000, -1.251928832280964955E-16, 7.228014483236709374E-17 ) ) ;
#5181 = ORIENTED_EDGE ( 'NONE', *, *, #7390, .F. ) ;
#5182 = DIRECTION ( 'NONE',  ( 0.000000000000000000, -0.8660254037844380415, 0.5000000000000009992 ) ) ;
#5183 = VECTOR ( 'NONE', #5764, 1000.000000000000227 ) ;
#5184 = DIRECTION ( 'NONE',  ( 0.000000000000000000, 0.000000000000000000, -1.000000000000000000 ) ) ;
#5185 = DIRECTION ( 'NONE',  ( 1.000000000000000000, 0.000000000000000000, 0.000000000000000000 ) ) ;
#5186 = ADVANCED_FACE ( 'NONE', ( #2879 ), #985, .F. ) ;
#5187 = FACE_OUTER_BOUND ( 'NONE', #234, .T. ) ;
#5188 = VERTEX_POINT ( 'NONE', #344 ) ;
#5189 = CARTESIAN_POINT ( 'NONE',  ( -8.999999999999870326, -13.42339375865886986, 0.000000000000000000 ) ) ;
#5190 = CARTESIAN_POINT ( 'NONE',  ( 7.321067811865490604, 7.321067811865461294, -3.000000000000000000 ) ) ;
#5191 = ORIENTED_EDGE ( 'NONE', *, *, #1141, .F. ) ;
#5192 = EDGE_LOOP ( 'NONE', ( #984, #7930, #1869, #569 ) ) ;
#5193 = DIRECTION ( 'NONE',  ( 1.000000000000000000, 0.000000000000000000, 0.000000000000000000 ) ) ;
#5194 = DIRECTION ( 'NONE',  ( 0.000000000000000000, 0.000000000000000000, 1.000000000000000000 ) ) ;
#5195 = CARTESIAN_POINT ( 'NONE',  ( 9.001254125200041756, 7.639586470505682847, -0.06579798566743279287 ) ) ;
#5196 = CARTESIAN_POINT ( 'NONE',  ( 0.01778144479759428964, -0.2382069131296545572, 0.2382069131296536968 ) ) ;
#5197 = EDGE_LOOP ( 'NONE', ( #1952, #2870 ) ) ;
#5198 = ORIENTED_EDGE ( 'NONE', *, *, #7790, .T. ) ;
#5199 = CONICAL_SURFACE ( 'NONE', #6745, 1.600000000000000755, 0.7853981633974482790 ) ;
#5200 = CARTESIAN_POINT ( 'NONE',  ( 0.000000000000000000, 0.2399999999999967992, 0.9100000000000010303 ) ) ;
#5201 = CARTESIAN_POINT ( 'NONE',  ( -8.131727983645394175, -10.96015510839141882, 0.000000000000000000 ) ) ;
#5202 = APPLICATION_PROTOCOL_DEFINITION ( 'draft international standard', 'automotive_design', 1998, #4967 ) ;
#5203 = CARTESIAN_POINT ( 'NONE',  ( -9.166914626814625322, 7.706716911730779884, -0.06579798566743250143 ) ) ;
#5204 = ORIENTED_EDGE ( 'NONE', *, *, #7160, .F. ) ;
#5205 = DIRECTION ( 'NONE',  ( 0.5791130742540335774, 0.8152472307392661932, -6.959001874916902786E-14 ) ) ;
#5206 = DIRECTION ( 'NONE',  ( -1.000000000000000000, 0.000000000000000000, -0.000000000000000000 ) ) ;
#5207 = PRODUCT ( 'GEARED BODY, MOTOR, JGB37-520', 'GEARED BODY, MOTOR, JGB37-520', '', ( #4149 ) ) ;
#5208 = VECTOR ( 'NONE', #7377, 1000.000000000000000 ) ;
#5209 = LINE ( 'NONE', #943, #3697 ) ;
#5210 = EDGE_CURVE ( 'NONE', #1108, #5683, #5836, .T. ) ;
#5211 = EDGE_CURVE ( 'NONE', #5792, #4305, #3128, .T. ) ;
#5212 = DIRECTION ( 'NONE',  ( -0.000000000000000000, -0.000000000000000000, -1.000000000000000000 ) ) ;
#5213 = CARTESIAN_POINT ( 'NONE',  ( -12.07002075382098027, 1.478151228180898530E-15, -2.032879073410320814E-17 ) ) ;
#5214 = CARTESIAN_POINT ( 'NONE',  ( 1.898202538678397163E-15, -15.50000000000000000, 0.000000000000000000 ) ) ;
#5215 = ORIENTED_EDGE ( 'NONE', *, *, #2874, .T. ) ;
#5216 = DIRECTION ( 'NONE',  ( 1.000000000000000000, 0.000000000000000000, 0.000000000000000000 ) ) ;
#5217 = ORIENTED_EDGE ( 'NONE', *, *, #2811, .T. ) ;
#5218 = LINE ( 'NONE', #4619, #6536 ) ;
#5219 =( BOUNDED_CURVE ( )  B_SPLINE_CURVE ( 3, ( #1166, #2952, #2460, #7431 ),
 .UNSPECIFIED., .F., .F. ) 
 B_SPLINE_CURVE_WITH_KNOTS ( ( 4, 4 ),
 ( 2.421120362756811861, 3.862064944422774815 ),
 .UNSPECIFIED. ) 
 CURVE ( )  GEOMETRIC_REPRESENTATION_ITEM ( )  RATIONAL_B_SPLINE_CURVE ( ( 1.000000000000000000, 0.8343294826454101809, 0.8343294826454101809, 1.000000000000000000 ) ) 
 REPRESENTATION_ITEM ( '' )  );
#5220 = APPLICATION_CONTEXT ( 'automotive_design' ) ;
#5221 = DIRECTION ( 'NONE',  ( -0.000000000000000000, -0.000000000000000000, 1.000000000000000000 ) ) ;
#5222 = EDGE_CURVE ( 'NONE', #3231, #6344, #3638, .T. ) ;
#5223 = CARTESIAN_POINT ( 'NONE',  ( 1.500000000000000666, -0.2500000000000000000, 4.250000000000001776 ) ) ;
#5224 = CARTESIAN_POINT ( 'NONE',  ( -10.25304832720496151, 13.08147545195111405, -3.000000000000000000 ) ) ;
#5225 = VECTOR ( 'NONE', #6058, 1000.000000000000114 ) ;
#5226 = CARTESIAN_POINT ( 'NONE',  ( 1.370759493670886231, -1.084202172485504434E-16, -0.1017721518987341200 ) ) ;
#5227 = CIRCLE ( 'NONE', #6401, 16.00000000000000000 ) ;
#5228 = ORIENTED_EDGE ( 'NONE', *, *, #3376, .T. ) ;
#5229 = DIRECTION ( 'NONE',  ( 0.000000000000000000, 0.000000000000000000, -1.000000000000000000 ) ) ;
#5230 = DIRECTION ( 'NONE',  ( 1.000000000000000000, 0.000000000000000000, 0.000000000000000000 ) ) ;
#5231 = ORIENTED_EDGE ( 'NONE', *, *, #1178, .T. ) ;
#5232 = AXIS2_PLACEMENT_3D ( 'NONE', #5024, #7486, #4250 ) ;
#5233 = EDGE_CURVE ( 'NONE', #7121, #6262, #4682, .T. ) ;
#5234 = DIRECTION ( 'NONE',  ( -1.000000000000000000, 1.224646799147353947E-16, 0.000000000000000000 ) ) ;
#5235 = AXIS2_PLACEMENT_3D ( 'NONE', #2001, #6926, #4458 ) ;
#5236 = ADVANCED_BREP_SHAPE_REPRESENTATION ( '', ( #3208, #7250 ), #1185 ) ;
#5237 = CIRCLE ( 'NONE', #1109, 1.299999999999998712 ) ;
#5238 = AXIS2_PLACEMENT_3D ( 'NONE', #1832, #5622, #5541 ) ;
#5239 = CARTESIAN_POINT ( 'NONE',  ( 0.000000000000000000, 0.000000000000000000, -0.5000000000000004441 ) ) ;
#5240 =( NAMED_UNIT ( * ) SI_UNIT ( $, .STERADIAN. ) SOLID_ANGLE_UNIT ( ) );
#5241 = DIRECTION ( 'NONE',  ( 1.000000000000000000, 0.000000000000000000, 0.000000000000000000 ) ) ;
#5242 = ORIENTED_EDGE ( 'NONE', *, *, #7400, .F. ) ;
#5243 = EDGE_LOOP ( 'NONE', ( #7167, #3838, #2265, #2852 ) ) ;
#5244 = CIRCLE ( 'NONE', #1769, 1.024999999999999911 ) ;
#5245 = VECTOR ( 'NONE', #3458, 1000.000000000000000 ) ;
#5247 = EDGE_CURVE ( 'NONE', #30, #4045, #1848, .T. ) ;
#5246 = AXIS2_PLACEMENT_3D ( 'NONE', #3800, #1915, #6873 ) ;
#5248 = ADVANCED_FACE ( 'NONE', ( #4695 ), #6517, .F. ) ;
#5249 = DIRECTION ( 'NONE',  ( 1.000000000000000000, 0.000000000000000000, 0.000000000000000000 ) ) ;
#5250 = CARTESIAN_POINT ( 'NONE',  ( 0.1111834437507882301, -0.8361891423839292736, -1.024036356702242702E-16 ) ) ;
#5251 = ITEM_DEFINED_TRANSFORMATION ( 'NONE', 'NONE', #4415,  #7250 ) ;
#5252 = AXIS2_PLACEMENT_3D ( 'NONE', #6027, #1129, #6189 ) ;
#5253 = AXIS2_PLACEMENT_3D ( 'NONE', #2863, #6582, #7908 ) ;
#5254 = LINE ( 'NONE', #3469, #3724 ) ;
#5255 = ORIENTED_EDGE ( 'NONE', *, *, #1103, .F. ) ;
#5256 = DIRECTION ( 'NONE',  ( 0.000000000000000000, 0.000000000000000000, 1.000000000000000000 ) ) ;
#5257 = ORIENTED_EDGE ( 'NONE', *, *, #4724, .F. ) ;
#5258 = DIRECTION ( 'NONE',  ( -0.7071067811865492381, 8.659560562354955045E-17, 0.7071067811865457964 ) ) ;
#5259 = CARTESIAN_POINT ( 'NONE',  ( 0.000000000000000000, 0.000000000000000000, -3.000000000000000000 ) ) ;
#5260 = ORIENTED_EDGE ( 'NONE', *, *, #2603, .T. ) ;
#5261 = ADVANCED_FACE ( 'NONE', ( #7351 ), #1168, .T. ) ;
#5262 = CYLINDRICAL_SURFACE ( 'NONE', #7564, 0.2500000000000002220 ) ;
#5263 = ADVANCED_FACE ( 'NONE', ( #6708 ), #7269, .T. ) ;
#5264 = ORIENTED_EDGE ( 'NONE', *, *, #2837, .T. ) ;
#5265 = CARTESIAN_POINT ( 'NONE',  ( -4.676537180435966334, 2.700000000000007727, 2.499999999999999556 ) ) ;
#5266 = PLANE ( 'NONE',  #312 ) ;
#5267 = DIRECTION ( 'NONE',  ( 0.7071067811865474617, 0.000000000000000000, 0.7071067811865475727 ) ) ;
#5268 = CARTESIAN_POINT ( 'NONE',  ( 0.5477614601820155471, -0.2500000000000002220, 2.092432889576115507 ) ) ;
#5269 = EDGE_LOOP ( 'NONE', ( #4213, #6995, #1990, #2967 ) ) ;
#5270 = ADVANCED_FACE ( 'NONE', ( #2380 ), #1253, .T. ) ;
#5271 = EDGE_CURVE ( 'NONE', #5603, #7974, #5723, .T. ) ;
#5272 = VERTEX_POINT ( 'NONE', #7963 ) ;
#5273 = DIRECTION ( 'NONE',  ( 1.000000000000000000, 0.000000000000000000, 0.000000000000000000 ) ) ;
#5274 = ORIENTED_EDGE ( 'NONE', *, *, #6896, .T. ) ;
#5275 = DIRECTION ( 'NONE',  ( -0.000000000000000000, -0.000000000000000000, -1.000000000000000000 ) ) ;
#5276 = PRESENTATION_LAYER_ASSIGNMENT (  '', '', ( #782 ) ) ;
#5277 = DIRECTION ( 'NONE',  ( 0.000000000000000000, 0.000000000000000000, 1.000000000000000000 ) ) ;
#5278 = EDGE_CURVE ( 'NONE', #1474, #5289, #7131, .T. ) ;
#5279 = DIRECTION ( 'NONE',  ( -0.000000000000000000, -0.000000000000000000, 1.000000000000000000 ) ) ;
#5280 = DIRECTION ( 'NONE',  ( 0.000000000000000000, 0.000000000000000000, 1.000000000000000000 ) ) ;
#5281 = VERTEX_POINT ( 'NONE', #3553 ) ;
#5282 = EDGE_LOOP ( 'NONE', ( #3470, #2023, #978, #2564 ) ) ;
#5283 = AXIS2_PLACEMENT_3D ( 'NONE', #1812, #1234, #3096 ) ;
#5284 = DIRECTION ( 'NONE',  ( 0.8302011287295820718, -0.08371776088029206364, -0.5511419257952693274 ) ) ;
#5285 = DIRECTION ( 'NONE',  ( 1.000000000000000000, 0.000000000000000000, 0.000000000000000000 ) ) ;
#5286 = CONTEXT_DEPENDENT_SHAPE_REPRESENTATION ( #6365, #4296 ) ;
#5287 = EDGE_CURVE ( 'NONE', #4301, #825, #2230, .T. ) ;
#5288 = FACE_OUTER_BOUND ( 'NONE', #510, .T. ) ;
#5289 = VERTEX_POINT ( 'NONE', #6791 ) ;
#5290 = CARTESIAN_POINT ( 'NONE',  ( -5.499999999999996447, 0.000000000000000000, 6.000000000000000000 ) ) ;
#5291 = EDGE_LOOP ( 'NONE', ( #568, #3768, #5260, #1687, #6692 ) ) ;
#5292 = CARTESIAN_POINT ( 'NONE',  ( -9.904490717250560294, -12.73291784199654764, -2.999999999999999556 ) ) ;
#5293 = ORIENTED_EDGE ( 'NONE', *, *, #696, .T. ) ;
#5294 = CARTESIAN_POINT ( 'NONE',  ( 0.000000000000000000, 0.000000000000000000, -29.00000000000000000 ) ) ;
#5295 = CARTESIAN_POINT ( 'NONE',  ( -10.16702125952739877, 12.99544838427354954, -2.500000000000000000 ) ) ;
#5296 = ORIENTED_EDGE ( 'NONE', *, *, #5789, .T. ) ;
#5297 = CARTESIAN_POINT ( 'NONE',  ( 3.191745543516252503, -5.425185320222774479E-15, 0.08185669346382386247 ) ) ;
#5298 = ORIENTED_EDGE ( 'NONE', *, *, #7443, .F. ) ;
#5299 = CARTESIAN_POINT ( 'NONE',  ( -9.126884116241857470, 7.760094043178963119, -0.04576603275055514397 ) ) ;
#5300 = DIRECTION ( 'NONE',  ( 0.000000000000000000, 0.000000000000000000, 1.000000000000000000 ) ) ;
#5301 = FACE_OUTER_BOUND ( 'NONE', #5269, .T. ) ;
#5302 = VERTEX_POINT ( 'NONE', #4810 ) ;
#5303 = FILL_AREA_STYLE ('',( #5967 ) ) ;
#5304 = ORIENTED_EDGE ( 'NONE', *, *, #4796, .F. ) ;
#5305 = DIRECTION ( 'NONE',  ( 0.000000000000000000, 0.000000000000000000, 1.000000000000000000 ) ) ;
#5306 = VERTEX_POINT ( 'NONE', #5416 ) ;
#5307 = AXIS2_PLACEMENT_3D ( 'NONE', #4783, #4746, #2962 ) ;
#5308 = CARTESIAN_POINT ( 'NONE',  ( 3.191745543516252059, 0.08185669346382297429, 2.882838372813723493E-16 ) ) ;
#5309 = EDGE_CURVE ( 'NONE', #3462, #418, #1135, .T. ) ;
#5310 = ADVANCED_FACE ( 'NONE', ( #2424 ), #4971, .F. ) ;
#5311 = AXIS2_PLACEMENT_3D ( 'NONE', #2154, #7645, #4567 ) ;
#5312 = DIRECTION ( 'NONE',  ( 1.000000000000000000, 0.000000000000000000, 0.000000000000000000 ) ) ;
#5313 = SURFACE_STYLE_FILL_AREA ( #4714 ) ;
#5314 = DIRECTION ( 'NONE',  ( 0.000000000000000000, 0.000000000000000000, 1.000000000000000000 ) ) ;
#5315 = ORIENTED_EDGE ( 'NONE', *, *, #7754, .F. ) ;
#5316 = ORIENTED_EDGE ( 'NONE', *, *, #5141, .T. ) ;
#5317 = CIRCLE ( 'NONE', #3906, 0.09999999999999999167 ) ;
#5318 = VECTOR ( 'NONE', #2762, 1000.000000000000114 ) ;
#5319 = CARTESIAN_POINT ( 'NONE',  ( 0.000000000000000000, 0.000000000000000000, -29.00000000000000000 ) ) ;
#5320 = AXIS2_PLACEMENT_3D ( 'NONE', #7358, #3523, #1175 ) ;
#5321 = CARTESIAN_POINT ( 'NONE',  ( -5.400000000000000355, 0.000000000000000000, 2.499999999999999556 ) ) ;
#5322 = EDGE_CURVE ( 'NONE', #6599, #3726, #3714, .T. ) ;
#5323 = APPLICATION_PROTOCOL_DEFINITION ( 'draft international standard', 'automotive_design', 1998, #6465 ) ;
#5324 = AXIS2_PLACEMENT_3D ( 'NONE', #5619, #5194, #2824 ) ;
#5325 = CARTESIAN_POINT ( 'NONE',  ( 1.189999999999999947, -0.1200000000000000372, -0.1199999999999999956 ) ) ;
#5326 = VERTEX_POINT ( 'NONE', #4358 ) ;
#5327 = DIRECTION ( 'NONE',  ( -0.000000000000000000, -1.000000000000000000, -0.000000000000000000 ) ) ;
#5328 = VERTEX_POINT ( 'NONE', #6112 ) ;
#5329 = CARTESIAN_POINT ( 'NONE',  ( 4.676537180435965446, 2.700000000000006839, 2.499999999999999556 ) ) ;
#5330 = EDGE_CURVE ( 'NONE', #2182, #4394, #7920, .T. ) ;
#5331 = AXIS2_PLACEMENT_3D ( 'NONE', #1484, #6409, #5768 ) ;
#5332 = DIRECTION ( 'NONE',  ( 0.000000000000000000, 0.000000000000000000, 1.000000000000000000 ) ) ;
#5333 = ORIENTED_EDGE ( 'NONE', *, *, #2969, .F. ) ;
#5334 = DIRECTION ( 'NONE',  ( -0.8331258114970213624, -1.931080795599000297E-15, 0.5530835219181907680 ) ) ;
#5335 = LINE ( 'NONE', #2763, #982 ) ;
#5336 = VERTEX_POINT ( 'NONE', #6153 ) ;
#5337 = LINE ( 'NONE', #1023, #4587 ) ;
#5338 = CARTESIAN_POINT ( 'NONE',  ( -8.908161659543599953, 7.721435723331115497, 0.000000000000000000 ) ) ;
#5339 = CIRCLE ( 'NONE', #3409, 1.902702702702702586 ) ;
#5340 = CARTESIAN_POINT ( 'NONE',  ( 8.131727983645317792, 10.96015510839147566, -3.000000000000000000 ) ) ;
#5341 = EDGE_CURVE ( 'NONE', #5683, #6599, #6074, .T. ) ;
#5342 = DIRECTION ( 'NONE',  ( 1.000000000000000000, 0.000000000000000000, 0.000000000000000000 ) ) ;
#5343 = AXIS2_PLACEMENT_3D ( 'NONE', #1691, #2210, #7173 ) ;
#5344 = VECTOR ( 'NONE', #175, 1000.000000000000000 ) ;
#5345 = EDGE_LOOP ( 'NONE', ( #5242, #1811, #6416, #7376 ) ) ;
#5346 = ORIENTED_EDGE ( 'NONE', *, *, #3279, .F. ) ;
#5347 = DIRECTION ( 'NONE',  ( 0.000000000000000000, 0.000000000000000000, 1.000000000000000000 ) ) ;
#5348 = VERTEX_POINT ( 'NONE', #536 ) ;
#5349 = CARTESIAN_POINT ( 'NONE',  ( 10.96015510839150231, 8.131727983645278712, 0.000000000000000000 ) ) ;
#5350 = AXIS2_PLACEMENT_3D ( 'NONE', #3877, #97, #1500 ) ;
#5351 = DIRECTION ( 'NONE',  ( 1.000000000000000000, 0.000000000000000000, 0.000000000000000000 ) ) ;
#5352 = CARTESIAN_POINT ( 'NONE',  ( -2.499999999999995115, 0.000000000000000000, 21.50000000000000000 ) ) ;
#5353 = CARTESIAN_POINT ( 'NONE',  ( 8.499353497574059446, 7.321067811865461294, -2.500000000000000000 ) ) ;
#5354 = ORIENTED_EDGE ( 'NONE', *, *, #1544, .T. ) ;
#5355 = EDGE_CURVE ( 'NONE', #7750, #4749, #7879, .T. ) ;
#5356 = AXIS2_PLACEMENT_3D ( 'NONE', #901, #2185, #7792 ) ;
#5357 = ORIENTED_EDGE ( 'NONE', *, *, #6931, .F. ) ;
#5358 = ADVANCED_FACE ( 'NONE', ( #4849 ), #7314, .F. ) ;
#5359 = PRODUCT_DEFINITION_SHAPE ( 'NONE', 'NONE',  #4167 ) ;
#5360 = AXIS2_PLACEMENT_3D ( 'NONE', #5214, #7118, #986 ) ;
#5361 = DIRECTION ( 'NONE',  ( 0.000000000000000000, 0.000000000000000000, 1.000000000000000000 ) ) ;
#5362 = DIRECTION ( 'NONE',  ( 0.000000000000000000, 0.000000000000000000, 1.000000000000000000 ) ) ;
#5363 = CONTEXT_DEPENDENT_SHAPE_REPRESENTATION ( #6768, #3721 ) ;
#5364 = CIRCLE ( 'NONE', #6397, 0.2500000000000000000 ) ;
#5365 = CONICAL_SURFACE ( 'NONE', #6152, 1.600000000000000755, 0.7853981633974508325 ) ;
#5366 = LINE ( 'NONE', #5325, #170 ) ;
#5367 = ORIENTED_EDGE ( 'NONE', *, *, #5177, .F. ) ;
#5368 = AXIS2_PLACEMENT_3D ( 'NONE', #2936, #1039, #3493 ) ;
#5369 = DIRECTION ( 'NONE',  ( 0.7071067811865541231, 0.7071067811865409114, 0.000000000000000000 ) ) ;
#5370 = ADVANCED_FACE ( 'NONE', ( #3072 ), #15, .F. ) ;
#5371 = ORIENTED_EDGE ( 'NONE', *, *, #1421, .F. ) ;
#5372 = CARTESIAN_POINT ( 'NONE',  ( 0.000000000000000000, 0.000000000000000000, 0.000000000000000000 ) ) ;
#5373 = AXIS2_PLACEMENT_3D ( 'NONE', #4035, #1549, #5206 ) ;
#5374 =( LENGTH_UNIT ( ) NAMED_UNIT ( * ) SI_UNIT ( .MILLI., .METRE. ) );
#5375 = CIRCLE ( 'NONE', #4995, 1.902702702702702586 ) ;
#5376 = APPLICATION_CONTEXT ( 'automotive_design' ) ;
#5377 = ORIENTED_EDGE ( 'NONE', *, *, #1026, .F. ) ;
#5378 = CARTESIAN_POINT ( 'NONE',  ( 0.000000000000000000, 0.000000000000000000, 2.499999999999999556 ) ) ;
#5379 = DIRECTION ( 'NONE',  ( -0.7071067811865483499, 0.7071067811865465735, 0.000000000000000000 ) ) ;
#5380 = ORIENTED_EDGE ( 'NONE', *, *, #6231, .T. ) ;
#5381 = FACE_BOUND ( 'NONE', #7469, .T. ) ;
#5382 = DIRECTION ( 'NONE',  ( 0.000000000000000000, 0.000000000000000000, 1.000000000000000000 ) ) ;
#5383 = ADVANCED_FACE ( 'NONE', ( #2701 ), #4430, .F. ) ;
#5384 = CARTESIAN_POINT ( 'NONE',  ( 14.22339375865874977, 7.750000000000064837, -4.000000000000003553 ) ) ;
#5385 = FACE_OUTER_BOUND ( 'NONE', #769, .T. ) ;
#5386 = CIRCLE ( 'NONE', #2591, 0.7500000000000000000 ) ;
#5387 = CARTESIAN_POINT ( 'NONE',  ( -3.535533905932757293, -8.485281374238567764, -2.500000000000000000 ) ) ;
#5388 = EDGE_LOOP ( 'NONE', ( #3538, #4251, #2868, #4144 ) ) ;
#5389 =( NAMED_UNIT ( * ) PLANE_ANGLE_UNIT ( ) SI_UNIT ( $, .RADIAN. ) );
#5390 = ORIENTED_EDGE ( 'NONE', *, *, #7160, .T. ) ;
#5391 = CARTESIAN_POINT ( 'NONE',  ( 0.000000000000000000, 0.000000000000000000, 0.000000000000000000 ) ) ;
#5392 = EDGE_CURVE ( 'NONE', #3606, #825, #6430, .T. ) ;
#5393 = ORIENTED_EDGE ( 'NONE', *, *, #553, .T. ) ;
#5394 = CARTESIAN_POINT ( 'NONE',  ( 1.500000000000000222, 12.50000000000000000, 2.499999999999999556 ) ) ;
#5395 = DIRECTION ( 'NONE',  ( 0.000000000000000000, 0.000000000000000000, -1.000000000000000000 ) ) ;
#5396 = FACE_OUTER_BOUND ( 'NONE', #4182, .T. ) ;
#5397 = EDGE_CURVE ( 'NONE', #3411, #1226, #1454, .T. ) ;
#5398 = SURFACE_STYLE_FILL_AREA ( #4181 ) ;
#5399 = ORIENTED_EDGE ( 'NONE', *, *, #6866, .T. ) ;
#5400 = EDGE_LOOP ( 'NONE', ( #3975, #4867, #3657, #4694, #3899, #2449, #5407, #2617, #6233, #7325, #6181, #2399, #6996, #913, #615, #129, #2233 ) ) ;
#5401 = LINE ( 'NONE', #562, #2165 ) ;
#5402 = DIRECTION ( 'NONE',  ( -0.000000000000000000, -0.000000000000000000, 1.000000000000000000 ) ) ;
#5403 = CONTEXT_DEPENDENT_SHAPE_REPRESENTATION ( #588, #6820 ) ;
#5404 = AXIS2_PLACEMENT_3D ( 'NONE', #7424, #1859, #2454 ) ;
#5405 = AXIS2_PLACEMENT_3D ( 'NONE', #7168, #7854, #6569 ) ;
#5406 = CARTESIAN_POINT ( 'NONE',  ( 9.810758597948751714, -12.63918572269490426, 0.000000000000000000 ) ) ;
#5407 = ORIENTED_EDGE ( 'NONE', *, *, #1263, .T. ) ;
#5408 = LINE ( 'NONE', #92, #3040 ) ;
#5409 = ORIENTED_EDGE ( 'NONE', *, *, #296, .F. ) ;
#5410 = CIRCLE ( 'NONE', #7341, 0.1000000000000003386 ) ;
#5411 = CARTESIAN_POINT ( 'NONE',  ( -10.60660171779822392, -5.656854249492355713, -3.000000000000000000 ) ) ;
#5412 = CARTESIAN_POINT ( 'NONE',  ( 16.00000000000000000, 1.959434878635765131E-15, 0.000000000000000000 ) ) ;
#5413 = VECTOR ( 'NONE', #7747, 1000.000000000000000 ) ;
#5414 = EDGE_CURVE ( 'NONE', #2287, #445, #7389, .T. ) ;
#5415 = EDGE_CURVE ( 'NONE', #2264, #7054, #4592, .T. ) ;
#5416 = CARTESIAN_POINT ( 'NONE',  ( 1.710100716628347062, -4.698463103929539919, 2.499999999999999556 ) ) ;
#5417 = DIRECTION ( 'NONE',  ( 0.000000000000000000, 0.000000000000000000, -1.000000000000000000 ) ) ;
#5418 = ORIENTED_EDGE ( 'NONE', *, *, #4325, .T. ) ;
#5419 = FACE_BOUND ( 'NONE', #155, .T. ) ;
#5420 = LINE ( 'NONE', #4814, #5644 ) ;
#5421 = CARTESIAN_POINT ( 'NONE',  ( 8.521067811865490782, 7.321067811865461294, -5.942787793912431837 ) ) ;
#5422 = LINE ( 'NONE', #4817, #7010 ) ;
#5423 = LINE ( 'NONE', #7242, #7248 ) ;
#5424 = ADVANCED_FACE ( 'NONE', ( #2097 ), #3418, .T. ) ;
#5425 = PRODUCT ( 'DC MOTOR, JGB37-520', 'DC MOTOR, JGB37-520', '', ( #3504 ) ) ;
#5426 = VERTEX_POINT ( 'NONE', #2551 ) ;
#5427 = ORIENTED_EDGE ( 'NONE', *, *, #1045, .T. ) ;
#5428 = CARTESIAN_POINT ( 'NONE',  ( 1.499999999999999778, 0.2500000000000000000, -4.249999999999998224 ) ) ;
#5429 = ORIENTED_EDGE ( 'NONE', *, *, #7400, .T. ) ;
#5430 = ORIENTED_EDGE ( 'NONE', *, *, #4753, .T. ) ;
#5431 = DIRECTION ( 'NONE',  ( 0.000000000000000000, 0.000000000000000000, 1.000000000000000000 ) ) ;
#5432 = EDGE_CURVE ( 'NONE', #6227, #7093, #4292, .T. ) ;
#5433 = CARTESIAN_POINT ( 'NONE',  ( 1.499999999999999778, -12.50000000000000000, 2.499999999999999556 ) ) ;
#5434 = FACE_OUTER_BOUND ( 'NONE', #3609, .T. ) ;
#5435 = AXIS2_PLACEMENT_3D ( 'NONE', #5628, #6280, #5506 ) ;
#5436 = UNCERTAINTY_MEASURE_WITH_UNIT (LENGTH_MEASURE( 1.000000000000000082E-05 ), #3476, 'distance_accuracy_value', 'NONE');
#5437 = VERTEX_POINT ( 'NONE', #7667 ) ;
#5438 = ORIENTED_EDGE ( 'NONE', *, *, #1188, .F. ) ;
#5439 = DIRECTION ( 'NONE',  ( 1.000000000000000000, 0.000000000000000000, 0.000000000000000000 ) ) ;
#5440 = DIRECTION ( 'NONE',  ( 0.7071067811865461294, 0.7071067811865489050, -0.000000000000000000 ) ) ;
#5441 = EDGE_CURVE ( 'NONE', #5064, #210, #7025, .T. ) ;
#5442 = VECTOR ( 'NONE', #1472, 1000.000000000000000 ) ;
#5443 = CARTESIAN_POINT ( 'NONE',  ( 0.000000000000000000, 0.000000000000000000, 0.000000000000000000 ) ) ;
#5444 = ORIENTED_EDGE ( 'NONE', *, *, #5749, .T. ) ;
#5445 = VECTOR ( 'NONE', #7884, 1000.000000000000114 ) ;
#5446 = ORIENTED_EDGE ( 'NONE', *, *, #7774, .T. ) ;
#5447 = CARTESIAN_POINT ( 'NONE',  ( 2.640432800705812433, 0.8428923634937720566, 0.000000000000000000 ) ) ;
#5448 = AXIS2_PLACEMENT_3D ( 'NONE', #5827, #3842, #258 ) ;
#5449 = AXIS2_PLACEMENT_3D ( 'NONE', #4276, #6746, #2339 ) ;
#5450 = FACE_OUTER_BOUND ( 'NONE', #5719, .T. ) ;
#5451 = CARTESIAN_POINT ( 'NONE',  ( -9.229497245723599974, 7.047948158608039471, -0.6133278677841852433 ) ) ;
#5452 = VECTOR ( 'NONE', #3368, 1000.000000000000000 ) ;
#5453 = CARTESIAN_POINT ( 'NONE',  ( 18.50000000000000355, 0.000000000000000000, -29.00000000000000000 ) ) ;
#5454 = LINE ( 'NONE', #4159, #326 ) ;
#5455 = ORIENTED_EDGE ( 'NONE', *, *, #5355, .T. ) ;
#5456 = FACE_OUTER_BOUND ( 'NONE', #5799, .T. ) ;
#5457 = CARTESIAN_POINT ( 'NONE',  ( -7.750000000000063061, 13.42339375865876505, 0.000000000000000000 ) ) ;
#5458 = CARTESIAN_POINT ( 'NONE',  ( 0.6271178757805834225, -1.902702702702706805, -2.330138774593881644E-16 ) ) ;
#5459 = EDGE_CURVE ( 'NONE', #1079, #2950, #1856, .T. ) ;
#5460 = EDGE_CURVE ( 'NONE', #4657, #5538, #6987, .T. ) ;
#5461 = CIRCLE ( 'NONE', #3782, 1.249999999999996003 ) ;
#5462 = DIRECTION ( 'NONE',  ( -0.000000000000000000, -0.000000000000000000, 1.000000000000000000 ) ) ;
#5463 = FACE_OUTER_BOUND ( 'NONE', #6145, .T. ) ;
#5464 = CARTESIAN_POINT ( 'NONE',  ( 3.849999999999999645, 0.000000000000000000, -3.000000000000000000 ) ) ;
#5465 = CIRCLE ( 'NONE', #1200, 2.100000000000000089 ) ;
#5466 = ORIENTED_EDGE ( 'NONE', *, *, #7100, .F. ) ;
#5467 = DIRECTION ( 'NONE',  ( 1.000000000000000000, 0.000000000000000000, 0.000000000000000000 ) ) ;
#5468 = B_SPLINE_CURVE_WITH_KNOTS ( 'NONE', 3,
 ( #3674, #6750, #7967, #1833, #1872, #5580, #4321, #625, #3076, #6675, #5542, #3036, #664, #1213, #3757, #4280, #1299, #3114, #1139, #2429, #7924, #18, #2465, #4934, #6712, #3598, #6796, #2384, #581, #6236, #2958 ),
 .UNSPECIFIED., .F., .F.,
 ( 4, 3, 3, 3, 3, 3, 3, 3, 3, 3, 4 ),
 ( 0.000000000000000000, 8.006177851504087681E-05, 0.0001281613478306004039, 0.0001544431063383736654, 0.0001614968874360129267, 0.0001773119632531565295, 0.0001844737207495924353, 0.0002000223065014351028, 0.0002312010420928087284, 0.0002759418521372583046, 0.0003546837019608420523 ),
 .UNSPECIFIED. ) ;
#5469 = EDGE_LOOP ( 'NONE', ( #3275, #1428, #1068, #5562 ) ) ;
#5470 = CARTESIAN_POINT ( 'NONE',  ( 6.821067811865489716, 5.621067811865462005, -5.942787793912431837 ) ) ;
#5471 = ORIENTED_EDGE ( 'NONE', *, *, #3457, .T. ) ;
#5472 = ORIENTED_EDGE ( 'NONE', *, *, #746, .F. ) ;
#5473 = ADVANCED_FACE ( 'NONE', ( #855, #3379 ), #1494, .F. ) ;
#5474 = LINE ( 'NONE', #3531, #747 ) ;
#5475 = CARTESIAN_POINT ( 'NONE',  ( 7.750000000000157208, -13.42339375865870998, 0.000000000000000000 ) ) ;
#5476 = FACE_OUTER_BOUND ( 'NONE', #3007, .T. ) ;
#5477 = DIRECTION ( 'NONE',  ( 0.2170301836381051119, -0.7198854369973705092, -0.6592896609147722575 ) ) ;
#5478 = ORIENTED_EDGE ( 'NONE', *, *, #3198, .T. ) ;
#5479 = ORIENTED_EDGE ( 'NONE', *, *, #6581, .T. ) ;
#5480 = EDGE_CURVE ( 'NONE', #6256, #1579, #7101, .T. ) ;
#5481 = SHAPE_REPRESENTATION ( 'GEARED BODY, MOTOR, JGB37-520', ( #7250 ), #551 ) ;
#5482 = DIRECTION ( 'NONE',  ( -1.000000000000000000, 0.000000000000000000, 0.000000000000000000 ) ) ;
#5483 = CARTESIAN_POINT ( 'NONE',  ( 5.499999999999996447, 6.735557395310438079E-16, 6.000000000000000000 ) ) ;
#5484 = FACE_OUTER_BOUND ( 'NONE', #4067, .T. ) ;
#5485 = ORIENTED_EDGE ( 'NONE', *, *, #3914, .F. ) ;
#5486 = VERTEX_POINT ( 'NONE', #325 ) ;
#5487 = FACE_BOUND ( 'NONE', #4402, .T. ) ;
#5488 = AXIS2_PLACEMENT_3D ( 'NONE', #1557, #1597, #4654 ) ;
#5489 = EDGE_CURVE ( 'NONE', #2412, #789, #1336, .T. ) ;
#5490 = EDGE_CURVE ( 'NONE', #1784, #2198, #4947, .T. ) ;
#5491 = CARTESIAN_POINT ( 'NONE',  ( 16.00000000000000355, 0.000000000000000000, -0.5000000000000004441 ) ) ;
#5492 = CIRCLE ( 'NONE', #6277, 0.7500000000000002220 ) ;
#5493 = DIRECTION ( 'NONE',  ( 1.000000000000000000, 0.000000000000000000, 0.000000000000000000 ) ) ;
#5494 = AXIS2_PLACEMENT_3D ( 'NONE', #1804, #1843, #2438 ) ;
#5495 = DIRECTION ( 'NONE',  ( -0.000000000000000000, 0.000000000000000000, -1.000000000000000000 ) ) ;
#5496 = CIRCLE ( 'NONE', #2150, 0.7500000000000002220 ) ;
#5497 = VERTEX_POINT ( 'NONE', #6496 ) ;
#5498 = CONICAL_SURFACE ( 'NONE', #2799, 1.599999999999999867, 0.7853981633974482790 ) ;
#5499 = ORIENTED_EDGE ( 'NONE', *, *, #2015, .T. ) ;
#5500 = FACE_OUTER_BOUND ( 'NONE', #475, .T. ) ;
#5501 = CARTESIAN_POINT ( 'NONE',  ( 0.000000000000000000, 0.000000000000000000, -6.000000000000000000 ) ) ;
#5502 = EDGE_CURVE ( 'NONE', #5605, #691, #4816, .T. ) ;
#5503 = PLANE ( 'NONE',  #2047 ) ;
#5504 = VECTOR ( 'NONE', #4162, 1000.000000000000114 ) ;
#5505 = FACE_OUTER_BOUND ( 'NONE', #494, .T. ) ;
#5506 = DIRECTION ( 'NONE',  ( 1.000000000000000000, 0.000000000000000000, 0.000000000000000000 ) ) ;
#5507 = ADVANCED_FACE ( 'NONE', ( #2213 ), #3396, .F. ) ;
#5508 = EDGE_CURVE ( 'NONE', #5687, #3134, #1471, .T. ) ;
#5509 = CARTESIAN_POINT ( 'NONE',  ( -10.96015510839150409, 8.131727983645280489, 0.000000000000000000 ) ) ;
#5510 = ORIENTED_EDGE ( 'NONE', *, *, #3710, .F. ) ;
#5511 = DIRECTION ( 'NONE',  ( -0.000000000000000000, -0.000000000000000000, 1.000000000000000000 ) ) ;
#5512 = ORIENTED_EDGE ( 'NONE', *, *, #2630, .T. ) ;
#5513 = CARTESIAN_POINT ( 'NONE',  ( 26.60000000000000497, 1.000000000000000000, 0.000000000000000000 ) ) ;
#5514 = ORIENTED_EDGE ( 'NONE', *, *, #2025, .T. ) ;
#5515 = CARTESIAN_POINT ( 'NONE',  ( 0.000000000000000000, 0.000000000000000000, -5.899999999999999467 ) ) ;
#5516 = ADVANCED_FACE ( 'NONE', ( #6052 ), #3005, .T. ) ;
#5517 = EDGE_CURVE ( 'NONE', #1579, #4342, #4713, .T. ) ;
#5518 = CARTESIAN_POINT ( 'NONE',  ( 17.70000000000000284, 2.167624834490815751E-15, -29.00000000000000000 ) ) ;
#5519 = VERTEX_POINT ( 'NONE', #4791 ) ;
#5520 = CARTESIAN_POINT ( 'NONE',  ( 0.000000000000000000, 0.000000000000000000, 2.500000000000000000 ) ) ;
#5521 = UNCERTAINTY_MEASURE_WITH_UNIT (LENGTH_MEASURE( 1.000000000000000082E-05 ), #14, 'distance_accuracy_value', 'NONE');
#5522 = ORIENTED_EDGE ( 'NONE', *, *, #705, .T. ) ;
#5523 = ORIENTED_EDGE ( 'NONE', *, *, #2220, .F. ) ;
#5524 = LINE ( 'NONE', #4959, #711 ) ;
#5525 = CARTESIAN_POINT ( 'NONE',  ( 1.710100716628346840, 4.698463103929539919, 2.499999999999999556 ) ) ;
#5526 = ADVANCED_FACE ( 'NONE', ( #7291 ), #7861, .F. ) ;
#5527 = DIRECTION ( 'NONE',  ( 0.8660254037844379305, -0.5000000000000011102, 0.000000000000000000 ) ) ;
#5528 = ORIENTED_EDGE ( 'NONE', *, *, #2079, .T. ) ;
#5529 = EDGE_LOOP ( 'NONE', ( #727, #3708, #2284, #4491, #4353, #7871 ) ) ;
#5530 = PLANE ( 'NONE',  #342 ) ;
#5531 =( REPRESENTATION_RELATIONSHIP ('NONE','NONE', #5135, #6778 ) REPRESENTATION_RELATIONSHIP_WITH_TRANSFORMATION ( #7833 )SHAPE_REPRESENTATION_RELATIONSHIP( ) );
#5532 = PLANE ( 'NONE',  #6918 ) ;
#5533 = DIRECTION ( 'NONE',  ( 0.000000000000000000, 0.000000000000000000, 1.000000000000000000 ) ) ;
#5534 = EDGE_CURVE ( 'NONE', #1534, #6519, #442, .T. ) ;
#5535 = AXIS2_PLACEMENT_3D ( 'NONE', #3132, #7496, #602 ) ;
#5536 = CIRCLE ( 'NONE', #2570, 1.299999999999997380 ) ;
#5537 = DIRECTION ( 'NONE',  ( 0.000000000000000000, 0.000000000000000000, 1.000000000000000000 ) ) ;
#5538 = VERTEX_POINT ( 'NONE', #1659 ) ;
#5539 = CIRCLE ( 'NONE', #2066, 2.000000000000000000 ) ;
#5540 = VERTEX_POINT ( 'NONE', #482 ) ;
#5541 = DIRECTION ( 'NONE',  ( 1.000000000000000000, 0.000000000000000000, 0.000000000000000000 ) ) ;
#5542 = CARTESIAN_POINT ( 'NONE',  ( 9.053218812163176921, 7.801051059220217354, -0.02523477513945784900 ) ) ;
#5543 = DIRECTION ( 'NONE',  ( -0.000000000000000000, -0.000000000000000000, -1.000000000000000000 ) ) ;
#5544 = AXIS2_PLACEMENT_3D ( 'NONE', #2244, #1002, #4709 ) ;
#5545 = CARTESIAN_POINT ( 'NONE',  ( -13.42339375865887163, 7.749999999999872990, 0.000000000000000000 ) ) ;
#5546 = CYLINDRICAL_SURFACE ( 'NONE', #1318, 16.50000000000000000 ) ;
#5547 = EDGE_CURVE ( 'NONE', #531, #4102, #2884, .T. ) ;
#5548 = CARTESIAN_POINT ( 'NONE',  ( 0.000000000000000000, 7.000000000000000000, 0.000000000000000000 ) ) ;
#5549 = ORIENTED_EDGE ( 'NONE', *, *, #168, .T. ) ;
#5550 = PRESENTATION_STYLE_ASSIGNMENT (( #6169 ) ) ;
#5551 = ORIENTED_EDGE ( 'NONE', *, *, #5973, .F. ) ;
#5552 = DIRECTION ( 'NONE',  ( 0.7071067811865466846, 0.7071067811865484609, -0.000000000000000000 ) ) ;
#5553 = VERTEX_POINT ( 'NONE', #2325 ) ;
#5554 = VERTEX_POINT ( 'NONE', #1006 ) ;
#5555 = CARTESIAN_POINT ( 'NONE',  ( 9.050301503404309500, 7.874726985757285469, -0.000000000000000000 ) ) ;
#5556 = LINE ( 'NONE', #1850, #2368 ) ;
#5557 = VERTEX_POINT ( 'NONE', #7217 ) ;
#5558 = CARTESIAN_POINT ( 'NONE',  ( 16.50000000000000000, 0.000000000000000000, -3.000000000000000000 ) ) ;
#5559 = DIRECTION ( 'NONE',  ( 0.000000000000000000, 0.000000000000000000, 1.000000000000000000 ) ) ;
#5560 = ORIENTED_EDGE ( 'NONE', *, *, #5046, .T. ) ;
#5561 = VERTEX_POINT ( 'NONE', #6687 ) ;
#5562 = ORIENTED_EDGE ( 'NONE', *, *, #1284, .F. ) ;
#5563 = EDGE_CURVE ( 'NONE', #4495, #169, #6500, .T. ) ;
#5564 = DIRECTION ( 'NONE',  ( -0.8660254037844375974, -0.5000000000000017764, 0.000000000000000000 ) ) ;
#5565 = EDGE_CURVE ( 'NONE', #1360, #6256, #5937, .T. ) ;
#5566 = CARTESIAN_POINT ( 'NONE',  ( -1.500000000000000222, -13.10000000000000142, 2.499999999999999556 ) ) ;
#5567 = DIRECTION ( 'NONE',  ( 1.000000000000000000, 0.000000000000000000, 0.000000000000000000 ) ) ;
#5568 = ORIENTED_EDGE ( 'NONE', *, *, #7338, .F. ) ;
#5569 = ORIENTED_EDGE ( 'NONE', *, *, #6564, .F. ) ;
#5570 = DIRECTION ( 'NONE',  ( -1.000000000000000000, -0.000000000000000000, -0.000000000000000000 ) ) ;
#5571 = EDGE_CURVE ( 'NONE', #7111, #1086, #561, .T. ) ;
#5572 = AXIS2_PLACEMENT_3D ( 'NONE', #4095, #507, #393 ) ;
#5573 = DIRECTION ( 'NONE',  ( 0.000000000000000000, 0.5000000000000009992, 0.8660254037844381525 ) ) ;
#5574 = CARTESIAN_POINT ( 'NONE',  ( 7.321067811865490604, 7.321067811865461294, -5.942787793912431837 ) ) ;
#5575 = VECTOR ( 'NONE', #7627, 1000.000000000000000 ) ;
#5576 = CARTESIAN_POINT ( 'NONE',  ( 0.000000000000000000, 0.000000000000000000, -6.000000000000000000 ) ) ;
#5577 = ORIENTED_EDGE ( 'NONE', *, *, #3981, .F. ) ;
#5578 = ORIENTED_EDGE ( 'NONE', *, *, #5432, .T. ) ;
#5579 = CARTESIAN_POINT ( 'NONE',  ( 6.250000000000000000, 7.000000000000000000, 0.000000000000000000 ) ) ;
#5580 = CARTESIAN_POINT ( 'NONE',  ( 9.094193249653073963, 7.786085013576527381, -0.03442351810827709579 ) ) ;
#5581 = CARTESIAN_POINT ( 'NONE',  ( -1.500000000000000222, -0.2500000000000000000, -4.249999999999998224 ) ) ;
#5582 = EDGE_CURVE ( 'NONE', #4102, #6882, #2113, .T. ) ;
#5583 = CARTESIAN_POINT ( 'NONE',  ( 0.000000000000000000, 0.000000000000000000, -0.5000000000000004441 ) ) ;
#5584 = DIRECTION ( 'NONE',  ( -1.000000000000000000, 0.000000000000000000, 0.000000000000000000 ) ) ;
#5585 = AXIS2_PLACEMENT_3D ( 'NONE', #4745, #2014, #4475 ) ;
#5586 = DIRECTION ( 'NONE',  ( 1.000000000000000000, 0.000000000000000000, 0.000000000000000000 ) ) ;
#5587 = EDGE_LOOP ( 'NONE', ( #6842, #6560, #1309, #3774, #7518, #5512 ) ) ;
#5588 = CARTESIAN_POINT ( 'NONE',  ( -1.500000000000000222, -12.50000000000000000, -3.000000000000000000 ) ) ;
#5589 = ORIENTED_EDGE ( 'NONE', *, *, #2359, .T. ) ;
#5590 = FACE_OUTER_BOUND ( 'NONE', #2854, .T. ) ;
#5591 = VECTOR ( 'NONE', #6607, 1000.000000000000000 ) ;
#5592 = VERTEX_POINT ( 'NONE', #3611 ) ;
#5593 = EDGE_CURVE ( 'NONE', #2322, #4519, #190, .T. ) ;
#5594 = CARTESIAN_POINT ( 'NONE',  ( 0.000000000000000000, 0.000000000000000000, -2.500000000000000000 ) ) ;
#5595 = FACE_BOUND ( 'NONE', #5086, .T. ) ;
#5596 = PRODUCT_DEFINITION_SHAPE ( 'NONE', 'NONE',  #7983 ) ;
#5597 = CIRCLE ( 'NONE', #7023, 6.250000000000000000 ) ;
#5598 = CARTESIAN_POINT ( 'NONE',  ( 0.000000000000000000, 0.000000000000000000, 6.000000000000000000 ) ) ;
#5599 = ORIENTED_EDGE ( 'NONE', *, *, #7535, .T. ) ;
#5600 = DIRECTION ( 'NONE',  ( 1.000000000000000000, 0.000000000000000000, -0.000000000000000000 ) ) ;
#5601 = PRODUCT_DEFINITION_CONTEXT ( 'detailed design', #5376, 'design' ) ;
#5602 = DIRECTION ( 'NONE',  ( 1.000000000000000000, 0.000000000000000000, 0.000000000000000000 ) ) ;
#5603 = VERTEX_POINT ( 'NONE', #2249 ) ;
#5604 = ORIENTED_EDGE ( 'NONE', *, *, #3565, .T. ) ;
#5605 = VERTEX_POINT ( 'NONE', #4105 ) ;
#5606 = AXIS2_PLACEMENT_3D ( 'NONE', #5697, #134, #735 ) ;
#5607 = DIRECTION ( 'NONE',  ( -0.7071067811865540120, -0.7071067811865410224, 0.000000000000000000 ) ) ;
#5608 = PLANE ( 'NONE',  #1000 ) ;
#5609 = EDGE_CURVE ( 'NONE', #329, #5801, #6575, .T. ) ;
#5610 = CIRCLE ( 'NONE', #3157, 1.249999999999996669 ) ;
#5611 = DIRECTION ( 'NONE',  ( 1.445602896647339163E-16, -1.000000000000000000, 1.619075244245020060E-14 ) ) ;
#5612 = ORIENTED_EDGE ( 'NONE', *, *, #1627, .T. ) ;
#5613 = EDGE_LOOP ( 'NONE', ( #5393, #7435 ) ) ;
#5614 = FACE_OUTER_BOUND ( 'NONE', #4087, .T. ) ;
#5615 = FACE_BOUND ( 'NONE', #1853, .T. ) ;
#5616 = LINE ( 'NONE', #7555, #105 ) ;
#5617 = AXIS2_PLACEMENT_3D ( 'NONE', #3641, #631, #3082 ) ;
#5618 = EDGE_CURVE ( 'NONE', #5683, #6902, #1603, .T. ) ;
#5619 = CARTESIAN_POINT ( 'NONE',  ( 0.000000000000000000, 3.500000000000000000, -1.000000000000000000 ) ) ;
#5620 = ORIENTED_EDGE ( 'NONE', *, *, #535, .T. ) ;
#5621 = ORIENTED_EDGE ( 'NONE', *, *, #6061, .T. ) ;
#5622 = DIRECTION ( 'NONE',  ( 0.000000000000000000, 0.000000000000000000, 1.000000000000000000 ) ) ;
#5623 = LINE ( 'NONE', #2716, #7441 ) ;
#5624 = DIRECTION ( 'NONE',  ( -0.000000000000000000, -0.000000000000000000, 1.000000000000000000 ) ) ;
#5625 = AXIS2_PLACEMENT_3D ( 'NONE', #4411, #6881, #6085 ) ;
#5626 = DIRECTION ( 'NONE',  ( 1.000000000000000000, 0.000000000000000000, 0.000000000000000000 ) ) ;
#5627 = VECTOR ( 'NONE', #1261, 1000.000000000000000 ) ;
#5628 = CARTESIAN_POINT ( 'NONE',  ( -1.966615824122599276, -5.403232569518970685, 2.499999999999999556 ) ) ;
#5629 = AXIS2_PLACEMENT_3D ( 'NONE', #6384, #6547, #2670 ) ;
#5630 = VECTOR ( 'NONE', #2985, 1000.000000000000000 ) ;
#5631 = ADVANCED_FACE ( 'NONE', ( #2895 ), #957, .F. ) ;
#5632 = CARTESIAN_POINT ( 'NONE',  ( -8.908173115211788229, 7.721495874994730890, -0.000000000000000000 ) ) ;
#5633 = VERTEX_POINT ( 'NONE', #5433 ) ;
#5634 = DIRECTION ( 'NONE',  ( -0.000000000000000000, -0.000000000000000000, -1.000000000000000000 ) ) ;
#5635 = ORIENTED_EDGE ( 'NONE', *, *, #5593, .T. ) ;
#5636 = CARTESIAN_POINT ( 'NONE',  ( 0.000000000000000000, 0.000000000000000000, -0.9342020143325648895 ) ) ;
#5637 = ORIENTED_EDGE ( 'NONE', *, *, #4522, .F. ) ;
#5638 = AXIS2_PLACEMENT_3D ( 'NONE', #3009, #3610, #6572 ) ;
#5639 = VECTOR ( 'NONE', #7522, 1000.000000000000000 ) ;
#5640 = ADVANCED_BREP_SHAPE_REPRESENTATION ( '', ( #597, #7250 ), #551 ) ;
#5641 = VECTOR ( 'NONE', #3233, 1000.000000000000000 ) ;
#5642 = CARTESIAN_POINT ( 'NONE',  ( 12.12339375865887448, 7.749999999999872990, 0.000000000000000000 ) ) ;
#5643 = DIRECTION ( 'NONE',  ( 1.000000000000000000, 0.000000000000000000, -0.000000000000000000 ) ) ;
#5644 = VECTOR ( 'NONE', #63, 999.9999999999998863 ) ;
#5645 = CIRCLE ( 'NONE', #3958, 16.00000000000000000 ) ;
#5646 = ADVANCED_FACE ( 'NONE', ( #2362 ), #5199, .F. ) ;
#5647 = APPLICATION_CONTEXT ( 'automotive_design' ) ;
#5648 = DIRECTION ( 'NONE',  ( 0.000000000000000000, 0.000000000000000000, 1.000000000000000000 ) ) ;
#5649 = ORIENTED_EDGE ( 'NONE', *, *, #4432, .F. ) ;
#5650 = FACE_BOUND ( 'NONE', #1895, .T. ) ;
#5651 = CARTESIAN_POINT ( 'NONE',  ( 1.500000000000000222, 12.50000000000000000, -3.000000000000000000 ) ) ;
#5652 = ORIENTED_EDGE ( 'NONE', *, *, #6678, .F. ) ;
#5653 = VERTEX_POINT ( 'NONE', #6646 ) ;
#5654 = CARTESIAN_POINT ( 'NONE',  ( 0.8000000000000013767, -15.50000000000000000, -0.2250000000000003664 ) ) ;
#5655 = LINE ( 'NONE', #730, #7052 ) ;
#5656 = EDGE_CURVE ( 'NONE', #136, #5540, #123, .T. ) ;
#5657 = DIRECTION ( 'NONE',  ( 0.8302011287295820718, -0.5511419257952689943, 0.08371776088029399265 ) ) ;
#5658 = CARTESIAN_POINT ( 'NONE',  ( 0.000000000000000000, 0.000000000000000000, 2.499999999999999556 ) ) ;
#5659 = ORIENTED_EDGE ( 'NONE', *, *, #4002, .F. ) ;
#5660 = ORIENTED_EDGE ( 'NONE', *, *, #5571, .F. ) ;
#5661 = FACE_OUTER_BOUND ( 'NONE', #3320, .T. ) ;
#5662 = PLANE ( 'NONE',  #4323 ) ;
#5663 = SHAPE_DEFINITION_REPRESENTATION ( #471, #7614 ) ;
#5664 = EDGE_LOOP ( 'NONE', ( #1035, #7244, #3319 ) ) ;
#5665 = VERTEX_POINT ( 'NONE', #600 ) ;
#5666 = DIRECTION ( 'NONE',  ( 1.000000000000000000, 0.000000000000000000, 0.000000000000000000 ) ) ;
#5667 = DIRECTION ( 'NONE',  ( -0.7071067811865450192, 8.659560562354902043E-17, 0.7071067811865500152 ) ) ;
#5668 = DIRECTION ( 'NONE',  ( 1.000000000000000000, 0.000000000000000000, 0.000000000000000000 ) ) ;
#5669 = PRODUCT_DEFINITION_SHAPE ( 'NONE', 'NONE',  #7982 ) ;
#5670 = FACE_OUTER_BOUND ( 'NONE', #7353, .T. ) ;
#5671 = EDGE_CURVE ( 'NONE', #2473, #5023, #5461, .T. ) ;
#5672 = EDGE_CURVE ( 'NONE', #7457, #335, #80, .T. ) ;
#5673 = COLOUR_RGB ( '',0.7921568627450980005, 0.8196078431372548767, 0.9333333333333333481 ) ;
#5674 = CARTESIAN_POINT ( 'NONE',  ( -1.710100716628346840, -4.698463103929539919, 2.499999999999999556 ) ) ;
#5675 = FACE_OUTER_BOUND ( 'NONE', #1939, .T. ) ;
#5676 = VERTEX_POINT ( 'NONE', #6889 ) ;
#5677 = CARTESIAN_POINT ( 'NONE',  ( 0.000000000000000000, 0.000000000000000000, -19.50000000000000000 ) ) ;
#5678 = ORIENTED_EDGE ( 'NONE', *, *, #5003, .T. ) ;
#5679 = CARTESIAN_POINT ( 'NONE',  ( -1.414213562373088706, -1.414213562373092481, 0.000000000000000000 ) ) ;
#5680 = AXIS2_PLACEMENT_3D ( 'NONE', #4998, #7458, #3176 ) ;
#5681 = EDGE_LOOP ( 'NONE', ( #5510, #930 ) ) ;
#5682 = EDGE_CURVE ( 'NONE', #5665, #3665, #3010, .T. ) ;
#5683 = VERTEX_POINT ( 'NONE', #2736 ) ;
#5684 = DIRECTION ( 'NONE',  ( -0.7071067811865489050, 0.7071067811865461294, 0.000000000000000000 ) ) ;
#5685 = CARTESIAN_POINT ( 'NONE',  ( 3.000000000000000444, 3.673940397442060361E-16, 0.000000000000000000 ) ) ;
#5686 = DIRECTION ( 'NONE',  ( 0.000000000000000000, 0.000000000000000000, 1.000000000000000000 ) ) ;
#5687 = VERTEX_POINT ( 'NONE', #4257 ) ;
#5688 = LINE ( 'NONE', #7586, #787 ) ;
#5689 = PRODUCT_DEFINITION_CONTEXT ( 'detailed design', #7751, 'design' ) ;
#5690 = DIRECTION ( 'NONE',  ( -0.000000000000000000, -0.000000000000000000, 1.000000000000000000 ) ) ;
#5691 = EDGE_LOOP ( 'NONE', ( #3701, #6113, #6139, #2235 ) ) ;
#5692 = EDGE_LOOP ( 'NONE', ( #3788, #5479, #3014, #6937, #3413, #6054 ) ) ;
#5693 = EDGE_LOOP ( 'NONE', ( #2787, #5635, #6665, #6619 ) ) ;
#5694 = DIRECTION ( 'NONE',  ( 1.000000000000000000, 0.000000000000000000, 0.000000000000000000 ) ) ;
#5695 = EDGE_CURVE ( 'NONE', #5561, #6568, #6495, .T. ) ;
#5696 = FACE_OUTER_BOUND ( 'NONE', #3221, .T. ) ;
#5697 = CARTESIAN_POINT ( 'NONE',  ( 13.42339375865887163, 7.749999999999872990, 0.000000000000000000 ) ) ;
#5698 = CARTESIAN_POINT ( 'NONE',  ( 6.821067811865489716, 7.321067811865461294, -5.942787793912431837 ) ) ;
#5699 = ORIENTED_EDGE ( 'NONE', *, *, #4002, .T. ) ;
#5700 = ORIENTED_EDGE ( 'NONE', *, *, #718, .T. ) ;
#5701 = FACE_BOUND ( 'NONE', #5197, .T. ) ;
#5702 = DIRECTION ( 'NONE',  ( 0.000000000000000000, 0.000000000000000000, 1.000000000000000000 ) ) ;
#5703 = ORIENTED_EDGE ( 'NONE', *, *, #6986, .T. ) ;
#5704 = DIRECTION ( 'NONE',  ( 0.000000000000000000, 0.000000000000000000, 1.000000000000000000 ) ) ;
#5705 = EDGE_LOOP ( 'NONE', ( #1476, #6345 ) ) ;
#5706 = VERTEX_POINT ( 'NONE', #2529 ) ;
#5707 = CARTESIAN_POINT ( 'NONE',  ( -10.16702125952739877, 12.99544838427354954, -2.500000000000000000 ) ) ;
#5708 = DIRECTION ( 'NONE',  ( 1.000000000000000000, 0.000000000000000000, 0.000000000000000000 ) ) ;
#5709 = AXIS2_PLACEMENT_3D ( 'NONE', #2239, #2999, #5342 ) ;
#5710 = PRODUCT ( 'MOTOR SHAFT, JGB37-520', 'MOTOR SHAFT, JGB37-520', '', ( #7720 ) ) ;
#5711 = DIRECTION ( 'NONE',  ( -0.000000000000000000, -0.000000000000000000, 1.000000000000000000 ) ) ;
#5712 = CARTESIAN_POINT ( 'NONE',  ( 0.000000000000000000, 0.000000000000000000, 2.499999999999999556 ) ) ;
#5713 = CIRCLE ( 'NONE', #6357, 1.600000000000000755 ) ;
#5714 = DIRECTION ( 'NONE',  ( 1.000000000000000000, 0.000000000000000000, 0.000000000000000000 ) ) ;
#5715 = EDGE_LOOP ( 'NONE', ( #2618, #4026, #4090, #4678, #4932, #1095, #6909, #7722 ) ) ;
#5716 = EDGE_CURVE ( 'NONE', #6521, #7344, #7782, .T. ) ;
#5717 = DIRECTION ( 'NONE',  ( 0.5000000000000012212, 0.8660254037844380415, -0.000000000000000000 ) ) ;
#5718 = EDGE_CURVE ( 'NONE', #1474, #1226, #4874, .T. ) ;
#5719 = EDGE_LOOP ( 'NONE', ( #3355, #1986, #7461, #7905 ) ) ;
#5720 = CARTESIAN_POINT ( 'NONE',  ( 7.321067811865490604, 5.621067811865462005, -5.942787793912431837 ) ) ;
#5721 = AXIS2_PLACEMENT_3D ( 'NONE', #1532, #2091, #2733 ) ;
#5722 = ORIENTED_EDGE ( 'NONE', *, *, #718, .F. ) ;
#5723 = CIRCLE ( 'NONE', #694, 3.035855235850012601 ) ;
#5724 = ORIENTED_EDGE ( 'NONE', *, *, #996, .T. ) ;
#5725 = CARTESIAN_POINT ( 'NONE',  ( -1.898202538678397557E-15, -15.50000000000000000, 0.000000000000000000 ) ) ;
#5726 = LINE ( 'NONE', #201, #6002 ) ;
#5727 = VECTOR ( 'NONE', #2571, 1000.000000000000000 ) ;
#5728 = LINE ( 'NONE', #2170, #4950 ) ;
#5729 = ADVANCED_FACE ( 'NONE', ( #6296 ), #7370, .F. ) ;
#5730 = VECTOR ( 'NONE', #5624, 1000.000000000000000 ) ;
#5731 = ORIENTED_EDGE ( 'NONE', *, *, #7556, .F. ) ;
#5732 = DIRECTION ( 'NONE',  ( 1.000000000000000000, 0.000000000000000000, 0.000000000000000000 ) ) ;
#5733 = EDGE_LOOP ( 'NONE', ( #402, #3261, #2572, #5142 ) ) ;
#5734 = ORIENTED_EDGE ( 'NONE', *, *, #6816, .T. ) ;
#5735 = AXIS2_PLACEMENT_3D ( 'NONE', #4625, #7538, #7092 ) ;
#5736 = DIRECTION ( 'NONE',  ( -0.7071067811865483499, 0.7071067811865465735, 0.000000000000000000 ) ) ;
#5737 = EDGE_CURVE ( 'NONE', #5044, #4786, #1926, .T. ) ;
#5738 = CARTESIAN_POINT ( 'NONE',  ( 9.210894728377171603, 7.800429911991222376, 0.000000000000000000 ) ) ;
#5739 = CIRCLE ( 'NONE', #6757, 3.035855235850013489 ) ;
#5740 = CIRCLE ( 'NONE', #2638, 3.035855235850012157 ) ;
#5741 = CARTESIAN_POINT ( 'NONE',  ( -1.966615824122599276, -5.403232569518970685, 2.499999999999999556 ) ) ;
#5742 = ORIENTED_EDGE ( 'NONE', *, *, #7886, .T. ) ;
#5743 = VERTEX_POINT ( 'NONE', #3094 ) ;
#5744 = CARTESIAN_POINT ( 'NONE',  ( 0.000000000000000000, 7.000000000000000000, -0.06579798566743204347 ) ) ;
#5745 = DIRECTION ( 'NONE',  ( 1.000000000000000000, 0.000000000000000000, 0.000000000000000000 ) ) ;
#5746 = CIRCLE ( 'NONE', #2897, 3.750000000000000000 ) ;
#5747 =( NAMED_UNIT ( * ) PLANE_ANGLE_UNIT ( ) SI_UNIT ( $, .RADIAN. ) );
#5748 = VECTOR ( 'NONE', #7826, 1000.000000000000000 ) ;
#5749 = EDGE_CURVE ( 'NONE', #7671, #6256, #4435, .T. ) ;
#5750 = EDGE_CURVE ( 'NONE', #3049, #6302, #4421, .T. ) ;
#5751 = ORIENTED_EDGE ( 'NONE', *, *, #7842, .F. ) ;
#5752 = ORIENTED_EDGE ( 'NONE', *, *, #3629, .T. ) ;
#5753 = FACE_OUTER_BOUND ( 'NONE', #2089, .T. ) ;
#5754 = CARTESIAN_POINT ( 'NONE',  ( -2.499999999999995115, 0.000000000000000000, 21.50000000000000000 ) ) ;
#5755 = ORIENTED_EDGE ( 'NONE', *, *, #6363, .F. ) ;
#5756 = DIRECTION ( 'NONE',  ( -0.000000000000000000, -0.000000000000000000, 1.000000000000000000 ) ) ;
#5757 = DIRECTION ( 'NONE',  ( -1.000000000000000000, 0.000000000000000000, 0.000000000000000000 ) ) ;
#5758 = VERTEX_POINT ( 'NONE', #6215 ) ;
#5759 = VECTOR ( 'NONE', #2524, 1000.000000000000000 ) ;
#5760 = LINE ( 'NONE', #3891, #1236 ) ;
#5761 = ORIENTED_EDGE ( 'NONE', *, *, #3914, .T. ) ;
#5762 = DIRECTION ( 'NONE',  ( -1.000000000000000000, 0.000000000000000000, 0.000000000000000000 ) ) ;
#5763 = CIRCLE ( 'NONE', #6270, 3.035855235850012157 ) ;
#5764 = DIRECTION ( 'NONE',  ( 0.7071067811865409114, -0.7071067811865541231, 0.000000000000000000 ) ) ;
#5765 = CARTESIAN_POINT ( 'NONE',  ( 9.167114381735448347, 7.214566809627251054, -0.4591429902833585319 ) ) ;
#5766 = AXIS2_PLACEMENT_3D ( 'NONE', #1640, #502, #2311 ) ;
#5767 = CIRCLE ( 'NONE', #4331, 1.249999999999996003 ) ;
#5768 = DIRECTION ( 'NONE',  ( 1.000000000000000000, 0.000000000000000000, 0.000000000000000000 ) ) ;
#5769 = AXIS2_PLACEMENT_3D ( 'NONE', #925, #2132, #6378 ) ;
#5770 = ORIENTED_EDGE ( 'NONE', *, *, #3982, .F. ) ;
#5771 = CYLINDRICAL_SURFACE ( 'NONE', #647, 2.000000000000000000 ) ;
#5772 = AXIS2_PLACEMENT_3D ( 'NONE', #2065, #4557, #972 ) ;
#5773 = DIRECTION ( 'NONE',  ( -1.000000000000000000, -0.000000000000000000, -0.000000000000000000 ) ) ;
#5774 = ORIENTED_EDGE ( 'NONE', *, *, #544, .T. ) ;
#5775 = VECTOR ( 'NONE', #2383, 1000.000000000000000 ) ;
#5776 = ORIENTED_EDGE ( 'NONE', *, *, #596, .T. ) ;
#5777 = CIRCLE ( 'NONE', #4993, 1.249999999999997558 ) ;
#5778 = CARTESIAN_POINT ( 'NONE',  ( 0.000000000000000000, 0.000000000000000000, -4.000000000000000000 ) ) ;
#5779 = EDGE_CURVE ( 'NONE', #3616, #4497, #1735, .T. ) ;
#5780 = VECTOR ( 'NONE', #3617, 1000.000000000000000 ) ;
#5781 = EDGE_CURVE ( 'NONE', #2207, #7671, #4996, .T. ) ;
#5782 = AXIS2_PLACEMENT_3D ( 'NONE', #4364, #3158, #2557 ) ;
#5783 = DIRECTION ( 'NONE',  ( 1.000000000000000000, 0.000000000000000000, 0.000000000000000000 ) ) ;
#5784 = CARTESIAN_POINT ( 'NONE',  ( 1.382050807568884876, -2.870929214352096803, 5.907531754730551476 ) ) ;
#5785 = DIRECTION ( 'NONE',  ( -0.000000000000000000, -0.000000000000000000, -1.000000000000000000 ) ) ;
#5786 = ORIENTED_EDGE ( 'NONE', *, *, #2717, .T. ) ;
#5787 = CARTESIAN_POINT ( 'NONE',  ( -10.96015510839150409, 8.131727983645280489, 0.000000000000000000 ) ) ;
#5788 = DIRECTION ( 'NONE',  ( 0.000000000000000000, 0.000000000000000000, 1.000000000000000000 ) ) ;
#5789 = EDGE_CURVE ( 'NONE', #6639, #7344, #5556, .T. ) ;
#5790 = PRODUCT_CONTEXT ( 'NONE', #5647, 'mechanical' ) ;
#5791 = CARTESIAN_POINT ( 'NONE',  ( 0.000000000000000000, 0.000000000000000000, 2.499999999999999556 ) ) ;
#5792 = VERTEX_POINT ( 'NONE', #5518 ) ;
#5793 = DIRECTION ( 'NONE',  ( 0.7071067811865462405, 0.000000000000000000, 0.7071067811865489050 ) ) ;
#5794 = CYLINDRICAL_SURFACE ( 'NONE', #1378, 16.50000000000000000 ) ;
#5795 = CARTESIAN_POINT ( 'NONE',  ( -5.656854249492404563, -10.60660171779820438, -3.000000000000000000 ) ) ;
#5796 = ADVANCED_FACE ( 'NONE', ( #3736 ), #4692, .F. ) ;
#5797 = DIRECTION ( 'NONE',  ( 1.000000000000000000, 0.000000000000000000, 0.000000000000000000 ) ) ;
#5798 = CARTESIAN_POINT ( 'NONE',  ( -8.967751602313429160, 7.841532872323274006, -0.000000000000000000 ) ) ;
#5799 = EDGE_LOOP ( 'NONE', ( #737, #4454 ) ) ;
#5800 = CYLINDRICAL_SURFACE ( 'NONE', #4723, 0.7500000000000001110 ) ;
#5801 = VERTEX_POINT ( 'NONE', #6848 ) ;
#5802 = DIRECTION ( 'NONE',  ( 1.000000000000000000, 0.000000000000000000, 0.000000000000000000 ) ) ;
#5803 =( BOUNDED_SURFACE ( )  B_SPLINE_SURFACE ( 3, 2, ( 
 ( #229, #7112, #1551 ),
 ( #2871, #6435, #872 ),
 ( #1593, #7759, #1016 ),
 ( #5876, #7037, #5833 ) ),
 .UNSPECIFIED., .F., .F., .F. ) 
 B_SPLINE_SURFACE_WITH_KNOTS ( ( 4, 4 ),
 ( 3, 3 ),
 ( 0.005664130788427553138, 0.007116204236936697798 ),
 ( 0.000000000000000000, 1.000000000000000000 ),
 .UNSPECIFIED. ) 
 GEOMETRIC_REPRESENTATION_ITEM ( )  RATIONAL_B_SPLINE_SURFACE ( (
 ( 1.000000000000000000, 0.4548811336947053419, 1.000000000000000000),
 ( 1.000000000000000000, 0.4528924564664700836, 1.000000000000000000),
 ( 1.000000000000000000, 0.4505359692571209718, 1.000000000000000000),
 ( 1.000000000000000000, 0.4478578807348393975, 1.000000000000000000) ) ) 
 REPRESENTATION_ITEM ( '' )  SURFACE ( )  );
#5804 = EDGE_CURVE ( 'NONE', #7495, #1741, #5465, .T. ) ;
#5805 = FACE_OUTER_BOUND ( 'NONE', #4500, .T. ) ;
#5806 = DIRECTION ( 'NONE',  ( -1.000000000000000000, -0.000000000000000000, -0.000000000000000000 ) ) ;
#5807 = AXIS2_PLACEMENT_3D ( 'NONE', #3664, #6144, #3706 ) ;
#5808 = AXIS2_PLACEMENT_3D ( 'NONE', #5391, #4173, #2321 ) ;
#5809 = DIRECTION ( 'NONE',  ( -0.000000000000000000, -0.000000000000000000, -1.000000000000000000 ) ) ;
#5810 = EDGE_LOOP ( 'NONE', ( #6198, #1119, #1307, #7839 ) ) ;
#5811 = DIRECTION ( 'NONE',  ( 0.000000000000000000, 0.000000000000000000, 1.000000000000000000 ) ) ;
#5812 = CARTESIAN_POINT ( 'NONE',  ( -1.898202538678397557E-15, -15.50000000000000000, -4.000000000000000000 ) ) ;
#5813 = ORIENTED_EDGE ( 'NONE', *, *, #6693, .F. ) ;
#5814 = AXIS2_PLACEMENT_3D ( 'NONE', #3141, #6225, #5129 ) ;
#5815 = EDGE_LOOP ( 'NONE', ( #7972, #3463, #5528, #662 ) ) ;
#5816 = TOROIDAL_SURFACE ( 'NONE', #651, 16.00000000000000000, 0.5000000000000000000 ) ;
#5817 = CARTESIAN_POINT ( 'NONE',  ( -3.750000000000000000, 4.592425496802573972E-16, -3.100000000000000089 ) ) ;
#5818 = CARTESIAN_POINT ( 'NONE',  ( 13.42339375865876328, 7.750000000000064837, -4.000000000000003553 ) ) ;
#5819 = CARTESIAN_POINT ( 'NONE',  ( 8.992502078656372078, 7.706138131158039251, -0.04540678173860903527 ) ) ;
#5820 = DIRECTION ( 'NONE',  ( 0.000000000000000000, 0.000000000000000000, 1.000000000000000000 ) ) ;
#5821 = EDGE_LOOP ( 'NONE', ( #1414, #4040, #5560 ) ) ;
#5822 = ADVANCED_FACE ( 'NONE', ( #722 ), #6810, .T. ) ;
#5823 = EDGE_LOOP ( 'NONE', ( #2209, #3588, #1287, #211, #6700 ) ) ;
#5824 = ADVANCED_FACE ( 'NONE', ( #6370 ), #3785, .F. ) ;
#5825 = DIRECTION ( 'NONE',  ( -1.000000000000000000, -0.000000000000000000, -0.000000000000000000 ) ) ;
#5826 = DIRECTION ( 'NONE',  ( 0.000000000000000000, 0.000000000000000000, 1.000000000000000000 ) ) ;
#5827 = CARTESIAN_POINT ( 'NONE',  ( 4.369497864458556930E-17, 1.518906638859918377E-15, -48.49999999999999289 ) ) ;
#5828 = CARTESIAN_POINT ( 'NONE',  ( -10.96015510839150409, 8.131727983645280489, 0.000000000000000000 ) ) ;
#5829 = VERTEX_POINT ( 'NONE', #2774 ) ;
#5830 = DIRECTION ( 'NONE',  ( 1.000000000000000000, 0.000000000000000000, 0.000000000000000000 ) ) ;
#5831 = PLANE ( 'NONE',  #5373 ) ;
#5832 = ADVANCED_FACE ( 'NONE', ( #7658 ), #278, .F. ) ;
#5833 = CARTESIAN_POINT ( 'NONE',  ( 9.126024891341007361, 7.805572037277869413, 0.02417868287224307633 ) ) ;
#5834 = DIRECTION ( 'NONE',  ( -0.000000000000000000, -0.000000000000000000, 1.000000000000000000 ) ) ;
#5835 = ORIENTED_EDGE ( 'NONE', *, *, #1263, .F. ) ;
#5836 = LINE ( 'NONE', #4614, #5318 ) ;
#5837 = CIRCLE ( 'NONE', #6476, 0.2399999999999997691 ) ;
#5838 = LINE ( 'NONE', #3479, #4326 ) ;
#5839 = ORIENTED_EDGE ( 'NONE', *, *, #2347, .T. ) ;
#5840 = DIRECTION ( 'NONE',  ( -0.000000000000000000, 0.5000000000000009992, 0.8660254037844381525 ) ) ;
#5841 = ORIENTED_EDGE ( 'NONE', *, *, #2211, .T. ) ;
#5842 = CARTESIAN_POINT ( 'NONE',  ( -1.702988244406250833E-16, -6.124005888325776858, -2.662860710371244721 ) ) ;
#5843 = ADVANCED_FACE ( 'NONE', ( #5187 ), #5848, .T. ) ;
#5844 = CARTESIAN_POINT ( 'NONE',  ( 10.96015510839150409, 8.131727983645278712, 0.000000000000000000 ) ) ;
#5845 = VECTOR ( 'NONE', #6679, 1000.000000000000000 ) ;
#5846 = CARTESIAN_POINT ( 'NONE',  ( 9.350000000000155964, -13.42339375865870998, 0.000000000000000000 ) ) ;
#5847 = DIRECTION ( 'NONE',  ( 0.000000000000000000, 1.000000000000000000, 0.000000000000000000 ) ) ;
#5848 = PLANE ( 'NONE',  #7397 ) ;
#5849 = EDGE_LOOP ( 'NONE', ( #4345, #3453, #2828, #463 ) ) ;
#5850 = DIRECTION ( 'NONE',  ( 0.000000000000000000, 0.000000000000000000, 1.000000000000000000 ) ) ;
#5851 = EDGE_CURVE ( 'NONE', #6882, #5554, #2768, .T. ) ;
#5852 = CIRCLE ( 'NONE', #5311, 1.249999999999996003 ) ;
#5853 = EDGE_CURVE ( 'NONE', #1055, #1591, #886, .T. ) ;
#5854 = DIRECTION ( 'NONE',  ( -0.000000000000000000, -0.000000000000000000, -1.000000000000000000 ) ) ;
#5855 = VERTEX_POINT ( 'NONE', #1566 ) ;
#5856 = CARTESIAN_POINT ( 'NONE',  ( 1.500000000000000666, -0.1249999999999996808, 4.899519052838330779 ) ) ;
#5857 = AXIS2_PLACEMENT_3D ( 'NONE', #3244, #5714, #2042 ) ;
#5858 = CIRCLE ( 'NONE', #5585, 0.7500000000000002220 ) ;
#5859 = DIRECTION ( 'NONE',  ( 0.000000000000000000, -0.4999999999999995559, -0.8660254037844389297 ) ) ;
#5860 = CARTESIAN_POINT ( 'NONE',  ( 9.088508929113697121, 7.825243547350857476, 1.355252715606880543E-17 ) ) ;
#5861 = CARTESIAN_POINT ( 'NONE',  ( -1.500000000000000222, -12.50000000000000000, 2.499999999999999556 ) ) ;
#5862 = EDGE_LOOP ( 'NONE', ( #714, #1395, #437, #3632 ) ) ;
#5863 = ORIENTED_EDGE ( 'NONE', *, *, #4681, .T. ) ;
#5864 = AXIS2_PLACEMENT_3D ( 'NONE', #2461, #368, #7713 ) ;
#5865 = CARTESIAN_POINT ( 'NONE',  ( -10.16702125952748759, -12.99544838427347671, -3.000000000000000000 ) ) ;
#5866 = CARTESIAN_POINT ( 'NONE',  ( -3.000000000000000444, 0.000000000000000000, 20.99999999999999289 ) ) ;
#5867 = ITEM_DEFINED_TRANSFORMATION ( 'NONE', 'NONE', #944,  #7250 ) ;
#5868 = EDGE_CURVE ( 'NONE', #5121, #2217, #5728, .T. ) ;
#5869 = EDGE_CURVE ( 'NONE', #2547, #6076, #447, .T. ) ;
#5870 = AXIS2_PLACEMENT_3D ( 'NONE', #6251, #1962, #4951 ) ;
#5871 = CARTESIAN_POINT ( 'NONE',  ( -9.002542116400460870, 7.761438109876213964, -0.03059642356167058957 ) ) ;
#5872 = EDGE_LOOP ( 'NONE', ( #2698, #6854, #279, #6603 ) ) ;
#5873 = CARTESIAN_POINT ( 'NONE',  ( -16.74999999999999289, 1.530808498934188366E-16, -4.000000000000000000 ) ) ;
#5874 = ORIENTED_EDGE ( 'NONE', *, *, #3489, .F. ) ;
#5875 = CONICAL_SURFACE ( 'NONE', #968, 1.600000000000000755, 0.7853981633974508325 ) ;
#5876 = CARTESIAN_POINT ( 'NONE',  ( 8.960960220930113351, 7.736792772025245846, 0.02417868287224307633 ) ) ;
#5877 =( NAMED_UNIT ( * ) PLANE_ANGLE_UNIT ( ) SI_UNIT ( $, .RADIAN. ) );
#5878 = EDGE_CURVE ( 'NONE', #3951, #7363, #4580, .T. ) ;
#5879 = EDGE_CURVE ( 'NONE', #335, #4731, #1608, .T. ) ;
#5880 = DIRECTION ( 'NONE',  ( -1.000000000000000000, 0.000000000000000000, 0.000000000000000000 ) ) ;
#5881 = DIRECTION ( 'NONE',  ( 1.000000000000000000, 0.000000000000000000, 0.000000000000000000 ) ) ;
#5882 = ORIENTED_EDGE ( 'NONE', *, *, #3143, .F. ) ;
#5883 = CARTESIAN_POINT ( 'NONE',  ( -1.499999999999999334, -0.2500000000000000000, 4.250000000000001776 ) ) ;
#5884 = EDGE_LOOP ( 'NONE', ( #5599, #6424 ) ) ;
#5885 = LINE ( 'NONE', #2847, #357 ) ;
#5886 = FACE_BOUND ( 'NONE', #3960, .T. ) ;
#5887 = DIRECTION ( 'NONE',  ( 0.000000000000000000, 0.000000000000000000, 1.000000000000000000 ) ) ;
#5888 = DIRECTION ( 'NONE',  ( -0.9949540640923918433, 0.000000000000000000, 0.1003315022614172103 ) ) ;
#5889 = EDGE_CURVE ( 'NONE', #1080, #5665, #6334, .T. ) ;
#5890 = VECTOR ( 'NONE', #6427, 1000.000000000000000 ) ;
#5891 = VERTEX_POINT ( 'NONE', #4467 ) ;
#5892 = DIRECTION ( 'NONE',  ( 0.8331258114970219175, 0.5530835219181898799, 0.000000000000000000 ) ) ;
#5893 = CIRCLE ( 'NONE', #5488, 3.000000000000000444 ) ;
#5894 = EDGE_LOOP ( 'NONE', ( #6940, #738, #5734, #7021 ) ) ;
#5895 = CARTESIAN_POINT ( 'NONE',  ( 0.000000000000000000, 0.000000000000000000, -3.000000000000000000 ) ) ;
#5896 = ORIENTED_EDGE ( 'NONE', *, *, #1770, .T. ) ;
#5897 = CIRCLE ( 'NONE', #1886, 3.000000000000000444 ) ;
#5898 = FACE_OUTER_BOUND ( 'NONE', #1457, .T. ) ;
#5899 = AXIS2_PLACEMENT_3D ( 'NONE', #2084, #5062, #4536 ) ;
#5900 = EDGE_CURVE ( 'NONE', #6817, #4330, #1443, .T. ) ;
#5901 = CIRCLE ( 'NONE', #610, 0.7999999999999993783 ) ;
#5902 = CIRCLE ( 'NONE', #876, 16.00000000000000000 ) ;
#5903 = DIRECTION ( 'NONE',  ( 0.000000000000000000, 0.000000000000000000, 1.000000000000000000 ) ) ;
#5904 = DIRECTION ( 'NONE',  ( 1.000000000000000000, 0.000000000000000000, 0.000000000000000000 ) ) ;
#5905 = DIRECTION ( 'NONE',  ( 0.000000000000000000, 0.000000000000000000, 1.000000000000000000 ) ) ;
#5906 = ORIENTED_EDGE ( 'NONE', *, *, #3834, .T. ) ;
#5907 = ORIENTED_EDGE ( 'NONE', *, *, #1877, .T. ) ;
#5908 = VECTOR ( 'NONE', #2894, 1000.000000000000000 ) ;
#5909 = VECTOR ( 'NONE', #4648, 999.9999999999998863 ) ;
#5910 = FACE_OUTER_BOUND ( 'NONE', #6544, .T. ) ;
#5911 = DIRECTION ( 'NONE',  ( 0.000000000000000000, -0.000000000000000000, 1.000000000000000000 ) ) ;
#5912 = VECTOR ( 'NONE', #3667, 1000.000000000000000 ) ;
#5913 = FACE_OUTER_BOUND ( 'NONE', #7165, .T. ) ;
#5914 = ORIENTED_EDGE ( 'NONE', *, *, #638, .T. ) ;
#5915 = CARTESIAN_POINT ( 'NONE',  ( 1.189999999999999947, 0.1199999999999999956, 0.1199999999999999400 ) ) ;
#5916 = ORIENTED_EDGE ( 'NONE', *, *, #705, .F. ) ;
#5917 = LINE ( 'NONE', #2800, #5909 ) ;
#5918 = ORIENTED_EDGE ( 'NONE', *, *, #1941, .F. ) ;
#5919 = CARTESIAN_POINT ( 'NONE',  ( 1.380817672985122035, -0.1007578817157856743, -0.1007578817157859935 ) ) ;
#5920 = CARTESIAN_POINT ( 'NONE',  ( 1.499999999999999778, -13.10000000000000142, -3.000000000000000000 ) ) ;
#5921 = ORIENTED_EDGE ( 'NONE', *, *, #2611, .T. ) ;
#5922 = LINE ( 'NONE', #388, #2019 ) ;
#5923 = VERTEX_POINT ( 'NONE', #4506 ) ;
#5924 = CARTESIAN_POINT ( 'NONE',  ( -8.938632284003297457, 7.803533047028018643, 0.000000000000000000 ) ) ;
#5925 = ADVANCED_FACE ( 'NONE', ( #7016 ), #4820, .F. ) ;
#5926 = EDGE_CURVE ( 'NONE', #6902, #7033, #7919, .T. ) ;
#5927 = FACE_OUTER_BOUND ( 'NONE', #6220, .T. ) ;
#5928 = CARTESIAN_POINT ( 'NONE',  ( 12.12339375865887448, 7.749999999999872990, -4.000000000000000000 ) ) ;
#5929 = ORIENTED_EDGE ( 'NONE', *, *, #2212, .T. ) ;
#5930 = ORIENTED_EDGE ( 'NONE', *, *, #6704, .F. ) ;
#5931 = DIRECTION ( 'NONE',  ( -1.000000000000000000, 0.000000000000000000, 0.000000000000000000 ) ) ;
#5932 = ORIENTED_EDGE ( 'NONE', *, *, #6238, .T. ) ;
#5933 = EDGE_CURVE ( 'NONE', #2003, #6474, #1478, .T. ) ;
#5934 = CARTESIAN_POINT ( 'NONE',  ( 11.65997827399141862, 0.000000000000000000, -0.9342020143325648895 ) ) ;
#5935 = VECTOR ( 'NONE', #725, 1000.000000000000000 ) ;
#5936 = CIRCLE ( 'NONE', #5814, 16.50000000000000000 ) ;
#5937 = LINE ( 'NONE', #1153, #5591 ) ;
#5938 = DIRECTION ( 'NONE',  ( -0.000000000000000000, -0.000000000000000000, -1.000000000000000000 ) ) ;
#5939 = SURFACE_STYLE_FILL_AREA ( #7028 ) ;
#5940 = EDGE_LOOP ( 'NONE', ( #5751, #2667, #5399, #2302 ) ) ;
#5941 = ORIENTED_EDGE ( 'NONE', *, *, #2829, .F. ) ;
#5942 = EDGE_CURVE ( 'NONE', #1322, #3615, #1529, .T. ) ;
#5943 = AXIS2_PLACEMENT_3D ( 'NONE', #3297, #5811, #2054 ) ;
#5944 = LINE ( 'NONE', #4264, #5780 ) ;
#5945 = LINE ( 'NONE', #3425, #340 ) ;
#5946 = ITEM_DEFINED_TRANSFORMATION ( 'NONE', 'NONE', #554,  #7250 ) ;
#5947 = CARTESIAN_POINT ( 'NONE',  ( 3.000000000000000444, 3.673940397442060361E-16, 6.000000000000000000 ) ) ;
#5948 = ORIENTED_EDGE ( 'NONE', *, *, #496, .T. ) ;
#5949 = DIRECTION ( 'NONE',  ( -0.7071067811865474617, 8.659560562354931626E-17, 0.7071067811865475727 ) ) ;
#5950 = EDGE_CURVE ( 'NONE', #4668, #4795, #4297, .T. ) ;
#5951 = ORIENTED_EDGE ( 'NONE', *, *, #1272, .F. ) ;
#5952 = CARTESIAN_POINT ( 'NONE',  ( 14.72339375865887057, 7.749999999999872990, -1.599999999999999867 ) ) ;
#5953 = PRODUCT_DEFINITION_SHAPE ( 'NONE', 'NONE',  #5016 ) ;
#5954 = APPLICATION_CONTEXT ( 'automotive_design' ) ;
#5955 = EDGE_LOOP ( 'NONE', ( #2538, #3106, #6014, #868 ) ) ;
#5956 = DIRECTION ( 'NONE',  ( -0.000000000000000000, -0.000000000000000000, -1.000000000000000000 ) ) ;
#5957 = CARTESIAN_POINT ( 'NONE',  ( 3.000000000000000444, 0.000000000000000000, 0.000000000000000000 ) ) ;
#5958 = ORIENTED_EDGE ( 'NONE', *, *, #3886, .F. ) ;
#5959 = DIRECTION ( 'NONE',  ( -0.000000000000000000, -0.000000000000000000, -1.000000000000000000 ) ) ;
#5960 = CARTESIAN_POINT ( 'NONE',  ( -8.977365845191682681, 7.637889082510132432, 1.355252715606880543E-17 ) ) ;
#5961 = DIRECTION ( 'NONE',  ( -0.000000000000000000, -0.000000000000000000, -1.000000000000000000 ) ) ;
#5962 = LINE ( 'NONE', #1065, #2096 ) ;
#5963 = LINE ( 'NONE', #7935, #2153 ) ;
#5964 = PRODUCT_DEFINITION ( 'UNKNOWN', '', #3889, #5689 ) ;
#5965 = EDGE_CURVE ( 'NONE', #2081, #799, #5597, .T. ) ;
#5966 = ORIENTED_EDGE ( 'NONE', *, *, #1844, .F. ) ;
#5967 = FILL_AREA_STYLE_COLOUR ( '', #1081 ) ;
#5968 = VERTEX_POINT ( 'NONE', #6447 ) ;
#5969 = DIRECTION ( 'NONE',  ( -1.000000000000000000, 0.000000000000000000, 0.000000000000000000 ) ) ;
#5970 = ORIENTED_EDGE ( 'NONE', *, *, #2706, .F. ) ;
#5971 = VECTOR ( 'NONE', #918, 1000.000000000000000 ) ;
#5972 = CARTESIAN_POINT ( 'NONE',  ( 0.000000000000000000, 0.000000000000000000, 0.000000000000000000 ) ) ;
#5973 = EDGE_CURVE ( 'NONE', #5306, #4495, #2890, .T. ) ;
#5974 = DIRECTION ( 'NONE',  ( 0.000000000000000000, -0.5000000000000009992, -0.8660254037844380415 ) ) ;
#5975 = CARTESIAN_POINT ( 'NONE',  ( 13.42339375865876328, 7.750000000000064837, -0.2250000000000003664 ) ) ;
#5976 = CARTESIAN_POINT ( 'NONE',  ( 1.370759493670886231, 0.1017721518987341200, 2.469153519197884906E-16 ) ) ;
#5977 = EDGE_LOOP ( 'NONE', ( #3296, #2072 ) ) ;
#5978 = ORIENTED_EDGE ( 'NONE', *, *, #7443, .T. ) ;
#5979 = AXIS2_PLACEMENT_3D ( 'NONE', #3670, #1747, #1093 ) ;
#5980 = DIRECTION ( 'NONE',  ( -0.000000000000000000, -0.000000000000000000, 1.000000000000000000 ) ) ;
#5981 = AXIS2_PLACEMENT_3D ( 'NONE', #2769, #5221, #4620 ) ;
#5982 = PLANE ( 'NONE',  #3301 ) ;
#5983 = EDGE_CURVE ( 'NONE', #117, #6029, #6752, .T. ) ;
#5984 = AXIS2_PLACEMENT_3D ( 'NONE', #5239, #1574, #4023 ) ;
#5985 = CARTESIAN_POINT ( 'NONE',  ( -9.014546265761506305, 7.784123820312712105, -0.02548201704837182308 ) ) ;
#5986 = EDGE_LOOP ( 'NONE', ( #2797, #522, #7756, #3622 ) ) ;
#5987 = CARTESIAN_POINT ( 'NONE',  ( 6.150000000000156675, -13.42339375865870998, 0.000000000000000000 ) ) ;
#5988 = ORIENTED_EDGE ( 'NONE', *, *, #1394, .F. ) ;
#5989 = MANIFOLD_SOLID_BREP ( 'Fillet2', #4504 ) ;
#5990 = LINE ( 'NONE', #457, #1765 ) ;
#5991 = VECTOR ( 'NONE', #3974, 1000.000000000000000 ) ;
#5992 = EDGE_CURVE ( 'NONE', #904, #5006, #2285, .T. ) ;
#5993 = FACE_OUTER_BOUND ( 'NONE', #6330, .T. ) ;
#5994 = CARTESIAN_POINT ( 'NONE',  ( -12.99544838427365434, -10.16702125952725844, -3.000000000000000000 ) ) ;
#5995 = ORIENTED_EDGE ( 'NONE', *, *, #1218, .T. ) ;
#5996 = FACE_OUTER_BOUND ( 'NONE', #7384, .T. ) ;
#5997 = LINE ( 'NONE', #5265, #5504 ) ;
#5998 = DIRECTION ( 'NONE',  ( 0.5530835219181897688, 2.908843223750394195E-15, -0.8331258114970219175 ) ) ;
#5999 = AXIS2_PLACEMENT_3D ( 'NONE', #1936, #1094, #3554 ) ;
#6000 = CARTESIAN_POINT ( 'NONE',  ( 12.99544838427358506, -10.16702125952735258, 0.000000000000000000 ) ) ;
#6001 = LINE ( 'NONE', #2927, #6999 ) ;
#6002 = VECTOR ( 'NONE', #2651, 1000.000000000000000 ) ;
#6003 = CIRCLE ( 'NONE', #2513, 1.249999999999996003 ) ;
#6004 = VERTEX_POINT ( 'NONE', #1760 ) ;
#6005 =( NAMED_UNIT ( * ) SI_UNIT ( $, .STERADIAN. ) SOLID_ANGLE_UNIT ( ) );
#6006 = ORIENTED_EDGE ( 'NONE', *, *, #1807, .T. ) ;
#6007 = CARTESIAN_POINT ( 'NONE',  ( -0.7999999999999912736, -15.50000000000000000, 0.000000000000000000 ) ) ;
#6008 = ORIENTED_EDGE ( 'NONE', *, *, #7380, .F. ) ;
#6009 = PLANE ( 'NONE',  #2406 ) ;
#6010 = AXIS2_PLACEMENT_3D ( 'NONE', #2143, #7832, #4640 ) ;
#6011 = CARTESIAN_POINT ( 'NONE',  ( 15.50000000000000000, 0.000000000000000000, 0.000000000000000000 ) ) ;
#6012 = SURFACE_SIDE_STYLE ('',( #5398 ) ) ;
#6013 = EDGE_LOOP ( 'NONE', ( #7228, #7819, #5660, #1653 ) ) ;
#6014 = ORIENTED_EDGE ( 'NONE', *, *, #397, .T. ) ;
#6015 = EDGE_CURVE ( 'NONE', #4804, #144, #3017, .T. ) ;
#6016 = CIRCLE ( 'NONE', #2527, 18.50000000000000355 ) ;
#6017 = EDGE_CURVE ( 'NONE', #472, #3211, #2496, .T. ) ;
#6018 = FACE_OUTER_BOUND ( 'NONE', #4311, .T. ) ;
#6019 = DIRECTION ( 'NONE',  ( -0.000000000000000000, -0.000000000000000000, -1.000000000000000000 ) ) ;
#6020 = ADVANCED_BREP_SHAPE_REPRESENTATION ( '', ( #6068, #7250 ), #1715 ) ;
#6021 = CIRCLE ( 'NONE', #1645, 1.299999999999999156 ) ;
#6022 = VECTOR ( 'NONE', #6997, 1000.000000000000114 ) ;
#6023 = AXIS2_PLACEMENT_3D ( 'NONE', #3893, #3931, #197 ) ;
#6024 = CARTESIAN_POINT ( 'NONE',  ( -8.907521186990907225, 7.632926252019963442, -0.09999999999999939493 ) ) ;
#6025 = ORIENTED_EDGE ( 'NONE', *, *, #5869, .T. ) ;
#6026 = CIRCLE ( 'NONE', #4599, 12.07002075382098027 ) ;
#6027 = CARTESIAN_POINT ( 'NONE',  ( 0.000000000000000000, 0.000000000000000000, -3.000000000000000000 ) ) ;
#6028 = VECTOR ( 'NONE', #6106, 1000.000000000000114 ) ;
#6029 = VERTEX_POINT ( 'NONE', #4099 ) ;
#6030 = AXIS2_PLACEMENT_3D ( 'NONE', #2102, #140, #4558 ) ;
#6031 = EDGE_CURVE ( 'NONE', #4218, #4472, #7788, .T. ) ;
#6032 = MANIFOLD_SOLID_BREP ( 'Fillet1', #7472 ) ;
#6033 = DIRECTION ( 'NONE',  ( 1.000000000000000000, 0.000000000000000000, -0.000000000000000000 ) ) ;
#6034 = AXIS2_PLACEMENT_3D ( 'NONE', #2303, #4076, #380 ) ;
#6035 = CARTESIAN_POINT ( 'NONE',  ( 0.000000000000000000, 0.000000000000000000, 0.000000000000000000 ) ) ;
#6036 = AXIS2_PLACEMENT_3D ( 'NONE', #6612, #5980, #3539 ) ;
#6037 = CARTESIAN_POINT ( 'NONE',  ( 16.74999999999999645, 0.000000000000000000, 0.000000000000000000 ) ) ;
#6038 = DIRECTION ( 'NONE',  ( 0.9949540640923917323, 0.000000000000000000, 0.1003315022614176683 ) ) ;
#6039 = EDGE_LOOP ( 'NONE', ( #6511, #1467, #7181, #7662 ) ) ;
#6040 = DIRECTION ( 'NONE',  ( -0.7071067811865483499, 8.659560562354942719E-17, 0.7071067811865466846 ) ) ;
#6041 = CARTESIAN_POINT ( 'NONE',  ( -9.001254125200043532, 7.639586470505681959, -0.06579798566743304267 ) ) ;
#6042 = FACE_OUTER_BOUND ( 'NONE', #4825, .T. ) ;
#6043 = EDGE_CURVE ( 'NONE', #3572, #7058, #5740, .T. ) ;
#6044 = LINE ( 'NONE', #1217, #563 ) ;
#6045 = FACE_OUTER_BOUND ( 'NONE', #247, .T. ) ;
#6046 = ORIENTED_EDGE ( 'NONE', *, *, #2851, .F. ) ;
#6047 = DIRECTION ( 'NONE',  ( -0.000000000000000000, -0.000000000000000000, 1.000000000000000000 ) ) ;
#6048 = ORIENTED_EDGE ( 'NONE', *, *, #5046, .F. ) ;
#6049 = LINE ( 'NONE', #6007, #3047 ) ;
#6050 = ORIENTED_EDGE ( 'NONE', *, *, #5017, .T. ) ;
#6051 = DIRECTION ( 'NONE',  ( 1.000000000000000000, 0.000000000000000000, 0.000000000000000000 ) ) ;
#6052 = FACE_OUTER_BOUND ( 'NONE', #7650, .T. ) ;
#6053 = DIRECTION ( 'NONE',  ( -0.000000000000000000, -0.000000000000000000, 1.000000000000000000 ) ) ;
#6054 = ORIENTED_EDGE ( 'NONE', *, *, #1867, .T. ) ;
#6055 = ORIENTED_EDGE ( 'NONE', *, *, #2970, .T. ) ;
#6056 =( BOUNDED_SURFACE ( )  B_SPLINE_SURFACE ( 3, 2, ( 
 ( #4194, #7961, #2422 ),
 ( #1133, #533, #7310 ),
 ( #5451, #4887, #7918 ),
 ( #2379, #6706, #221 ) ),
 .UNSPECIFIED., .F., .F., .F. ) 
 B_SPLINE_SURFACE_WITH_KNOTS ( ( 4, 4 ),
 ( 3, 3 ),
 ( 0.005071794713153282216, 0.006526552733642603833 ),
 ( 0.000000000000000000, 1.000000000000000000 ),
 .UNSPECIFIED. ) 
 GEOMETRIC_REPRESENTATION_ITEM ( )  RATIONAL_B_SPLINE_SURFACE ( (
 ( 1.000000000000000000, 0.4478576896134039420, 1.000000000000000000),
 ( 1.000000000000000000, 0.4505459861026421819, 1.000000000000000000),
 ( 1.000000000000000000, 0.4528924464396734129, 1.000000000000000000),
 ( 1.000000000000000000, 0.4548811336947053419, 1.000000000000000000) ) ) 
 REPRESENTATION_ITEM ( '' )  SURFACE ( )  );
#6057 = LINE ( 'NONE', #7222, #1778 ) ;
#6058 = DIRECTION ( 'NONE',  ( 0.7071067811865492381, 0.000000000000000000, 0.7071067811865457964 ) ) ;
#6059 = AXIS2_PLACEMENT_3D ( 'NONE', #2260, #3996, #4150 ) ;
#6060 = EDGE_CURVE ( 'NONE', #2273, #3211, #2818, .T. ) ;
#6061 = EDGE_CURVE ( 'NONE', #28, #7457, #398, .T. ) ;
#6062 = CIRCLE ( 'NONE', #2840, 16.00000000000000000 ) ;
#6063 = CYLINDRICAL_SURFACE ( 'NONE', #4511, 1.249999999999996003 ) ;
#6064 = ORIENTED_EDGE ( 'NONE', *, *, #3198, .F. ) ;
#6065 = ORIENTED_EDGE ( 'NONE', *, *, #7619, .T. ) ;
#6066 = DIRECTION ( 'NONE',  ( 1.000000000000000000, 0.000000000000000000, 0.000000000000000000 ) ) ;
#6067 = VERTEX_POINT ( 'NONE', #6208 ) ;
#6068 = MANIFOLD_SOLID_BREP ( 'Chamfer1', #2576 ) ;
#6069 = DIRECTION ( 'NONE',  ( 0.8660254037844375974, 0.5000000000000017764, 0.000000000000000000 ) ) ;
#6070 = LINE ( 'NONE', #3071, #6282 ) ;
#6071 = CIRCLE ( 'NONE', #2318, 0.7999999999999986011 ) ;
#6072 =( LENGTH_UNIT ( ) NAMED_UNIT ( * ) SI_UNIT ( .MILLI., .METRE. ) );
#6073 = EDGE_CURVE ( 'NONE', #4342, #5064, #5364, .T. ) ;
#6074 = LINE ( 'NONE', #6197, #52 ) ;
#6075 = CARTESIAN_POINT ( 'NONE',  ( 2.640432800705814653, -8.368128278014669887E-15, 0.8428923634937738329 ) ) ;
#6076 = VERTEX_POINT ( 'NONE', #3643 ) ;
#6077 = CARTESIAN_POINT ( 'NONE',  ( 0.000000000000000000, -0.9099999999999984768, -0.2399999999999999911 ) ) ;
#6078 = DIRECTION ( 'NONE',  ( 0.000000000000000000, 0.000000000000000000, -1.000000000000000000 ) ) ;
#6079 = CARTESIAN_POINT ( 'NONE',  ( 6.500000000000159872, -13.42339375865870998, -4.000000000000000000 ) ) ;
#6080 = CARTESIAN_POINT ( 'NONE',  ( 3.191745543516252948, -5.422702600629761727E-15, -0.08185669346382302980 ) ) ;
#6081 = PLANE ( 'NONE',  #5572 ) ;
#6082 = EDGE_CURVE ( 'NONE', #4457, #5130, #3685, .T. ) ;
#6083 = CARTESIAN_POINT ( 'NONE',  ( 0.000000000000000000, 0.000000000000000000, -1.000000000000000000 ) ) ;
#6084 = EDGE_LOOP ( 'NONE', ( #4637, #1650, #7596, #5181 ) ) ;
#6085 = DIRECTION ( 'NONE',  ( -0.9949540640923918433, -0.1003315022614172103, 0.000000000000000000 ) ) ;
#6086 = VERTEX_POINT ( 'NONE', #2520 ) ;
#6087 = CARTESIAN_POINT ( 'NONE',  ( -15.52339375865876292, 7.750000000000064837, -1.600000000000000089 ) ) ;
#6088 = EDGE_LOOP ( 'NONE', ( #5770, #3846, #949, #4738, #3926 ) ) ;
#6089 = CARTESIAN_POINT ( 'NONE',  ( -1.499999999999999334, 0.2500000000000000000, 4.250000000000001776 ) ) ;
#6090 = EDGE_CURVE ( 'NONE', #2488, #7033, #1919, .T. ) ;
#6091 = DIRECTION ( 'NONE',  ( 1.000000000000000000, 0.000000000000000000, 0.000000000000000000 ) ) ;
#6092 = SURFACE_STYLE_USAGE ( .BOTH. , #4064 ) ;
#6093 = AXIS2_PLACEMENT_3D ( 'NONE', #4166, #4247, #6875 ) ;
#6094 = CARTESIAN_POINT ( 'NONE',  ( -9.350000000000063594, 13.42339375865876505, 0.000000000000000000 ) ) ;
#6095 = ORIENTED_EDGE ( 'NONE', *, *, #2346, .T. ) ;
#6096 = ORIENTED_EDGE ( 'NONE', *, *, #6669, .F. ) ;
#6097 = DIRECTION ( 'NONE',  ( 1.000000000000000000, 0.000000000000000000, 0.000000000000000000 ) ) ;
#6098 = DIRECTION ( 'NONE',  ( -0.000000000000000000, -0.000000000000000000, 1.000000000000000000 ) ) ;
#6099 = VECTOR ( 'NONE', #4530, 1000.000000000000114 ) ;
#6100 = EDGE_CURVE ( 'NONE', #3033, #4626, #7689, .T. ) ;
#6101 = CARTESIAN_POINT ( 'NONE',  ( -1.500000000000000222, -12.50000000000000000, 2.499999999999999556 ) ) ;
#6102 = ORIENTED_EDGE ( 'NONE', *, *, #7053, .T. ) ;
#6103 = EDGE_LOOP ( 'NONE', ( #6327, #2656, #4172, #4510 ) ) ;
#6104 = CARTESIAN_POINT ( 'NONE',  ( 9.349999999999969447, 13.42339375865881657, 0.000000000000000000 ) ) ;
#6105 = AXIS2_PLACEMENT_3D ( 'NONE', #5378, #2842, #6626 ) ;
#6106 = DIRECTION ( 'NONE',  ( 0.7071067811865540120, 0.7071067811865410224, 0.000000000000000000 ) ) ;
#6107 = PRODUCT_DEFINITION ( 'UNKNOWN', '', #419, #7459 ) ;
#6108 = DIRECTION ( 'NONE',  ( 0.000000000000000000, -1.000000000000000000, 0.000000000000000000 ) ) ;
#6109 = EDGE_CURVE ( 'NONE', #5437, #2809, #713, .T. ) ;
#6110 = DIRECTION ( 'NONE',  ( 0.000000000000000000, 0.000000000000000000, 1.000000000000000000 ) ) ;
#6111 = AXIS2_PLACEMENT_3D ( 'NONE', #6726, #5032, #2444 ) ;
#6112 = CARTESIAN_POINT ( 'NONE',  ( 0.7499999999999997780, -1.349647922241902442, 5.606569860407210726 ) ) ;
#6113 = ORIENTED_EDGE ( 'NONE', *, *, #962, .F. ) ;
#6114 = DIRECTION ( 'NONE',  ( 0.2170301836380891525, 0.7198854369973174405, 0.6592896609148354292 ) ) ;
#6115 = FACE_OUTER_BOUND ( 'NONE', #1635, .T. ) ;
#6116 = FACE_OUTER_BOUND ( 'NONE', #1954, .T. ) ;
#6117 = B_SPLINE_CURVE_WITH_KNOTS ( 'NONE', 3,
 ( #823, #225, #2678, #7602 ),
 .UNSPECIFIED., .F., .F.,
 ( 4, 4 ),
 ( 0.000000000000000000, 0.001334112672479539213 ),
 .UNSPECIFIED. ) ;
#6118 = MECHANICAL_DESIGN_GEOMETRIC_PRESENTATION_REPRESENTATION (  '', ( #4561 ), #3274 ) ;
#6119 = FACE_OUTER_BOUND ( 'NONE', #4347, .T. ) ;
#6120 = EDGE_CURVE ( 'NONE', #3025, #136, #88, .T. ) ;
#6121 = EDGE_CURVE ( 'NONE', #2473, #6425, #7404, .T. ) ;
#6122 = DIRECTION ( 'NONE',  ( 1.000000000000000000, 0.000000000000000000, 0.000000000000000000 ) ) ;
#6123 = DIRECTION ( 'NONE',  ( -0.7071067811865461294, -0.7071067811865489050, 0.000000000000000000 ) ) ;
#6124 = VECTOR ( 'NONE', #6627, 1000.000000000000000 ) ;
#6125 = ORIENTED_EDGE ( 'NONE', *, *, #7224, .T. ) ;
#6126 = CARTESIAN_POINT ( 'NONE',  ( -5.400000000000000355, 0.000000000000000000, 2.499999999999999556 ) ) ;
#6127 = ORIENTED_EDGE ( 'NONE', *, *, #7568, .F. ) ;
#6128 = CARTESIAN_POINT ( 'NONE',  ( 0.000000000000000000, 0.000000000000000000, 0.000000000000000000 ) ) ;
#6129 = ORIENTED_EDGE ( 'NONE', *, *, #7695, .T. ) ;
#6130 = EDGE_CURVE ( 'NONE', #6737, #3381, #2663, .T. ) ;
#6131 = CIRCLE ( 'NONE', #456, 0.7500000000000002220 ) ;
#6132 = CARTESIAN_POINT ( 'NONE',  ( 9.176628966607960791, 7.830161455136994242, -0.000000000000000000 ) ) ;
#6133 = AXIS2_PLACEMENT_3D ( 'NONE', #370, #1539, #327 ) ;
#6134 = DIRECTION ( 'NONE',  ( 1.020425574104004122E-16, 0.000000000000000000, 1.000000000000000000 ) ) ;
#6135 = EDGE_LOOP ( 'NONE', ( #5906, #3034, #358 ) ) ;
#6136 = DIRECTION ( 'NONE',  ( 0.000000000000000000, 0.000000000000000000, 1.000000000000000000 ) ) ;
#6137 = FILL_AREA_STYLE_COLOUR ( '', #5673 ) ;
#6138 = EDGE_LOOP ( 'NONE', ( #2107, #4501, #4596, #4269 ) ) ;
#6139 = ORIENTED_EDGE ( 'NONE', *, *, #2070, .F. ) ;
#6140 = LINE ( 'NONE', #607, #843 ) ;
#6141 = ADVANCED_FACE ( 'NONE', ( #7324 ), #7973, .F. ) ;
#6142 = LINE ( 'NONE', #2493, #3318 ) ;
#6143 = CIRCLE ( 'NONE', #7938, 3.849999999999999645 ) ;
#6144 = DIRECTION ( 'NONE',  ( -0.000000000000000000, -0.000000000000000000, -1.000000000000000000 ) ) ;
#6145 = EDGE_LOOP ( 'NONE', ( #1305, #4268, #3423, #4711, #3930, #3024 ) ) ;
#6146 = ORIENTED_EDGE ( 'NONE', *, *, #5671, .T. ) ;
#6147 = DIRECTION ( 'NONE',  ( 0.7071067811865492381, 0.000000000000000000, 0.7071067811865457964 ) ) ;
#6148 = AXIS2_PLACEMENT_3D ( 'NONE', #4287, #6756, #1221 ) ;
#6149 = PLANE ( 'NONE',  #6929 ) ;
#6150 = CIRCLE ( 'NONE', #6650, 1.249999999999996003 ) ;
#6151 = DIRECTION ( 'NONE',  ( -0.000000000000000000, -0.000000000000000000, 1.000000000000000000 ) ) ;
#6152 = AXIS2_PLACEMENT_3D ( 'NONE', #362, #1107, #4134 ) ;
#6153 = CARTESIAN_POINT ( 'NONE',  ( 1.500000000000000222, 12.50000000000000000, 2.499999999999999556 ) ) ;
#6154 = CIRCLE ( 'NONE', #2533, 16.50000000000000355 ) ;
#6155 = VERTEX_POINT ( 'NONE', #7932 ) ;
#6156 = VECTOR ( 'NONE', #1827, 1000.000000000000000 ) ;
#6157 = ORIENTED_EDGE ( 'NONE', *, *, #1369, .F. ) ;
#6158 = CARTESIAN_POINT ( 'NONE',  ( -11.97605149174238903, 1.466643312578620145E-15, -0.06579798566743258470 ) ) ;
#6159 = CARTESIAN_POINT ( 'NONE',  ( -12.39839375865887305, 7.749999999999872990, 1.734723475976807094E-15 ) ) ;
#6160 = DIRECTION ( 'NONE',  ( 0.000000000000000000, 0.000000000000000000, 1.000000000000000000 ) ) ;
#6161 = AXIS2_PLACEMENT_3D ( 'NONE', #6274, #3882, #5708 ) ;
#6162 = CYLINDRICAL_SURFACE ( 'NONE', #1980, 0.7999999999999933831 ) ;
#6163 = CIRCLE ( 'NONE', #616, 9.433990988087167295 ) ;
#6164 = CIRCLE ( 'NONE', #7056, 3.849999999999999645 ) ;
#6165 = CARTESIAN_POINT ( 'NONE',  ( 14.72339375865886879, 7.749999999999872990, 0.000000000000000000 ) ) ;
#6166 = CARTESIAN_POINT ( 'NONE',  ( 14.72339375865887057, 7.749999999999872990, -1.599999999999999645 ) ) ;
#6167 = ORIENTED_EDGE ( 'NONE', *, *, #2621, .F. ) ;
#6168 = EDGE_CURVE ( 'NONE', #4647, #7345, #2395, .T. ) ;
#6169 = SURFACE_STYLE_USAGE ( .BOTH. , #3765 ) ;
#6170 = EDGE_CURVE ( 'NONE', #7093, #2287, #1181, .T. ) ;
#6171 = ORIENTED_EDGE ( 'NONE', *, *, #1401, .F. ) ;
#6172 = CARTESIAN_POINT ( 'NONE',  ( 0.000000000000000000, 0.000000000000000000, -2.500000000000000000 ) ) ;
#6173 = VERTEX_POINT ( 'NONE', #1841 ) ;
#6174 = FACE_BOUND ( 'NONE', #1969, .T. ) ;
#6175 = CARTESIAN_POINT ( 'NONE',  ( 0.000000000000000000, 0.000000000000000000, 0.000000000000000000 ) ) ;
#6176 = EDGE_CURVE ( 'NONE', #2011, #4595, #6150, .T. ) ;
#6177 = ORIENTED_EDGE ( 'NONE', *, *, #5341, .T. ) ;
#6178 = CYLINDRICAL_SURFACE ( 'NONE', #7474, 5.000000000000000000 ) ;
#6179 = PRODUCT_DEFINITION_CONTEXT ( 'detailed design', #4710, 'design' ) ;
#6180 = LINE ( 'NONE', #1732, #6573 ) ;
#6181 = ORIENTED_EDGE ( 'NONE', *, *, #3582, .T. ) ;
#6182 = ORIENTED_EDGE ( 'NONE', *, *, #5565, .F. ) ;
#6183 = CARTESIAN_POINT ( 'NONE',  ( 0.000000000000000000, 0.000000000000000000, 50.06316010800758676 ) ) ;
#6184 = DIRECTION ( 'NONE',  ( -0.000000000000000000, -0.000000000000000000, 1.000000000000000000 ) ) ;
#6185 = ADVANCED_FACE ( 'NONE', ( #6759 ), #1223, .T. ) ;
#6186 = CARTESIAN_POINT ( 'NONE',  ( 0.000000000000000000, 0.000000000000000000, -4.000000000000003553 ) ) ;
#6187 = ORIENTED_EDGE ( 'NONE', *, *, #7505, .F. ) ;
#6188 = ORIENTED_EDGE ( 'NONE', *, *, #2015, .F. ) ;
#6189 = DIRECTION ( 'NONE',  ( 1.000000000000000000, 0.000000000000000000, 0.000000000000000000 ) ) ;
#6190 = CYLINDRICAL_SURFACE ( 'NONE', #3692, 1.249999999999996003 ) ;
#6191 = TOROIDAL_SURFACE ( 'NONE', #4240, 11.56600901191282738, 0.1000000000000000056 ) ;
#6192 = DIRECTION ( 'NONE',  ( 1.000000000000000000, 0.000000000000000000, 0.000000000000000000 ) ) ;
#6193 = SHAPE_REPRESENTATION_RELATIONSHIP ( 'NONE' , 'NONE' ,  #4871, #6402 ) ;
#6194 = AXIS2_PLACEMENT_3D ( 'NONE', #3976, #5229, #5732 ) ;
#6195 = AXIS2_PLACEMENT_3D ( 'NONE', #246, #6450, #1062 ) ;
#6196 = ADVANCED_FACE ( 'NONE', ( #7528 ), #6969, .F. ) ;
#6197 = CARTESIAN_POINT ( 'NONE',  ( 1.414213562373088928, -1.414213562373095145, 0.000000000000000000 ) ) ;
#6198 = ORIENTED_EDGE ( 'NONE', *, *, #6265, .F. ) ;
#6199 = ORIENTED_EDGE ( 'NONE', *, *, #7962, .F. ) ;
#6200 = DIRECTION ( 'NONE',  ( 0.000000000000000000, 0.000000000000000000, -1.000000000000000000 ) ) ;
#6201 = CARTESIAN_POINT ( 'NONE',  ( 3.000000000000000444, 0.000000000000000000, 0.000000000000000000 ) ) ;
#6202 = CARTESIAN_POINT ( 'NONE',  ( 9.335235707365546531, 6.701034901301980540, -0.9342020143325688863 ) ) ;
#6203 = COLOUR_RGB ( '',0.7921568627450980005, 0.8196078431372548767, 0.9333333333333333481 ) ;
#6204 = DIRECTION ( 'NONE',  ( -1.000000000000000000, 1.224646799147358384E-16, 0.000000000000000000 ) ) ;
#6205 = CARTESIAN_POINT ( 'NONE',  ( -9.239364071259618783, 6.999999999985517363, -0.6576473808145505417 ) ) ;
#6206 = CARTESIAN_POINT ( 'NONE',  ( -25.39999999999996305, 0.000000000000000000, 0.000000000000000000 ) ) ;
#6207 = ORIENTED_EDGE ( 'NONE', *, *, #7906, .T. ) ;
#6208 = CARTESIAN_POINT ( 'NONE',  ( 1.600000000000000755, 2.449293598294706414E-16, -2.000000000000000000 ) ) ;
#6209 = ORIENTED_EDGE ( 'NONE', *, *, #7289, .F. ) ;
#6210 = CARTESIAN_POINT ( 'NONE',  ( 3.000000000000000444, 0.000000000000000000, -0.5000000000000004441 ) ) ;
#6211 = ORIENTED_EDGE ( 'NONE', *, *, #6755, .F. ) ;
#6212 = CARTESIAN_POINT ( 'NONE',  ( -5.656854249492404563, -10.60660171779820438, -2.500000000000000000 ) ) ;
#6213 = PRODUCT_DEFINITION ( 'UNKNOWN', '', #7368, #4141 ) ;
#6214 = EDGE_CURVE ( 'NONE', #75, #3327, #6913, .T. ) ;
#6215 = CARTESIAN_POINT ( 'NONE',  ( -3.000000000000000444, 0.000000000000000000, 0.000000000000000000 ) ) ;
#6216 = VERTEX_POINT ( 'NONE', #2161 ) ;
#6217 = DIRECTION ( 'NONE',  ( -0.000000000000000000, -0.000000000000000000, -1.000000000000000000 ) ) ;
#6218 = CARTESIAN_POINT ( 'NONE',  ( -14.25000000000000355, 0.000000000000000000, 0.000000000000000000 ) ) ;
#6219 = EDGE_LOOP ( 'NONE', ( #1118, #7841, #5455, #4543 ) ) ;
#6220 = EDGE_LOOP ( 'NONE', ( #5485, #5932, #4585, #1893 ) ) ;
#6221 = ORIENTED_EDGE ( 'NONE', *, *, #2601, .T. ) ;
#6222 = DIRECTION ( 'NONE',  ( -1.000000000000000000, 0.000000000000000000, 0.000000000000000000 ) ) ;
#6223 = DIRECTION ( 'NONE',  ( -1.020425574104004122E-16, -0.000000000000000000, -1.000000000000000000 ) ) ;
#6224 = ADVANCED_FACE ( 'NONE', ( #3854 ), #4456, .T. ) ;
#6225 = DIRECTION ( 'NONE',  ( 0.000000000000000000, 0.000000000000000000, 1.000000000000000000 ) ) ;
#6226 = VERTEX_POINT ( 'NONE', #2044 ) ;
#6227 = VERTEX_POINT ( 'NONE', #879 ) ;
#6228 = DIRECTION ( 'NONE',  ( 1.000000000000000000, 0.000000000000000000, 0.000000000000000000 ) ) ;
#6229 = CARTESIAN_POINT ( 'NONE',  ( 0.000000000000000000, 0.000000000000000000, -4.000000000000000000 ) ) ;
#6230 = CARTESIAN_POINT ( 'NONE',  ( -13.42339375865876328, 7.750000000000064837, -4.000000000000000000 ) ) ;
#6231 = EDGE_CURVE ( 'NONE', #3572, #1743, #5760, .T. ) ;
#6232 = DIRECTION ( 'NONE',  ( -0.000000000000000000, -0.000000000000000000, 1.000000000000000000 ) ) ;
#6233 = ORIENTED_EDGE ( 'NONE', *, *, #6376, .F. ) ;
#6234 = VERTEX_POINT ( 'NONE', #3805 ) ;
#6235 = CARTESIAN_POINT ( 'NONE',  ( -10.60660171779822392, -5.656854249492355713, -3.000000000000000000 ) ) ;
#6236 = CARTESIAN_POINT ( 'NONE',  ( 8.996691872438148607, 7.664211113658350172, -0.05809002291027147435 ) ) ;
#6237 = CARTESIAN_POINT ( 'NONE',  ( -9.000000000000060396, 13.42339375865876505, -4.000000000000000000 ) ) ;
#6238 = EDGE_CURVE ( 'NONE', #1322, #6234, #4571, .T. ) ;
#6239 = PLANE ( 'NONE',  #37 ) ;
#6240 = AXIS2_PLACEMENT_3D ( 'NONE', #7276, #506, #7848 ) ;
#6241 = DIRECTION ( 'NONE',  ( -1.000000000000000000, -0.000000000000000000, -0.000000000000000000 ) ) ;
#6242 = VERTEX_POINT ( 'NONE', #2765 ) ;
#6243 =( NAMED_UNIT ( * ) PLANE_ANGLE_UNIT ( ) SI_UNIT ( $, .RADIAN. ) );
#6244 = ORIENTED_EDGE ( 'NONE', *, *, #512, .T. ) ;
#6245 = CARTESIAN_POINT ( 'NONE',  ( -1.499999999999999778, 12.50000000000000000, 2.499999999999999556 ) ) ;
#6246 = AXIS2_PLACEMENT_3D ( 'NONE', #4139, #3534, #7940 ) ;
#6247 = ORIENTED_EDGE ( 'NONE', *, *, #4029, .T. ) ;
#6248 = FACE_OUTER_BOUND ( 'NONE', #1444, .T. ) ;
#6249 = FACE_BOUND ( 'NONE', #7527, .T. ) ;
#6250 = PRODUCT_DEFINITION_SHAPE ( 'NONE', 'NONE',  #7981 ) ;
#6251 = CARTESIAN_POINT ( 'NONE',  ( -1.499999999999999334, -0.5000000000000000000, 4.250000000000001776 ) ) ;
#6252 = ORIENTED_EDGE ( 'NONE', *, *, #3505, .F. ) ;
#6253 = CARTESIAN_POINT ( 'NONE',  ( 0.000000000000000000, 0.000000000000000000, 2.499999999999999556 ) ) ;
#6254 = ORIENTED_EDGE ( 'NONE', *, *, #6847, .T. ) ;
#6255 = EDGE_LOOP ( 'NONE', ( #3647, #6467 ) ) ;
#6256 = VERTEX_POINT ( 'NONE', #6398 ) ;
#6257 = AXIS2_PLACEMENT_3D ( 'NONE', #4263, #3704, #5564 ) ;
#6258 = FACE_OUTER_BOUND ( 'NONE', #3778, .T. ) ;
#6259 = CARTESIAN_POINT ( 'NONE',  ( 1.500000000000000666, -2.768782217350890029, 5.848557158514991805 ) ) ;
#6260 = LINE ( 'NONE', #778, #4828 ) ;
#6261 = CARTESIAN_POINT ( 'NONE',  ( 6.821067811865489716, 7.071067811865461294, -2.500000000000000000 ) ) ;
#6262 = VERTEX_POINT ( 'NONE', #235 ) ;
#6263 = ADVANCED_FACE ( 'NONE', ( #6360 ), #3328, .T. ) ;
#6264 = ORIENTED_EDGE ( 'NONE', *, *, #7196, .T. ) ;
#6265 = EDGE_CURVE ( 'NONE', #4786, #3821, #1475, .T. ) ;
#6266 = DIRECTION ( 'NONE',  ( -1.000000000000000000, 0.000000000000000000, -0.000000000000000000 ) ) ;
#6267 = DIRECTION ( 'NONE',  ( 0.000000000000000000, -1.000000000000000000, 0.000000000000000000 ) ) ;
#6268 = APPLICATION_PROTOCOL_DEFINITION ( 'draft international standard', 'automotive_design', 1998, #3574 ) ;
#6269 = AXIS2_PLACEMENT_3D ( 'NONE', #6906, #698, #5745 ) ;
#6270 = AXIS2_PLACEMENT_3D ( 'NONE', #5447, #3107, #6620 ) ;
#6271 = ORIENTED_EDGE ( 'NONE', *, *, #6857, .T. ) ;
#6272 = ORIENTED_EDGE ( 'NONE', *, *, #6581, .F. ) ;
#6273 = CARTESIAN_POINT ( 'NONE',  ( -10.12807449829051620, 12.95650162303667052, -2.762074505178808703 ) ) ;
#6274 = CARTESIAN_POINT ( 'NONE',  ( 0.000000000000000000, 0.000000000000000000, -2.500000000000000000 ) ) ;
#6275 = ADVANCED_FACE ( 'NONE', ( #6441 ), #914, .F. ) ;
#6276 = CARTESIAN_POINT ( 'NONE',  ( 0.000000000000000000, 0.000000000000000000, 0.000000000000000000 ) ) ;
#6277 = AXIS2_PLACEMENT_3D ( 'NONE', #1349, #6285, #154 ) ;
#6278 = FACE_OUTER_BOUND ( 'NONE', #938, .T. ) ;
#6279 = AXIS2_PLACEMENT_3D ( 'NONE', #3330, #4498, #5762 ) ;
#6280 = DIRECTION ( 'NONE',  ( 0.000000000000000000, 0.000000000000000000, -1.000000000000000000 ) ) ;
#6281 = TOROIDAL_SURFACE ( 'NONE', #1373, 11.56600901191282738, 0.1000000000000000056 ) ;
#6282 = VECTOR ( 'NONE', #2338, 1000.000000000000000 ) ;
#6283 = CARTESIAN_POINT ( 'NONE',  ( 0.000000000000000000, 0.000000000000000000, -2.500000000000000000 ) ) ;
#6284 = ORIENTED_EDGE ( 'NONE', *, *, #3249, .F. ) ;
#6285 = DIRECTION ( 'NONE',  ( 0.000000000000000000, 0.000000000000000000, -1.000000000000000000 ) ) ;
#6286 = ORIENTED_EDGE ( 'NONE', *, *, #2567, .T. ) ;
#6287 = CARTESIAN_POINT ( 'NONE',  ( -0.7500000000000000000, -0.3082200092159082527, 4.410375918188655930 ) ) ;
#6288 = ADVANCED_FACE ( 'NONE', ( #5147 ), #5800, .F. ) ;
#6289 = ORIENTED_EDGE ( 'NONE', *, *, #2130, .F. ) ;
#6290 = AXIS2_PLACEMENT_3D ( 'NONE', #1535, #1073, #438 ) ;
#6291 = AXIS2_PLACEMENT_3D ( 'NONE', #3282, #1301, #1993 ) ;
#6292 = LINE ( 'NONE', #2608, #2906 ) ;
#6293 = DIRECTION ( 'NONE',  ( 1.000000000000000000, 0.000000000000000000, 0.000000000000000000 ) ) ;
#6294 = CIRCLE ( 'NONE', #7311, 1.449999999999999956 ) ;
#6295 = AXIS2_PLACEMENT_3D ( 'NONE', #2257, #1818, #1779 ) ;
#6296 = FACE_OUTER_BOUND ( 'NONE', #5849, .T. ) ;
#6297 = ORIENTED_EDGE ( 'NONE', *, *, #534, .T. ) ;
#6298 = DIRECTION ( 'NONE',  ( 0.000000000000000000, 0.000000000000000000, 1.000000000000000000 ) ) ;
#6299 = ADVANCED_FACE ( 'NONE', ( #798 ), #2689, .F. ) ;
#6300 = CARTESIAN_POINT ( 'NONE',  ( -13.42339375865887163, 7.749999999999872990, -0.2250000000000003664 ) ) ;
#6301 = ORIENTED_EDGE ( 'NONE', *, *, #22, .T. ) ;
#6302 = VERTEX_POINT ( 'NONE', #7574 ) ;
#6303 = ORIENTED_EDGE ( 'NONE', *, *, #4881, .T. ) ;
#6304 = DIRECTION ( 'NONE',  ( 0.000000000000000000, 0.000000000000000000, -1.000000000000000000 ) ) ;
#6305 = DIRECTION ( 'NONE',  ( 1.000000000000000000, 0.000000000000000000, 0.000000000000000000 ) ) ;
#6306 = CARTESIAN_POINT ( 'NONE',  ( 2.500000000000000444, 1.658312395177699905, 9.499999999999998224 ) ) ;
#6307 = DIRECTION ( 'NONE',  ( 1.000000000000000000, 0.000000000000000000, 0.000000000000000000 ) ) ;
#6308 = ORIENTED_EDGE ( 'NONE', *, *, #7100, .T. ) ;
#6309 = ORIENTED_EDGE ( 'NONE', *, *, #2731, .T. ) ;
#6310 = CARTESIAN_POINT ( 'NONE',  ( 15.50000000000000000, 0.000000000000000000, -0.3500000000000030864 ) ) ;
#6311 = CARTESIAN_POINT ( 'NONE',  ( 10.16702125952739877, -12.99544838427354954, -3.000000000000000000 ) ) ;
#6312 = EDGE_CURVE ( 'NONE', #810, #3875, #5897, .T. ) ;
#6313 = ADVANCED_FACE ( 'NONE', ( #761 ), #270, .F. ) ;
#6314 = CARTESIAN_POINT ( 'NONE',  ( -5.656854249492404563, -10.60660171779820438, -2.500000000000000000 ) ) ;
#6315 = EDGE_LOOP ( 'NONE', ( #372, #1329, #891, #4907 ) ) ;
#6316 = CARTESIAN_POINT ( 'NONE',  ( 0.000000000000000000, 7.000000000000000000, -0.9342020143325684423 ) ) ;
#6317 = CARTESIAN_POINT ( 'NONE',  ( 13.42339375865887163, 7.749999999999872990, 0.000000000000000000 ) ) ;
#6318 = ORIENTED_EDGE ( 'NONE', *, *, #7099, .F. ) ;
#6319 = DIRECTION ( 'NONE',  ( -1.000000000000000000, 0.000000000000000000, 0.000000000000000000 ) ) ;
#6320 = CIRCLE ( 'NONE', #1416, 0.09999999999999932554 ) ;
#6321 = DIRECTION ( 'NONE',  ( 0.000000000000000000, 1.000000000000000000, -0.000000000000000000 ) ) ;
#6322 = EDGE_CURVE ( 'NONE', #7039, #1080, #5492, .T. ) ;
#6323 = AXIS2_PLACEMENT_3D ( 'NONE', #1049, #1628, #4607 ) ;
#6324 = CARTESIAN_POINT ( 'NONE',  ( 0.000000000000000000, 0.000000000000000000, 6.000000000000000000 ) ) ;
#6325 = EDGE_LOOP ( 'NONE', ( #6805, #2688 ) ) ;
#6326 = DIRECTION ( 'NONE',  ( 0.000000000000000000, 1.000000000000000000, 0.000000000000000000 ) ) ;
#6327 = ORIENTED_EDGE ( 'NONE', *, *, #2558, .F. ) ;
#6328 = DIRECTION ( 'NONE',  ( 0.000000000000000000, 0.000000000000000000, -1.000000000000000000 ) ) ;
#6329 = AXIS2_PLACEMENT_3D ( 'NONE', #3373, #5850, #320 ) ;
#6330 = EDGE_LOOP ( 'NONE', ( #5499, #1448, #3253, #4375 ) ) ;
#6331 = LINE ( 'NONE', #5846, #1753 ) ;
#6332 = CARTESIAN_POINT ( 'NONE',  ( 10.16702125952739877, 12.99544838427354776, -2.500000000000000000 ) ) ;
#6333 = ADVANCED_FACE ( 'NONE', ( #4008 ), #2792, .T. ) ;
#6334 = LINE ( 'NONE', #2006, #566 ) ;
#6335 = ORIENTED_EDGE ( 'NONE', *, *, #7213, .T. ) ;
#6336 = DIRECTION ( 'NONE',  ( -0.000000000000000000, -0.000000000000000000, -1.000000000000000000 ) ) ;
#6337 = ORIENTED_EDGE ( 'NONE', *, *, #2580, .T. ) ;
#6338 = ORIENTED_EDGE ( 'NONE', *, *, #6168, .F. ) ;
#6339 = FACE_OUTER_BOUND ( 'NONE', #579, .T. ) ;
#6340 = DIRECTION ( 'NONE',  ( -0.000000000000000000, -0.000000000000000000, 1.000000000000000000 ) ) ;
#6341 = EDGE_CURVE ( 'NONE', #1348, #4664, #7083, .T. ) ;
#6342 =( LENGTH_UNIT ( ) NAMED_UNIT ( * ) SI_UNIT ( .MILLI., .METRE. ) );
#6343 = DIRECTION ( 'NONE',  ( -1.000000000000000000, 0.000000000000000000, 0.000000000000000000 ) ) ;
#6344 = VERTEX_POINT ( 'NONE', #4656 ) ;
#6345 = ORIENTED_EDGE ( 'NONE', *, *, #2452, .F. ) ;
#6346 = CARTESIAN_POINT ( 'NONE',  ( 0.000000000000000000, 0.000000000000000000, -0.9342020143325648895 ) ) ;
#6347 = EDGE_CURVE ( 'NONE', #3381, #7243, #871, .T. ) ;
#6348 = CARTESIAN_POINT ( 'NONE',  ( 1.558540622947912624E-16, 7.000000000000000000, -1.084202172485504434E-16 ) ) ;
#6349 = DIRECTION ( 'NONE',  ( -0.9949540640923917323, -0.1003315022614172103, -3.503055678438358487E-16 ) ) ;
#6350 = ORIENTED_EDGE ( 'NONE', *, *, #4060, .T. ) ;
#6351 = DIRECTION ( 'NONE',  ( -0.000000000000000000, -0.000000000000000000, 1.000000000000000000 ) ) ;
#6352 = CARTESIAN_POINT ( 'NONE',  ( 16.50000000000000000, 0.000000000000000000, 0.000000000000000000 ) ) ;
#6353 = VECTOR ( 'NONE', #2432, 1000.000000000000000 ) ;
#6354 = ORIENTED_EDGE ( 'NONE', *, *, #2875, .F. ) ;
#6355 = CARTESIAN_POINT ( 'NONE',  ( 12.99544838427358506, -10.16702125952735258, -2.500000000000000000 ) ) ;
#6356 = CARTESIAN_POINT ( 'NONE',  ( 0.000000000000000000, 0.000000000000000000, -3.000000000000000000 ) ) ;
#6357 = AXIS2_PLACEMENT_3D ( 'NONE', #3205, #2719, #7683 ) ;
#6358 = CARTESIAN_POINT ( 'NONE',  ( 0.000000000000000000, 0.000000000000000000, -19.50000000000000000 ) ) ;
#6359 = ORIENTED_EDGE ( 'NONE', *, *, #4923, .F. ) ;
#6360 = FACE_OUTER_BOUND ( 'NONE', #5940, .T. ) ;
#6361 = ORIENTED_EDGE ( 'NONE', *, *, #2385, .T. ) ;
#6362 = CARTESIAN_POINT ( 'NONE',  ( 0.000000000000000000, 0.000000000000000000, 2.499999999999999556 ) ) ;
#6363 = EDGE_CURVE ( 'NONE', #1108, #3049, #426, .T. ) ;
#6364 = ADVANCED_FACE ( 'NONE', ( #5996 ), #2199, .F. ) ;
#6365 =( REPRESENTATION_RELATIONSHIP ('NONE','NONE', #5135, #1836 ) REPRESENTATION_RELATIONSHIP_WITH_TRANSFORMATION ( #1048 )SHAPE_REPRESENTATION_RELATIONSHIP( ) );
#6366 = AXIS2_PLACEMENT_3D ( 'NONE', #5294, #7686, #2158 ) ;
#6367 = VECTOR ( 'NONE', #7927, 1000.000000000000114 ) ;
#6368 = DIRECTION ( 'NONE',  ( 1.000000000000000000, 0.000000000000000000, 0.000000000000000000 ) ) ;
#6369 = LINE ( 'NONE', #4540, #1215 ) ;
#6370 = FACE_OUTER_BOUND ( 'NONE', #2632, .T. ) ;
#6371 = ORIENTED_EDGE ( 'NONE', *, *, #205, .T. ) ;
#6372 = DIRECTION ( 'NONE',  ( 1.000000000000000000, 0.000000000000000000, 0.000000000000000000 ) ) ;
#6373 = CARTESIAN_POINT ( 'NONE',  ( 0.000000000000000000, 0.000000000000000000, -4.000000000000003553 ) ) ;
#6374 = EDGE_LOOP ( 'NONE', ( #4877, #6861, #5839, #671 ) ) ;
#6375 = ORIENTED_EDGE ( 'NONE', *, *, #2772, .T. ) ;
#6376 = EDGE_CURVE ( 'NONE', #5801, #5653, #4778, .T. ) ;
#6377 = VECTOR ( 'NONE', #1398, 1000.000000000000114 ) ;
#6378 = DIRECTION ( 'NONE',  ( 1.000000000000000000, 0.000000000000000000, 0.000000000000000000 ) ) ;
#6379 = DIRECTION ( 'NONE',  ( -0.000000000000000000, 0.5000000000000009992, 0.8660254037844380415 ) ) ;
#6380 = CIRCLE ( 'NONE', #7402, 6.500000000000000000 ) ;
#6381 = LINE ( 'NONE', #6261, #2901 ) ;
#6382 = ORIENTED_EDGE ( 'NONE', *, *, #686, .T. ) ;
#6383 = EDGE_CURVE ( 'NONE', #6732, #6414, #5337, .T. ) ;
#6384 = CARTESIAN_POINT ( 'NONE',  ( 7.750000000000157208, -13.42339375865870998, -4.000000000000000000 ) ) ;
#6385 = CYLINDRICAL_SURFACE ( 'NONE', #6269, 18.50000000000000355 ) ;
#6386 = AXIS2_PLACEMENT_3D ( 'NONE', #3127, #4949, #1186 ) ;
#6387 = CARTESIAN_POINT ( 'NONE',  ( -1.500000000000000222, -13.10000000000000142, -3.000000000000000000 ) ) ;
#6388 = ORIENTED_EDGE ( 'NONE', *, *, #4441, .F. ) ;
#6389 = CARTESIAN_POINT ( 'NONE',  ( 7.750000000000157208, -13.42339375865870998, 0.000000000000000000 ) ) ;
#6390 = DIRECTION ( 'NONE',  ( -0.7071067811865466846, -0.7071067811865483499, 0.000000000000000000 ) ) ;
#6391 = EDGE_CURVE ( 'NONE', #3391, #379, #3427, .T. ) ;
#6392 = DIRECTION ( 'NONE',  ( 0.8660254037844377084, 0.5000000000000017764, -0.000000000000000000 ) ) ;
#6393 = AXIS2_PLACEMENT_3D ( 'NONE', #6346, #743, #2029 ) ;
#6394 = DIRECTION ( 'NONE',  ( -0.1003315022614176683, -0.9949540640923918433, -3.473863547784720965E-15 ) ) ;
#6395 = CARTESIAN_POINT ( 'NONE',  ( 10.16702125952739877, 12.99544838427354776, 0.000000000000000000 ) ) ;
#6396 = ORIENTED_EDGE ( 'NONE', *, *, #2567, .F. ) ;
#6397 = AXIS2_PLACEMENT_3D ( 'NONE', #1264, #3002, #2563 ) ;
#6398 = CARTESIAN_POINT ( 'NONE',  ( -1.499999999999999334, -0.1250000000000008049, 4.899519052838331667 ) ) ;
#6399 = ORIENTED_EDGE ( 'NONE', *, *, #2070, .T. ) ;
#6400 = DIRECTION ( 'NONE',  ( 0.000000000000000000, 0.000000000000000000, 1.000000000000000000 ) ) ;
#6401 = AXIS2_PLACEMENT_3D ( 'NONE', #7199, #2917, #4776 ) ;
#6402 = ADVANCED_BREP_SHAPE_REPRESENTATION ( '', ( #3352, #7250 ), #3259 ) ;
#6403 = LINE ( 'NONE', #2085, #678 ) ;
#6404 = DIRECTION ( 'NONE',  ( 0.000000000000000000, 0.000000000000000000, 1.000000000000000000 ) ) ;
#6405 = VECTOR ( 'NONE', #7362, 1000.000000000000000 ) ;
#6406 = EDGE_CURVE ( 'NONE', #5023, #7334, #7120, .T. ) ;
#6407 = TOROIDAL_SURFACE ( 'NONE', #4597, 12.07002075382098027, 0.1000000000000000056 ) ;
#6408 = EDGE_CURVE ( 'NONE', #958, #7058, #3305, .T. ) ;
#6409 = DIRECTION ( 'NONE',  ( 0.000000000000000000, 0.000000000000000000, 1.000000000000000000 ) ) ;
#6410 = AXIS2_PLACEMENT_3D ( 'NONE', #609, #3063, #1935 ) ;
#6411 = ORIENTED_EDGE ( 'NONE', *, *, #1272, .T. ) ;
#6412 = DIRECTION ( 'NONE',  ( -0.000000000000000000, 0.000000000000000000, 1.000000000000000000 ) ) ;
#6413 = DIRECTION ( 'NONE',  ( 0.000000000000000000, 0.000000000000000000, 1.000000000000000000 ) ) ;
#6414 = VERTEX_POINT ( 'NONE', #5883 ) ;
#6415 = AXIS2_PLACEMENT_3D ( 'NONE', #7272, #6114, #6795 ) ;
#6416 = ORIENTED_EDGE ( 'NONE', *, *, #7693, .T. ) ;
#6417 = VECTOR ( 'NONE', #5949, 1000.000000000000000 ) ;
#6418 = DIRECTION ( 'NONE',  ( -0.000000000000000000, -0.000000000000000000, 1.000000000000000000 ) ) ;
#6419 = CIRCLE ( 'NONE', #7312, 0.7999999999999986011 ) ;
#6420 = ADVANCED_FACE ( 'NONE', ( #4044, #2957, #5419, #3402, #2807, #7882, #7157, #6595, #6629, #2343, #464, #348, #5381 ), #6479, .F. ) ;
#6421 = CARTESIAN_POINT ( 'NONE',  ( 0.000000000000000000, 0.000000000000000000, -0.5000000000000000000 ) ) ;
#6422 = CARTESIAN_POINT ( 'NONE',  ( 9.148474838032074175, 7.734364329228252899, -0.05569576145536877382 ) ) ;
#6423 = LINE ( 'NONE', #7103, #6767 ) ;
#6424 = ORIENTED_EDGE ( 'NONE', *, *, #6600, .T. ) ;
#6425 = VERTEX_POINT ( 'NONE', #2275 ) ;
#6426 = DIRECTION ( 'NONE',  ( 1.000000000000000000, 0.000000000000000000, 0.000000000000000000 ) ) ;
#6427 = DIRECTION ( 'NONE',  ( -1.000000000000000000, 0.000000000000000000, 0.000000000000000000 ) ) ;
#6428 = APPLICATION_PROTOCOL_DEFINITION ( 'draft international standard', 'automotive_design', 1998, #5220 ) ;
#6429 = ADVANCED_FACE ( 'NONE', ( #948 ), #5262, .F. ) ;
#6430 = B_SPLINE_CURVE_WITH_KNOTS ( 'NONE', 3,
 ( #2739, #3909, #7631, #4515, #251, #3150 ),
 .UNSPECIFIED., .F., .F.,
 ( 4, 2, 4 ),
 ( 0.000000000000000000, 0.0008700853105692535165, 0.001740170621138507033 ),
 .UNSPECIFIED. ) ;
#6431 = ORIENTED_EDGE ( 'NONE', *, *, #5571, .T. ) ;
#6432 = VERTEX_POINT ( 'NONE', #988 ) ;
#6433 = DIRECTION ( 'NONE',  ( 0.000000000000000000, 0.000000000000000000, 1.000000000000000000 ) ) ;
#6434 = DIRECTION ( 'NONE',  ( -0.000000000000000000, -0.000000000000000000, 1.000000000000000000 ) ) ;
#6435 = CARTESIAN_POINT ( 'NONE',  ( 9.276599692117068585, 7.187220264663254810, -0.7443646566081191240 ) ) ;
#6436 = CARTESIAN_POINT ( 'NONE',  ( -16.00000000000000355, 1.990051048614449313E-15, 0.000000000000000000 ) ) ;
#6437 = EDGE_CURVE ( 'NONE', #186, #5676, #5922, .T. ) ;
#6438 = CARTESIAN_POINT ( 'NONE',  ( 14.25000000000000178, 1.530808498934188612E-16, -4.000000000000000000 ) ) ;
#6439 = FACE_OUTER_BOUND ( 'NONE', #2835, .T. ) ;
#6440 = ORIENTED_EDGE ( 'NONE', *, *, #2772, .F. ) ;
#6441 = FACE_OUTER_BOUND ( 'NONE', #4118, .T. ) ;
#6442 = EDGE_LOOP ( 'NONE', ( #7082, #7331 ) ) ;
#6443 = CARTESIAN_POINT ( 'NONE',  ( -10.96015510839150409, 8.131727983645280489, 0.000000000000000000 ) ) ;
#6444 = DIRECTION ( 'NONE',  ( 1.000000000000000000, -0.000000000000000000, 0.000000000000000000 ) ) ;
#6445 = LINE ( 'NONE', #2693, #4704 ) ;
#6446 = AXIS2_PLACEMENT_3D ( 'NONE', #6771, #6136, #5600 ) ;
#6447 = CARTESIAN_POINT ( 'NONE',  ( -8.485281374238578422, -3.535533905932718213, -2.500000000000000000 ) ) ;
#6448 = VERTEX_POINT ( 'NONE', #4698 ) ;
#6449 = DIRECTION ( 'NONE',  ( 0.000000000000000000, 0.000000000000000000, 1.000000000000000000 ) ) ;
#6450 = DIRECTION ( 'NONE',  ( 0.000000000000000000, 0.000000000000000000, 1.000000000000000000 ) ) ;
#6451 = VERTEX_POINT ( 'NONE', #3633 ) ;
#6452 = PRODUCT_DEFINITION ( 'UNKNOWN', '', #1304, #38 ) ;
#6453 = EDGE_CURVE ( 'NONE', #7552, #379, #3075, .T. ) ;
#6454 = MECHANICAL_DESIGN_GEOMETRIC_PRESENTATION_REPRESENTATION (  '', ( #6836 ), #7221 ) ;
#6455 = DIRECTION ( 'NONE',  ( 1.000000000000000000, 0.000000000000000000, 0.000000000000000000 ) ) ;
#6456 = DIRECTION ( 'NONE',  ( -0.000000000000000000, -0.000000000000000000, 1.000000000000000000 ) ) ;
#6457 = CARTESIAN_POINT ( 'NONE',  ( -7.750000000000063061, 13.42339375865876505, -0.3500000000000030864 ) ) ;
#6458 = EDGE_LOOP ( 'NONE', ( #989, #6610, #2093, #4878 ) ) ;
#6459 = ORIENTED_EDGE ( 'NONE', *, *, #6896, .F. ) ;
#6460 = ADVANCED_FACE ( 'NONE', ( #6674, #5456 ), #1212, .F. ) ;
#6461 = EDGE_CURVE ( 'NONE', #2625, #5326, #1110, .T. ) ;
#6462 = DIRECTION ( 'NONE',  ( -1.000000000000000000, 0.000000000000000000, 0.000000000000000000 ) ) ;
#6463 = FACE_OUTER_BOUND ( 'NONE', #653, .T. ) ;
#6464 = SHAPE_DEFINITION_REPRESENTATION ( #5953, #4871 ) ;
#6465 = APPLICATION_CONTEXT ( 'automotive_design' ) ;
#6466 = CARTESIAN_POINT ( 'NONE',  ( -9.016111671625928636, 7.786078665647191421, -0.02510558614740281830 ) ) ;
#6467 = ORIENTED_EDGE ( 'NONE', *, *, #3650, .F. ) ;
#6468 = LINE ( 'NONE', #3669, #6156 ) ;
#6469 = LINE ( 'NONE', #4688, #7952 ) ;
#6470 = ORIENTED_EDGE ( 'NONE', *, *, #1314, .T. ) ;
#6471 = EDGE_CURVE ( 'NONE', #5743, #538, #7394, .T. ) ;
#6472 = CARTESIAN_POINT ( 'NONE',  ( -17.10000000000000142, 1.959434878635765970E-16, 0.000000000000000000 ) ) ;
#6473 = LINE ( 'NONE', #5674, #2744 ) ;
#6474 = VERTEX_POINT ( 'NONE', #5579 ) ;
#6475 = PLANE ( 'NONE',  #7516 ) ;
#6476 = AXIS2_PLACEMENT_3D ( 'NONE', #589, #667, #4408 ) ;
#6477 = CARTESIAN_POINT ( 'NONE',  ( -16.00000000000000000, 0.000000000000000000, 2.500000000000000000 ) ) ;
#6478 = ORIENTED_EDGE ( 'NONE', *, *, #6713, .F. ) ;
#6479 = PLANE ( 'NONE',  #4072 ) ;
#6480 = ORIENTED_EDGE ( 'NONE', *, *, #6376, .T. ) ;
#6481 = CARTESIAN_POINT ( 'NONE',  ( -8.974358071057990216, 7.779571067398688200, -1.676061074080225771E-16 ) ) ;
#6482 = EDGE_CURVE ( 'NONE', #7034, #5119, #7176, .T. ) ;
#6483 = DIRECTION ( 'NONE',  ( 0.000000000000000000, 0.000000000000000000, -1.000000000000000000 ) ) ;
#6484 = CARTESIAN_POINT ( 'NONE',  ( 2.099999999999998312, -15.50000000000000000, -1.600000000000000089 ) ) ;
#6485 = DIRECTION ( 'NONE',  ( -1.000000000000000000, 0.000000000000000000, 0.000000000000000000 ) ) ;
#6486 = AXIS2_PLACEMENT_3D ( 'NONE', #5812, #4018, #4628 ) ;
#6487 = DIRECTION ( 'NONE',  ( 1.000000000000000000, 0.000000000000000000, 0.000000000000000000 ) ) ;
#6488 = EDGE_LOOP ( 'NONE', ( #7210, #5446, #5699, #7392 ) ) ;
#6489 = CARTESIAN_POINT ( 'NONE',  ( -3.000000000000000444, 0.000000000000000000, 6.000000000000000000 ) ) ;
#6490 = AXIS2_PLACEMENT_3D ( 'NONE', #6348, #4443, #2030 ) ;
#6491 = VECTOR ( 'NONE', #6879, 1000.000000000000000 ) ;
#6492 = FACE_OUTER_BOUND ( 'NONE', #5192, .T. ) ;
#6493 = ORIENTED_EDGE ( 'NONE', *, *, #2911, .T. ) ;
#6494 = CARTESIAN_POINT ( 'NONE',  ( 13.42339375865887163, 7.749999999999872990, -1.600000000000000089 ) ) ;
#6495 = CIRCLE ( 'NONE', #6111, 11.97605149174238726 ) ;
#6496 = CARTESIAN_POINT ( 'NONE',  ( -3.000000000000000444, 3.673940397442060361E-16, 0.000000000000000000 ) ) ;
#6497 = LINE ( 'NONE', #969, #4962 ) ;
#6498 = VERTEX_POINT ( 'NONE', #1256 ) ;
#6499 = ORIENTED_EDGE ( 'NONE', *, *, #7264, .T. ) ;
#6500 = CIRCLE ( 'NONE', #3522, 0.7500000000000002220 ) ;
#6501 = CARTESIAN_POINT ( 'NONE',  ( 0.000000000000000000, 0.000000000000000000, -3.000000000000000000 ) ) ;
#6502 = CARTESIAN_POINT ( 'NONE',  ( 8.521067811865490782, 7.321067811865461294, -2.500000000000000000 ) ) ;
#6503 = CONTEXT_DEPENDENT_SHAPE_REPRESENTATION ( #2229, #5596 ) ;
#6504 = CIRCLE ( 'NONE', #2371, 3.000000000000000444 ) ;
#6505 = VECTOR ( 'NONE', #243, 1000.000000000000000 ) ;
#6506 = EDGE_CURVE ( 'NONE', #7243, #3250, #7923, .T. ) ;
#6507 = EDGE_CURVE ( 'NONE', #2488, #5036, #3153, .T. ) ;
#6508 = CARTESIAN_POINT ( 'NONE',  ( -1.710100716628347062, 4.698463103929539919, -3.000000000000000000 ) ) ;
#6509 = VERTEX_POINT ( 'NONE', #1793 ) ;
#6510 = DIRECTION ( 'NONE',  ( -0.000000000000000000, -0.000000000000000000, 1.000000000000000000 ) ) ;
#6511 = ORIENTED_EDGE ( 'NONE', *, *, #1498, .T. ) ;
#6512 = CIRCLE ( 'NONE', #3536, 0.2500000000000000000 ) ;
#6513 = LINE ( 'NONE', #1511, #6664 ) ;
#6514 = APPLICATION_CONTEXT ( 'automotive_design' ) ;
#6515 = ORIENTED_EDGE ( 'NONE', *, *, #4014, .T. ) ;
#6516 = EDGE_CURVE ( 'NONE', #144, #7137, #6711, .T. ) ;
#6517 = CYLINDRICAL_SURFACE ( 'NONE', #5449, 0.7500000000000002220 ) ;
#6518 = DIRECTION ( 'NONE',  ( 0.000000000000000000, 0.000000000000000000, 1.000000000000000000 ) ) ;
#6519 = VERTEX_POINT ( 'NONE', #6235 ) ;
#6520 = DIRECTION ( 'NONE',  ( 1.000000000000000000, 0.000000000000000000, 0.000000000000000000 ) ) ;
#6521 = VERTEX_POINT ( 'NONE', #4241 ) ;
#6522 = CARTESIAN_POINT ( 'NONE',  ( -9.210859499451057530, 7.800471816733991481, -1.355252715606880543E-17 ) ) ;
#6523 = CARTESIAN_POINT ( 'NONE',  ( 7.749999999999968914, 13.42339375865881657, 0.000000000000000000 ) ) ;
#6524 = DIRECTION ( 'NONE',  ( -0.000000000000000000, -0.000000000000000000, 1.000000000000000000 ) ) ;
#6525 = CARTESIAN_POINT ( 'NONE',  ( 3.191745543516252948, -5.422702600629761727E-15, -0.08185669346382302980 ) ) ;
#6526 = AXIS2_PLACEMENT_3D ( 'NONE', #564, #160, #6614 ) ;
#6527 = EDGE_CURVE ( 'NONE', #825, #4000, #6640, .T. ) ;
#6528 = ORIENTED_EDGE ( 'NONE', *, *, #3904, .F. ) ;
#6529 = CARTESIAN_POINT ( 'NONE',  ( -1.898202538678397557E-15, -15.50000000000000000, -1.599999999999999645 ) ) ;
#6530 = CIRCLE ( 'NONE', #7684, 0.7500000000000002220 ) ;
#6531 = ORIENTED_EDGE ( 'NONE', *, *, #1923, .F. ) ;
#6532 = CARTESIAN_POINT ( 'NONE',  ( -2.223130931616851047, 6.108002035108402339, -3.000000000000000000 ) ) ;
#6533 = ORIENTED_EDGE ( 'NONE', *, *, #1075, .F. ) ;
#6534 = AXIS2_PLACEMENT_3D ( 'NONE', #1999, #3210, #195 ) ;
#6535 = DIRECTION ( 'NONE',  ( 1.000000000000000000, 0.000000000000000000, 0.000000000000000000 ) ) ;
#6536 = VECTOR ( 'NONE', #6596, 1000.000000000000000 ) ;
#6537 = ADVANCED_FACE ( 'NONE', ( #5500 ), #2919, .T. ) ;
#6538 = AXIS2_PLACEMENT_3D ( 'NONE', #2378, #4844, #7309 ) ;
#6539 = CIRCLE ( 'NONE', #7571, 16.00000000000000355 ) ;
#6540 = DIRECTION ( 'NONE',  ( 1.000000000000000000, 0.000000000000000000, 0.000000000000000000 ) ) ;
#6541 = PRESENTATION_STYLE_ASSIGNMENT (( #6092 ) ) ;
#6542 = CARTESIAN_POINT ( 'NONE',  ( -1.300000000000000488, -15.50000000000000000, 0.000000000000000000 ) ) ;
#6543 = EDGE_LOOP ( 'NONE', ( #2175, #634 ) ) ;
#6544 = EDGE_LOOP ( 'NONE', ( #6171, #560 ) ) ;
#6545 = AXIS2_PLACEMENT_3D ( 'NONE', #6552, #5256, #2796 ) ;
#6546 = VECTOR ( 'NONE', #4350, 1000.000000000000000 ) ;
#6547 = DIRECTION ( 'NONE',  ( 0.000000000000000000, 0.000000000000000000, 1.000000000000000000 ) ) ;
#6548 = CARTESIAN_POINT ( 'NONE',  ( 1.500000000000000666, -0.3749999999999998890, 4.466506350946112036 ) ) ;
#6549 = ITEM_DEFINED_TRANSFORMATION ( 'NONE', 'NONE', #2997,  #7250 ) ;
#6550 = CARTESIAN_POINT ( 'NONE',  ( 0.000000000000000000, 0.000000000000000000, -0.9000000000000000222 ) ) ;
#6551 = EDGE_LOOP ( 'NONE', ( #3309, #2192, #1570, #3766 ) ) ;
#6552 = CARTESIAN_POINT ( 'NONE',  ( 0.000000000000000000, 0.000000000000000000, 0.000000000000000000 ) ) ;
#6553 = ORIENTED_EDGE ( 'NONE', *, *, #2516, .T. ) ;
#6554 = DIRECTION ( 'NONE',  ( -0.000000000000000000, -0.000000000000000000, 1.000000000000000000 ) ) ;
#6555 = PRODUCT_RELATED_PRODUCT_CATEGORY ( 'part', '', ( #4538 ) ) ;
#6556 = EDGE_CURVE ( 'NONE', #5540, #6242, #4853, .T. ) ;
#6557 = ORIENTED_EDGE ( 'NONE', *, *, #4104, .F. ) ;
#6558 = DIRECTION ( 'NONE',  ( 0.000000000000000000, 0.000000000000000000, 1.000000000000000000 ) ) ;
#6559 = DIRECTION ( 'NONE',  ( -0.000000000000000000, -0.000000000000000000, -1.000000000000000000 ) ) ;
#6560 = ORIENTED_EDGE ( 'NONE', *, *, #4598, .T. ) ;
#6561 = DIRECTION ( 'NONE',  ( 1.000000000000000000, 0.000000000000000000, -0.000000000000000000 ) ) ;
#6562 = CARTESIAN_POINT ( 'NONE',  ( 12.63918572269493801, 9.810758597948705528, -3.000000000000000000 ) ) ;
#6563 = DIRECTION ( 'NONE',  ( 0.8302011287295827380, -0.08371776088029600493, 0.5511419257952677730 ) ) ;
#6564 = EDGE_CURVE ( 'NONE', #4731, #5272, #4279, .T. ) ;
#6565 = CARTESIAN_POINT ( 'NONE',  ( 9.304776394420605001, 6.800967691122447256, -0.8417701225367392182 ) ) ;
#6566 = ORIENTED_EDGE ( 'NONE', *, *, #6930, .F. ) ;
#6567 =( NAMED_UNIT ( * ) SI_UNIT ( $, .STERADIAN. ) SOLID_ANGLE_UNIT ( ) );
#6568 = VERTEX_POINT ( 'NONE', #6158 ) ;
#6569 = DIRECTION ( 'NONE',  ( 1.000000000000000000, 0.000000000000000000, 0.000000000000000000 ) ) ;
#6570 = ORIENTED_EDGE ( 'NONE', *, *, #5210, .F. ) ;
#6571 = EDGE_CURVE ( 'NONE', #762, #5437, #4733, .T. ) ;
#6572 = DIRECTION ( 'NONE',  ( 1.000000000000000000, 0.000000000000000000, -0.000000000000000000 ) ) ;
#6573 = VECTOR ( 'NONE', #2364, 1000.000000000000000 ) ;
#6574 = AXIS2_PLACEMENT_3D ( 'NONE', #5658, #6948, #6343 ) ;
#6575 = LINE ( 'NONE', #4674, #5070 ) ;
#6576 = CARTESIAN_POINT ( 'NONE',  ( 3.000000000000000444, 0.000000000000000000, -4.000000000000003553 ) ) ;
#6577 = DIRECTION ( 'NONE',  ( 0.000000000000000000, 0.000000000000000000, -1.000000000000000000 ) ) ;
#6578 = VERTEX_POINT ( 'NONE', #6833 ) ;
#6579 = ORIENTED_EDGE ( 'NONE', *, *, #3582, .F. ) ;
#6580 = VECTOR ( 'NONE', #2938, 1000.000000000000114 ) ;
#6581 = EDGE_CURVE ( 'NONE', #1591, #1262, #1053, .T. ) ;
#6582 = DIRECTION ( 'NONE',  ( 0.000000000000000000, 0.000000000000000000, 1.000000000000000000 ) ) ;
#6583 = FACE_OUTER_BOUND ( 'NONE', #5986, .T. ) ;
#6584 = CONTEXT_DEPENDENT_SHAPE_REPRESENTATION ( #4135, #6250 ) ;
#6585 = CARTESIAN_POINT ( 'NONE',  ( -9.027853753629385025, 7.796076464608614032, -0.02363049032938296240 ) ) ;
#6586 = ORIENTED_EDGE ( 'NONE', *, *, #4632, .F. ) ;
#6587 = DIRECTION ( 'NONE',  ( -1.000000000000000000, 0.000000000000000000, 0.000000000000000000 ) ) ;
#6588 = ORIENTED_EDGE ( 'NONE', *, *, #6109, .T. ) ;
#6589 = EDGE_CURVE ( 'NONE', #1182, #6521, #107, .T. ) ;
#6590 = FACE_OUTER_BOUND ( 'NONE', #163, .T. ) ;
#6591 = SHAPE_REPRESENTATION_RELATIONSHIP ( 'NONE' , 'NONE' ,  #5481, #5640 ) ;
#6592 = DIRECTION ( 'NONE',  ( 0.7071067811865457964, -0.7071067811865492381, 0.000000000000000000 ) ) ;
#6593 = CARTESIAN_POINT ( 'NONE',  ( 0.7999999999999997113, -3.375000000000000444, 6.198557158514995002 ) ) ;
#6594 = ORIENTED_EDGE ( 'NONE', *, *, #4355, .F. ) ;
#6595 = FACE_OUTER_BOUND ( 'NONE', #5400, .T. ) ;
#6596 = DIRECTION ( 'NONE',  ( 0.7071067811865454633, -0.7071067811865495711, 0.000000000000000000 ) ) ;
#6597 = DIRECTION ( 'NONE',  ( 1.000000000000000000, 0.000000000000000000, 0.000000000000000000 ) ) ;
#6598 = CYLINDRICAL_SURFACE ( 'NONE', #4927, 2.099999999999999645 ) ;
#6599 = VERTEX_POINT ( 'NONE', #5013 ) ;
#6600 = EDGE_CURVE ( 'NONE', #1008, #2125, #2928, .T. ) ;
#6601 = CARTESIAN_POINT ( 'NONE',  ( 7.749999999999968914, 13.42339375865881657, -0.3500000000000030864 ) ) ;
#6602 = EDGE_CURVE ( 'NONE', #6067, #1297, #3277, .T. ) ;
#6603 = ORIENTED_EDGE ( 'NONE', *, *, #3929, .T. ) ;
#6604 = DIRECTION ( 'NONE',  ( -0.000000000000000000, -0.000000000000000000, -1.000000000000000000 ) ) ;
#6605 = ORIENTED_EDGE ( 'NONE', *, *, #178, .F. ) ;
#6606 = LINE ( 'NONE', #2323, #5908 ) ;
#6607 = DIRECTION ( 'NONE',  ( -1.000000000000000000, 0.000000000000000000, 0.000000000000000000 ) ) ;
#6608 = EDGE_CURVE ( 'NONE', #166, #3235, #7519, .T. ) ;
#6609 = ORIENTED_EDGE ( 'NONE', *, *, #1626, .F. ) ;
#6610 = ORIENTED_EDGE ( 'NONE', *, *, #5432, .F. ) ;
#6611 = CONICAL_SURFACE ( 'NONE', #3388, 11.63602976573380055, 0.3490658503988721129 ) ;
#6612 = CARTESIAN_POINT ( 'NONE',  ( 7.750000000000157208, -13.42339375865870998, -0.3500000000000030864 ) ) ;
#6613 = CIRCLE ( 'NONE', #3006, 3.198942222936095092 ) ;
#6614 = DIRECTION ( 'NONE',  ( 1.000000000000000000, 0.000000000000000000, 0.000000000000000000 ) ) ;
#6615 = ORIENTED_EDGE ( 'NONE', *, *, #6608, .F. ) ;
#6616 = EDGE_CURVE ( 'NONE', #5553, #2809, #356, .T. ) ;
#6617 = VECTOR ( 'NONE', #2133, 1000.000000000000114 ) ;
#6618 = CARTESIAN_POINT ( 'NONE',  ( -9.097168568348092066, 7.783835713742408124, -0.03542286011475011959 ) ) ;
#6619 = ORIENTED_EDGE ( 'NONE', *, *, #1824, .T. ) ;
#6620 = DIRECTION ( 'NONE',  ( 0.8331258114970219175, 0.5530835219181898799, 0.000000000000000000 ) ) ;
#6621 = ORIENTED_EDGE ( 'NONE', *, *, #3234, .F. ) ;
#6622 = FACE_OUTER_BOUND ( 'NONE', #5587, .T. ) ;
#6623 = AXIS2_PLACEMENT_3D ( 'NONE', #4171, #6047, #473 ) ;
#6624 = SHAPE_REPRESENTATION_RELATIONSHIP ( 'NONE' , 'NONE' ,  #7656, #1786 ) ;
#6625 = ADVANCED_FACE ( 'NONE', ( #1987 ), #2108, .T. ) ;
#6626 = DIRECTION ( 'NONE',  ( -1.000000000000000000, 0.000000000000000000, 0.000000000000000000 ) ) ;
#6627 = DIRECTION ( 'NONE',  ( -0.7071067811865540120, -0.7071067811865410224, 0.000000000000000000 ) ) ;
#6628 = EDGE_LOOP ( 'NONE', ( #4445, #5204, #7716, #6199 ) ) ;
#6629 = FACE_BOUND ( 'NONE', #7922, .T. ) ;
#6630 = CARTESIAN_POINT ( 'NONE',  ( -8.993050354530003787, 7.812353183213387453, -4.721424738326751518E-16 ) ) ;
#6631 = CARTESIAN_POINT ( 'NONE',  ( -3.000000000000000444, 3.673940397442060361E-16, -0.5000000000000004441 ) ) ;
#6632 = DIRECTION ( 'NONE',  ( 1.000000000000000000, 0.000000000000000000, 0.000000000000000000 ) ) ;
#6633 = CARTESIAN_POINT ( 'NONE',  ( 26.60000000000000497, 0.000000000000000000, 1.000000000000000000 ) ) ;
#6634 = AXIS2_PLACEMENT_3D ( 'NONE', #89, #2545, #5005 ) ;
#6635 = ORIENTED_EDGE ( 'NONE', *, *, #4650, .T. ) ;
#6636 = PRESENTATION_STYLE_ASSIGNMENT (( #2242 ) ) ;
#6637 = ORIENTED_EDGE ( 'NONE', *, *, #3929, .F. ) ;
#6638 = CARTESIAN_POINT ( 'NONE',  ( -1.966615824122599276, 5.403232569518970685, 2.499999999999999556 ) ) ;
#6639 = VERTEX_POINT ( 'NONE', #2593 ) ;
#6640 = B_SPLINE_CURVE_WITH_KNOTS ( 'NONE', 3,
 ( #1171, #6749, #580, #2428, #3035, #1750 ),
 .UNSPECIFIED., .F., .F.,
 ( 4, 2, 4 ),
 ( 2.935139374107233939E-32, 0.0008700659624168409359, 0.001740131924833681872 ),
 .UNSPECIFIED. ) ;
#6641 = DIRECTION ( 'NONE',  ( 0.000000000000000000, 0.000000000000000000, 1.000000000000000000 ) ) ;
#6642 = EDGE_CURVE ( 'NONE', #2264, #7220, #3313, .T. ) ;
#6643 = AXIS2_PLACEMENT_3D ( 'NONE', #4521, #3916, #3314 ) ;
#6644 = EDGE_CURVE ( 'NONE', #5676, #4528, #3434, .T. ) ;
#6645 = CIRCLE ( 'NONE', #3168, 6.250000000000000000 ) ;
#6646 = CARTESIAN_POINT ( 'NONE',  ( -8.131727983645394175, -10.96015510839141882, -3.000000000000000000 ) ) ;
#6647 = CARTESIAN_POINT ( 'NONE',  ( -6.250000000000000000, 7.000000000000000888, -29.00000000000000000 ) ) ;
#6648 = PLANE ( 'NONE',  #2779 ) ;
#6649 = ORIENTED_EDGE ( 'NONE', *, *, #6060, .F. ) ;
#6650 = AXIS2_PLACEMENT_3D ( 'NONE', #3046, #5511, #2436 ) ;
#6651 = EDGE_LOOP ( 'NONE', ( #2806, #1203, #4931, #3548, #1390, #2586 ) ) ;
#6652 = AXIS2_PLACEMENT_3D ( 'NONE', #594, #4333, #4252 ) ;
#6653 = CARTESIAN_POINT ( 'NONE',  ( 7.071067811865489716, 7.071067811865461294, -2.500000000000000000 ) ) ;
#6654 = LINE ( 'NONE', #3584, #5225 ) ;
#6655 = ADVANCED_FACE ( 'NONE', ( #2680 ), #5498, .F. ) ;
#6656 = CIRCLE ( 'NONE', #3178, 3.035855235850013933 ) ;
#6657 = CIRCLE ( 'NONE', #4981, 9.340021726008577829 ) ;
#6658 = AXIS2_PLACEMENT_3D ( 'NONE', #73, #3086, #1883 ) ;
#6659 = DIRECTION ( 'NONE',  ( 1.000000000000000000, 0.000000000000000000, 0.000000000000000000 ) ) ;
#6660 = ORIENTED_EDGE ( 'NONE', *, *, #7568, .T. ) ;
#6661 = ORIENTED_EDGE ( 'NONE', *, *, #7213, .F. ) ;
#6662 = VECTOR ( 'NONE', #2094, 1000.000000000000000 ) ;
#6663 = CARTESIAN_POINT ( 'NONE',  ( -9.810758597948748161, 12.63918572269490248, -3.000000000000000000 ) ) ;
#6664 = VECTOR ( 'NONE', #4080, 1000.000000000000000 ) ;
#6665 = ORIENTED_EDGE ( 'NONE', *, *, #3628, .T. ) ;
#6666 = DIRECTION ( 'NONE',  ( 1.000000000000000000, 0.000000000000000000, 0.000000000000000000 ) ) ;
#6667 = FACE_OUTER_BOUND ( 'NONE', #1435, .T. ) ;
#6668 = VECTOR ( 'NONE', #7318, 1000.000000000000000 ) ;
#6669 = EDGE_CURVE ( 'NONE', #5039, #3462, #6793, .T. ) ;
#6670 = CIRCLE ( 'NONE', #112, 2.499999999999995115 ) ;
#6671 = DIRECTION ( 'NONE',  ( -0.000000000000000000, -0.000000000000000000, 1.000000000000000000 ) ) ;
#6672 = CARTESIAN_POINT ( 'NONE',  ( 9.239364071259636546, 6.999999999985456078, -0.6576473808146050537 ) ) ;
#6673 = EDGE_LOOP ( 'NONE', ( #760, #7044, #5774, #3671 ) ) ;
#6674 = FACE_BOUND ( 'NONE', #6922, .T. ) ;
#6675 = CARTESIAN_POINT ( 'NONE',  ( 9.055566995866001889, 7.800766268631054601, -0.02559739286724585505 ) ) ;
#6676 = PLANE ( 'NONE',  #7899 ) ;
#6677 = PLANE ( 'NONE',  #6240 ) ;
#6678 = EDGE_CURVE ( 'NONE', #2625, #1013, #6657, .T. ) ;
#6679 = DIRECTION ( 'NONE',  ( -0.000000000000000000, -0.000000000000000000, 1.000000000000000000 ) ) ;
#6680 = CYLINDRICAL_SURFACE ( 'NONE', #7166, 1.000000000000000000 ) ;
#6681 = ORIENTED_EDGE ( 'NONE', *, *, #7505, .T. ) ;
#6682 = CARTESIAN_POINT ( 'NONE',  ( 1.710100716628347062, -4.698463103929539919, 2.499999999999999556 ) ) ;
#6683 = ORIENTED_EDGE ( 'NONE', *, *, #3166, .T. ) ;
#6684 = LINE ( 'NONE', #3729, #1512 ) ;
#6685 = EDGE_LOOP ( 'NONE', ( #3648, #6431, #3365, #6852 ) ) ;
#6686 = CARTESIAN_POINT ( 'NONE',  ( 0.7999999999999951594, -15.50000000000000000, 0.000000000000000000 ) ) ;
#6687 = CARTESIAN_POINT ( 'NONE',  ( -9.166914626814625322, 7.706716911730779884, -0.06579798566743250143 ) ) ;
#6688 = CARTESIAN_POINT ( 'NONE',  ( 15.50000000000000000, 0.000000000000000000, 0.000000000000000000 ) ) ;
#6689 = DIRECTION ( 'NONE',  ( 0.000000000000000000, 0.000000000000000000, 1.000000000000000000 ) ) ;
#6690 = ORIENTED_EDGE ( 'NONE', *, *, #7205, .F. ) ;
#6691 = ADVANCED_FACE ( 'NONE', ( #4526 ), #1506, .F. ) ;
#6692 = ORIENTED_EDGE ( 'NONE', *, *, #6100, .F. ) ;
#6693 = EDGE_CURVE ( 'NONE', #6920, #4160, #1339, .T. ) ;
#6694 = VECTOR ( 'NONE', #1446, 1000.000000000000000 ) ;
#6695 = DIRECTION ( 'NONE',  ( -0.8660254037844379305, 0.5000000000000011102, 0.000000000000000000 ) ) ;
#6696 = PLANE ( 'NONE',  #7682 ) ;
#6697 = ORIENTED_EDGE ( 'NONE', *, *, #255, .T. ) ;
#6698 = CIRCLE ( 'NONE', #2194, 17.00000000000000000 ) ;
#6699 = CARTESIAN_POINT ( 'NONE',  ( 16.00000000000000000, 1.959434878635765131E-15, 2.500000000000000000 ) ) ;
#6700 = ORIENTED_EDGE ( 'NONE', *, *, #255, .F. ) ;
#6701 = EDGE_CURVE ( 'NONE', #1439, #3033, #96, .T. ) ;
#6702 = ORIENTED_EDGE ( 'NONE', *, *, #748, .T. ) ;
#6703 = LINE ( 'NONE', #6104, #755 ) ;
#6704 = EDGE_CURVE ( 'NONE', #1018, #5557, #5902, .T. ) ;
#6705 = DIRECTION ( 'NONE',  ( 1.000000000000000000, 0.000000000000000000, 0.000000000000000000 ) ) ;
#6706 = CARTESIAN_POINT ( 'NONE',  ( -9.387321341315786327, 6.836794601017115447, -1.065293522631073797 ) ) ;
#6707 =( NAMED_UNIT ( * ) PLANE_ANGLE_UNIT ( ) SI_UNIT ( $, .RADIAN. ) );
#6708 = FACE_OUTER_BOUND ( 'NONE', #1663, .T. ) ;
#6709 = DIRECTION ( 'NONE',  ( 0.000000000000000000, 0.000000000000000000, -1.000000000000000000 ) ) ;
#6710 = ORIENTED_EDGE ( 'NONE', *, *, #4433, .F. ) ;
#6711 = LINE ( 'NONE', #4854, #4336 ) ;
#6712 = CARTESIAN_POINT ( 'NONE',  ( 9.001200639437733741, 7.757301422098072052, -0.03163201861197904169 ) ) ;
#6713 = EDGE_CURVE ( 'NONE', #4795, #4547, #4428, .T. ) ;
#6714 = DIRECTION ( 'NONE',  ( -0.000000000000000000, -0.000000000000000000, 1.000000000000000000 ) ) ;
#6715 = DIRECTION ( 'NONE',  ( -0.000000000000000000, -0.000000000000000000, -1.000000000000000000 ) ) ;
#6716 = CARTESIAN_POINT ( 'NONE',  ( 0.000000000000000000, 0.000000000000000000, 21.50000000000000000 ) ) ;
#6717 = DIRECTION ( 'NONE',  ( -0.000000000000000000, -0.000000000000000000, -1.000000000000000000 ) ) ;
#6718 = ORIENTED_EDGE ( 'NONE', *, *, #1161, .T. ) ;
#6719 = DIRECTION ( 'NONE',  ( -0.7071067811865535679, -0.7071067811865415775, 0.000000000000000000 ) ) ;
#6720 = ORIENTED_EDGE ( 'NONE', *, *, #733, .T. ) ;
#6721 = LINE ( 'NONE', #3767, #3173 ) ;
#6722 = ADVANCED_FACE ( 'NONE', ( #5753 ), #187, .F. ) ;
#6723 = ORIENTED_EDGE ( 'NONE', *, *, #6312, .T. ) ;
#6724 = ORIENTED_EDGE ( 'NONE', *, *, #7107, .T. ) ;
#6725 = CARTESIAN_POINT ( 'NONE',  ( 9.210459191112750688, 7.800947882743363593, 0.000000000000000000 ) ) ;
#6726 = CARTESIAN_POINT ( 'NONE',  ( 0.000000000000000000, 0.000000000000000000, -0.06579798566743247368 ) ) ;
#6727 = ORIENTED_EDGE ( 'NONE', *, *, #5233, .F. ) ;
#6728 = FACE_BOUND ( 'NONE', #4192, .T. ) ;
#6729 = EDGE_CURVE ( 'NONE', #2881, #5486, #7604, .T. ) ;
#6730 = AXIS2_PLACEMENT_3D ( 'NONE', #7162, #4660, #7812 ) ;
#6731 = DIRECTION ( 'NONE',  ( -0.000000000000000000, -0.000000000000000000, 1.000000000000000000 ) ) ;
#6732 = VERTEX_POINT ( 'NONE', #1468 ) ;
#6733 = ORIENTED_EDGE ( 'NONE', *, *, #6808, .T. ) ;
#6734 = FACE_OUTER_BOUND ( 'NONE', #1641, .T. ) ;
#6735 = CARTESIAN_POINT ( 'NONE',  ( -8.929979246179014396, 7.000000000000000888, -0.1000000000000000472 ) ) ;
#6736 = DIRECTION ( 'NONE',  ( -0.000000000000000000, -0.000000000000000000, -1.000000000000000000 ) ) ;
#6737 = VERTEX_POINT ( 'NONE', #299 ) ;
#6738 = ORIENTED_EDGE ( 'NONE', *, *, #7379, .F. ) ;
#6739 = PLANE ( 'NONE',  #1777 ) ;
#6740 = PLANE ( 'NONE',  #4600 ) ;
#6741 = LINE ( 'NONE', #3626, #7700 ) ;
#6742 = SHAPE_REPRESENTATION_RELATIONSHIP ( 'NONE' , 'NONE' ,  #7614, #2075 ) ;
#6743 = EDGE_CURVE ( 'NONE', #6983, #5326, #742, .T. ) ;
#6744 = EDGE_CURVE ( 'NONE', #1009, #2577, #7075, .T. ) ;
#6745 = AXIS2_PLACEMENT_3D ( 'NONE', #6011, #2937, #7135 ) ;
#6746 = DIRECTION ( 'NONE',  ( -0.000000000000000000, -0.000000000000000000, -1.000000000000000000 ) ) ;
#6747 = ORIENTED_EDGE ( 'NONE', *, *, #1325, .F. ) ;
#6748 = ORIENTED_EDGE ( 'NONE', *, *, #7239, .F. ) ;
#6749 = CARTESIAN_POINT ( 'NONE',  ( 2.499999999999995115, -0.2943662901955697020, 21.49999999999999645 ) ) ;
#6750 = CARTESIAN_POINT ( 'NONE',  ( 9.152746791659595260, 7.727959234893674534, -0.05803615769000768781 ) ) ;
#6751 = CARTESIAN_POINT ( 'NONE',  ( -4.676537180435965446, -2.700000000000006839, -3.000000000000000000 ) ) ;
#6752 = CIRCLE ( 'NONE', #6623, 1.599999999999999867 ) ;
#6753 = CARTESIAN_POINT ( 'NONE',  ( -12.99544838427365434, -10.16702125952725844, -2.500000000000000000 ) ) ;
#6754 = DIRECTION ( 'NONE',  ( 0.000000000000000000, 0.000000000000000000, -1.000000000000000000 ) ) ;
#6755 = EDGE_CURVE ( 'NONE', #958, #2426, #2028, .T. ) ;
#6756 = DIRECTION ( 'NONE',  ( -0.000000000000000000, -0.000000000000000000, 1.000000000000000000 ) ) ;
#6757 = AXIS2_PLACEMENT_3D ( 'NONE', #6075, #2381, #7315 ) ;
#6758 = ORIENTED_EDGE ( 'NONE', *, *, #2811, .F. ) ;
#6759 = FACE_OUTER_BOUND ( 'NONE', #6325, .T. ) ;
#6760 = ORIENTED_EDGE ( 'NONE', *, *, #6589, .F. ) ;
#6761 = PLANE ( 'NONE',  #480 ) ;
#6762 = EDGE_LOOP ( 'NONE', ( #6096, #7271, #3666, #2157 ) ) ;
#6763 = VERTEX_POINT ( 'NONE', #3998 ) ;
#6764 = CIRCLE ( 'NONE', #7408, 3.000000000000000444 ) ;
#6765 = FACE_BOUND ( 'NONE', #431, .T. ) ;
#6766 = EDGE_CURVE ( 'NONE', #7965, #3821, #6468, .T. ) ;
#6767 = VECTOR ( 'NONE', #4107, 1000.000000000000000 ) ;
#6768 =( REPRESENTATION_RELATIONSHIP ('NONE','NONE', #5135, #1836 ) REPRESENTATION_RELATIONSHIP_WITH_TRANSFORMATION ( #6549 )SHAPE_REPRESENTATION_RELATIONSHIP( ) );
#6769 = DIRECTION ( 'NONE',  ( 0.000000000000000000, 0.000000000000000000, 1.000000000000000000 ) ) ;
#6770 = ORIENTED_EDGE ( 'NONE', *, *, #4286, .F. ) ;
#6771 = CARTESIAN_POINT ( 'NONE',  ( 0.000000000000000000, 0.000000000000000000, 0.000000000000000000 ) ) ;
#6772 = SURFACE_STYLE_USAGE ( .BOTH. , #6012 ) ;
#6773 = ORIENTED_EDGE ( 'NONE', *, *, #3580, .F. ) ;
#6774 = VERTEX_POINT ( 'NONE', #6787 ) ;
#6775 = CARTESIAN_POINT ( 'NONE',  ( 2.223130931616851935, 6.108002035108403227, 2.500000000000000000 ) ) ;
#6776 = CARTESIAN_POINT ( 'NONE',  ( 16.50000000000000355, 0.000000000000000000, -0.5000000000000004441 ) ) ;
#6777 = EDGE_CURVE ( 'NONE', #3741, #4804, #6741, .T. ) ;
#6778 = SHAPE_REPRESENTATION ( 'SHAFT COUPLER, JGB37-520', ( #7250 ), #1715 ) ;
#6779 = AXIS2_PLACEMENT_3D ( 'NONE', #5594, #7454, #2977 ) ;
#6780 = DIRECTION ( 'NONE',  ( 0.000000000000000000, -0.000000000000000000, 1.000000000000000000 ) ) ;
#6781 = ORIENTED_EDGE ( 'NONE', *, *, #2660, .T. ) ;
#6782 = ORIENTED_EDGE ( 'NONE', *, *, #4, .F. ) ;
#6783 = LINE ( 'NONE', #3623, #3552 ) ;
#6784 = CIRCLE ( 'NONE', #2269, 2.100000000000000089 ) ;
#6785 = DIRECTION ( 'NONE',  ( 0.000000000000000000, 0.000000000000000000, 1.000000000000000000 ) ) ;
#6786 = AXIS2_PLACEMENT_3D ( 'NONE', #3558, #4125, #1711 ) ;
#6787 = CARTESIAN_POINT ( 'NONE',  ( 0.1183307166263566079, 0.2280674907603702783, -0.8314443141724170427 ) ) ;
#6788 = CARTESIAN_POINT ( 'NONE',  ( 0.000000000000000000, 0.000000000000000000, 0.000000000000000000 ) ) ;
#6789 = AXIS2_PLACEMENT_3D ( 'NONE', #2398, #3607, #3050 ) ;
#6790 = CIRCLE ( 'NONE', #3187, 1.249999999999996669 ) ;
#6791 = CARTESIAN_POINT ( 'NONE',  ( 16.50000000000000000, 0.000000000000000000, -2.500000000000000000 ) ) ;
#6792 = ORIENTED_EDGE ( 'NONE', *, *, #1867, .F. ) ;
#6793 = CIRCLE ( 'NONE', #2282, 1.249999999999997558 ) ;
#6794 = ORIENTED_EDGE ( 'NONE', *, *, #2377, .F. ) ;
#6795 = DIRECTION ( 'NONE',  ( 0.000000000000000000, -0.6753875961677799911, 0.7374629447929623716 ) ) ;
#6796 = CARTESIAN_POINT ( 'NONE',  ( 8.995303853117384563, 7.728927649945533496, -0.03913929356362175899 ) ) ;
#6797 = FACE_OUTER_BOUND ( 'NONE', #1775, .T. ) ;
#6798 = CIRCLE ( 'NONE', #5122, 4.400000000000001243 ) ;
#6799 = EDGE_CURVE ( 'NONE', #226, #3411, #2536, .T. ) ;
#6800 = DIRECTION ( 'NONE',  ( -1.000000000000000000, 0.000000000000000000, 0.000000000000000000 ) ) ;
#6801 = AXIS2_PLACEMENT_3D ( 'NONE', #256, #6426, #7598 ) ;
#6802 = CARTESIAN_POINT ( 'NONE',  ( 0.000000000000000000, 0.000000000000000000, 6.000000000000000000 ) ) ;
#6803 = DIRECTION ( 'NONE',  ( 1.000000000000000000, 0.000000000000000000, 0.000000000000000000 ) ) ;
#6804 = ORIENTED_EDGE ( 'NONE', *, *, #1490, .T. ) ;
#6805 = ORIENTED_EDGE ( 'NONE', *, *, #7834, .T. ) ;
#6806 = DIRECTION ( 'NONE',  ( -0.000000000000000000, -0.000000000000000000, 1.000000000000000000 ) ) ;
#6807 = ORIENTED_EDGE ( 'NONE', *, *, #3640, .T. ) ;
#6808 = EDGE_CURVE ( 'NONE', #5633, #5044, #4357, .T. ) ;
#6809 = DIRECTION ( 'NONE',  ( -0.000000000000000000, -0.000000000000000000, -1.000000000000000000 ) ) ;
#6810 = PLANE ( 'NONE',  #2120 ) ;
#6811 = ORIENTED_EDGE ( 'NONE', *, *, #3981, .T. ) ;
#6812 = DIRECTION ( 'NONE',  ( 0.000000000000000000, 0.000000000000000000, 1.000000000000000000 ) ) ;
#6813 = CARTESIAN_POINT ( 'NONE',  ( 17.10000000000000142, 0.000000000000000000, 0.000000000000000000 ) ) ;
#6814 = EDGE_LOOP ( 'NONE', ( #781, #3754 ) ) ;
#6815 = ORIENTED_EDGE ( 'NONE', *, *, #5737, .F. ) ;
#6816 = EDGE_CURVE ( 'NONE', #7334, #6425, #7301, .T. ) ;
#6817 = VERTEX_POINT ( 'NONE', #620 ) ;
#6818 = CARTESIAN_POINT ( 'NONE',  ( -16.00000000000000000, 0.000000000000000000, 0.000000000000000000 ) ) ;
#6819 = DIRECTION ( 'NONE',  ( -1.000000000000000000, 0.000000000000000000, 0.000000000000000000 ) ) ;
#6820 = PRODUCT_DEFINITION_SHAPE ( 'NONE', 'NONE',  #7977 ) ;
#6821 = CARTESIAN_POINT ( 'NONE',  ( 0.8200840350970419745, 0.000000000000000000, 0.000000000000000000 ) ) ;
#6822 = EDGE_LOOP ( 'NONE', ( #2604, #1128, #6720, #3687 ) ) ;
#6823 = EDGE_LOOP ( 'NONE', ( #6480, #5466, #3874, #1704 ) ) ;
#6824 = DIRECTION ( 'NONE',  ( -0.000000000000000000, -0.000000000000000000, 1.000000000000000000 ) ) ;
#6825 = EDGE_CURVE ( 'NONE', #7787, #3421, #5219, .T. ) ;
#6826 = FACE_OUTER_BOUND ( 'NONE', #7029, .T. ) ;
#6827 = CIRCLE ( 'NONE', #5404, 1.024999999999999911 ) ;
#6828 = CARTESIAN_POINT ( 'NONE',  ( 9.810758597948749937, 12.63918572269490070, 0.000000000000000000 ) ) ;
#6829 = CIRCLE ( 'NONE', #5283, 0.7499999999999997780 ) ;
#6830 = CARTESIAN_POINT ( 'NONE',  ( -7.749999999999874767, -13.42339375865886986, 0.000000000000000000 ) ) ;
#6831 = EDGE_LOOP ( 'NONE', ( #5568, #3845, #654, #4708 ) ) ;
#6832 = ORIENTED_EDGE ( 'NONE', *, *, #5017, .F. ) ;
#6833 = CARTESIAN_POINT ( 'NONE',  ( 26.60000000000000497, 1.224646799147353207E-16, -1.000000000000000000 ) ) ;
#6834 = DIRECTION ( 'NONE',  ( -0.000000000000000000, -0.000000000000000000, 1.000000000000000000 ) ) ;
#6835 = CARTESIAN_POINT ( 'NONE',  ( 0.000000000000000000, 0.000000000000000000, -4.000000000000000000 ) ) ;
#6836 = STYLED_ITEM ( 'NONE', ( #6541 ), #3352 ) ;
#6837 = CARTESIAN_POINT ( 'NONE',  ( 0.000000000000000000, 7.000000000000000000, -0.06579798566743204347 ) ) ;
#6838 = CARTESIAN_POINT ( 'NONE',  ( -2.223130931616851047, 6.108002035108402339, 2.499999999999999556 ) ) ;
#6839 = CARTESIAN_POINT ( 'NONE',  ( -0.5574132582818877024, 0.2499999999999999445, 4.359928496847839341 ) ) ;
#6840 = ORIENTED_EDGE ( 'NONE', *, *, #7169, .T. ) ;
#6841 = CARTESIAN_POINT ( 'NONE',  ( 0.000000000000000000, 0.000000000000000000, 0.000000000000000000 ) ) ;
#6842 = ORIENTED_EDGE ( 'NONE', *, *, #6825, .F. ) ;
#6843 = ORIENTED_EDGE ( 'NONE', *, *, #1626, .T. ) ;
#6844 = FACE_OUTER_BOUND ( 'NONE', #4909, .T. ) ;
#6845 = CARTESIAN_POINT ( 'NONE',  ( -6.150000000000063416, 13.42339375865876505, 0.000000000000000000 ) ) ;
#6846 = EDGE_CURVE ( 'NONE', #3231, #2575, #3180, .T. ) ;
#6847 = EDGE_CURVE ( 'NONE', #28, #3605, #6070, .T. ) ;
#6848 = CARTESIAN_POINT ( 'NONE',  ( -10.96015510839155915, -8.131727983645202329, -3.000000000000000000 ) ) ;
#6849 = ORIENTED_EDGE ( 'NONE', *, *, #1025, .T. ) ;
#6850 = CARTESIAN_POINT ( 'NONE',  ( 0.000000000000000000, 0.000000000000000000, -19.50000000000000000 ) ) ;
#6851 = LINE ( 'NONE', #808, #5935 ) ;
#6852 = ORIENTED_EDGE ( 'NONE', *, *, #5582, .T. ) ;
#6853 = VERTEX_POINT ( 'NONE', #5412 ) ;
#6854 = ORIENTED_EDGE ( 'NONE', *, *, #5003, .F. ) ;
#6855 = DIRECTION ( 'NONE',  ( 1.000000000000000000, 0.000000000000000000, 0.000000000000000000 ) ) ;
#6856 = DIRECTION ( 'NONE',  ( -0.7071067811865474617, 8.659560562354931626E-17, 0.7071067811865475727 ) ) ;
#6857 = EDGE_CURVE ( 'NONE', #7904, #283, #6539, .T. ) ;
#6858 = VECTOR ( 'NONE', #1260, 1000.000000000000000 ) ;
#6859 = PRESENTATION_STYLE_ASSIGNMENT (( #4392 ) ) ;
#6860 = DIRECTION ( 'NONE',  ( 1.000000000000000000, 0.000000000000000000, 0.000000000000000000 ) ) ;
#6861 = ORIENTED_EDGE ( 'NONE', *, *, #2263, .T. ) ;
#6862 = EDGE_LOOP ( 'NONE', ( #4768, #3546, #3689, #2695, #2704 ) ) ;
#6863 = CIRCLE ( 'NONE', #3126, 5.000000000000000000 ) ;
#6864 = DIRECTION ( 'NONE',  ( 0.000000000000000000, 0.000000000000000000, 1.000000000000000000 ) ) ;
#6865 = CARTESIAN_POINT ( 'NONE',  ( -1.499999999999999334, -0.2500000000000000000, 4.250000000000001776 ) ) ;
#6866 = EDGE_CURVE ( 'NONE', #904, #1222, #4929, .T. ) ;
#6867 =( GEOMETRIC_REPRESENTATION_CONTEXT ( 3 ) GLOBAL_UNCERTAINTY_ASSIGNED_CONTEXT ( ( #3097 ) ) GLOBAL_UNIT_ASSIGNED_CONTEXT ( ( #6072, #4889, #5011 ) ) REPRESENTATION_CONTEXT ( 'NONE', 'WORKASPACE' ) );
#6868 = EDGE_LOOP ( 'NONE', ( #7573, #3067, #3213 ) ) ;
#6869 = VERTEX_POINT ( 'NONE', #4806 ) ;
#6870 = DIRECTION ( 'NONE',  ( 0.000000000000000000, 0.000000000000000000, 1.000000000000000000 ) ) ;
#6871 = DIRECTION ( 'NONE',  ( 1.000000000000000000, 0.000000000000000000, 0.000000000000000000 ) ) ;
#6872 = DIRECTION ( 'NONE',  ( -0.000000000000000000, -0.000000000000000000, 1.000000000000000000 ) ) ;
#6873 = DIRECTION ( 'NONE',  ( 1.000000000000000000, 0.000000000000000000, 0.000000000000000000 ) ) ;
#6874 = APPLICATION_CONTEXT ( 'automotive_design' ) ;
#6875 = DIRECTION ( 'NONE',  ( 1.000000000000000000, 0.000000000000000000, 0.000000000000000000 ) ) ;
#6876 = B_SPLINE_CURVE_WITH_KNOTS ( 'NONE', 3,
 ( #7447, #1345, #1916, #6205 ),
 .UNSPECIFIED., .F., .F.,
 ( 4, 4 ),
 ( 9.486769009248163798E-20, 0.0009034838456593107621 ),
 .UNSPECIFIED. ) ;
#6877 = AXIS2_PLACEMENT_3D ( 'NONE', #1837, #3039, #4282 ) ;
#6878 = ADVANCED_FACE ( 'NONE', ( #3751 ), #1864, .F. ) ;
#6879 = DIRECTION ( 'NONE',  ( -0.000000000000000000, -1.000000000000000000, 0.000000000000000000 ) ) ;
#6880 = EDGE_LOOP ( 'NONE', ( #5191, #6318, #2764, #1733 ) ) ;
#6881 = DIRECTION ( 'NONE',  ( -0.1003315022614172242, 0.9949540640923918433, 3.504040578453098130E-15 ) ) ;
#6882 = VERTEX_POINT ( 'NONE', #7349 ) ;
#6883 = CYLINDRICAL_SURFACE ( 'NONE', #991, 0.7500000000000001110 ) ;
#6884 = AXIS2_PLACEMENT_3D ( 'NONE', #4754, #7783, #6540 ) ;
#6885 = ORIENTED_EDGE ( 'NONE', *, *, #5233, .T. ) ;
#6886 = CARTESIAN_POINT ( 'NONE',  ( 0.000000000000000000, 0.000000000000000000, -0.5000000000000004441 ) ) ;
#6887 = FACE_BOUND ( 'NONE', #3575, .T. ) ;
#6888 = AXIS2_PLACEMENT_3D ( 'NONE', #5598, #5686, #3056 ) ;
#6889 = CARTESIAN_POINT ( 'NONE',  ( -14.72339375865876221, 7.750000000000064837, -1.599999999999999645 ) ) ;
#6890 = ORIENTED_EDGE ( 'NONE', *, *, #5656, .F. ) ;
#6891 = FACE_OUTER_BOUND ( 'NONE', #1669, .T. ) ;
#6892 = DIRECTION ( 'NONE',  ( 0.5791130742540733234, -0.8152472307392381046, 0.000000000000000000 ) ) ;
#6893 = ORIENTED_EDGE ( 'NONE', *, *, #3155, .F. ) ;
#6894 = ORIENTED_EDGE ( 'NONE', *, *, #7422, .T. ) ;
#6895 = MECHANICAL_DESIGN_GEOMETRIC_PRESENTATION_REPRESENTATION (  '', ( #3530 ), #7669 ) ;
#6896 = EDGE_CURVE ( 'NONE', #762, #5553, #1745, .T. ) ;
#6897 = FACE_OUTER_BOUND ( 'NONE', #5345, .T. ) ;
#6898 = EDGE_CURVE ( 'NONE', #7578, #1940, #1788, .T. ) ;
#6899 = CARTESIAN_POINT ( 'NONE',  ( 0.6271178757805834225, 0.000000000000000000, 0.000000000000000000 ) ) ;
#6900 = SURFACE_SIDE_STYLE ('',( #2425 ) ) ;
#6901 = CARTESIAN_POINT ( 'NONE',  ( 6.821067811865489716, 5.642782126156891565, -2.500000000000000000 ) ) ;
#6902 = VERTEX_POINT ( 'NONE', #6828 ) ;
#6903 = ORIENTED_EDGE ( 'NONE', *, *, #149, .F. ) ;
#6904 = EDGE_CURVE ( 'NONE', #486, #186, #4990, .T. ) ;
#6905 = CARTESIAN_POINT ( 'NONE',  ( 0.7385401540846880941, -0.2500000000000000000, 4.250000000000001776 ) ) ;
#6906 = CARTESIAN_POINT ( 'NONE',  ( 0.000000000000000000, 0.000000000000000000, -29.00000000000000000 ) ) ;
#6907 = CARTESIAN_POINT ( 'NONE',  ( 0.000000000000000000, 0.000000000000000000, 0.000000000000000000 ) ) ;
#6908 = VECTOR ( 'NONE', #1047, 1000.000000000000000 ) ;
#6909 = ORIENTED_EDGE ( 'NONE', *, *, #6701, .T. ) ;
#6910 = ORIENTED_EDGE ( 'NONE', *, *, #1913, .F. ) ;
#6911 = DIRECTION ( 'NONE',  ( 1.000000000000000000, 0.000000000000000000, 0.000000000000000000 ) ) ;
#6912 = CARTESIAN_POINT ( 'NONE',  ( -17.70000000000000284, 0.000000000000000000, -29.00000000000000000 ) ) ;
#6913 = CIRCLE ( 'NONE', #470, 16.00000000000000355 ) ;
#6914 = ADVANCED_FACE ( 'NONE', ( #6667 ), #6056, .F. ) ;
#6915 = CARTESIAN_POINT ( 'NONE',  ( -12.63918572269493801, 9.810758597948705528, 0.000000000000000000 ) ) ;
#6916 = CONICAL_SURFACE ( 'NONE', #5494, 1.600000000000000755, 0.7853981633974508325 ) ;
#6917 = DIRECTION ( 'NONE',  ( 1.000000000000000000, 0.000000000000000000, 0.000000000000000000 ) ) ;
#6918 = AXIS2_PLACEMENT_3D ( 'NONE', #139, #180, #6266 ) ;
#6919 = AXIS2_PLACEMENT_3D ( 'NONE', #4896, #7438, #3717 ) ;
#6920 = VERTEX_POINT ( 'NONE', #5010 ) ;
#6921 = CARTESIAN_POINT ( 'NONE',  ( -0.7500000000000000000, -0.3082200092159082527, 4.410375918188655930 ) ) ;
#6922 = EDGE_LOOP ( 'NONE', ( #271, #1963 ) ) ;
#6923 = DIRECTION ( 'NONE',  ( 0.7071067811865466846, 0.7071067811865483499, 0.000000000000000000 ) ) ;
#6924 = AXIS2_PLACEMENT_3D ( 'NONE', #703, #2036, #3154 ) ;
#6925 = ORIENTED_EDGE ( 'NONE', *, *, #5851, .F. ) ;
#6926 = DIRECTION ( 'NONE',  ( -0.000000000000000000, -0.000000000000000000, 1.000000000000000000 ) ) ;
#6927 = ORIENTED_EDGE ( 'NONE', *, *, #596, .F. ) ;
#6928 = AXIS2_PLACEMENT_3D ( 'NONE', #2360, #5431, #7287 ) ;
#6930 = EDGE_CURVE ( 'NONE', #5561, #6448, #1516, .T. ) ;
#6929 = AXIS2_PLACEMENT_3D ( 'NONE', #4119, #7193, #6069 ) ;
#6931 = EDGE_CURVE ( 'NONE', #2394, #6568, #5616, .T. ) ;
#6932 = VECTOR ( 'NONE', #1835, 1000.000000000000000 ) ;
#6933 = PRODUCT ( 'COUPLING BRACKET, GEARED BODY TO DC MOTOR, JGB37-520', 'COUPLING BRACKET, GEARED BODY TO DC MOTOR, JGB37-520', '', ( #786 ) ) ;
#6934 = CARTESIAN_POINT ( 'NONE',  ( -8.131727983645394175, -10.96015510839141882, 0.000000000000000000 ) ) ;
#6935 = CARTESIAN_POINT ( 'NONE',  ( 1.500000000000000666, -0.5000000000000000000, 4.250000000000001776 ) ) ;
#6936 = DIRECTION ( 'NONE',  ( 1.000000000000000000, -8.881784197001252323E-16, 0.000000000000000000 ) ) ;
#6937 = ORIENTED_EDGE ( 'NONE', *, *, #4036, .F. ) ;
#6938 = DIRECTION ( 'NONE',  ( 1.000000000000000000, 0.000000000000000000, 0.000000000000000000 ) ) ;
#6939 = PRESENTATION_STYLE_ASSIGNMENT (( #7497 ) ) ;
#6940 = ORIENTED_EDGE ( 'NONE', *, *, #4623, .F. ) ;
#6941 = ORIENTED_EDGE ( 'NONE', *, *, #856, .T. ) ;
#6942 = EDGE_CURVE ( 'NONE', #6414, #3513, #5048, .T. ) ;
#6943 = ORIENTED_EDGE ( 'NONE', *, *, #6214, .T. ) ;
#6944 = CARTESIAN_POINT ( 'NONE',  ( -2.716615824122599498, 5.403232569518970685, 2.499999999999999556 ) ) ;
#6945 = DIRECTION ( 'NONE',  ( 1.000000000000000000, 0.000000000000000000, 0.000000000000000000 ) ) ;
#6946 = ADVANCED_FACE ( 'NONE', ( #7473 ), #7059, .F. ) ;
#6947 = CARTESIAN_POINT ( 'NONE',  ( 8.907521186990907225, 7.632926252019964330, 0.000000000000000000 ) ) ;
#6948 = DIRECTION ( 'NONE',  ( -0.000000000000000000, -0.000000000000000000, -1.000000000000000000 ) ) ;
#6949 = ORIENTED_EDGE ( 'NONE', *, *, #3515, .F. ) ;
#6950 = ORIENTED_EDGE ( 'NONE', *, *, #2986, .T. ) ;
#6951 = DIRECTION ( 'NONE',  ( -1.000000000000000000, 0.000000000000000000, 0.000000000000000000 ) ) ;
#6952 = FACE_OUTER_BOUND ( 'NONE', #4512, .T. ) ;
#6953 = DIRECTION ( 'NONE',  ( 0.000000000000000000, 0.000000000000000000, -1.000000000000000000 ) ) ;
#6954 = ADVANCED_FACE ( 'NONE', ( #3273 ), #6385, .T. ) ;
#6955 = ADVANCED_FACE ( 'NONE', ( #1462 ), #5662, .F. ) ;
#6956 = CARTESIAN_POINT ( 'NONE',  ( 1.370759493670886231, -0.1017721518987341478, -5.721760036654400180E-16 ) ) ;
#6957 = ORIENTED_EDGE ( 'NONE', *, *, #4671, .T. ) ;
#6958 = CARTESIAN_POINT ( 'NONE',  ( 15.50000000000000000, 0.000000000000000000, -4.000000000000000000 ) ) ;
#6959 = DIRECTION ( 'NONE',  ( 1.000000000000000000, 0.000000000000000000, 0.000000000000000000 ) ) ;
#6960 = ORIENTED_EDGE ( 'NONE', *, *, #6904, .F. ) ;
#6961 = CARTESIAN_POINT ( 'NONE',  ( 8.521067811865490782, 6.821067811865461294, -5.942787793912431837 ) ) ;
#6962 = AXIS2_PLACEMENT_3D ( 'NONE', #6300, #5690, #2615 ) ;
#6963 = CARTESIAN_POINT ( 'NONE',  ( -8.131727983645394175, -10.96015510839141882, -3.000000000000000000 ) ) ;
#6964 = AXIS2_PLACEMENT_3D ( 'NONE', #2703, #1413, #1456 ) ;
#6966 = ORIENTED_EDGE ( 'NONE', *, *, #7347, .F. ) ;
#6965 = ADVANCED_FACE ( 'NONE', ( #1376 ), #7031, .T. ) ;
#6967 = CARTESIAN_POINT ( 'NONE',  ( -2.223130931616851935, -6.108002035108402339, 2.499999999999999556 ) ) ;
#6968 = ORIENTED_EDGE ( 'NONE', *, *, #3947, .F. ) ;
#6969 = PLANE ( 'NONE',  #6534 ) ;
#6970 = ORIENTED_EDGE ( 'NONE', *, *, #2452, .T. ) ;
#6971 = CARTESIAN_POINT ( 'NONE',  ( 7.749999999999968914, 13.42339375865881657, -0.3500000000000030864 ) ) ;
#6972 = VECTOR ( 'NONE', #2356, 1000.000000000000114 ) ;
#6973 = ORIENTED_EDGE ( 'NONE', *, *, #1899, .T. ) ;
#6974 = ORIENTED_EDGE ( 'NONE', *, *, #157, .T. ) ;
#6975 = LINE ( 'NONE', #2167, #5971 ) ;
#6976 = CARTESIAN_POINT ( 'NONE',  ( 9.023948508257607415, 7.000000000000000888, -0.06579798566743204347 ) ) ;
#6977 = EDGE_CURVE ( 'NONE', #1600, #3741, #864, .T. ) ;
#6978 = DIRECTION ( 'NONE',  ( 1.000000000000000000, 0.000000000000000000, 0.000000000000000000 ) ) ;
#6979 = ORIENTED_EDGE ( 'NONE', *, *, #3515, .T. ) ;
#6980 = DIRECTION ( 'NONE',  ( -0.000000000000000000, -0.000000000000000000, 1.000000000000000000 ) ) ;
#6981 = UNCERTAINTY_MEASURE_WITH_UNIT (LENGTH_MEASURE( 1.000000000000000082E-05 ), #658, 'distance_accuracy_value', 'NONE');
#6982 =( NAMED_UNIT ( * ) PLANE_ANGLE_UNIT ( ) SI_UNIT ( $, .RADIAN. ) );
#6983 = VERTEX_POINT ( 'NONE', #7512 ) ;
#6984 = ORIENTED_EDGE ( 'NONE', *, *, #4137, .F. ) ;
#6985 = LINE ( 'NONE', #2659, #2802 ) ;
#6986 = EDGE_CURVE ( 'NONE', #2394, #5326, #4717, .T. ) ;
#6987 = LINE ( 'NONE', #4633, #4164 ) ;
#6988 = CARTESIAN_POINT ( 'NONE',  ( 8.908159330716724611, 7.721498958044990424, 0.000000000000000000 ) ) ;
#6989 = CARTESIAN_POINT ( 'NONE',  ( -0.7500000000000000000, -0.5000000000000000000, 4.250000000000001776 ) ) ;
#6990 = ORIENTED_EDGE ( 'NONE', *, *, #4499, .F. ) ;
#6991 = ORIENTED_EDGE ( 'NONE', *, *, #132, .T. ) ;
#6992 = CARTESIAN_POINT ( 'NONE',  ( 0.000000000000000000, 0.000000000000000000, 21.50000000000000000 ) ) ;
#6993 = CARTESIAN_POINT ( 'NONE',  ( 0.000000000000000000, 0.000000000000000000, -29.00000000000000000 ) ) ;
#6994 =( NAMED_UNIT ( * ) SI_UNIT ( $, .STERADIAN. ) SOLID_ANGLE_UNIT ( ) );
#6995 = ORIENTED_EDGE ( 'NONE', *, *, #2346, .F. ) ;
#6996 = ORIENTED_EDGE ( 'NONE', *, *, #4349, .F. ) ;
#6997 = DIRECTION ( 'NONE',  ( 0.7071067811865489050, -0.7071067811865461294, 0.000000000000000000 ) ) ;
#6998 = CARTESIAN_POINT ( 'NONE',  ( 0.7499999999999997780, -0.05307744633479850177, 4.852295800272074189 ) ) ;
#6999 = VECTOR ( 'NONE', #2316, 1000.000000000000000 ) ;
#7000 = CARTESIAN_POINT ( 'NONE',  ( -10.16702125952748759, -12.99544838427347493, -2.632586449637392967 ) ) ;
#7001 = ADVANCED_FACE ( 'NONE', ( #6952 ), #820, .F. ) ;
#7002 = EDGE_CURVE ( 'NONE', #3327, #75, #222, .T. ) ;
#7003 = DIRECTION ( 'NONE',  ( 0.7071067811865466846, 0.7071067811865483499, 0.000000000000000000 ) ) ;
#7004 = CIRCLE ( 'NONE', #44, 3.000000000000000444 ) ;
#7005 = DIRECTION ( 'NONE',  ( -0.000000000000000000, -0.000000000000000000, -1.000000000000000000 ) ) ;
#7006 = ORIENTED_EDGE ( 'NONE', *, *, #4137, .T. ) ;
#7007 = CARTESIAN_POINT ( 'NONE',  ( 0.000000000000000000, 0.000000000000000000, -19.50000000000000000 ) ) ;
#7008 = EDGE_LOOP ( 'NONE', ( #5659, #2653, #4061, #632 ) ) ;
#7009 = DIRECTION ( 'NONE',  ( -1.000000000000000000, -1.224646799147358384E-16, 0.000000000000000000 ) ) ;
#7010 = VECTOR ( 'NONE', #4207, 1000.000000000000000 ) ;
#7011 = EDGE_CURVE ( 'NONE', #4305, #5792, #1099, .T. ) ;
#7012 = LINE ( 'NONE', #1564, #7765 ) ;
#7013 = DIRECTION ( 'NONE',  ( 0.7071067811865489050, 0.7071067811865462405, 0.000000000000000000 ) ) ;
#7014 = AXIS2_PLACEMENT_3D ( 'NONE', #1537, #5277, #3753 ) ;
#7015 = B_SPLINE_CURVE_WITH_KNOTS ( 'NONE', 3,
 ( #1303, #6839, #3043, #3120, #2517, #2472 ),
 .UNSPECIFIED., .F., .F.,
 ( 4, 2, 4 ),
 ( 1.212174879515270077E-19, 0.0003748981121142149126, 0.0007497962242284297169 ),
 .UNSPECIFIED. ) ;
#7016 = FACE_OUTER_BOUND ( 'NONE', #4677, .T. ) ;
#7017 = ORIENTED_EDGE ( 'NONE', *, *, #3551, .T. ) ;
#7018 = DIRECTION ( 'NONE',  ( 1.000000000000000000, 0.000000000000000000, 0.000000000000000000 ) ) ;
#7019 = PLANE ( 'NONE',  #2873 ) ;
#7020 = EDGE_LOOP ( 'NONE', ( #5217, #7149, #4386, #381 ) ) ;
#7021 = ORIENTED_EDGE ( 'NONE', *, *, #6121, .F. ) ;
#7022 = ADVANCED_FACE ( 'NONE', ( #2710 ), #599, .T. ) ;
#7023 = AXIS2_PLACEMENT_3D ( 'NONE', #3412, #162, #7584 ) ;
#7024 = DIRECTION ( 'NONE',  ( -1.000000000000000000, -0.000000000000000000, -0.000000000000000000 ) ) ;
#7025 = LINE ( 'NONE', #1295, #317 ) ;
#7026 = CARTESIAN_POINT ( 'NONE',  ( 9.126907282330972038, 7.760060969107605011, -0.04577825058368101274 ) ) ;
#7027 = COLOUR_RGB ( '',0.7921568627450980005, 0.8196078431372548767, 0.9333333333333333481 ) ;
#7028 = FILL_AREA_STYLE ('',( #3461 ) ) ;
#7029 = EDGE_LOOP ( 'NONE', ( #7501, #3890 ) ) ;
#7030 = CARTESIAN_POINT ( 'NONE',  ( -6.150000000000063416, 13.42339375865876505, 0.000000000000000000 ) ) ;
#7031 = CYLINDRICAL_SURFACE ( 'NONE', #3163, 6.000000000000000888 ) ;
#7032 = VECTOR ( 'NONE', #5152, 1000.000000000000000 ) ;
#7033 = VERTEX_POINT ( 'NONE', #3841 ) ;
#7034 = VERTEX_POINT ( 'NONE', #2550 ) ;
#7035 = DIRECTION ( 'NONE',  ( 1.000000000000000000, 0.000000000000000000, 0.000000000000000000 ) ) ;
#7036 = CARTESIAN_POINT ( 'NONE',  ( 0.7499999999999997780, -0.2704875066779804382, 4.365254811037941884 ) ) ;
#7037 = CARTESIAN_POINT ( 'NONE',  ( 8.999168878238780422, 7.877555644559807391, -0.1121377005705612578 ) ) ;
#7038 = CARTESIAN_POINT ( 'NONE',  ( 9.904478704014245238, -12.73290582876039956, -3.000000000000001332 ) ) ;
#7039 = VERTEX_POINT ( 'NONE', #1333 ) ;
#7040 = PRODUCT_RELATED_PRODUCT_CATEGORY ( 'part', '', ( #7297 ) ) ;
#7041 = AXIS2_PLACEMENT_3D ( 'NONE', #7007, #3246, #3928 ) ;
#7042 = DIRECTION ( 'NONE',  ( 0.000000000000000000, 0.000000000000000000, 1.000000000000000000 ) ) ;
#7043 = EDGE_CURVE ( 'NONE', #2721, #7944, #3791, .T. ) ;
#7044 = ORIENTED_EDGE ( 'NONE', *, *, #3473, .T. ) ;
#7045 = LINE ( 'NONE', #6443, #7948 ) ;
#7046 = CIRCLE ( 'NONE', #4977, 3.750000000000000000 ) ;
#7047 = CIRCLE ( 'NONE', #2669, 3.000000000000000444 ) ;
#7048 = PLANE ( 'NONE',  #4271 ) ;
#7049 = CARTESIAN_POINT ( 'NONE',  ( 10.16702125952739877, 12.99544838427354776, -2.632586449637393411 ) ) ;
#7050 = AXIS2_PLACEMENT_3D ( 'NONE', #7530, #5106, #310 ) ;
#7051 = CARTESIAN_POINT ( 'NONE',  ( -1.499999999999999334, -2.518782217350889585, 6.281569860407209660 ) ) ;
#7052 = VECTOR ( 'NONE', #6223, 1000.000000000000000 ) ;
#7053 = EDGE_CURVE ( 'NONE', #1338, #6262, #5167, .T. ) ;
#7054 = VERTEX_POINT ( 'NONE', #2628 ) ;
#7055 = DIRECTION ( 'NONE',  ( 1.000000000000000000, 0.000000000000000000, 0.000000000000000000 ) ) ;
#7056 = AXIS2_PLACEMENT_3D ( 'NONE', #4611, #907, #7681 ) ;
#7057 = DIRECTION ( 'NONE',  ( 1.000000000000000000, 0.000000000000000000, 0.000000000000000000 ) ) ;
#7058 = VERTEX_POINT ( 'NONE', #5250 ) ;
#7059 = TOROIDAL_SURFACE ( 'NONE', #3955, 11.56600901191282738, 0.1000000000000000056 ) ;
#7060 = ORIENTED_EDGE ( 'NONE', *, *, #6556, .F. ) ;
#7061 = CARTESIAN_POINT ( 'NONE',  ( 0.000000000000000000, 7.000000000000000000, -29.00000000000000000 ) ) ;
#7062 = AXIS2_PLACEMENT_3D ( 'NONE', #1158, #4880, #5439 ) ;
#7063 = DIRECTION ( 'NONE',  ( 0.000000000000000000, 0.000000000000000000, -1.000000000000000000 ) ) ;
#7064 = EDGE_CURVE ( 'NONE', #4045, #7220, #5945, .T. ) ;
#7065 = CARTESIAN_POINT ( 'NONE',  ( 8.993073007795151952, 7.812384096743760331, -4.453246250774208424E-16 ) ) ;
#7066 = DIRECTION ( 'NONE',  ( 1.000000000000000000, 0.000000000000000000, 0.000000000000000000 ) ) ;
#7067 = ORIENTED_EDGE ( 'NONE', *, *, #3640, .F. ) ;
#7068 = ORIENTED_EDGE ( 'NONE', *, *, #3927, .T. ) ;
#7069 = CARTESIAN_POINT ( 'NONE',  ( -3.535533905932757293, -8.485281374238567764, -3.000000000000000000 ) ) ;
#7070 = PLANE ( 'NONE',  #2387 ) ;
#7071 = SHAPE_DEFINITION_REPRESENTATION ( #3078, #5481 ) ;
#7072 = ADVANCED_FACE ( 'NONE', ( #7674 ), #7070, .T. ) ;
#7073 = CARTESIAN_POINT ( 'NONE',  ( -9.055268347574529031, 7.800801692140579391, -0.02555150265990924555 ) ) ;
#7074 = ORIENTED_EDGE ( 'NONE', *, *, #3745, .T. ) ;
#7075 = LINE ( 'NONE', #2755, #1900 ) ;
#7076 = DIRECTION ( 'NONE',  ( -0.000000000000000000, -0.000000000000000000, -1.000000000000000000 ) ) ;
#7077 = DIRECTION ( 'NONE',  ( -1.000000000000000000, 0.000000000000000000, 0.000000000000000000 ) ) ;
#7078 = CARTESIAN_POINT ( 'NONE',  ( 10.16702125952739877, -12.99544838427354954, -2.500000000000000000 ) ) ;
#7079 = ORIENTED_EDGE ( 'NONE', *, *, #5716, .T. ) ;
#7080 = CARTESIAN_POINT ( 'NONE',  ( 0.000000000000000000, 0.000000000000000000, -1.000000000000000000 ) ) ;
#7081 = CARTESIAN_POINT ( 'NONE',  ( -25.39999999999996305, 0.000000000000000000, 0.000000000000000000 ) ) ;
#7082 = ORIENTED_EDGE ( 'NONE', *, *, #2902, .T. ) ;
#7083 = LINE ( 'NONE', #1060, #4845 ) ;
#7084 = ORIENTED_EDGE ( 'NONE', *, *, #4104, .T. ) ;
#7085 = CARTESIAN_POINT ( 'NONE',  ( -9.097334543720032585, 7.867701606826775773, 0.000000000000000000 ) ) ;
#7086 = AXIS2_PLACEMENT_3D ( 'NONE', #1320, #1403, #126 ) ;
#7087 = DIRECTION ( 'NONE',  ( 0.000000000000000000, 0.000000000000000000, 1.000000000000000000 ) ) ;
#7088 = CARTESIAN_POINT ( 'NONE',  ( 8.131727983645317792, 10.96015510839147566, 0.000000000000000000 ) ) ;
#7089 = CARTESIAN_POINT ( 'NONE',  ( 9.810758597948749937, 12.63918572269490426, -3.000000000000000000 ) ) ;
#7090 = VECTOR ( 'NONE', #5012, 1000.000000000000000 ) ;
#7091 = VECTOR ( 'NONE', #7018, 1000.000000000000000 ) ;
#7092 = DIRECTION ( 'NONE',  ( -1.000000000000000000, 0.000000000000000000, 0.000000000000000000 ) ) ;
#7093 = VERTEX_POINT ( 'NONE', #5321 ) ;
#7094 = CARTESIAN_POINT ( 'NONE',  ( 9.505764998351658335, 6.752445863986207719, -0.9342020143325664439 ) ) ;
#7095 = CARTESIAN_POINT ( 'NONE',  ( 0.000000000000000000, 0.000000000000000000, -0.5000000000000004441 ) ) ;
#7096 = ORIENTED_EDGE ( 'NONE', *, *, #133, .F. ) ;
#7097 = CIRCLE ( 'NONE', #7620, 3.750000000000000000 ) ;
#7098 = LINE ( 'NONE', #5163, #4084 ) ;
#7099 = EDGE_CURVE ( 'NONE', #5519, #30, #4111, .T. ) ;
#7100 = EDGE_CURVE ( 'NONE', #806, #5653, #4603, .T. ) ;
#7101 = LINE ( 'NONE', #3343, #1728 ) ;
#7102 = CARTESIAN_POINT ( 'NONE',  ( 9.053803570672307899, 7.806371342037097705, -0.02377421533574619258 ) ) ;
#7103 = CARTESIAN_POINT ( 'NONE',  ( -8.485281374238578422, -3.535533905932718213, -3.000000000000000000 ) ) ;
#7104 = ORIENTED_EDGE ( 'NONE', *, *, #6482, .F. ) ;
#7105 = ORIENTED_EDGE ( 'NONE', *, *, #264, .F. ) ;
#7106 = DIRECTION ( 'NONE',  ( -1.000000000000000000, -0.000000000000000000, -0.000000000000000000 ) ) ;
#7107 = EDGE_CURVE ( 'NONE', #6578, #3391, #376, .T. ) ;
#7108 = CARTESIAN_POINT ( 'NONE',  ( -9.032621521625070926, 7.798025163080034794, -0.02364042389242648756 ) ) ;
#7109 = ORIENTED_EDGE ( 'NONE', *, *, #6516, .F. ) ;
#7110 = DIRECTION ( 'NONE',  ( -0.000000000000000000, -0.000000000000000000, 1.000000000000000000 ) ) ;
#7111 = VERTEX_POINT ( 'NONE', #1583 ) ;
#7112 = CARTESIAN_POINT ( 'NONE',  ( 9.387321341315789880, 6.836794601017114559, -1.065293522631072021 ) ) ;
#7113 = ADVANCED_FACE ( 'NONE', ( #6583 ), #3466, .F. ) ;
#7114 =( NAMED_UNIT ( * ) SI_UNIT ( $, .STERADIAN. ) SOLID_ANGLE_UNIT ( ) );
#7115 = ORIENTED_EDGE ( 'NONE', *, *, #5965, .F. ) ;
#7116 = DIRECTION ( 'NONE',  ( -0.000000000000000000, -0.000000000000000000, 1.000000000000000000 ) ) ;
#7117 = AXIS2_PLACEMENT_3D ( 'NONE', #7482, #67, #3639 ) ;
#7118 = DIRECTION ( 'NONE',  ( -0.000000000000000000, -0.000000000000000000, 1.000000000000000000 ) ) ;
#7119 = VERTEX_POINT ( 'NONE', #3502 ) ;
#7120 = LINE ( 'NONE', #4161, #3550 ) ;
#7121 = VERTEX_POINT ( 'NONE', #7719 ) ;
#7122 = DIRECTION ( 'NONE',  ( -0.000000000000000000, 0.000000000000000000, -1.000000000000000000 ) ) ;
#7123 = DIRECTION ( 'NONE',  ( 1.000000000000000000, 0.000000000000000000, -0.000000000000000000 ) ) ;
#7124 = EDGE_CURVE ( 'NONE', #421, #6869, #3422, .T. ) ;
#7125 = DIRECTION ( 'NONE',  ( 0.000000000000000000, -0.5000000000000009992, -0.8660254037844380415 ) ) ;
#7126 = DIRECTION ( 'NONE',  ( 1.000000000000000000, 0.000000000000000000, 0.000000000000000000 ) ) ;
#7127 = EDGE_LOOP ( 'NONE', ( #5929, #3182 ) ) ;
#7128 =( LENGTH_UNIT ( ) NAMED_UNIT ( * ) SI_UNIT ( .MILLI., .METRE. ) );
#7129 = VERTEX_POINT ( 'NONE', #2258 ) ;
#7130 = DIRECTION ( 'NONE',  ( -0.000000000000000000, -0.000000000000000000, 1.000000000000000000 ) ) ;
#7131 = CIRCLE ( 'NONE', #5979, 16.50000000000000000 ) ;
#7132 = EDGE_LOOP ( 'NONE', ( #1530, #559, #4608, #3083 ) ) ;
#7133 = PLANE ( 'NONE',  #5638 ) ;
#7134 = AXIS2_PLACEMENT_3D ( 'NONE', #1773, #7251, #7177 ) ;
#7135 = DIRECTION ( 'NONE',  ( 1.000000000000000000, 0.000000000000000000, 0.000000000000000000 ) ) ;
#7136 = CARTESIAN_POINT ( 'NONE',  ( -1.300000000000000711, -15.50000000000000000, -1.599999999999999645 ) ) ;
#7137 = VERTEX_POINT ( 'NONE', #2299 ) ;
#7138 = VERTEX_POINT ( 'NONE', #7142 ) ;
#7139 = ADVANCED_FACE ( 'NONE', ( #1624 ), #5982, .F. ) ;
#7140 = AXIS2_PLACEMENT_3D ( 'NONE', #920, #318, #2088 ) ;
#7141 = FACE_OUTER_BOUND ( 'NONE', #6551, .T. ) ;
#7142 = CARTESIAN_POINT ( 'NONE',  ( -3.810511776651528848, 2.200000000000004619, -3.000000000000000000 ) ) ;
#7143 = AXIS2_PLACEMENT_3D ( 'NONE', #3032, #1709, #537 ) ;
#7144 = VECTOR ( 'NONE', #3727, 1000.000000000000000 ) ;
#7145 = CARTESIAN_POINT ( 'NONE',  ( -9.153079713689134422, 7.727460073429520016, -0.05821854854188894535 ) ) ;
#7146 = EDGE_LOOP ( 'NONE', ( #987, #6459, #7156, #6102 ) ) ;
#7147 = DIRECTION ( 'NONE',  ( -1.000000000000000000, 0.000000000000000000, 0.000000000000000000 ) ) ;
#7148 = EDGE_CURVE ( 'NONE', #591, #4842, #6143, .T. ) ;
#7149 = ORIENTED_EDGE ( 'NONE', *, *, #4059, .T. ) ;
#7150 = VECTOR ( 'NONE', #6535, 1000.000000000000000 ) ;
#7151 = DIRECTION ( 'NONE',  ( 1.000000000000000000, 0.000000000000000000, 0.000000000000000000 ) ) ;
#7152 = AXIS2_PLACEMENT_3D ( 'NONE', #5741, #5164, #253 ) ;
#7153 = VERTEX_POINT ( 'NONE', #2790 ) ;
#7154 = DIRECTION ( 'NONE',  ( -0.000000000000000000, -0.000000000000000000, 1.000000000000000000 ) ) ;
#7155 = FACE_OUTER_BOUND ( 'NONE', #6315, .T. ) ;
#7156 = ORIENTED_EDGE ( 'NONE', *, *, #1490, .F. ) ;
#7157 = FACE_BOUND ( 'NONE', #5821, .T. ) ;
#7158 = ORIENTED_EDGE ( 'NONE', *, *, #3019, .F. ) ;
#7159 = CARTESIAN_POINT ( 'NONE',  ( 12.95650162303670605, 10.12807449829047357, -2.762074505178806483 ) ) ;
#7160 = EDGE_CURVE ( 'NONE', #4497, #3616, #4455, .T. ) ;
#7161 = CARTESIAN_POINT ( 'NONE',  ( 6.821067811865489716, 5.621067811865462005, -3.000000000000000000 ) ) ;
#7162 = CARTESIAN_POINT ( 'NONE',  ( 13.42339375865876328, 7.750000000000064837, 1.734723475976807094E-15 ) ) ;
#7163 = VECTOR ( 'NONE', #7106, 1000.000000000000000 ) ;
#7164 = PRODUCT_DEFINITION_SHAPE ( 'NONE', 'NONE',  #1066 ) ;
#7165 = EDGE_LOOP ( 'NONE', ( #6849, #5649, #751, #6125 ) ) ;
#7166 = AXIS2_PLACEMENT_3D ( 'NONE', #6206, #6241, #4212 ) ;
#7167 = ORIENTED_EDGE ( 'NONE', *, *, #2822, .T. ) ;
#7168 = CARTESIAN_POINT ( 'NONE',  ( -1.898202538678397557E-15, -15.50000000000000000, 0.000000000000000000 ) ) ;
#7169 = EDGE_CURVE ( 'NONE', #5121, #1485, #4031, .T. ) ;
#7170 = ORIENTED_EDGE ( 'NONE', *, *, #4888, .T. ) ;
#7171 = VERTEX_POINT ( 'NONE', #2864 ) ;
#7172 = PRESENTATION_LAYER_ASSIGNMENT (  '', '', ( #5111 ) ) ;
#7173 = DIRECTION ( 'NONE',  ( 0.9994875794956977755, -0.03200903675263157278, 0.000000000000000000 ) ) ;
#7174 = CIRCLE ( 'NONE', #7050, 3.000000000000000444 ) ;
#7175 = CIRCLE ( 'NONE', #5117, 0.5000000000000000000 ) ;
#7176 = CIRCLE ( 'NONE', #4201, 0.1000000000000002554 ) ;
#7177 = DIRECTION ( 'NONE',  ( -0.7654371420443020213, -0.6435106693591420290, 0.000000000000000000 ) ) ;
#7178 =( NAMED_UNIT ( * ) PLANE_ANGLE_UNIT ( ) SI_UNIT ( $, .RADIAN. ) );
#7179 = PLANE ( 'NONE',  #3932 ) ;
#7180 = ORIENTED_EDGE ( 'NONE', *, *, #7224, .F. ) ;
#7181 = ORIENTED_EDGE ( 'NONE', *, *, #341, .F. ) ;
#7182 = CONICAL_SURFACE ( 'NONE', #3957, 1.024999999999999911, 0.7853981633974463916 ) ;
#7183 = CIRCLE ( 'NONE', #7433, 2.099999999999999645 ) ;
#7184 = AXIS2_PLACEMENT_3D ( 'NONE', #302, #2227, #4691 ) ;
#7185 = DIRECTION ( 'NONE',  ( 0.000000000000000000, 0.000000000000000000, -1.000000000000000000 ) ) ;
#7186 = CARTESIAN_POINT ( 'NONE',  ( 1.500000000000000666, -0.1249999999999996808, 4.899519052838330779 ) ) ;
#7187 = CONTEXT_DEPENDENT_SHAPE_REPRESENTATION ( #1675, #2061 ) ;
#7188 = ORIENTED_EDGE ( 'NONE', *, *, #2407, .T. ) ;
#7189 = CARTESIAN_POINT ( 'NONE',  ( -9.017818223750193596, 7.787939870020167632, -0.02477327778052853396 ) ) ;
#7190 = EDGE_LOOP ( 'NONE', ( #7463, #2679 ) ) ;
#7191 = FACE_OUTER_BOUND ( 'NONE', #6823, .T. ) ;
#7192 = ORIENTED_EDGE ( 'NONE', *, *, #7011, .F. ) ;
#7193 = DIRECTION ( 'NONE',  ( 0.5000000000000017764, -0.8660254037844375974, 0.000000000000000000 ) ) ;
#7194 =( NAMED_UNIT ( * ) SI_UNIT ( $, .STERADIAN. ) SOLID_ANGLE_UNIT ( ) );
#7195 = ADVANCED_FACE ( 'NONE', ( #6463 ), #1633, .T. ) ;
#7196 = EDGE_CURVE ( 'NONE', #3477, #7111, #860, .T. ) ;
#7197 = ORIENTED_EDGE ( 'NONE', *, *, #5965, .T. ) ;
#7198 = DIRECTION ( 'NONE',  ( 1.000000000000000000, 0.000000000000000000, 0.000000000000000000 ) ) ;
#7199 = CARTESIAN_POINT ( 'NONE',  ( 0.000000000000000000, 0.000000000000000000, 0.000000000000000000 ) ) ;
#7200 = EDGE_LOOP ( 'NONE', ( #4092, #7366, #3323, #7786 ) ) ;
#7201 = DIRECTION ( 'NONE',  ( 0.000000000000000000, 0.000000000000000000, -1.000000000000000000 ) ) ;
#7202 = CARTESIAN_POINT ( 'NONE',  ( 1.500000000000000222, 13.10000000000000142, 2.499999999999999556 ) ) ;
#7203 = FACE_BOUND ( 'NONE', #3787, .T. ) ;
#7204 = LINE ( 'NONE', #4051, #2471 ) ;
#7205 = EDGE_CURVE ( 'NONE', #5328, #5855, #935, .T. ) ;
#7206 = EDGE_LOOP ( 'NONE', ( #387, #7588, #41, #460 ) ) ;
#7207 = CARTESIAN_POINT ( 'NONE',  ( -15.50000000000000000, 0.000000000000000000, -4.000000000000000000 ) ) ;
#7208 = EDGE_LOOP ( 'NONE', ( #1890, #4983, #7659, #3230, #1882 ) ) ;
#7209 = CYLINDRICAL_SURFACE ( 'NONE', #1643, 0.7500000000000002220 ) ;
#7210 = ORIENTED_EDGE ( 'NONE', *, *, #6977, .F. ) ;
#7211 = VECTOR ( 'NONE', #2301, 1000.000000000000114 ) ;
#7212 = CARTESIAN_POINT ( 'NONE',  ( 9.810758597948749937, 12.63918572269490426, -3.000000000000000000 ) ) ;
#7213 = EDGE_CURVE ( 'NONE', #1485, #7119, #4684, .T. ) ;
#7214 = AXIS2_PLACEMENT_3D ( 'NONE', #922, #3939, #6412 ) ;
#7215 = VECTOR ( 'NONE', #5854, 1000.000000000000000 ) ;
#7216 = VECTOR ( 'NONE', #6736, 1000.000000000000000 ) ;
#7217 = CARTESIAN_POINT ( 'NONE',  ( 16.00000000000000000, 0.000000000000000000, -3.000000000000000000 ) ) ;
#7218 = DIRECTION ( 'NONE',  ( 1.000000000000000000, 0.000000000000000000, 0.000000000000000000 ) ) ;
#7219 = VERTEX_POINT ( 'NONE', #5866 ) ;
#7220 = VERTEX_POINT ( 'NONE', #331 ) ;
#7221 =( GEOMETRIC_REPRESENTATION_CONTEXT ( 3 ) GLOBAL_UNCERTAINTY_ASSIGNED_CONTEXT ( ( #679 ) ) GLOBAL_UNIT_ASSIGNED_CONTEXT ( ( #7784, #7178, #4140 ) ) REPRESENTATION_CONTEXT ( 'NONE', 'WORKASPACE' ) );
#7222 = CARTESIAN_POINT ( 'NONE',  ( -4.676537180435965446, -2.700000000000006839, 2.499999999999999556 ) ) ;
#7223 = CARTESIAN_POINT ( 'NONE',  ( 0.000000000000000000, 0.000000000000000000, 0.000000000000000000 ) ) ;
#7224 = EDGE_CURVE ( 'NONE', #8, #4229, #5030, .T. ) ;
#7225 = ITEM_DEFINED_TRANSFORMATION ( 'NONE', 'NONE', #7900,  #7250 ) ;
#7226 = DIRECTION ( 'NONE',  ( 1.000000000000000000, 0.000000000000000000, -0.000000000000000000 ) ) ;
#7228 = ORIENTED_EDGE ( 'NONE', *, *, #908, .F. ) ;
#7227 = B_SPLINE_CURVE_WITH_KNOTS ( 'NONE', 3,
 ( #2839, #5292, #2077, #4529, #7000, #2193 ),
 .UNSPECIFIED., .F., .F.,
 ( 4, 2, 4 ),
 ( 0.000000000000000000, 0.0003920463364800293388, 0.0007840926729600586776 ),
 .UNSPECIFIED. ) ;
#7229 = DIRECTION ( 'NONE',  ( -1.000000000000000000, 0.000000000000000000, 0.000000000000000000 ) ) ;
#7230 = EDGE_LOOP ( 'NONE', ( #3299, #477, #4387, #6747 ) ) ;
#7231 = DIRECTION ( 'NONE',  ( -0.000000000000000000, -0.000000000000000000, -1.000000000000000000 ) ) ;
#7232 = ORIENTED_EDGE ( 'NONE', *, *, #5671, .F. ) ;
#7233 = DIRECTION ( 'NONE',  ( 0.000000000000000000, 0.000000000000000000, 1.000000000000000000 ) ) ;
#7234 = DIRECTION ( 'NONE',  ( -0.1003315022614176683, 0.000000000000000000, 0.9949540640923918433 ) ) ;
#7235 = ORIENTED_EDGE ( 'NONE', *, *, #5950, .F. ) ;
#7236 = DIRECTION ( 'NONE',  ( 0.7071067811865409114, -0.7071067811865541231, 0.000000000000000000 ) ) ;
#7237 = CARTESIAN_POINT ( 'NONE',  ( -9.080074411003304036, 7.796250774499277725, -0.02982752051258433929 ) ) ;
#7238 = DIRECTION ( 'NONE',  ( -1.000000000000000000, 0.000000000000000000, 0.000000000000000000 ) ) ;
#7239 = EDGE_CURVE ( 'NONE', #7532, #7775, #4837, .T. ) ;
#7240 = ADVANCED_FACE ( 'NONE', ( #3811 ), #2267, .T. ) ;
#7241 = CARTESIAN_POINT ( 'NONE',  ( 0.000000000000000000, 0.000000000000000000, 2.499999999999999556 ) ) ;
#7242 = CARTESIAN_POINT ( 'NONE',  ( -1.499999999999999334, -0.1249999999999996808, 4.899519052838330779 ) ) ;
#7243 = VERTEX_POINT ( 'NONE', #120 ) ;
#7244 = ORIENTED_EDGE ( 'NONE', *, *, #3497, .T. ) ;
#7245 = CARTESIAN_POINT ( 'NONE',  ( 8.131727983645316016, -10.96015510839147389, -3.000000000000000000 ) ) ;
#7246 = EDGE_LOOP ( 'NONE', ( #3219, #3151, #7640, #6338, #5298, #6308 ) ) ;
#7247 = ADVANCED_FACE ( 'NONE', ( #3214 ), #2786, .T. ) ;
#7248 = VECTOR ( 'NONE', #7888, 1000.000000000000000 ) ;
#7249 = DIRECTION ( 'NONE',  ( 1.000000000000000000, 0.000000000000000000, 0.000000000000000000 ) ) ;
#7250 = AXIS2_PLACEMENT_3D ( 'NONE', #6035, #5332, #1017 ) ;
#7251 = DIRECTION ( 'NONE',  ( -0.6435106693591450266, 0.7654371420442994678, 0.000000000000000000 ) ) ;
#7252 = CARTESIAN_POINT ( 'NONE',  ( 16.00000000000000355, 0.000000000000000000, -19.50000000000000000 ) ) ;
#7253 = CARTESIAN_POINT ( 'NONE',  ( 7.321067811865490604, 6.821067811865461294, -2.500000000000000000 ) ) ;
#7254 = ORIENTED_EDGE ( 'NONE', *, *, #6608, .T. ) ;
#7255 = ORIENTED_EDGE ( 'NONE', *, *, #4060, .F. ) ;
#7256 = EDGE_CURVE ( 'NONE', #6509, #4795, #6292, .T. ) ;
#7257 = VECTOR ( 'NONE', #2308, 1000.000000000000000 ) ;
#7258 = FACE_BOUND ( 'NONE', #7296, .T. ) ;
#7259 = DIRECTION ( 'NONE',  ( -1.000000000000000000, -0.000000000000000000, 0.000000000000000000 ) ) ;
#7260 = VECTOR ( 'NONE', #7412, 1000.000000000000000 ) ;
#7261 = DIRECTION ( 'NONE',  ( 0.000000000000000000, 1.000000000000000000, 0.000000000000000000 ) ) ;
#7262 = ORIENTED_EDGE ( 'NONE', *, *, #5973, .T. ) ;
#7263 = CARTESIAN_POINT ( 'NONE',  ( 0.000000000000000000, 0.000000000000000000, 0.000000000000000000 ) ) ;
#7264 = EDGE_CURVE ( 'NONE', #446, #5336, #4991, .T. ) ;
#7265 = ADVANCED_FACE ( 'NONE', ( #6844 ), #765, .F. ) ;
#7266 = ORIENTED_EDGE ( 'NONE', *, *, #7011, .T. ) ;
#7267 = CARTESIAN_POINT ( 'NONE',  ( 0.000000000000000000, 0.000000000000000000, -19.50000000000000000 ) ) ;
#7268 = DIRECTION ( 'NONE',  ( -0.000000000000000000, -0.000000000000000000, 1.000000000000000000 ) ) ;
#7269 = CYLINDRICAL_SURFACE ( 'NONE', #1189, 6.000000000000000888 ) ;
#7270 = CARTESIAN_POINT ( 'NONE',  ( 14.44839375865876363, 7.750000000000064837, 1.734723475976807094E-15 ) ) ;
#7271 = ORIENTED_EDGE ( 'NONE', *, *, #7279, .T. ) ;
#7272 = CARTESIAN_POINT ( 'NONE',  ( -9.429156817667474044, 6.698027035738491008, -0.9000000000000013545 ) ) ;
#7273 = DIRECTION ( 'NONE',  ( -1.000000000000000000, 0.000000000000000000, 0.000000000000000000 ) ) ;
#7274 = LINE ( 'NONE', #2127, #688 ) ;
#7275 = AXIS2_PLACEMENT_3D ( 'NONE', #729, #1238, #3018 ) ;
#7276 = CARTESIAN_POINT ( 'NONE',  ( 4.676537180435966334, -2.700000000000007727, 2.499999999999999556 ) ) ;
#7277 = LINE ( 'NONE', #7849, #4406 ) ;
#7278 = PRODUCT_RELATED_PRODUCT_CATEGORY ( 'part', '', ( #5710 ) ) ;
#7279 = EDGE_CURVE ( 'NONE', #5039, #5891, #7910, .T. ) ;
#7280 = AXIS2_PLACEMENT_3D ( 'NONE', #7864, #1193, #2939 ) ;
#7281 = CARTESIAN_POINT ( 'NONE',  ( -17.70000000000000284, 0.000000000000000000, 50.06316010800758676 ) ) ;
#7282 = ORIENTED_EDGE ( 'NONE', *, *, #4701, .T. ) ;
#7283 = SURFACE_SIDE_STYLE ('',( #7815 ) ) ;
#7284 = ORIENTED_EDGE ( 'NONE', *, *, #5271, .T. ) ;
#7285 = CARTESIAN_POINT ( 'NONE',  ( -10.25304832720496151, 13.08147545195111405, 0.000000000000000000 ) ) ;
#7286 = ORIENTED_EDGE ( 'NONE', *, *, #1084, .T. ) ;
#7287 = DIRECTION ( 'NONE',  ( 1.000000000000000000, 0.000000000000000000, 0.000000000000000000 ) ) ;
#7288 = CIRCLE ( 'NONE', #3804, 0.7500000000000002220 ) ;
#7289 = EDGE_CURVE ( 'NONE', #1741, #7495, #467, .T. ) ;
#7290 = ADVANCED_FACE ( 'NONE', ( #2568, #2370 ), #6696, .F. ) ;
#7291 = FACE_OUTER_BOUND ( 'NONE', #337, .T. ) ;
#7292 = FACE_OUTER_BOUND ( 'NONE', #2083, .T. ) ;
#7293 = CARTESIAN_POINT ( 'NONE',  ( -16.00000000000000355, 1.959434878635765526E-15, -19.50000000000000000 ) ) ;
#7294 = ORIENTED_EDGE ( 'NONE', *, *, #5517, .T. ) ;
#7295 = VECTOR ( 'NONE', #3969, 1000.000000000000000 ) ;
#7296 = EDGE_LOOP ( 'NONE', ( #7266, #4865 ) ) ;
#7297 = PRODUCT ( 'CONNECTION, DC MOTOR, JGB37-520', 'CONNECTION, DC MOTOR, JGB37-520', '', ( #1335 ) ) ;
#7298 = DIRECTION ( 'NONE',  ( -0.000000000000000000, -0.000000000000000000, 1.000000000000000000 ) ) ;
#7299 = FACE_OUTER_BOUND ( 'NONE', #890, .T. ) ;
#7300 = AXIS2_PLACEMENT_3D ( 'NONE', #6310, #783, #2459 ) ;
#7301 = CIRCLE ( 'NONE', #2151, 1.599999999999999867 ) ;
#7302 = ADVANCED_FACE ( 'NONE', ( #7533 ), #4377, .F. ) ;
#7303 = CIRCLE ( 'NONE', #6545, 16.00000000000000000 ) ;
#7304 = DIRECTION ( 'NONE',  ( 1.000000000000000000, 0.000000000000000000, 0.000000000000000000 ) ) ;
#7305 = ORIENTED_EDGE ( 'NONE', *, *, #6408, .F. ) ;
#7306 = ORIENTED_EDGE ( 'NONE', *, *, #1480, .T. ) ;
#7307 = CARTESIAN_POINT ( 'NONE',  ( 0.000000000000000000, 0.000000000000000000, -2.500000000000000000 ) ) ;
#7308 = AXIS2_PLACEMENT_3D ( 'NONE', #2110, #2152, #2757 ) ;
#7309 = DIRECTION ( 'NONE',  ( -0.7071067811865465735, -0.7071067811865483499, 0.000000000000000000 ) ) ;
#7310 = CARTESIAN_POINT ( 'NONE',  ( -9.271855626301650943, 7.457840035851037719, -0.2923278880649975986 ) ) ;
#7311 = AXIS2_PLACEMENT_3D ( 'NONE', #4313, #2457, #1249 ) ;
#7312 = AXIS2_PLACEMENT_3D ( 'NONE', #1046, #7831, #2298 ) ;
#7313 = ADVANCED_FACE ( 'NONE', ( #7299 ), #3769, .F. ) ;
#7314 = CYLINDRICAL_SURFACE ( 'NONE', #830, 6.250000000000000000 ) ;
#7315 = DIRECTION ( 'NONE',  ( -0.8331258114970218065, 0.000000000000000000, -0.5530835219181898799 ) ) ;
#7316 = EDGE_LOOP ( 'NONE', ( #1540, #7576 ) ) ;
#7317 = DIRECTION ( 'NONE',  ( -0.7071067811865492381, 8.659560562354955045E-17, 0.7071067811865457964 ) ) ;
#7318 = DIRECTION ( 'NONE',  ( 1.000000000000000000, 0.000000000000000000, 0.000000000000000000 ) ) ;
#7319 = PLANE ( 'NONE',  #5136 ) ;
#7320 = DIRECTION ( 'NONE',  ( 0.000000000000000000, 0.000000000000000000, 1.000000000000000000 ) ) ;
#7321 = LINE ( 'NONE', #1799, #6353 ) ;
#7322 = CARTESIAN_POINT ( 'NONE',  ( 0.000000000000000000, 0.000000000000000000, -3.100000000000000089 ) ) ;
#7323 = ORIENTED_EDGE ( 'NONE', *, *, #4419, .T. ) ;
#7324 = FACE_OUTER_BOUND ( 'NONE', #3061, .T. ) ;
#7325 = ORIENTED_EDGE ( 'NONE', *, *, #1636, .F. ) ;
#7326 = DIRECTION ( 'NONE',  ( 1.000000000000000000, 0.000000000000000000, -0.000000000000000000 ) ) ;
#7327 = ORIENTED_EDGE ( 'NONE', *, *, #5878, .F. ) ;
#7328 = ORIENTED_EDGE ( 'NONE', *, *, #22, .F. ) ;
#7329 = CARTESIAN_POINT ( 'NONE',  ( -3.535533905932757293, -8.485281374238567764, -3.000000000000000000 ) ) ;
#7330 = CARTESIAN_POINT ( 'NONE',  ( 6.821067811865489716, 5.642782126156891565, -2.500000000000000000 ) ) ;
#7331 = ORIENTED_EDGE ( 'NONE', *, *, #6391, .T. ) ;
#7332 = CARTESIAN_POINT ( 'NONE',  ( -13.42339375865876328, 7.750000000000064837, -1.599999999999999645 ) ) ;
#7333 = CARTESIAN_POINT ( 'NONE',  ( -7.750000000000063061, 13.42339375865876505, 0.000000000000000000 ) ) ;
#7334 = VERTEX_POINT ( 'NONE', #2943 ) ;
#7335 = ORIENTED_EDGE ( 'NONE', *, *, #405, .T. ) ;
#7336 = ADVANCED_FACE ( 'NONE', ( #6248 ), #1780, .T. ) ;
#7337 = LINE ( 'NONE', #3101, #5208 ) ;
#7338 = EDGE_CURVE ( 'NONE', #5592, #2394, #4188, .T. ) ;
#7339 = MECHANICAL_DESIGN_GEOMETRIC_PRESENTATION_REPRESENTATION (  '', ( #782 ), #2439 ) ;
#7340 = CARTESIAN_POINT ( 'NONE',  ( -7.750000000000063061, 13.42339375865876505, -4.000000000000000000 ) ) ;
#7341 = AXIS2_PLACEMENT_3D ( 'NONE', #6024, #493, #4228 ) ;
#7342 = AXIS2_PLACEMENT_3D ( 'NONE', #642, #4953, #1928 ) ;
#7343 = DIRECTION ( 'NONE',  ( 0.000000000000000000, 0.000000000000000000, 1.000000000000000000 ) ) ;
#7344 = VERTEX_POINT ( 'NONE', #1737 ) ;
#7345 = VERTEX_POINT ( 'NONE', #4186 ) ;
#7346 = DIRECTION ( 'NONE',  ( 0.000000000000000000, 0.000000000000000000, 1.000000000000000000 ) ) ;
#7347 = EDGE_CURVE ( 'NONE', #4595, #2138, #6654, .T. ) ;
#7348 = CARTESIAN_POINT ( 'NONE',  ( 0.000000000000000000, 0.2500000000000000000, 0.000000000000000000 ) ) ;
#7349 = CARTESIAN_POINT ( 'NONE',  ( 9.238842190220072581, 7.767187134470160181, 0.000000000000000000 ) ) ;
#7350 =( LENGTH_UNIT ( ) NAMED_UNIT ( * ) SI_UNIT ( .MILLI., .METRE. ) );
#7351 = FACE_OUTER_BOUND ( 'NONE', #4645, .T. ) ;
#7352 = CARTESIAN_POINT ( 'NONE',  ( -7.750000000000063061, 13.42339375865876505, 0.000000000000000000 ) ) ;
#7353 = EDGE_LOOP ( 'NONE', ( #3764, #6681, #878, #7416 ) ) ;
#7354 = DIRECTION ( 'NONE',  ( 1.000000000000000000, 0.000000000000000000, 0.000000000000000000 ) ) ;
#7355 = DIRECTION ( 'NONE',  ( 0.000000000000000000, 0.000000000000000000, -1.000000000000000000 ) ) ;
#7356 = DIRECTION ( 'NONE',  ( 0.7071067811865465735, 0.7071067811865483499, 0.000000000000000000 ) ) ;
#7357 = EDGE_CURVE ( 'NONE', #5033, #117, #6331, .T. ) ;
#7358 = CARTESIAN_POINT ( 'NONE',  ( 0.7499999999999997780, -0.5000000000000000000, 4.250000000000001776 ) ) ;
#7359 = CARTESIAN_POINT ( 'NONE',  ( 0.000000000000000000, 0.000000000000000000, -6.000000000000000000 ) ) ;
#7360 = CARTESIAN_POINT ( 'NONE',  ( 14.22339375865876221, 7.750000000000064837, -0.2250000000000003664 ) ) ;
#7361 = ORIENTED_EDGE ( 'NONE', *, *, #4911, .F. ) ;
#7362 = DIRECTION ( 'NONE',  ( 0.7071067811865483499, 0.000000000000000000, 0.7071067811865466846 ) ) ;
#7363 = VERTEX_POINT ( 'NONE', #4621 ) ;
#7364 = DIRECTION ( 'NONE',  ( -1.000000000000000000, 0.000000000000000000, 0.000000000000000000 ) ) ;
#7365 = ORIENTED_EDGE ( 'NONE', *, *, #3886, .T. ) ;
#7366 = ORIENTED_EDGE ( 'NONE', *, *, #5656, .T. ) ;
#7367 = EDGE_CURVE ( 'NONE', #1840, #1631, #7288, .T. ) ;
#7368 = PRODUCT_DEFINITION_FORMATION_WITH_SPECIFIED_SOURCE ( 'ANY', '', #410, .NOT_KNOWN. ) ;
#7369 = LINE ( 'NONE', #766, #7800 ) ;
#7370 = CYLINDRICAL_SURFACE ( 'NONE', #1342, 2.099999999999999645 ) ;
#7371 = ORIENTED_EDGE ( 'NONE', *, *, #1877, .F. ) ;
#7372 = DIRECTION ( 'NONE',  ( 0.000000000000000000, -1.000000000000000000, 0.000000000000000000 ) ) ;
#7373 = CIRCLE ( 'NONE', #813, 3.000000000000000444 ) ;
#7374 = DIRECTION ( 'NONE',  ( -0.9949540640923917323, 0.000000000000000000, 0.1003315022614172103 ) ) ;
#7375 = VERTEX_POINT ( 'NONE', #841 ) ;
#7376 = ORIENTED_EDGE ( 'NONE', *, *, #2986, .F. ) ;
#7377 = DIRECTION ( 'NONE',  ( -0.000000000000000000, -0.000000000000000000, 1.000000000000000000 ) ) ;
#7378 = CARTESIAN_POINT ( 'NONE',  ( 7.750000000000157208, -13.42339375865870998, 0.000000000000000000 ) ) ;
#7379 = EDGE_CURVE ( 'NONE', #1449, #6519, #314, .T. ) ;
#7380 = EDGE_CURVE ( 'NONE', #4427, #5792, #4502, .T. ) ;
#7381 = LINE ( 'NONE', #4351, #4762 ) ;
#7382 = ORIENTED_EDGE ( 'NONE', *, *, #1571, .F. ) ;
#7383 = CONICAL_SURFACE ( 'NONE', #5721, 2.499999999999995115, 0.7853981633974496113 ) ;
#7384 = EDGE_LOOP ( 'NONE', ( #4905, #1425, #2397, #3375 ) ) ;
#7385 = DIRECTION ( 'NONE',  ( -0.000000000000000000, -0.000000000000000000, 1.000000000000000000 ) ) ;
#7386 = AXIS2_PLACEMENT_3D ( 'NONE', #3031, #2988, #5495 ) ;
#7387 = DIRECTION ( 'NONE',  ( 1.000000000000000000, 0.000000000000000000, 0.000000000000000000 ) ) ;
#7388 = DIRECTION ( 'NONE',  ( -0.000000000000000000, 0.000000000000000000, 1.000000000000000000 ) ) ;
#7389 = CIRCLE ( 'NONE', #3138, 5.400000000000000355 ) ;
#7390 = EDGE_CURVE ( 'NONE', #7743, #3665, #7582, .T. ) ;
#7391 = DIRECTION ( 'NONE',  ( 1.000000000000000000, 0.000000000000000000, 0.000000000000000000 ) ) ;
#7392 = ORIENTED_EDGE ( 'NONE', *, *, #6777, .F. ) ;
#7393 = EDGE_LOOP ( 'NONE', ( #6284, #1590, #4812, #7691 ) ) ;
#7394 = LINE ( 'NONE', #62, #3822 ) ;
#7395 = FACE_BOUND ( 'NONE', #60, .T. ) ;
#7396 = FACE_OUTER_BOUND ( 'NONE', #2821, .T. ) ;
#7397 = AXIS2_PLACEMENT_3D ( 'NONE', #5226, #4542, #2052 ) ;
#7398 = CARTESIAN_POINT ( 'NONE',  ( -0.7999999999999850564, -15.50000000000000000, -4.000000000000003553 ) ) ;
#7399 = FACE_OUTER_BOUND ( 'NONE', #2291, .T. ) ;
#7400 = EDGE_CURVE ( 'NONE', #6155, #5348, #6403, .T. ) ;
#7401 = DIRECTION ( 'NONE',  ( -1.000000000000000000, 0.000000000000000000, 0.000000000000000000 ) ) ;
#7402 = AXIS2_PLACEMENT_3D ( 'NONE', #3835, #6709, #1169 ) ;
#7403 = EDGE_LOOP ( 'NONE', ( #3338, #4613 ) ) ;
#7404 = LINE ( 'NONE', #1953, #6405 ) ;
#7405 = EDGE_LOOP ( 'NONE', ( #2297, #4108, #6301 ) ) ;
#7406 = DIRECTION ( 'NONE',  ( 0.000000000000000000, 0.000000000000000000, 1.000000000000000000 ) ) ;
#7407 = ORIENTED_EDGE ( 'NONE', *, *, #7367, .F. ) ;
#7408 = AXIS2_PLACEMENT_3D ( 'NONE', #7455, #3694, #720 ) ;
#7409 = CARTESIAN_POINT ( 'NONE',  ( 9.238842190220072581, 7.767187134470160181, 0.000000000000000000 ) ) ;
#7410 = CONICAL_SURFACE ( 'NONE', #2131, 11.63602976573380055, 0.3490658503988721129 ) ;
#7411 = EDGE_CURVE ( 'NONE', #7743, #2980, #3762, .T. ) ;
#7412 = DIRECTION ( 'NONE',  ( -0.000000000000000000, -0.000000000000000000, -1.000000000000000000 ) ) ;
#7413 = VERTEX_POINT ( 'NONE', #5223 ) ;
#7414 = CARTESIAN_POINT ( 'NONE',  ( 1.600000000000000755, 1.224646799147353207E-16, -1.000000000000000000 ) ) ;
#7415 = DIRECTION ( 'NONE',  ( -0.000000000000000000, -0.000000000000000000, 1.000000000000000000 ) ) ;
#7416 = ORIENTED_EDGE ( 'NONE', *, *, #2603, .F. ) ;
#7417 = ORIENTED_EDGE ( 'NONE', *, *, #3676, .F. ) ;
#7418 = ORIENTED_EDGE ( 'NONE', *, *, #2253, .T. ) ;
#7419 = AXIS2_PLACEMENT_3D ( 'NONE', #6993, #5788, #257 ) ;
#7420 = FACE_OUTER_BOUND ( 'NONE', #4784, .T. ) ;
#7421 = DIRECTION ( 'NONE',  ( 0.000000000000000000, 0.000000000000000000, 1.000000000000000000 ) ) ;
#7422 = EDGE_CURVE ( 'NONE', #2172, #6302, #6975, .T. ) ;
#7423 = VECTOR ( 'NONE', #592, 1000.000000000000000 ) ;
#7424 = CARTESIAN_POINT ( 'NONE',  ( 1.898202538678397163E-15, -15.50000000000000000, 1.734723475976807094E-15 ) ) ;
#7425 = ORIENTED_EDGE ( 'NONE', *, *, #1572, .F. ) ;
#7426 = ORIENTED_EDGE ( 'NONE', *, *, #2385, .F. ) ;
#7427 = DIRECTION ( 'NONE',  ( 1.000000000000000000, 0.000000000000000000, -0.000000000000000000 ) ) ;
#7428 = AXIS2_PLACEMENT_3D ( 'NONE', #2197, #4696, #7687 ) ;
#7429 = PLANE ( 'NONE',  #4078 ) ;
#7430 = AXIS2_PLACEMENT_3D ( 'NONE', #1946, #905, #6911 ) ;
#7431 = CARTESIAN_POINT ( 'NONE',  ( -0.4948047520287074952, 0.2500000000000000000, 4.250000000000001776 ) ) ;
#7432 = CIRCLE ( 'NONE', #4847, 0.09999999999999982514 ) ;
#7433 = AXIS2_PLACEMENT_3D ( 'NONE', #6494, #1493, #3416 ) ;
#7434 = DIRECTION ( 'NONE',  ( 1.000000000000000000, 0.000000000000000000, 0.000000000000000000 ) ) ;
#7435 = ORIENTED_EDGE ( 'NONE', *, *, #6977, .T. ) ;
#7436 = AXIS2_PLACEMENT_3D ( 'NONE', #227, #4403, #5173 ) ;
#7437 = ORIENTED_EDGE ( 'NONE', *, *, #1296, .F. ) ;
#7438 = DIRECTION ( 'NONE',  ( 0.000000000000000000, 0.000000000000000000, -1.000000000000000000 ) ) ;
#7439 = DIRECTION ( 'NONE',  ( 1.000000000000000000, 0.000000000000000000, 0.000000000000000000 ) ) ;
#7440 = LINE ( 'NONE', #704, #5730 ) ;
#7441 = VECTOR ( 'NONE', #1988, 1000.000000000000000 ) ;
#7442 = DIRECTION ( 'NONE',  ( 1.224646799147353207E-16, 1.000000000000000000, -0.000000000000000000 ) ) ;
#7443 = EDGE_CURVE ( 'NONE', #806, #4647, #3933, .T. ) ;
#7444 = CIRCLE ( 'NONE', #6801, 0.2500000000000000000 ) ;
#7445 = EDGE_CURVE ( 'NONE', #329, #806, #803, .T. ) ;
#7446 = APPLICATION_CONTEXT ( 'automotive_design' ) ;
#7447 = CARTESIAN_POINT ( 'NONE',  ( -9.001254125200041756, 7.639586470505681959, -0.06579798566743193244 ) ) ;
#7448 = CARTESIAN_POINT ( 'NONE',  ( -3.810511776651528848, 2.200000000000004619, 2.499999999999999556 ) ) ;
#7449 = ORIENTED_EDGE ( 'NONE', *, *, #6383, .F. ) ;
#7450 = ORIENTED_EDGE ( 'NONE', *, *, #7790, .F. ) ;
#7451 = FACE_OUTER_BOUND ( 'NONE', #3892, .T. ) ;
#7452 = ORIENTED_EDGE ( 'NONE', *, *, #6616, .F. ) ;
#7453 = ADVANCED_FACE ( 'NONE', ( #5805 ), #3972, .F. ) ;
#7454 = DIRECTION ( 'NONE',  ( 0.000000000000000000, 0.000000000000000000, 1.000000000000000000 ) ) ;
#7455 = CARTESIAN_POINT ( 'NONE',  ( 0.000000000000000000, 0.000000000000000000, 20.99999999999999289 ) ) ;
#7456 = CARTESIAN_POINT ( 'NONE',  ( 1.499999999999999778, -13.10000000000000142, 2.499999999999999556 ) ) ;
#7457 = VERTEX_POINT ( 'NONE', #3407 ) ;
#7458 = DIRECTION ( 'NONE',  ( 0.000000000000000000, 0.000000000000000000, 1.000000000000000000 ) ) ;
#7459 = PRODUCT_DEFINITION_CONTEXT ( 'detailed design', #5954, 'design' ) ;
#7460 = DIRECTION ( 'NONE',  ( -0.000000000000000000, -0.000000000000000000, 1.000000000000000000 ) ) ;
#7461 = ORIENTED_EDGE ( 'NONE', *, *, #6238, .F. ) ;
#7462 = ORIENTED_EDGE ( 'NONE', *, *, #3367, .T. ) ;
#7463 = ORIENTED_EDGE ( 'NONE', *, *, #7124, .T. ) ;
#7464 = CARTESIAN_POINT ( 'NONE',  ( 6.500000000000159872, -13.42339375865870998, -0.3500000000000030864 ) ) ;
#7465 = EDGE_CURVE ( 'NONE', #2172, #6902, #241, .T. ) ;
#7466 = DIRECTION ( 'NONE',  ( 0.7071067811865493491, 0.6123724356957924719, -0.3535533905932735643 ) ) ;
#7467 = DIRECTION ( 'NONE',  ( 0.000000000000000000, -1.000000000000000000, 0.000000000000000000 ) ) ;
#7468 = ORIENTED_EDGE ( 'NONE', *, *, #5489, .F. ) ;
#7469 = EDGE_LOOP ( 'NONE', ( #1879, #1629, #4985, #4004 ) ) ;
#7470 = EDGE_CURVE ( 'NONE', #1940, #5006, #4537, .T. ) ;
#7471 = FACE_BOUND ( 'NONE', #5061, .T. ) ;
#7472 = CLOSED_SHELL ( 'NONE', ( #1334, #5832, #3464, #6224, #5004, #7290, #3436, #6299, #5473, #5310, #7247 ) ) ;
#7473 = FACE_OUTER_BOUND ( 'NONE', #3728, .T. ) ;
#7474 = AXIS2_PLACEMENT_3D ( 'NONE', #6253, #6217, #1357 ) ;
#7475 = DIRECTION ( 'NONE',  ( 0.000000000000000000, -1.000000000000000000, 0.000000000000000000 ) ) ;
#7476 = EDGE_LOOP ( 'NONE', ( #2546, #4952, #6188 ) ) ;
#7477 = CARTESIAN_POINT ( 'NONE',  ( -13.42339375865876328, 7.750000000000064837, 0.000000000000000000 ) ) ;
#7478 = DIRECTION ( 'NONE',  ( -1.000000000000000000, 0.000000000000000000, -0.000000000000000000 ) ) ;
#7479 = LINE ( 'NONE', #4363, #6932 ) ;
#7480 = AXIS2_PLACEMENT_3D ( 'NONE', #6688, #5034, #2573 ) ;
#7481 = LINE ( 'NONE', #756, #5639 ) ;
#7482 = CARTESIAN_POINT ( 'NONE',  ( 0.000000000000000000, 0.000000000000000000, -0.9342020143325648895 ) ) ;
#7483 = CARTESIAN_POINT ( 'NONE',  ( -4.400000000000001243, 0.000000000000000000, 2.499999999999999556 ) ) ;
#7484 = ORIENTED_EDGE ( 'NONE', *, *, #2141, .T. ) ;
#7485 = EDGE_CURVE ( 'NONE', #2322, #7129, #7012, .T. ) ;
#7486 = DIRECTION ( 'NONE',  ( 0.000000000000000000, 0.000000000000000000, 1.000000000000000000 ) ) ;
#7487 = EDGE_CURVE ( 'NONE', #4472, #2011, #1481, .T. ) ;
#7488 = ORIENTED_EDGE ( 'NONE', *, *, #2468, .T. ) ;
#7489 = CARTESIAN_POINT ( 'NONE',  ( -1.499999999999999334, -2.768782217350889585, 5.848557158514991805 ) ) ;
#7490 = ORIENTED_EDGE ( 'NONE', *, *, #3197, .F. ) ;
#7491 = DIRECTION ( 'NONE',  ( 0.000000000000000000, 0.000000000000000000, 1.000000000000000000 ) ) ;
#7492 = DIRECTION ( 'NONE',  ( -0.000000000000000000, -0.000000000000000000, -1.000000000000000000 ) ) ;
#7493 = CARTESIAN_POINT ( 'NONE',  ( -13.42339375865876328, 7.750000000000064837, 0.000000000000000000 ) ) ;
#7494 = ADVANCED_FACE ( 'NONE', ( #3331 ), #7048, .F. ) ;
#7495 = VERTEX_POINT ( 'NONE', #6484 ) ;
#7496 = DIRECTION ( 'NONE',  ( 0.000000000000000000, 0.000000000000000000, 1.000000000000000000 ) ) ;
#7497 = SURFACE_STYLE_USAGE ( .BOTH. , #2056 ) ;
#7498 = ORIENTED_EDGE ( 'NONE', *, *, #2277, .T. ) ;
#7499 = ORIENTED_EDGE ( 'NONE', *, *, #1674, .F. ) ;
#7500 = ORIENTED_EDGE ( 'NONE', *, *, #2255, .T. ) ;
#7501 = ORIENTED_EDGE ( 'NONE', *, *, #3551, .F. ) ;
#7502 = PLANE ( 'NONE',  #1997 ) ;
#7503 = DIRECTION ( 'NONE',  ( 0.000000000000000000, -1.000000000000000000, 0.000000000000000000 ) ) ;
#7504 = CIRCLE ( 'NONE', #7117, 11.65997827399141862 ) ;
#7505 = EDGE_CURVE ( 'NONE', #1262, #1237, #4669, .T. ) ;
#7506 = DIRECTION ( 'NONE',  ( 1.000000000000000000, 0.000000000000000000, 0.000000000000000000 ) ) ;
#7507 = FACE_OUTER_BOUND ( 'NONE', #7594, .T. ) ;
#7508 = EDGE_LOOP ( 'NONE', ( #4687, #4332 ) ) ;
#7509 = ORIENTED_EDGE ( 'NONE', *, *, #2761, .T. ) ;
#7510 = VECTOR ( 'NONE', #630, 1000.000000000000000 ) ;
#7511 = DIRECTION ( 'NONE',  ( 1.000000000000000000, 0.000000000000000000, 0.000000000000000000 ) ) ;
#7512 = CARTESIAN_POINT ( 'NONE',  ( -9.429156817667474044, 6.698027035738486568, -1.000000000000000000 ) ) ;
#7513 = DIRECTION ( 'NONE',  ( 1.000000000000000222, 6.982962677686268288E-15, -1.734723475976807094E-18 ) ) ;
#7514 = CIRCLE ( 'NONE', #5063, 16.50000000000000355 ) ;
#7515 = ADVANCED_FACE ( 'NONE', ( #2004 ), #4463, .F. ) ;
#7516 = AXIS2_PLACEMENT_3D ( 'NONE', #1019, #6592, #3516 ) ;
#7517 = FACE_BOUND ( 'NONE', #7542, .T. ) ;
#7518 = ORIENTED_EDGE ( 'NONE', *, *, #5781, .T. ) ;
#7519 = LINE ( 'NONE', #1426, #1375 ) ;
#7520 = PLANE ( 'NONE',  #7701 ) ;
#7521 = DIRECTION ( 'NONE',  ( -0.000000000000000000, -0.000000000000000000, 1.000000000000000000 ) ) ;
#7522 = DIRECTION ( 'NONE',  ( -0.000000000000000000, -0.000000000000000000, -1.000000000000000000 ) ) ;
#7523 = AXIS2_PLACEMENT_3D ( 'NONE', #926, #7063, #5127 ) ;
#7524 = CARTESIAN_POINT ( 'NONE',  ( 0.000000000000000000, 0.000000000000000000, 5.499999999999994671 ) ) ;
#7525 = CONICAL_SURFACE ( 'NONE', #53, 1.024999999999999911, 0.7853981633974463916 ) ;
#7526 = DIRECTION ( 'NONE',  ( 1.000000000000000000, 0.000000000000000000, 0.000000000000000000 ) ) ;
#7527 = EDGE_LOOP ( 'NONE', ( #7335, #6244, #6264, #7648, #7617, #3181, #1759, #4293 ) ) ;
#7528 = FACE_OUTER_BOUND ( 'NONE', #4618, .T. ) ;
#7529 = ORIENTED_EDGE ( 'NONE', *, *, #2111, .T. ) ;
#7530 = CARTESIAN_POINT ( 'NONE',  ( 0.000000000000000000, 0.000000000000000000, 0.000000000000000000 ) ) ;
#7531 = VECTOR ( 'NONE', #3488, 1000.000000000000000 ) ;
#7532 = VERTEX_POINT ( 'NONE', #5928 ) ;
#7533 = FACE_OUTER_BOUND ( 'NONE', #2487, .T. ) ;
#7534 = DIRECTION ( 'NONE',  ( 0.000000000000000000, 0.000000000000000000, 1.000000000000000000 ) ) ;
#7535 = EDGE_CURVE ( 'NONE', #2125, #1008, #4148, .T. ) ;
#7536 = AXIS2_PLACEMENT_3D ( 'NONE', #1196, #5001, #3660 ) ;
#7537 = AXIS2_PLACEMENT_3D ( 'NONE', #6601, #1146, #4056 ) ;
#7538 = DIRECTION ( 'NONE',  ( 0.000000000000000000, 0.000000000000000000, -1.000000000000000000 ) ) ;
#7539 = ORIENTED_EDGE ( 'NONE', *, *, #2253, .F. ) ;
#7540 = CARTESIAN_POINT ( 'NONE',  ( -25.39999999999996305, 0.000000000000000000, 0.000000000000000000 ) ) ;
#7541 = CARTESIAN_POINT ( 'NONE',  ( -1.500000000000000222, -13.10000000000000142, 2.499999999999999556 ) ) ;
#7542 = EDGE_LOOP ( 'NONE', ( #158, #2612 ) ) ;
#7543 = ORIENTED_EDGE ( 'NONE', *, *, #6130, .T. ) ;
#7544 = AXIS2_PLACEMENT_3D ( 'NONE', #5308, #4752, #4219 ) ;
#7545 = LINE ( 'NONE', #5340, #7653 ) ;
#7546 = CIRCLE ( 'NONE', #1492, 8.929979246179014396 ) ;
#7547 = FACE_OUTER_BOUND ( 'NONE', #7393, .T. ) ;
#7548 = ADVANCED_FACE ( 'NONE', ( #6045 ), #6081, .T. ) ;
#7549 = EDGE_CURVE ( 'NONE', #4647, #226, #1957, .T. ) ;
#7550 = CARTESIAN_POINT ( 'NONE',  ( 9.012408732386804289, 7.790067914638197699, -0.02351073421092443258 ) ) ;
#7551 = CARTESIAN_POINT ( 'NONE',  ( -6.499999999999879208, -13.42339375865886986, -4.000000000000000000 ) ) ;
#7552 = VERTEX_POINT ( 'NONE', #6633 ) ;
#7553 = VERTEX_POINT ( 'NONE', #7734 ) ;
#7554 = DIRECTION ( 'NONE',  ( 0.000000000000000000, 0.000000000000000000, 1.000000000000000000 ) ) ;
#7555 = CARTESIAN_POINT ( 'NONE',  ( -11.63602976573380055, 1.425002660738922457E-15, -1.000000000000000000 ) ) ;
#7556 = EDGE_CURVE ( 'NONE', #6173, #3111, #7373, .T. ) ;
#7557 = CARTESIAN_POINT ( 'NONE',  ( 0.000000000000000000, 12.80000000000000249, -50.24999999999998579 ) ) ;
#7558 = AXIS2_PLACEMENT_3D ( 'NONE', #6886, #1159, #1353 ) ;
#7559 = CIRCLE ( 'NONE', #1503, 1.249999999999996003 ) ;
#7560 = ORIENTED_EDGE ( 'NONE', *, *, #2277, .F. ) ;
#7561 = ORIENTED_EDGE ( 'NONE', *, *, #1480, .F. ) ;
#7562 = DIRECTION ( 'NONE',  ( -1.000000000000000000, -0.000000000000000000, -0.000000000000000000 ) ) ;
#7563 = DIRECTION ( 'NONE',  ( 0.9899837497469134995, 0.09983029409212564043, -0.09983029409212529348 ) ) ;
#7564 = AXIS2_PLACEMENT_3D ( 'NONE', #7846, #6520, #7201 ) ;
#7565 = ORIENTED_EDGE ( 'NONE', *, *, #5414, .T. ) ;
#7566 = FACE_OUTER_BOUND ( 'NONE', #7200, .T. ) ;
#7567 = CIRCLE ( 'NONE', #3952, 0.5000000000000000000 ) ;
#7568 = EDGE_CURVE ( 'NONE', #6425, #7334, #1584, .T. ) ;
#7569 = DIRECTION ( 'NONE',  ( 1.000000000000000000, 0.000000000000000000, 0.000000000000000000 ) ) ;
#7570 = VECTOR ( 'NONE', #3915, 1000.000000000000000 ) ;
#7571 = AXIS2_PLACEMENT_3D ( 'NONE', #1292, #5533, #7876 ) ;
#7572 = FACE_OUTER_BOUND ( 'NONE', #1620, .T. ) ;
#7573 = ORIENTED_EDGE ( 'NONE', *, *, #3565, .F. ) ;
#7574 = CARTESIAN_POINT ( 'NONE',  ( 8.131727983645317792, 10.96015510839147566, -3.000000000000000000 ) ) ;
#7575 = CIRCLE ( 'NONE', #236, 0.5000000000000004441 ) ;
#7576 = ORIENTED_EDGE ( 'NONE', *, *, #5508, .F. ) ;
#7577 = CARTESIAN_POINT ( 'NONE',  ( -1.499999999999999778, 13.10000000000000142, 2.499999999999999556 ) ) ;
#7578 = VERTEX_POINT ( 'NONE', #4703 ) ;
#7579 = AXIS2_PLACEMENT_3D ( 'NONE', #5778, #2780, #2823 ) ;
#7580 = AXIS2_PLACEMENT_3D ( 'NONE', #3242, #5711, #2639 ) ;
#7581 = EDGE_CURVE ( 'NONE', #309, #3280, #543, .T. ) ;
#7582 = LINE ( 'NONE', #3291, #2221 ) ;
#7583 = CARTESIAN_POINT ( 'NONE',  ( 0.000000000000000000, 0.000000000000000000, -0.5000000000000004441 ) ) ;
#7584 = DIRECTION ( 'NONE',  ( 1.000000000000000000, 0.000000000000000000, 0.000000000000000000 ) ) ;
#7585 = EDGE_LOOP ( 'NONE', ( #6637, #7739 ) ) ;
#7586 = CARTESIAN_POINT ( 'NONE',  ( 1.189999999999999947, 0.1199999999999999956, 0.1199999999999999400 ) ) ;
#7587 = DIRECTION ( 'NONE',  ( 0.000000000000000000, 0.000000000000000000, 1.000000000000000000 ) ) ;
#7588 = ORIENTED_EDGE ( 'NONE', *, *, #7487, .T. ) ;
#7589 = ORIENTED_EDGE ( 'NONE', *, *, #1923, .T. ) ;
#7590 = LINE ( 'NONE', #4021, #6662 ) ;
#7591 = CARTESIAN_POINT ( 'NONE',  ( 0.000000000000000000, 0.000000000000000000, -3.000000000000000000 ) ) ;
#7592 = DIRECTION ( 'NONE',  ( 1.000000000000000000, 0.000000000000000000, 0.000000000000000000 ) ) ;
#7593 = DIRECTION ( 'NONE',  ( 0.000000000000000000, 0.5000000000000009992, 0.8660254037844381525 ) ) ;
#7594 = EDGE_LOOP ( 'NONE', ( #6885, #636, #1202, #2374 ) ) ;
#7595 = EDGE_CURVE ( 'NONE', #6256, #7363, #5423, .T. ) ;
#7596 = ORIENTED_EDGE ( 'NONE', *, *, #5682, .T. ) ;
#7597 = EDGE_CURVE ( 'NONE', #7578, #1222, #7204, .T. ) ;
#7598 = DIRECTION ( 'NONE',  ( 0.000000000000000000, 1.000000000000000000, 0.000000000000000000 ) ) ;
#7599 = DIRECTION ( 'NONE',  ( -0.000000000000000000, -0.000000000000000000, -1.000000000000000000 ) ) ;
#7600 = DIRECTION ( 'NONE',  ( 0.000000000000000000, 0.000000000000000000, 1.000000000000000000 ) ) ;
#7601 = APPLICATION_CONTEXT ( 'automotive_design' ) ;
#7602 = CARTESIAN_POINT ( 'NONE',  ( -9.166914626814625322, 7.706716911730779884, -0.06579798566743250143 ) ) ;
#7603 = VERTEX_POINT ( 'NONE', #3484 ) ;
#7604 = LINE ( 'NONE', #2073, #6022 ) ;
#7605 = DIRECTION ( 'NONE',  ( 0.000000000000000000, 0.000000000000000000, 1.000000000000000000 ) ) ;
#7606 = ADVANCED_FACE ( 'NONE', ( #5301 ), #6598, .F. ) ;
#7607 = CIRCLE ( 'NONE', #3342, 6.500000000000000000 ) ;
#7608 = EDGE_LOOP ( 'NONE', ( #5315, #1044, #3978, #3403, #3621 ) ) ;
#7609 = PRODUCT_DEFINITION_SHAPE ( 'NONE', 'NONE',  #4265 ) ;
#7610 = CYLINDRICAL_SURFACE ( 'NONE', #1772, 16.50000000000000000 ) ;
#7611 = CIRCLE ( 'NONE', #4113, 5.000000000000000000 ) ;
#7612 = LINE ( 'NONE', #2078, #6099 ) ;
#7613 = CARTESIAN_POINT ( 'NONE',  ( -9.238842190220072581, 7.767187134470159293, 0.000000000000000000 ) ) ;
#7614 = SHAPE_REPRESENTATION ( 'PLASTIC COVER, DC MOTOR, JGB37-520', ( #7250 ), #7896 ) ;
#7615 = EDGE_LOOP ( 'NONE', ( #6782, #7855, #7565, #5304 ) ) ;
#7616 = CARTESIAN_POINT ( 'NONE',  ( -0.7500000000000000000, -4.824967782649119741, -3.412860710371246498 ) ) ;
#7617 = ORIENTED_EDGE ( 'NONE', *, *, #5851, .T. ) ;
#7618 = CARTESIAN_POINT ( 'NONE',  ( -0.7385401540846884272, -0.2500000000000000000, 4.250000000000001776 ) ) ;
#7619 = EDGE_CURVE ( 'NONE', #5538, #3073, #4799, .T. ) ;
#7620 = AXIS2_PLACEMENT_3D ( 'NONE', #7825, #5938, #1693 ) ;
#7621 = CARTESIAN_POINT ( 'NONE',  ( 17.70000000000000284, 2.167624834490815751E-15, 50.06316010800758676 ) ) ;
#7622 = CARTESIAN_POINT ( 'NONE',  ( 9.087800461161521071, 7.427874048009172725, -0.2617569518782213445 ) ) ;
#7623 = CARTESIAN_POINT ( 'NONE',  ( 0.000000000000000000, 0.000000000000000000, 0.000000000000000000 ) ) ;
#7624 = ORIENTED_EDGE ( 'NONE', *, *, #5397, .F. ) ;
#7625 = FACE_BOUND ( 'NONE', #6442, .T. ) ;
#7626 = EDGE_CURVE ( 'NONE', #1013, #3179, #1501, .T. ) ;
#7627 = DIRECTION ( 'NONE',  ( -0.000000000000000000, -0.000000000000000000, -1.000000000000000000 ) ) ;
#7628 = ORIENTED_EDGE ( 'NONE', *, *, #5029, .T. ) ;
#7629 = ORIENTED_EDGE ( 'NONE', *, *, #7422, .F. ) ;
#7630 = DIRECTION ( 'NONE',  ( 0.000000000000000000, -0.8660254037844380415, 0.5000000000000009992 ) ) ;
#7631 = CARTESIAN_POINT ( 'NONE',  ( 2.500000000000000444, 1.139206781323507389, 21.26510801604532119 ) ) ;
#7632 = CARTESIAN_POINT ( 'NONE',  ( 8.995151909207596219, 7.672522997880687257, -0.05548823716397753569 ) ) ;
#7633 = CARTESIAN_POINT ( 'NONE',  ( -7.750000000000063061, 13.42339375865876505, 0.000000000000000000 ) ) ;
#7634 = ORIENTED_EDGE ( 'NONE', *, *, #6015, .T. ) ;
#7635 = CARTESIAN_POINT ( 'NONE',  ( 0.000000000000000000, 0.000000000000000000, 0.000000000000000000 ) ) ;
#7636 = DIRECTION ( 'NONE',  ( -0.3420201433256745971, 4.188538737677063255E-17, 0.9396926207859062075 ) ) ;
#7637 = SHAPE_DEFINITION_REPRESENTATION ( #173, #1836 ) ;
#7638 = EDGE_CURVE ( 'NONE', #5426, #3656, #7277, .T. ) ;
#7639 = DIRECTION ( 'NONE',  ( -0.7071067811865496822, -0.7071067811865454633, 0.000000000000000000 ) ) ;
#7640 = ORIENTED_EDGE ( 'NONE', *, *, #1913, .T. ) ;
#7641 = DIRECTION ( 'NONE',  ( -0.000000000000000000, -0.000000000000000000, 1.000000000000000000 ) ) ;
#7642 = DIRECTION ( 'NONE',  ( 1.000000000000000000, 0.000000000000000000, -0.000000000000000000 ) ) ;
#7643 = VECTOR ( 'NONE', #5151, 1000.000000000000000 ) ;
#7644 = DIRECTION ( 'NONE',  ( -1.000000000000000000, 0.000000000000000000, -0.000000000000000000 ) ) ;
#7645 = DIRECTION ( 'NONE',  ( -0.000000000000000000, -0.000000000000000000, 1.000000000000000000 ) ) ;
#7646 = ADVANCED_FACE ( 'NONE', ( #3452 ), #1716, .T. ) ;
#7647 = DIRECTION ( 'NONE',  ( 0.000000000000000000, 0.000000000000000000, 1.000000000000000000 ) ) ;
#7648 = ORIENTED_EDGE ( 'NONE', *, *, #2705, .T. ) ;
#7649 = DIRECTION ( 'NONE',  ( 0.000000000000000000, 0.000000000000000000, -1.000000000000000000 ) ) ;
#7650 = EDGE_LOOP ( 'NONE', ( #5958, #4262, #1956, #7769 ) ) ;
#7651 = CARTESIAN_POINT ( 'NONE',  ( 7.071067811865489716, 7.071067811865461294, -2.500000000000000000 ) ) ;
#7652 = AXIS2_PLACEMENT_3D ( 'NONE', #59, #3594, #7391 ) ;
#7653 = VECTOR ( 'NONE', #2279, 1000.000000000000000 ) ;
#7654 = CARTESIAN_POINT ( 'NONE',  ( 7.071067811865489716, 7.071067811865461294, -3.000000000000000000 ) ) ;
#7655 = EDGE_CURVE ( 'NONE', #6086, #3134, #2886, .T. ) ;
#7656 = SHAPE_REPRESENTATION ( 'MOTOR SHAFT, JGB37-520', ( #7250 ), #2614 ) ;
#7657 = AXIS2_PLACEMENT_3D ( 'NONE', #1076, #2971, #1692 ) ;
#7658 = FACE_OUTER_BOUND ( 'NONE', #1547, .T. ) ;
#7659 = ORIENTED_EDGE ( 'NONE', *, *, #1167, .F. ) ;
#7660 = DIRECTION ( 'NONE',  ( 0.000000000000000000, 0.000000000000000000, 1.000000000000000000 ) ) ;
#7661 = CARTESIAN_POINT ( 'NONE',  ( 6.250000000000000000, 7.000000000000000000, -4.000000000000000000 ) ) ;
#7662 = ORIENTED_EDGE ( 'NONE', *, *, #1887, .F. ) ;
#7663 = ORIENTED_EDGE ( 'NONE', *, *, #4371, .F. ) ;
#7664 = PRESENTATION_LAYER_ASSIGNMENT (  '', '', ( #4561 ) ) ;
#7665 = FACE_OUTER_BOUND ( 'NONE', #2477, .T. ) ;
#7666 = EDGE_CURVE ( 'NONE', #7413, #4229, #5962, .T. ) ;
#7667 = CARTESIAN_POINT ( 'NONE',  ( 4.676537180435966334, -2.700000000000007727, 2.499999999999999556 ) ) ;
#7668 = CARTESIAN_POINT ( 'NONE',  ( -15.50000000000000000, 0.000000000000000000, 0.000000000000000000 ) ) ;
#7669 =( GEOMETRIC_REPRESENTATION_CONTEXT ( 3 ) GLOBAL_UNCERTAINTY_ASSIGNED_CONTEXT ( ( #3177 ) ) GLOBAL_UNIT_ASSIGNED_CONTEXT ( ( #6342, #2134, #5240 ) ) REPRESENTATION_CONTEXT ( 'NONE', 'WORKASPACE' ) );
#7670 = DIRECTION ( 'NONE',  ( 1.000000000000000000, 0.000000000000000000, 0.000000000000000000 ) ) ;
#7671 = VERTEX_POINT ( 'NONE', #1143 ) ;
#7672 = ORIENTED_EDGE ( 'NONE', *, *, #7897, .F. ) ;
#7673 = DIRECTION ( 'NONE',  ( 0.000000000000000000, 0.000000000000000000, -1.000000000000000000 ) ) ;
#7674 = FACE_OUTER_BOUND ( 'NONE', #5291, .T. ) ;
#7675 = DIRECTION ( 'NONE',  ( 0.000000000000000000, 0.000000000000000000, 1.000000000000000000 ) ) ;
#7676 = VECTOR ( 'NONE', #2181, 1000.000000000000000 ) ;
#7677 = CARTESIAN_POINT ( 'NONE',  ( -9.084281538178972326, 7.790854392988500798, -0.03187210334355197738 ) ) ;
#7678 = VERTEX_POINT ( 'NONE', #3603 ) ;
#7679 = CARTESIAN_POINT ( 'NONE',  ( 0.6271178757805834225, 0.000000000000000000, 0.000000000000000000 ) ) ;
#7680 = CARTESIAN_POINT ( 'NONE',  ( -5.656854249492404563, -10.60660171779820438, -2.500000000000000000 ) ) ;
#7681 = DIRECTION ( 'NONE',  ( 1.000000000000000000, 0.000000000000000000, 0.000000000000000000 ) ) ;
#7682 = AXIS2_PLACEMENT_3D ( 'NONE', #7869, #5066, #1924 ) ;
#7683 = DIRECTION ( 'NONE',  ( 1.000000000000000000, 0.000000000000000000, 0.000000000000000000 ) ) ;
#7684 = AXIS2_PLACEMENT_3D ( 'NONE', #7971, #4941, #7401 ) ;
#7685 = ORIENTED_EDGE ( 'NONE', *, *, #352, .F. ) ;
#7686 = DIRECTION ( 'NONE',  ( 0.000000000000000000, 0.000000000000000000, 1.000000000000000000 ) ) ;
#7687 = DIRECTION ( 'NONE',  ( -1.000000000000000000, 0.000000000000000000, 0.000000000000000000 ) ) ;
#7688 = ORIENTED_EDGE ( 'NONE', *, *, #894, .F. ) ;
#7689 = CIRCLE ( 'NONE', #2913, 16.00000000000000000 ) ;
#7690 = CARTESIAN_POINT ( 'NONE',  ( 0.000000000000000000, 0.000000000000000000, -19.50000000000000000 ) ) ;
#7691 = ORIENTED_EDGE ( 'NONE', *, *, #4739, .F. ) ;
#7692 = CARTESIAN_POINT ( 'NONE',  ( -9.169015838964121201, 7.753440201226544204, 9.905162362755619508E-15 ) ) ;
#7693 = EDGE_CURVE ( 'NONE', #605, #2223, #6001, .T. ) ;
#7694 = AXIS2_PLACEMENT_3D ( 'NONE', #6172, #3124, #635 ) ;
#7695 = EDGE_CURVE ( 'NONE', #4472, #4218, #3895, .T. ) ;
#7696 = CARTESIAN_POINT ( 'NONE',  ( 0.000000000000000000, 0.000000000000000000, 5.499999999999994671 ) ) ;
#7697 = VECTOR ( 'NONE', #2912, 999.9999999999998863 ) ;
#7698 = DIRECTION ( 'NONE',  ( -1.000000000000000000, 0.000000000000000000, 0.000000000000000000 ) ) ;
#7699 = LINE ( 'NONE', #919, #212 ) ;
#7700 = VECTOR ( 'NONE', #3592, 1000.000000000000000 ) ;
#7701 = AXIS2_PLACEMENT_3D ( 'NONE', #3278, #3202, #7478 ) ;
#7702 = CIRCLE ( 'NONE', #6928, 16.00000000000000355 ) ;
#7703 = ORIENTED_EDGE ( 'NONE', *, *, #3304, .F. ) ;
#7704 = CARTESIAN_POINT ( 'NONE',  ( 0.000000000000000000, 0.000000000000000000, 0.000000000000000000 ) ) ;
#7705 = TOROIDAL_SURFACE ( 'NONE', #1114, 16.00000000000000355, 0.5000000000000000000 ) ;
#7706 = CARTESIAN_POINT ( 'NONE',  ( 2.500000000000000444, 0.000000000000000000, 21.50000000000000000 ) ) ;
#7707 = EDGE_LOOP ( 'NONE', ( #7543, #1806, #3883 ) ) ;
#7708 = ADVANCED_FACE ( 'NONE', ( #7399 ), #5546, .T. ) ;
#7709 = VECTOR ( 'NONE', #5327, 1000.000000000000000 ) ;
#7710 = PLANE ( 'NONE',  #2541 ) ;
#7711 = VECTOR ( 'NONE', #7718, 1000.000000000000000 ) ;
#7712 = APPLICATION_CONTEXT ( 'automotive_design' ) ;
#7713 = DIRECTION ( 'NONE',  ( -1.000000000000000000, 0.000000000000000000, 0.000000000000000000 ) ) ;
#7714 = FACE_OUTER_BOUND ( 'NONE', #7476, .T. ) ;
#7715 = ORIENTED_EDGE ( 'NONE', *, *, #132, .F. ) ;
#7716 = ORIENTED_EDGE ( 'NONE', *, *, #1572, .T. ) ;
#7717 = ADVANCED_FACE ( 'NONE', ( #5463 ), #6239, .F. ) ;
#7718 = DIRECTION ( 'NONE',  ( -0.7071067811865492381, -0.7071067811865457964, 0.000000000000000000 ) ) ;
#7719 = CARTESIAN_POINT ( 'NONE',  ( 3.810511776651528848, -2.200000000000004619, -3.000000000000000000 ) ) ;
#7720 = PRODUCT_CONTEXT ( 'NONE', #7712, 'mechanical' ) ;
#7721 = DIRECTION ( 'NONE',  ( 0.000000000000000000, 0.000000000000000000, 1.000000000000000000 ) ) ;
#7722 = ORIENTED_EDGE ( 'NONE', *, *, #4753, .F. ) ;
#7723 = LINE ( 'NONE', #7680, #3188 ) ;
#7724 = EDGE_CURVE ( 'NONE', #3268, #7603, #6876, .T. ) ;
#7725 = ORIENTED_EDGE ( 'NONE', *, *, #3904, .T. ) ;
#7726 = CARTESIAN_POINT ( 'NONE',  ( 0.000000000000000000, 0.000000000000000000, 2.499999999999999556 ) ) ;
#7727 =( NAMED_UNIT ( * ) SI_UNIT ( $, .STERADIAN. ) SOLID_ANGLE_UNIT ( ) );
#7728 = CARTESIAN_POINT ( 'NONE',  ( -12.99544838427358506, 10.16702125952735258, -3.000000000000000000 ) ) ;
#7729 = CARTESIAN_POINT ( 'NONE',  ( 4.676537180435966334, -2.700000000000007727, -3.000000000000000000 ) ) ;
#7730 = EDGE_LOOP ( 'NONE', ( #2147, #3715, #4230, #2735 ) ) ;
#7731 = EDGE_LOOP ( 'NONE', ( #40, #3123, #2043, #7804 ) ) ;
#7732 = CARTESIAN_POINT ( 'NONE',  ( 0.01778144479759559068, 0.2382069131296550291, -0.2382069131296541686 ) ) ;
#7733 = LINE ( 'NONE', #7161, #3129 ) ;
#7734 = CARTESIAN_POINT ( 'NONE',  ( -14.44839375865887199, 7.749999999999872990, 1.734723475976807094E-15 ) ) ;
#7735 = CARTESIAN_POINT ( 'NONE',  ( -0.7385401540846884272, -0.2500000000000000000, 4.250000000000001776 ) ) ;
#7736 = CLOSED_SHELL ( 'NONE', ( #1866, #6946, #3779, #7022, #204, #3206, #488, #5027, #3263, #7799, #6655, #5526, #5507, #6364, #2924, #1051, #1265, #4187, #3735, #284, #5646, #734, #4275, #7113, #5729, #659, #3703, #7515, #5358, #2996, #2038, #6954, #2162, #2684, #1385, #1798, #2416, #4327, #6460, #967, #1554, #4153, #6722, #3092, #1580, #7606, #339, #3358, #2140, #3781, #639, #374, #3241, #2903, #1789, #5925, #3226, #2307, #5424, #2749, #5796, #6914, #4085, #4789, #1768, #3487, #74, #5824, #3227, #2725, #1479 ) ) ;
#7737 = EDGE_CURVE ( 'NONE', #3527, #2575, #7504, .T. ) ;
#7738 = AXIS2_PLACEMENT_3D ( 'NONE', #4582, #6449, #280 ) ;
#7739 = ORIENTED_EDGE ( 'NONE', *, *, #1720, .F. ) ;
#7740 = DIRECTION ( 'NONE',  ( -0.000000000000000000, -0.000000000000000000, 1.000000000000000000 ) ) ;
#7741 = ORIENTED_EDGE ( 'NONE', *, *, #5278, .T. ) ;
#7742 = LINE ( 'NONE', #2820, #1280 ) ;
#7743 = VERTEX_POINT ( 'NONE', #6838 ) ;
#7744 = CARTESIAN_POINT ( 'NONE',  ( 12.62339375865877678, 7.750000000000064837, -4.000000000000003553 ) ) ;
#7745 = EDGE_CURVE ( 'NONE', #136, #3025, #3119, .T. ) ;
#7746 = DIRECTION ( 'NONE',  ( 1.000000000000000000, 0.000000000000000000, 0.000000000000000000 ) ) ;
#7747 = DIRECTION ( 'NONE',  ( 0.7071067811865485719, 0.7071067811865465735, 0.000000000000000000 ) ) ;
#7748 = CARTESIAN_POINT ( 'NONE',  ( -12.62339375865887803, 7.749999999999872990, 0.000000000000000000 ) ) ;
#7749 = ORIENTED_EDGE ( 'NONE', *, *, #7549, .T. ) ;
#7750 = VERTEX_POINT ( 'NONE', #2515 ) ;
#7751 = APPLICATION_CONTEXT ( 'automotive_design' ) ;
#7752 = DIRECTION ( 'NONE',  ( 1.000000000000000000, 0.000000000000000000, 0.000000000000000000 ) ) ;
#7753 = CARTESIAN_POINT ( 'NONE',  ( 0.7499999999999997780, -0.05060981656524517897, 4.856569860407208949 ) ) ;
#7754 = EDGE_CURVE ( 'NONE', #4330, #7787, #4758, .T. ) ;
#7755 = CARTESIAN_POINT ( 'NONE',  ( -9.037385733048431291, 7.799715818799956679, -0.02372426527809918043 ) ) ;
#7756 = ORIENTED_EDGE ( 'NONE', *, *, #3251, .T. ) ;
#7757 = CARTESIAN_POINT ( 'NONE',  ( -16.00000000000000355, 1.959434878635765526E-15, -0.5000000000000004441 ) ) ;
#7758 = ORIENTED_EDGE ( 'NONE', *, *, #7148, .F. ) ;
#7759 = CARTESIAN_POINT ( 'NONE',  ( 9.146181078521300023, 7.537561699719849351, -0.4235129293033448317 ) ) ;
#7760 =( NAMED_UNIT ( * ) PLANE_ANGLE_UNIT ( ) SI_UNIT ( $, .RADIAN. ) );
#7761 = EDGE_CURVE ( 'NONE', #1297, #6498, #5837, .T. ) ;
#7762 = ADVANCED_FACE ( 'NONE', ( #3041 ), #1876, .T. ) ;
#7763 = EDGE_LOOP ( 'NONE', ( #1792, #4835 ) ) ;
#7764 = DIRECTION ( 'NONE',  ( -1.000000000000000000, 0.000000000000000000, 0.000000000000000000 ) ) ;
#7765 = VECTOR ( 'NONE', #2650, 1000.000000000000114 ) ;
#7766 = CARTESIAN_POINT ( 'NONE',  ( -4.676537180435966334, 2.700000000000007727, 2.499999999999999556 ) ) ;
#7767 = ORIENTED_EDGE ( 'NONE', *, *, #178, .T. ) ;
#7768 = CARTESIAN_POINT ( 'NONE',  ( -7.749999999999874767, -13.42339375865886986, 0.000000000000000000 ) ) ;
#7769 = ORIENTED_EDGE ( 'NONE', *, *, #4178, .F. ) ;
#7770 = CARTESIAN_POINT ( 'NONE',  ( -9.176601755320264786, 7.830195371187035569, 0.000000000000000000 ) ) ;
#7771 = DIRECTION ( 'NONE',  ( 0.000000000000000000, 0.000000000000000000, -1.000000000000000000 ) ) ;
#7772 = VECTOR ( 'NONE', #7003, 1000.000000000000114 ) ;
#7773 = CARTESIAN_POINT ( 'NONE',  ( 9.239364071259636546, 6.999999999985456078, -0.6576473808146050537 ) ) ;
#7774 = EDGE_CURVE ( 'NONE', #1600, #144, #1176, .T. ) ;
#7775 = VERTEX_POINT ( 'NONE', #1302 ) ;
#7776 = SURFACE_STYLE_USAGE ( .BOTH. , #7283 ) ;
#7777 = ORIENTED_EDGE ( 'NONE', *, *, #6090, .F. ) ;
#7778 = CARTESIAN_POINT ( 'NONE',  ( 0.6271178757805834225, 1.902702702702701476, 0.000000000000000000 ) ) ;
#7779 = AXIS2_PLACEMENT_3D ( 'NONE', #6358, #268, #2080 ) ;
#7780 = ORIENTED_EDGE ( 'NONE', *, *, #3810, .F. ) ;
#7781 = LINE ( 'NONE', #6089, #7150 ) ;
#7782 = CIRCLE ( 'NONE', #2626, 17.00000000000000000 ) ;
#7783 = DIRECTION ( 'NONE',  ( 0.000000000000000000, 0.000000000000000000, 1.000000000000000000 ) ) ;
#7784 =( LENGTH_UNIT ( ) NAMED_UNIT ( * ) SI_UNIT ( .MILLI., .METRE. ) );
#7785 = CARTESIAN_POINT ( 'NONE',  ( 7.749999999999968914, 13.42339375865881657, -4.000000000000000000 ) ) ;
#7786 = ORIENTED_EDGE ( 'NONE', *, *, #3608, .F. ) ;
#7787 = VERTEX_POINT ( 'NONE', #3160 ) ;
#7788 = CIRCLE ( 'NONE', #2888, 1.249999999999996003 ) ;
#7789 = EDGE_CURVE ( 'NONE', #3112, #501, #4284, .T. ) ;
#7790 = EDGE_CURVE ( 'NONE', #7837, #3152, #936, .T. ) ;
#7791 = CARTESIAN_POINT ( 'NONE',  ( -1.898202538678397557E-15, -15.50000000000000000, -1.599999999999999645 ) ) ;
#7792 = DIRECTION ( 'NONE',  ( 1.000000000000000000, 0.000000000000000000, 0.000000000000000000 ) ) ;
#7793 = SHAPE_DEFINITION_REPRESENTATION ( #3485, #6778 ) ;
#7794 = CONICAL_SURFACE ( 'NONE', #3922, 1.600000000000000755, 0.7853981633974508325 ) ;
#7795 = CARTESIAN_POINT ( 'NONE',  ( -9.050187036800904750, 7.801390818060101040, -0.02477460425685374529 ) ) ;
#7796 = ORIENTED_EDGE ( 'NONE', *, *, #7338, .T. ) ;
#7797 = DIRECTION ( 'NONE',  ( 1.000000000000000000, 0.000000000000000000, 0.000000000000000000 ) ) ;
#7798 = ORIENTED_EDGE ( 'NONE', *, *, #1325, .T. ) ;
#7799 = ADVANCED_FACE ( 'NONE', ( #757 ), #2607, .T. ) ;
#7800 = VECTOR ( 'NONE', #6809, 1000.000000000000000 ) ;
#7801 = CARTESIAN_POINT ( 'NONE',  ( -1.710100716628346840, -4.698463103929539919, -3.000000000000000000 ) ) ;
#7802 = COLOUR_RGB ( '',0.7921568627450980005, 0.8196078431372548767, 0.9333333333333333481 ) ;
#7803 =( NAMED_UNIT ( * ) PLANE_ANGLE_UNIT ( ) SI_UNIT ( $, .RADIAN. ) );
#7804 = ORIENTED_EDGE ( 'NONE', *, *, #3294, .T. ) ;
#7805 = CARTESIAN_POINT ( 'NONE',  ( -15.50000000000000000, 0.000000000000000000, 0.000000000000000000 ) ) ;
#7806 = CARTESIAN_POINT ( 'NONE',  ( -9.429156817667474044, 6.698027035738490120, -0.9000000000000006883 ) ) ;
#7807 = ORIENTED_EDGE ( 'NONE', *, *, #777, .F. ) ;
#7808 = DIRECTION ( 'NONE',  ( 0.000000000000000000, 0.000000000000000000, 1.000000000000000000 ) ) ;
#7809 = CARTESIAN_POINT ( 'NONE',  ( -9.238842190220047712, 7.767187134470190379, -1.355252715606880543E-17 ) ) ;
#7810 = EDGE_CURVE ( 'NONE', #3152, #1840, #7321, .T. ) ;
#7811 = DIRECTION ( 'NONE',  ( -0.000000000000000000, -0.000000000000000000, 1.000000000000000000 ) ) ;
#7812 = DIRECTION ( 'NONE',  ( 1.000000000000000000, 0.000000000000000000, 0.000000000000000000 ) ) ;
#7813 = VECTOR ( 'NONE', #2331, 1000.000000000000000 ) ;
#7814 = EDGE_LOOP ( 'NONE', ( #5995, #1595, #6247 ) ) ;
#7815 = SURFACE_STYLE_FILL_AREA ( #432 ) ;
#7816 = CIRCLE ( 'NONE', #4460, 1.902702702702702586 ) ;
#7817 = VERTEX_POINT ( 'NONE', #4903 ) ;
#7818 = DIRECTION ( 'NONE',  ( 1.020425574104004122E-16, 0.000000000000000000, 1.000000000000000000 ) ) ;
#7819 = ORIENTED_EDGE ( 'NONE', *, *, #1422, .F. ) ;
#7820 = AXIS2_PLACEMENT_3D ( 'NONE', #4534, #6326, #2082 ) ;
#7821 = LINE ( 'NONE', #7898, #5245 ) ;
#7822 = AXIS2_PLACEMENT_3D ( 'NONE', #4548, #7024, #3378 ) ;
#7823 = AXIS2_PLACEMENT_3D ( 'NONE', #790, #6433, #261 ) ;
#7824 = DIRECTION ( 'NONE',  ( 0.000000000000000000, 0.8660254037844381525, -0.5000000000000006661 ) ) ;
#7825 = CARTESIAN_POINT ( 'NONE',  ( 0.000000000000000000, 0.000000000000000000, -3.100000000000000089 ) ) ;
#7826 = DIRECTION ( 'NONE',  ( -0.000000000000000000, -0.000000000000000000, -1.000000000000000000 ) ) ;
#7827 = ORIENTED_EDGE ( 'NONE', *, *, #2332, .F. ) ;
#7828 = EDGE_LOOP ( 'NONE', ( #7105, #7488, #4066, #2518 ) ) ;
#7829 = AXIS2_PLACEMENT_3D ( 'NONE', #3921, #2635, #2555 ) ;
#7830 = CIRCLE ( 'NONE', #489, 1.249999999999996669 ) ;
#7831 = DIRECTION ( 'NONE',  ( -0.000000000000000000, -0.000000000000000000, 1.000000000000000000 ) ) ;
#7832 = DIRECTION ( 'NONE',  ( -0.000000000000000000, -0.000000000000000000, 1.000000000000000000 ) ) ;
#7833 = ITEM_DEFINED_TRANSFORMATION ( 'NONE', 'NONE', #3383,  #7250 ) ;
#7834 = EDGE_CURVE ( 'NONE', #5119, #7171, #423, .T. ) ;
#7835 = EDGE_CURVE ( 'NONE', #6226, #4841, #3681, .T. ) ;
#7836 = PLANE ( 'NONE',  #1022 ) ;
#7837 = VERTEX_POINT ( 'NONE', #3080 ) ;
#7838 = CARTESIAN_POINT ( 'NONE',  ( 1.898202538678397163E-15, -15.50000000000000000, 1.734723475976807094E-15 ) ) ;
#7839 = ORIENTED_EDGE ( 'NONE', *, *, #13, .F. ) ;
#7840 = CARTESIAN_POINT ( 'NONE',  ( 0.000000000000000000, 0.000000000000000000, 2.500000000000000000 ) ) ;
#7841 = ORIENTED_EDGE ( 'NONE', *, *, #3650, .T. ) ;
#7842 = EDGE_CURVE ( 'NONE', #5006, #529, #2114, .T. ) ;
#7843 = PLANE ( 'NONE',  #1594 ) ;
#7844 = CARTESIAN_POINT ( 'NONE',  ( 26.60000000000000497, 0.000000000000000000, 0.000000000000000000 ) ) ;
#7845 = ORIENTED_EDGE ( 'NONE', *, *, #7860, .F. ) ;
#7846 = CARTESIAN_POINT ( 'NONE',  ( 0.000000000000000000, -0.5000000000000000000, 4.250000000000001776 ) ) ;
#7847 = FACE_OUTER_BOUND ( 'NONE', #2553, .T. ) ;
#7848 = DIRECTION ( 'NONE',  ( 0.8660254037844379305, -0.5000000000000011102, 0.000000000000000000 ) ) ;
#7849 = CARTESIAN_POINT ( 'NONE',  ( -0.7999999999999983791, -3.250000000000000444, 6.415063509461103486 ) ) ;
#7850 = EDGE_CURVE ( 'NONE', #5653, #6216, #267, .T. ) ;
#7851 = ORIENTED_EDGE ( 'NONE', *, *, #215, .T. ) ;
#7852 =( LENGTH_UNIT ( ) NAMED_UNIT ( * ) SI_UNIT ( .MILLI., .METRE. ) );
#7853 = EDGE_LOOP ( 'NONE', ( #1050, #5551, #4028, #712 ) ) ;
#7854 = DIRECTION ( 'NONE',  ( -0.000000000000000000, -0.000000000000000000, 1.000000000000000000 ) ) ;
#7855 = ORIENTED_EDGE ( 'NONE', *, *, #6170, .T. ) ;
#7856 = TOROIDAL_SURFACE ( 'NONE', #1283, 8.929979246179014396, 0.1000000000000000056 ) ;
#7857 = DIRECTION ( 'NONE',  ( 0.000000000000000000, 0.000000000000000000, 1.000000000000000000 ) ) ;
#7858 = VECTOR ( 'NONE', #7130, 1000.000000000000000 ) ;
#7859 = EDGE_CURVE ( 'NONE', #7137, #2365, #5713, .T. ) ;
#7860 = EDGE_CURVE ( 'NONE', #5603, #538, #4673, .T. ) ;
#7861 = CYLINDRICAL_SURFACE ( 'NONE', #2237, 1.249999999999996669 ) ;
#7862 = LINE ( 'NONE', #2363, #5413 ) ;
#7863 = UNCERTAINTY_MEASURE_WITH_UNIT (LENGTH_MEASURE( 1.000000000000000082E-05 ), #1463, 'distance_accuracy_value', 'NONE');
#7864 = CARTESIAN_POINT ( 'NONE',  ( 13.42339375865876328, 7.750000000000064837, 0.000000000000000000 ) ) ;
#7865 = ORIENTED_EDGE ( 'NONE', *, *, #399, .T. ) ;
#7866 = EDGE_LOOP ( 'NONE', ( #644, #7115 ) ) ;
#7867 = AXIS2_PLACEMENT_3D ( 'NONE', #3460, #4221, #1041 ) ;
#7868 = DIRECTION ( 'NONE',  ( 1.000000000000000000, 0.000000000000000000, -0.000000000000000000 ) ) ;
#7869 = CARTESIAN_POINT ( 'NONE',  ( 0.000000000000000000, 0.000000000000000000, -19.50000000000000000 ) ) ;
#7870 = DIRECTION ( 'NONE',  ( -0.8331258114970212514, 0.5530835219181907680, 0.000000000000000000 ) ) ;
#7871 = ORIENTED_EDGE ( 'NONE', *, *, #5441, .T. ) ;
#7872 = CARTESIAN_POINT ( 'NONE',  ( 0.8200840350970416415, 0.000000000000000000, 0.000000000000000000 ) ) ;
#7873 = ORIENTED_EDGE ( 'NONE', *, *, #5563, .T. ) ;
#7874 = DIRECTION ( 'NONE',  ( 0.000000000000000000, -0.000000000000000000, 1.000000000000000000 ) ) ;
#7875 = EDGE_CURVE ( 'NONE', #1297, #6451, #4022, .T. ) ;
#7876 = DIRECTION ( 'NONE',  ( 1.000000000000000000, 0.000000000000000000, 0.000000000000000000 ) ) ;
#7877 = EDGE_CURVE ( 'NONE', #3615, #2881, #1431, .T. ) ;
#7878 = PRODUCT ( 'PLASTIC COVER, DC MOTOR, JGB37-520', 'PLASTIC COVER, DC MOTOR, JGB37-520', '', ( #5790 ) ) ;
#7879 = LINE ( 'NONE', #5453, #4550 ) ;
#7880 = FACE_OUTER_BOUND ( 'NONE', #5977, .T. ) ;
#7881 = EDGE_LOOP ( 'NONE', ( #5578, #1003, #1920, #1195, #3068, #6399 ) ) ;
#7882 = FACE_BOUND ( 'NONE', #4019, .T. ) ;
#7883 = CARTESIAN_POINT ( 'NONE',  ( -7.750000000000063061, 13.42339375865876505, 0.000000000000000000 ) ) ;
#7884 = DIRECTION ( 'NONE',  ( -0.7071067811865490160, -0.7071067811865460184, 0.000000000000000000 ) ) ;
#7885 = LINE ( 'NONE', #4937, #4551 ) ;
#7886 = EDGE_CURVE ( 'NONE', #799, #2081, #2350, .T. ) ;
#7887 = ADVANCED_FACE ( 'NONE', ( #303 ), #3325, .F. ) ;
#7888 = DIRECTION ( 'NONE',  ( 0.000000000000000000, -0.8660254037844380415, 0.5000000000000009992 ) ) ;
#7889 = VECTOR ( 'NONE', #709, 1000.000000000000000 ) ;
#7890 = LINE ( 'NONE', #7281, #5627 ) ;
#7891 = ORIENTED_EDGE ( 'NONE', *, *, #6602, .F. ) ;
#7892 = ORIENTED_EDGE ( 'NONE', *, *, #1983, .F. ) ;
#7893 = DIRECTION ( 'NONE',  ( 0.000000000000000000, -1.000000000000000000, 0.000000000000000000 ) ) ;
#7894 = ORIENTED_EDGE ( 'NONE', *, *, #7754, .T. ) ;
#7895 = ORIENTED_EDGE ( 'NONE', *, *, #2970, .F. ) ;
#7896 =( GEOMETRIC_REPRESENTATION_CONTEXT ( 3 ) GLOBAL_UNCERTAINTY_ASSIGNED_CONTEXT ( ( #6981 ) ) GLOBAL_UNIT_ASSIGNED_CONTEXT ( ( #658, #6707, #2987 ) ) REPRESENTATION_CONTEXT ( 'NONE', 'WORKASPACE' ) );
#7897 = EDGE_CURVE ( 'NONE', #7944, #5281, #334, .T. ) ;
#7898 = CARTESIAN_POINT ( 'NONE',  ( 3.750000000000000000, 0.000000000000000000, -6.000000000000000000 ) ) ;
#7899 = AXIS2_PLACEMENT_3D ( 'NONE', #1487, #5998, #2777 ) ;
#7900 = AXIS2_PLACEMENT_3D ( 'NONE', #5049, #2068, #7513 ) ;
#7901 = DIRECTION ( 'NONE',  ( -0.9974850939101881364, -0.07087656472335041036, 0.000000000000000000 ) ) ;
#7902 = DIRECTION ( 'NONE',  ( -1.000000000000000000, 0.000000000000000000, 0.000000000000000000 ) ) ;
#7903 = CARTESIAN_POINT ( 'NONE',  ( -3.849999999999999645, 4.714890176717309515E-16, -3.000000000000000000 ) ) ;
#7904 = VERTEX_POINT ( 'NONE', #6436 ) ;
#7905 = ORIENTED_EDGE ( 'NONE', *, *, #5942, .T. ) ;
#7906 = EDGE_CURVE ( 'NONE', #2435, #2138, #1589, .T. ) ;
#7907 = AXIS2_PLACEMENT_3D ( 'NONE', #6324, #7005, #5757 ) ;
#7908 = DIRECTION ( 'NONE',  ( 1.000000000000000000, 0.000000000000000000, 0.000000000000000000 ) ) ;
#7909 = CIRCLE ( 'NONE', #5981, 0.7999999999999870548 ) ;
#7910 = LINE ( 'NONE', #1125, #980 ) ;
#7911 = SHAPE_REPRESENTATION ( 'CONNECTION, DC MOTOR, JGB37-520', ( #7250 ), #1185 ) ;
#7912 = AXIS2_PLACEMENT_3D ( 'NONE', #517, #5974, #7824 ) ;
#7913 = CARTESIAN_POINT ( 'NONE',  ( -17.70000000000000284, 0.000000000000000000, -4.000000000000003553 ) ) ;
#7914 = ORIENTED_EDGE ( 'NONE', *, *, #5414, .F. ) ;
#7915 = ORIENTED_EDGE ( 'NONE', *, *, #205, .F. ) ;
#7916 = DIRECTION ( 'NONE',  ( 1.000000000000000000, 0.000000000000000000, 0.000000000000000000 ) ) ;
#7917 = PLANE ( 'NONE',  #6538 ) ;
#7918 = CARTESIAN_POINT ( 'NONE',  ( -9.398505394433568583, 7.105108778621262999, -0.6133279465925826068 ) ) ;
#7919 = CIRCLE ( 'NONE', #3405, 16.00000000000000000 ) ;
#7920 = LINE ( 'NONE', #660, #4156 ) ;
#7921 = PLANE ( 'NONE',  #1347 ) ;
#7922 = EDGE_LOOP ( 'NONE', ( #3480, #7452, #5165, #6727 ) ) ;
#7923 = LINE ( 'NONE', #6077, #2402 ) ;
#7924 = CARTESIAN_POINT ( 'NONE',  ( 9.018077579396356569, 7.788466198395768814, -0.02465235475347507879 ) ) ;
#7925 = CYLINDRICAL_SURFACE ( 'NONE', #2686, 17.00000000000000000 ) ;
#7926 = VECTOR ( 'NONE', #1323, 1000.000000000000000 ) ;
#7927 = DIRECTION ( 'NONE',  ( 0.7071067811865457964, 0.6123724356957955806, -0.3535533905932753407 ) ) ;
#7928 = DIRECTION ( 'NONE',  ( 1.000000000000000000, 0.000000000000000000, -1.020425574104004122E-16 ) ) ;
#7929 = DIRECTION ( 'NONE',  ( 0.000000000000000000, -1.000000000000000000, 0.000000000000000000 ) ) ;
#7930 = ORIENTED_EDGE ( 'NONE', *, *, #3249, .T. ) ;
#7931 = ADVANCED_FACE ( 'NONE', ( #3850 ), #2759, .F. ) ;
#7932 = CARTESIAN_POINT ( 'NONE',  ( 7.321067811865490604, 6.821067811865461294, -3.000000000000000000 ) ) ;
#7933 = EDGE_CURVE ( 'NONE', #4595, #2011, #5852, .T. ) ;
#7934 = EDGE_LOOP ( 'NONE', ( #4716, #5050, #7798, #3269 ) ) ;
#7935 = CARTESIAN_POINT ( 'NONE',  ( 1.500000000000000666, -3.125000000000000000, 6.631569860407212857 ) ) ;
#7936 = ORIENTED_EDGE ( 'NONE', *, *, #3270, .T. ) ;
#7937 = CARTESIAN_POINT ( 'NONE',  ( 8.904394489922031752, 7.676929989102369234, 0.000000000000000000 ) ) ;
#7938 = AXIS2_PLACEMENT_3D ( 'NONE', #1543, #5362, #1011 ) ;
#7939 = TOROIDAL_SURFACE ( 'NONE', #2661, 16.00000000000000000, 0.5000000000000000000 ) ;
#7940 = DIRECTION ( 'NONE',  ( 1.000000000000000000, 0.000000000000000000, 0.000000000000000000 ) ) ;
#7941 = ADVANCED_FACE ( 'NONE', ( #2040 ), #3964, .F. ) ;
#7942 = CARTESIAN_POINT ( 'NONE',  ( 12.63918572269493801, -9.810758597948705528, 0.000000000000000000 ) ) ;
#7943 = DIRECTION ( 'NONE',  ( 0.000000000000000000, -0.6753875961677135997, 0.7374629447930231008 ) ) ;
#7944 = VERTEX_POINT ( 'NONE', #7078 ) ;
#7945 = AXIS2_PLACEMENT_3D ( 'NONE', #3481, #4091, #1599 ) ;
#7946 = ORIENTED_EDGE ( 'NONE', *, *, #2079, .F. ) ;
#7947 = FACE_OUTER_BOUND ( 'NONE', #7146, .T. ) ;
#7948 = VECTOR ( 'NONE', #916, 1000.000000000000114 ) ;
#7949 = DIRECTION ( 'NONE',  ( 0.7071067811865469066, 8.659560562354926695E-17, -0.7071067811865482389 ) ) ;
#7950 = TOROIDAL_SURFACE ( 'NONE', #2798, 8.929979246179014396, 0.1000000000000000056 ) ;
#7951 = AXIS2_PLACEMENT_3D ( 'NONE', #939, #5205, #3392 ) ;
#7952 = VECTOR ( 'NONE', #6587, 1000.000000000000000 ) ;
#7953 = EDGE_CURVE ( 'NONE', #4034, #1631, #6473, .T. ) ;
#7954 = FACE_OUTER_BOUND ( 'NONE', #6488, .T. ) ;
#7955 = VERTEX_POINT ( 'NONE', #151 ) ;
#7956 = ORIENTED_EDGE ( 'NONE', *, *, #1294, .T. ) ;
#7957 = CIRCLE ( 'NONE', #2155, 18.50000000000000355 ) ;
#7958 = CARTESIAN_POINT ( 'NONE',  ( 3.750000000000000000, 0.000000000000000000, -5.899999999999999467 ) ) ;
#7959 = AXIS2_PLACEMENT_3D ( 'NONE', #1387, #3849, #6319 ) ;
#7960 = DIRECTION ( 'NONE',  ( 0.000000000000000000, -1.000000000000000000, 0.000000000000000000 ) ) ;
#7961 = CARTESIAN_POINT ( 'NONE',  ( -8.999158320394966992, 7.877580061518660415, -0.1121153388895293757 ) ) ;
#7962 = EDGE_CURVE ( 'NONE', #7678, #166, #45, .T. ) ;
#7963 = CARTESIAN_POINT ( 'NONE',  ( 5.642782126156920874, 6.821067811865461294, -3.000000000000000000 ) ) ;
#7964 = FILL_AREA_STYLE_COLOUR ( '', #7027 ) ;
#7965 = VERTEX_POINT ( 'NONE', #4493 ) ;
#7966 = CARTESIAN_POINT ( 'NONE',  ( 0.000000000000000000, 0.000000000000000000, -2.500000000000000000 ) ) ;
#7967 = CARTESIAN_POINT ( 'NONE',  ( 9.136725681923728359, 7.748313836290533274, -0.05030780509436295206 ) ) ;
#7968 = CARTESIAN_POINT ( 'NONE',  ( -4.676537180435965446, -2.700000000000006839, 2.499999999999999556 ) ) ;
#7969 = CYLINDRICAL_SURFACE ( 'NONE', #695, 5.000000000000000000 ) ;
#7970 = DIRECTION ( 'NONE',  ( -1.000000000000000000, 0.000000000000000000, 0.000000000000000000 ) ) ;
#7971 = CARTESIAN_POINT ( 'NONE',  ( 1.966615824122599276, 5.403232569518970685, -3.000000000000000000 ) ) ;
#7972 = ORIENTED_EDGE ( 'NONE', *, *, #6600, .F. ) ;
#7973 = CYLINDRICAL_SURFACE ( 'NONE', #2144, 0.7999999999999933831 ) ;
#7974 = VERTEX_POINT ( 'NONE', #2872 ) ;
#7975 = NEXT_ASSEMBLY_USAGE_OCCURRENCE ( 'NAUO1', ' ', ' ', #6213, #3239, $ ) ;
#7976 = NEXT_ASSEMBLY_USAGE_OCCURRENCE ( 'NAUO2', ' ', ' ', #6213, #4265, $ ) ;
#7977 = NEXT_ASSEMBLY_USAGE_OCCURRENCE ( 'NAUO3', ' ', ' ', #6213, #4167, $ ) ;
#7978 = NEXT_ASSEMBLY_USAGE_OCCURRENCE ( 'NAUO4', ' ', ' ', #6213, #6107, $ ) ;
#7979 = NEXT_ASSEMBLY_USAGE_OCCURRENCE ( 'NAUO5', ' ', ' ', #6213, #5016, $ ) ;
#7980 = NEXT_ASSEMBLY_USAGE_OCCURRENCE ( 'NAUO6', ' ', ' ', #6213, #5964, $ ) ;
#7981 = NEXT_ASSEMBLY_USAGE_OCCURRENCE ( 'NAUO7', ' ', ' ', #6213, #1066, $ ) ;
#7982 = NEXT_ASSEMBLY_USAGE_OCCURRENCE ( 'NAUO8', ' ', ' ', #6213, #1066, $ ) ;
#7983 = NEXT_ASSEMBLY_USAGE_OCCURRENCE ( 'NAUO9', ' ', ' ', #6213, #6452, $ ) ;
#7984 = NEXT_ASSEMBLY_USAGE_OCCURRENCE ( 'NAUO10', ' ', ' ', #6213, #6452, $ ) ;
#7985 = NEXT_ASSEMBLY_USAGE_OCCURRENCE ( 'NAUO11', ' ', ' ', #6213, #6452, $ ) ;
ENDSEC;
END-ISO-10303-21;
